2026/04/24 17:13:02 - mmengine - INFO - 
------------------------------------------------------------
System environment:
    sys.platform: linux
    Python: 3.10.20 (main, Mar 11 2026, 17:46:40) [GCC 14.3.0]
    CUDA available: True
    MUSA available: False
    numpy_random_seed: 2032153233
    GPU 0: NVIDIA GeForce RTX 3080 Ti
    CUDA_HOME: /usr/local/cuda
    NVCC: Cuda compilation tools, release 12.8, V12.8.93
    GCC: gcc (Ubuntu 13.3.0-6ubuntu2~24.04.1) 13.3.0
    PyTorch: 2.1.2+cu118
    PyTorch compiling details: PyTorch built with:
  - GCC 9.3
  - C++ Version: 201703
  - Intel(R) oneAPI Math Kernel Library Version 2022.2-Product Build 20220804 for Intel(R) 64 architecture applications
  - Intel(R) MKL-DNN v3.1.1 (Git Hash 64f6bcbcbab628e96f33a62c3e975f8535a7bde4)
  - OpenMP 201511 (a.k.a. OpenMP 4.5)
  - LAPACK is enabled (usually provided by MKL)
  - NNPACK is enabled
  - CPU capability usage: AVX512
  - CUDA Runtime 11.8
  - NVCC architecture flags: -gencode;arch=compute_50,code=sm_50;-gencode;arch=compute_60,code=sm_60;-gencode;arch=compute_70,code=sm_70;-gencode;arch=compute_75,code=sm_75;-gencode;arch=compute_80,code=sm_80;-gencode;arch=compute_86,code=sm_86;-gencode;arch=compute_37,code=sm_37;-gencode;arch=compute_90,code=sm_90
  - CuDNN 8.7
  - Magma 2.6.1
  - Build settings: BLAS_INFO=mkl, BUILD_TYPE=Release, CUDA_VERSION=11.8, CUDNN_VERSION=8.7.0, CXX_COMPILER=/opt/rh/devtoolset-9/root/usr/bin/c++, CXX_FLAGS= -D_GLIBCXX_USE_CXX11_ABI=0 -fabi-version=11 -fvisibility-inlines-hidden -DUSE_PTHREADPOOL -DNDEBUG -DUSE_KINETO -DLIBKINETO_NOROCTRACER -DUSE_FBGEMM -DUSE_QNNPACK -DUSE_PYTORCH_QNNPACK -DUSE_XNNPACK -DSYMBOLICATE_MOBILE_DEBUG_HANDLE -O2 -fPIC -Wall -Wextra -Werror=return-type -Werror=non-virtual-dtor -Werror=bool-operation -Wnarrowing -Wno-missing-field-initializers -Wno-type-limits -Wno-array-bounds -Wno-unknown-pragmas -Wno-unused-parameter -Wno-unused-function -Wno-unused-result -Wno-strict-overflow -Wno-strict-aliasing -Wno-stringop-overflow -Wno-psabi -Wno-error=pedantic -Wno-error=old-style-cast -Wno-invalid-partial-specialization -Wno-unused-private-field -Wno-aligned-allocation-unavailable -Wno-missing-braces -fdiagnostics-color=always -faligned-new -Wno-unused-but-set-variable -Wno-maybe-uninitialized -fno-math-errno -fno-trapping-math -Werror=format -Werror=cast-function-type -Wno-stringop-overflow, LAPACK_INFO=mkl, PERF_WITH_AVX=1, PERF_WITH_AVX2=1, PERF_WITH_AVX512=1, TORCH_DISABLE_GPU_ASSERTS=ON, TORCH_VERSION=2.1.2, USE_CUDA=ON, USE_CUDNN=ON, USE_EXCEPTION_PTR=1, USE_GFLAGS=OFF, USE_GLOG=OFF, USE_MKL=ON, USE_MKLDNN=ON, USE_MPI=OFF, USE_NCCL=1, USE_NNPACK=ON, USE_OPENMP=ON, USE_ROCM=OFF, 

    TorchVision: 0.16.2+cu118
    OpenCV: 4.13.0
    MMEngine: 0.10.7

Runtime environment:
    cudnn_benchmark: True
    mp_cfg: {'mp_start_method': 'fork', 'opencv_num_threads': 0}
    dist_cfg: {'backend': 'nccl'}
    seed: 2032153233
    Distributed launcher: none
    Distributed training: False
    GPU number: 1
------------------------------------------------------------

2026/04/24 17:13:03 - mmengine - INFO - Config:
crop_size = (
    512,
    512,
)
custom_imports = dict(
    allow_failed_imports=False, imports=[
        'model',
    ])
data_preprocessor = dict(
    bgr_to_rgb=True,
    mean=[
        123.675,
        116.28,
        103.53,
    ],
    pad_val=0,
    seg_pad_val=255,
    size=(
        512,
        512,
    ),
    std=[
        58.395,
        57.12,
        57.375,
    ],
    type='SegDataPreProcessor')
data_root = '/home/jlx_75/datasets/ADE20K/ADEChallengeData2016'
dataset_type = 'ADE20KDataset'
default_hooks = dict(
    checkpoint=dict(
        by_epoch=False, interval=1000, save_best='mIoU',
        type='CheckpointHook'),
    logger=dict(interval=20, log_metric_by_epoch=False, type='LoggerHook'),
    param_scheduler=dict(type='ParamSchedulerHook'),
    sampler_seed=dict(type='DistSamplerSeedHook'),
    timer=dict(type='IterTimerHook'),
    visualization=dict(type='SegVisualizationHook'))
default_scope = 'mmseg'
env_cfg = dict(
    cudnn_benchmark=True,
    dist_cfg=dict(backend='nccl'),
    mp_cfg=dict(mp_start_method='fork', opencv_num_threads=0))
launcher = 'none'
load_from = None
log_level = 'INFO'
log_processor = dict(by_epoch=False)
model = dict(
    auxiliary_head=dict(
        align_corners=False,
        channels=256,
        concat_input=False,
        dropout_ratio=0.1,
        in_channels=256,
        in_index=2,
        loss_decode=dict(
            loss_weight=0.4, type='CrossEntropyLoss', use_sigmoid=False),
        norm_cfg=dict(requires_grad=True, type='SyncBN'),
        num_classes=150,
        num_convs=1,
        type='FCNHead'),
    backbone=dict(
        d_state=64,
        depths=[
            2,
            4,
            8,
            4,
        ],
        drop_path_rate=0.2,
        drop_rate=0.0,
        embed_dim=64,
        img_size=224,
        in_chans=3,
        mlp_ratio=4.0,
        num_heads=[
            2,
            4,
            8,
            16,
        ],
        out_indices=(
            0,
            1,
            2,
            3,
        ),
        patch_size=4,
        pretrained=None,
        spatial_flag=[
            [],
            [],
            [
                0,
                2,
                2,
                1,
                2,
                2,
                1,
                2,
            ],
            [
                0,
                2,
                2,
                1,
            ],
        ],
        token_mixer_types=[
            'LoDSA',
            'LoDSA',
            'SaDSA',
            'attention',
        ],
        type='MM_PVMAMBA'),
    data_preprocessor=dict(
        bgr_to_rgb=True,
        mean=[
            123.675,
            116.28,
            103.53,
        ],
        pad_val=0,
        seg_pad_val=255,
        size=(
            512,
            512,
        ),
        std=[
            58.395,
            57.12,
            57.375,
        ],
        type='SegDataPreProcessor'),
    decode_head=dict(
        align_corners=False,
        channels=512,
        dropout_ratio=0.1,
        in_channels=[
            64,
            128,
            256,
            512,
        ],
        in_index=[
            0,
            1,
            2,
            3,
        ],
        loss_decode=dict(
            loss_weight=1.0, type='CrossEntropyLoss', use_sigmoid=False),
        norm_cfg=dict(requires_grad=True, type='SyncBN'),
        num_classes=150,
        pool_scales=(
            1,
            2,
            3,
            6,
        ),
        type='UPerHead'),
    pretrained=None,
    test_cfg=dict(mode='whole'),
    train_cfg=dict(),
    type='EncoderDecoder')
norm_cfg = dict(requires_grad=True, type='SyncBN')
optim_wrapper = dict(
    clip_grad=None,
    optimizer=dict(
        betas=(
            0.9,
            0.999,
        ), lr=6e-05, type='AdamW', weight_decay=0.01),
    type='OptimWrapper')
param_scheduler = [
    dict(
        begin=0, by_epoch=False, end=500, start_factor=1e-06, type='LinearLR'),
    dict(
        begin=500,
        by_epoch=False,
        end=8000,
        eta_min=0.0,
        power=1.0,
        type='PolyLR'),
]
resume = False
test_cfg = dict(type='TestLoop')
test_dataloader = dict(
    batch_size=1,
    dataset=dict(
        data_prefix=dict(
            img_path='images/validation',
            seg_map_path='annotations/validation'),
        data_root='/home/jlx_75/datasets/ADE20K/ADEChallengeData2016',
        pipeline=[
            dict(type='LoadImageFromFile'),
            dict(keep_ratio=True, scale=(
                2048,
                512,
            ), type='Resize'),
            dict(reduce_zero_label=True, type='LoadAnnotations'),
            dict(type='PackSegInputs'),
        ],
        type='ADE20KDataset'),
    num_workers=2,
    persistent_workers=True,
    sampler=dict(shuffle=False, type='DefaultSampler'))
test_evaluator = dict(
    iou_metrics=[
        'mIoU',
    ], type='IoUMetric')
test_pipeline = [
    dict(type='LoadImageFromFile'),
    dict(keep_ratio=True, scale=(
        2048,
        512,
    ), type='Resize'),
    dict(reduce_zero_label=True, type='LoadAnnotations'),
    dict(type='PackSegInputs'),
]
train_cfg = dict(max_iters=2000, type='IterBasedTrainLoop', val_interval=1000)
train_dataloader = dict(
    batch_size=2,
    dataset=dict(
        data_prefix=dict(
            img_path='images/training', seg_map_path='annotations/training'),
        data_root='/home/jlx_75/datasets/ADE20K/ADEChallengeData2016',
        pipeline=[
            dict(type='LoadImageFromFile'),
            dict(reduce_zero_label=True, type='LoadAnnotations'),
            dict(
                keep_ratio=True,
                ratio_range=(
                    0.5,
                    2.0,
                ),
                scale=(
                    2048,
                    512,
                ),
                type='RandomResize'),
            dict(
                cat_max_ratio=0.75, crop_size=(
                    512,
                    512,
                ), type='RandomCrop'),
            dict(prob=0.5, type='RandomFlip'),
            dict(type='PhotoMetricDistortion'),
            dict(type='PackSegInputs'),
        ],
        type='ADE20KDataset'),
    num_workers=2,
    persistent_workers=True,
    sampler=dict(shuffle=True, type='InfiniteSampler'))
train_pipeline = [
    dict(type='LoadImageFromFile'),
    dict(reduce_zero_label=True, type='LoadAnnotations'),
    dict(
        keep_ratio=True,
        ratio_range=(
            0.5,
            2.0,
        ),
        scale=(
            2048,
            512,
        ),
        type='RandomResize'),
    dict(cat_max_ratio=0.75, crop_size=(
        512,
        512,
    ), type='RandomCrop'),
    dict(prob=0.5, type='RandomFlip'),
    dict(type='PhotoMetricDistortion'),
    dict(type='PackSegInputs'),
]
val_cfg = dict(type='ValLoop')
val_dataloader = dict(
    batch_size=1,
    dataset=dict(
        data_prefix=dict(
            img_path='images/validation',
            seg_map_path='annotations/validation'),
        data_root='/home/jlx_75/datasets/ADE20K/ADEChallengeData2016',
        pipeline=[
            dict(type='LoadImageFromFile'),
            dict(keep_ratio=True, scale=(
                2048,
                512,
            ), type='Resize'),
            dict(reduce_zero_label=True, type='LoadAnnotations'),
            dict(type='PackSegInputs'),
        ],
        type='ADE20KDataset'),
    num_workers=2,
    persistent_workers=True,
    sampler=dict(shuffle=False, type='DefaultSampler'))
val_evaluator = dict(
    iou_metrics=[
        'mIoU',
    ], type='IoUMetric')
vis_backends = [
    dict(type='LocalVisBackend'),
]
visualizer = dict(
    name='visualizer',
    type='SegLocalVisualizer',
    vis_backends=[
        dict(type='LocalVisBackend'),
    ])
work_dir = './work_dirs/pvmamba_tiny_upernet_ade20k_base'

2026/04/24 17:13:05 - mmengine - INFO - Distributed training is not used, all SyncBatchNorm (SyncBN) layers in the model will be automatically reverted to BatchNormXd layers if they are used.
2026/04/24 17:13:05 - mmengine - INFO - Hooks will be executed in the following order:
before_run:
(VERY_HIGH   ) RuntimeInfoHook                    
(BELOW_NORMAL) LoggerHook                         
 -------------------- 
before_train:
(VERY_HIGH   ) RuntimeInfoHook                    
(NORMAL      ) IterTimerHook                      
(VERY_LOW    ) CheckpointHook                     
 -------------------- 
before_train_epoch:
(VERY_HIGH   ) RuntimeInfoHook                    
(NORMAL      ) IterTimerHook                      
(NORMAL      ) DistSamplerSeedHook                
 -------------------- 
before_train_iter:
(VERY_HIGH   ) RuntimeInfoHook                    
(NORMAL      ) IterTimerHook                      
 -------------------- 
after_train_iter:
(VERY_HIGH   ) RuntimeInfoHook                    
(NORMAL      ) IterTimerHook                      
(NORMAL      ) SegVisualizationHook               
(BELOW_NORMAL) LoggerHook                         
(LOW         ) ParamSchedulerHook                 
(VERY_LOW    ) CheckpointHook                     
 -------------------- 
after_train_epoch:
(NORMAL      ) IterTimerHook                      
(LOW         ) ParamSchedulerHook                 
(VERY_LOW    ) CheckpointHook                     
 -------------------- 
before_val:
(VERY_HIGH   ) RuntimeInfoHook                    
 -------------------- 
before_val_epoch:
(NORMAL      ) IterTimerHook                      
 -------------------- 
before_val_iter:
(NORMAL      ) IterTimerHook                      
 -------------------- 
after_val_iter:
(NORMAL      ) IterTimerHook                      
(NORMAL      ) SegVisualizationHook               
(BELOW_NORMAL) LoggerHook                         
 -------------------- 
after_val_epoch:
(VERY_HIGH   ) RuntimeInfoHook                    
(NORMAL      ) IterTimerHook                      
(BELOW_NORMAL) LoggerHook                         
(LOW         ) ParamSchedulerHook                 
(VERY_LOW    ) CheckpointHook                     
 -------------------- 
after_val:
(VERY_HIGH   ) RuntimeInfoHook                    
 -------------------- 
after_train:
(VERY_HIGH   ) RuntimeInfoHook                    
(VERY_LOW    ) CheckpointHook                     
 -------------------- 
before_test:
(VERY_HIGH   ) RuntimeInfoHook                    
 -------------------- 
before_test_epoch:
(NORMAL      ) IterTimerHook                      
 -------------------- 
before_test_iter:
(NORMAL      ) IterTimerHook                      
 -------------------- 
after_test_iter:
(NORMAL      ) IterTimerHook                      
(NORMAL      ) SegVisualizationHook               
(BELOW_NORMAL) LoggerHook                         
 -------------------- 
after_test_epoch:
(VERY_HIGH   ) RuntimeInfoHook                    
(NORMAL      ) IterTimerHook                      
(BELOW_NORMAL) LoggerHook                         
 -------------------- 
after_test:
(VERY_HIGH   ) RuntimeInfoHook                    
 -------------------- 
after_run:
(BELOW_NORMAL) LoggerHook                         
 -------------------- 
2026/04/24 17:13:06 - mmengine - WARNING - The prefix is not set in metric class IoUMetric.
Name of parameter - Initialization information

backbone.patch_embed.conv1.conv.weight - torch.Size([32, 3, 3, 3]): 
The value is the same before and after calling `init_weights` of EncoderDecoder  

backbone.patch_embed.conv1.norm.weight - torch.Size([32]): 
The value is the same before and after calling `init_weights` of EncoderDecoder  

backbone.patch_embed.conv1.norm.bias - torch.Size([32]): 
The value is the same before and after calling `init_weights` of EncoderDecoder  

backbone.patch_embed.conv2.0.conv.weight - torch.Size([32, 32, 3, 3]): 
The value is the same before and after calling `init_weights` of EncoderDecoder  

backbone.patch_embed.conv2.0.norm.weight - torch.Size([32]): 
The value is the same before and after calling `init_weights` of EncoderDecoder  

backbone.patch_embed.conv2.0.norm.bias - torch.Size([32]): 
The value is the same before and after calling `init_weights` of EncoderDecoder  

backbone.patch_embed.conv2.1.conv.weight - torch.Size([32, 32, 3, 3]): 
The value is the same before and after calling `init_weights` of EncoderDecoder  

backbone.patch_embed.conv2.1.norm.weight - torch.Size([32]): 
The value is the same before and after calling `init_weights` of EncoderDecoder  

backbone.patch_embed.conv2.1.norm.bias - torch.Size([32]): 
The value is the same before and after calling `init_weights` of EncoderDecoder  

backbone.patch_embed.conv3.0.conv.weight - torch.Size([256, 32, 3, 3]): 
The value is the same before and after calling `init_weights` of EncoderDecoder  

backbone.patch_embed.conv3.0.norm.weight - torch.Size([256]): 
The value is the same before and after calling `init_weights` of EncoderDecoder  

backbone.patch_embed.conv3.0.norm.bias - torch.Size([256]): 
The value is the same before and after calling `init_weights` of EncoderDecoder  

backbone.patch_embed.conv3.1.conv.weight - torch.Size([64, 256, 1, 1]): 
The value is the same before and after calling `init_weights` of EncoderDecoder  

backbone.patch_embed.conv3.1.norm.weight - torch.Size([64]): 
The value is the same before and after calling `init_weights` of EncoderDecoder  

backbone.patch_embed.conv3.1.norm.bias - torch.Size([64]): 
The value is the same before and after calling `init_weights` of EncoderDecoder  

backbone.layers.0.blocks.0.cpe1.weight - torch.Size([64, 1, 3, 3]): 
The value is the same before and after calling `init_weights` of EncoderDecoder  

backbone.layers.0.blocks.0.cpe1.bias - torch.Size([64]): 
The value is the same before and after calling `init_weights` of EncoderDecoder  

backbone.layers.0.blocks.0.norm1.weight - torch.Size([64]): 
The value is the same before and after calling `init_weights` of EncoderDecoder  

backbone.layers.0.blocks.0.norm1.bias - torch.Size([64]): 
The value is the same before and after calling `init_weights` of EncoderDecoder  

backbone.layers.0.blocks.0.token_mixer.dt_bias - torch.Size([2]): 
The value is the same before and after calling `init_weights` of EncoderDecoder  

backbone.layers.0.blocks.0.token_mixer.A_log - torch.Size([128]): 
The value is the same before and after calling `init_weights` of EncoderDecoder  

backbone.layers.0.blocks.0.token_mixer.D - torch.Size([2]): 
The value is the same before and after calling `init_weights` of EncoderDecoder  

backbone.layers.0.blocks.0.token_mixer.in_proj.weight - torch.Size([386, 64]): 
The value is the same before and after calling `init_weights` of EncoderDecoder  

backbone.layers.0.blocks.0.token_mixer.conv2d.weight - torch.Size([256, 1, 3, 3]): 
The value is the same before and after calling `init_weights` of EncoderDecoder  

backbone.layers.0.blocks.0.token_mixer.conv2d.bias - torch.Size([256]): 
The value is the same before and after calling `init_weights` of EncoderDecoder  

backbone.layers.0.blocks.0.token_mixer.norm.weight - torch.Size([128]): 
The value is the same before and after calling `init_weights` of EncoderDecoder  

backbone.layers.0.blocks.0.token_mixer.norm.bias - torch.Size([128]): 
The value is the same before and after calling `init_weights` of EncoderDecoder  

backbone.layers.0.blocks.0.token_mixer.out_proj.weight - torch.Size([64, 128]): 
The value is the same before and after calling `init_weights` of EncoderDecoder  

backbone.layers.0.blocks.0.cpe2.weight - torch.Size([64, 1, 3, 3]): 
The value is the same before and after calling `init_weights` of EncoderDecoder  

backbone.layers.0.blocks.0.cpe2.bias - torch.Size([64]): 
The value is the same before and after calling `init_weights` of EncoderDecoder  

backbone.layers.0.blocks.0.norm2.weight - torch.Size([64]): 
The value is the same before and after calling `init_weights` of EncoderDecoder  

backbone.layers.0.blocks.0.norm2.bias - torch.Size([64]): 
The value is the same before and after calling `init_weights` of EncoderDecoder  

backbone.layers.0.blocks.0.mlp.fc1.weight - torch.Size([256, 64]): 
The value is the same before and after calling `init_weights` of EncoderDecoder  

backbone.layers.0.blocks.0.mlp.fc1.bias - torch.Size([256]): 
The value is the same before and after calling `init_weights` of EncoderDecoder  

backbone.layers.0.blocks.0.mlp.fc2.weight - torch.Size([64, 256]): 
The value is the same before and after calling `init_weights` of EncoderDecoder  

backbone.layers.0.blocks.0.mlp.fc2.bias - torch.Size([64]): 
The value is the same before and after calling `init_weights` of EncoderDecoder  

backbone.layers.0.blocks.1.cpe1.weight - torch.Size([64, 1, 3, 3]): 
The value is the same before and after calling `init_weights` of EncoderDecoder  

backbone.layers.0.blocks.1.cpe1.bias - torch.Size([64]): 
The value is the same before and after calling `init_weights` of EncoderDecoder  

backbone.layers.0.blocks.1.norm1.weight - torch.Size([64]): 
The value is the same before and after calling `init_weights` of EncoderDecoder  

backbone.layers.0.blocks.1.norm1.bias - torch.Size([64]): 
The value is the same before and after calling `init_weights` of EncoderDecoder  

backbone.layers.0.blocks.1.token_mixer.dt_bias - torch.Size([2]): 
The value is the same before and after calling `init_weights` of EncoderDecoder  

backbone.layers.0.blocks.1.token_mixer.A_log - torch.Size([128]): 
The value is the same before and after calling `init_weights` of EncoderDecoder  

backbone.layers.0.blocks.1.token_mixer.D - torch.Size([2]): 
The value is the same before and after calling `init_weights` of EncoderDecoder  

backbone.layers.0.blocks.1.token_mixer.in_proj.weight - torch.Size([386, 64]): 
The value is the same before and after calling `init_weights` of EncoderDecoder  

backbone.layers.0.blocks.1.token_mixer.conv2d.weight - torch.Size([256, 1, 3, 3]): 
The value is the same before and after calling `init_weights` of EncoderDecoder  

backbone.layers.0.blocks.1.token_mixer.conv2d.bias - torch.Size([256]): 
The value is the same before and after calling `init_weights` of EncoderDecoder  

backbone.layers.0.blocks.1.token_mixer.norm.weight - torch.Size([128]): 
The value is the same before and after calling `init_weights` of EncoderDecoder  

backbone.layers.0.blocks.1.token_mixer.norm.bias - torch.Size([128]): 
The value is the same before and after calling `init_weights` of EncoderDecoder  

backbone.layers.0.blocks.1.token_mixer.out_proj.weight - torch.Size([64, 128]): 
The value is the same before and after calling `init_weights` of EncoderDecoder  

backbone.layers.0.blocks.1.cpe2.weight - torch.Size([64, 1, 3, 3]): 
The value is the same before and after calling `init_weights` of EncoderDecoder  

backbone.layers.0.blocks.1.cpe2.bias - torch.Size([64]): 
The value is the same before and after calling `init_weights` of EncoderDecoder  

backbone.layers.0.blocks.1.norm2.weight - torch.Size([64]): 
The value is the same before and after calling `init_weights` of EncoderDecoder  

backbone.layers.0.blocks.1.norm2.bias - torch.Size([64]): 
The value is the same before and after calling `init_weights` of EncoderDecoder  

backbone.layers.0.blocks.1.mlp.fc1.weight - torch.Size([256, 64]): 
The value is the same before and after calling `init_weights` of EncoderDecoder  

backbone.layers.0.blocks.1.mlp.fc1.bias - torch.Size([256]): 
The value is the same before and after calling `init_weights` of EncoderDecoder  

backbone.layers.0.blocks.1.mlp.fc2.weight - torch.Size([64, 256]): 
The value is the same before and after calling `init_weights` of EncoderDecoder  

backbone.layers.0.blocks.1.mlp.fc2.bias - torch.Size([64]): 
The value is the same before and after calling `init_weights` of EncoderDecoder  

backbone.layers.0.downsample.conv.0.conv.weight - torch.Size([512, 64, 1, 1]): 
The value is the same before and after calling `init_weights` of EncoderDecoder  

backbone.layers.0.downsample.conv.0.conv.bias - torch.Size([512]): 
The value is the same before and after calling `init_weights` of EncoderDecoder  

backbone.layers.0.downsample.conv.1.conv.weight - torch.Size([512, 1, 3, 3]): 
The value is the same before and after calling `init_weights` of EncoderDecoder  

backbone.layers.0.downsample.conv.1.conv.bias - torch.Size([512]): 
The value is the same before and after calling `init_weights` of EncoderDecoder  

backbone.layers.0.downsample.conv.2.conv.weight - torch.Size([128, 512, 1, 1]): 
The value is the same before and after calling `init_weights` of EncoderDecoder  

backbone.layers.0.downsample.conv.2.conv.bias - torch.Size([128]): 
The value is the same before and after calling `init_weights` of EncoderDecoder  

backbone.layers.0.downsample.conv.2.norm.weight - torch.Size([128]): 
The value is the same before and after calling `init_weights` of EncoderDecoder  

backbone.layers.0.downsample.conv.2.norm.bias - torch.Size([128]): 
The value is the same before and after calling `init_weights` of EncoderDecoder  

backbone.layers.1.blocks.0.cpe1.weight - torch.Size([128, 1, 3, 3]): 
The value is the same before and after calling `init_weights` of EncoderDecoder  

backbone.layers.1.blocks.0.cpe1.bias - torch.Size([128]): 
The value is the same before and after calling `init_weights` of EncoderDecoder  

backbone.layers.1.blocks.0.norm1.weight - torch.Size([128]): 
The value is the same before and after calling `init_weights` of EncoderDecoder  

backbone.layers.1.blocks.0.norm1.bias - torch.Size([128]): 
The value is the same before and after calling `init_weights` of EncoderDecoder  

backbone.layers.1.blocks.0.token_mixer.dt_bias - torch.Size([4]): 
The value is the same before and after calling `init_weights` of EncoderDecoder  

backbone.layers.1.blocks.0.token_mixer.A_log - torch.Size([256]): 
The value is the same before and after calling `init_weights` of EncoderDecoder  

backbone.layers.1.blocks.0.token_mixer.D - torch.Size([4]): 
The value is the same before and after calling `init_weights` of EncoderDecoder  

backbone.layers.1.blocks.0.token_mixer.in_proj.weight - torch.Size([644, 128]): 
The value is the same before and after calling `init_weights` of EncoderDecoder  

backbone.layers.1.blocks.0.token_mixer.conv2d.weight - torch.Size([384, 1, 3, 3]): 
The value is the same before and after calling `init_weights` of EncoderDecoder  

backbone.layers.1.blocks.0.token_mixer.conv2d.bias - torch.Size([384]): 
The value is the same before and after calling `init_weights` of EncoderDecoder  

backbone.layers.1.blocks.0.token_mixer.norm.weight - torch.Size([256]): 
The value is the same before and after calling `init_weights` of EncoderDecoder  

backbone.layers.1.blocks.0.token_mixer.norm.bias - torch.Size([256]): 
The value is the same before and after calling `init_weights` of EncoderDecoder  

backbone.layers.1.blocks.0.token_mixer.out_proj.weight - torch.Size([128, 256]): 
The value is the same before and after calling `init_weights` of EncoderDecoder  

backbone.layers.1.blocks.0.cpe2.weight - torch.Size([128, 1, 3, 3]): 
The value is the same before and after calling `init_weights` of EncoderDecoder  

backbone.layers.1.blocks.0.cpe2.bias - torch.Size([128]): 
The value is the same before and after calling `init_weights` of EncoderDecoder  

backbone.layers.1.blocks.0.norm2.weight - torch.Size([128]): 
The value is the same before and after calling `init_weights` of EncoderDecoder  

backbone.layers.1.blocks.0.norm2.bias - torch.Size([128]): 
The value is the same before and after calling `init_weights` of EncoderDecoder  

backbone.layers.1.blocks.0.mlp.fc1.weight - torch.Size([512, 128]): 
The value is the same before and after calling `init_weights` of EncoderDecoder  

backbone.layers.1.blocks.0.mlp.fc1.bias - torch.Size([512]): 
The value is the same before and after calling `init_weights` of EncoderDecoder  

backbone.layers.1.blocks.0.mlp.fc2.weight - torch.Size([128, 512]): 
The value is the same before and after calling `init_weights` of EncoderDecoder  

backbone.layers.1.blocks.0.mlp.fc2.bias - torch.Size([128]): 
The value is the same before and after calling `init_weights` of EncoderDecoder  

backbone.layers.1.blocks.1.cpe1.weight - torch.Size([128, 1, 3, 3]): 
The value is the same before and after calling `init_weights` of EncoderDecoder  

backbone.layers.1.blocks.1.cpe1.bias - torch.Size([128]): 
The value is the same before and after calling `init_weights` of EncoderDecoder  

backbone.layers.1.blocks.1.norm1.weight - torch.Size([128]): 
The value is the same before and after calling `init_weights` of EncoderDecoder  

backbone.layers.1.blocks.1.norm1.bias - torch.Size([128]): 
The value is the same before and after calling `init_weights` of EncoderDecoder  

backbone.layers.1.blocks.1.token_mixer.dt_bias - torch.Size([4]): 
The value is the same before and after calling `init_weights` of EncoderDecoder  

backbone.layers.1.blocks.1.token_mixer.A_log - torch.Size([256]): 
The value is the same before and after calling `init_weights` of EncoderDecoder  

backbone.layers.1.blocks.1.token_mixer.D - torch.Size([4]): 
The value is the same before and after calling `init_weights` of EncoderDecoder  

backbone.layers.1.blocks.1.token_mixer.in_proj.weight - torch.Size([644, 128]): 
The value is the same before and after calling `init_weights` of EncoderDecoder  

backbone.layers.1.blocks.1.token_mixer.conv2d.weight - torch.Size([384, 1, 3, 3]): 
The value is the same before and after calling `init_weights` of EncoderDecoder  

backbone.layers.1.blocks.1.token_mixer.conv2d.bias - torch.Size([384]): 
The value is the same before and after calling `init_weights` of EncoderDecoder  

backbone.layers.1.blocks.1.token_mixer.norm.weight - torch.Size([256]): 
The value is the same before and after calling `init_weights` of EncoderDecoder  

backbone.layers.1.blocks.1.token_mixer.norm.bias - torch.Size([256]): 
The value is the same before and after calling `init_weights` of EncoderDecoder  

backbone.layers.1.blocks.1.token_mixer.out_proj.weight - torch.Size([128, 256]): 
The value is the same before and after calling `init_weights` of EncoderDecoder  

backbone.layers.1.blocks.1.cpe2.weight - torch.Size([128, 1, 3, 3]): 
The value is the same before and after calling `init_weights` of EncoderDecoder  

backbone.layers.1.blocks.1.cpe2.bias - torch.Size([128]): 
The value is the same before and after calling `init_weights` of EncoderDecoder  

backbone.layers.1.blocks.1.norm2.weight - torch.Size([128]): 
The value is the same before and after calling `init_weights` of EncoderDecoder  

backbone.layers.1.blocks.1.norm2.bias - torch.Size([128]): 
The value is the same before and after calling `init_weights` of EncoderDecoder  

backbone.layers.1.blocks.1.mlp.fc1.weight - torch.Size([512, 128]): 
The value is the same before and after calling `init_weights` of EncoderDecoder  

backbone.layers.1.blocks.1.mlp.fc1.bias - torch.Size([512]): 
The value is the same before and after calling `init_weights` of EncoderDecoder  

backbone.layers.1.blocks.1.mlp.fc2.weight - torch.Size([128, 512]): 
The value is the same before and after calling `init_weights` of EncoderDecoder  

backbone.layers.1.blocks.1.mlp.fc2.bias - torch.Size([128]): 
The value is the same before and after calling `init_weights` of EncoderDecoder  

backbone.layers.1.blocks.2.cpe1.weight - torch.Size([128, 1, 3, 3]): 
The value is the same before and after calling `init_weights` of EncoderDecoder  

backbone.layers.1.blocks.2.cpe1.bias - torch.Size([128]): 
The value is the same before and after calling `init_weights` of EncoderDecoder  

backbone.layers.1.blocks.2.norm1.weight - torch.Size([128]): 
The value is the same before and after calling `init_weights` of EncoderDecoder  

backbone.layers.1.blocks.2.norm1.bias - torch.Size([128]): 
The value is the same before and after calling `init_weights` of EncoderDecoder  

backbone.layers.1.blocks.2.token_mixer.dt_bias - torch.Size([4]): 
The value is the same before and after calling `init_weights` of EncoderDecoder  

backbone.layers.1.blocks.2.token_mixer.A_log - torch.Size([256]): 
The value is the same before and after calling `init_weights` of EncoderDecoder  

backbone.layers.1.blocks.2.token_mixer.D - torch.Size([4]): 
The value is the same before and after calling `init_weights` of EncoderDecoder  

backbone.layers.1.blocks.2.token_mixer.in_proj.weight - torch.Size([644, 128]): 
The value is the same before and after calling `init_weights` of EncoderDecoder  

backbone.layers.1.blocks.2.token_mixer.conv2d.weight - torch.Size([384, 1, 3, 3]): 
The value is the same before and after calling `init_weights` of EncoderDecoder  

backbone.layers.1.blocks.2.token_mixer.conv2d.bias - torch.Size([384]): 
The value is the same before and after calling `init_weights` of EncoderDecoder  

backbone.layers.1.blocks.2.token_mixer.norm.weight - torch.Size([256]): 
The value is the same before and after calling `init_weights` of EncoderDecoder  

backbone.layers.1.blocks.2.token_mixer.norm.bias - torch.Size([256]): 
The value is the same before and after calling `init_weights` of EncoderDecoder  

backbone.layers.1.blocks.2.token_mixer.out_proj.weight - torch.Size([128, 256]): 
The value is the same before and after calling `init_weights` of EncoderDecoder  

backbone.layers.1.blocks.2.cpe2.weight - torch.Size([128, 1, 3, 3]): 
The value is the same before and after calling `init_weights` of EncoderDecoder  

backbone.layers.1.blocks.2.cpe2.bias - torch.Size([128]): 
The value is the same before and after calling `init_weights` of EncoderDecoder  

backbone.layers.1.blocks.2.norm2.weight - torch.Size([128]): 
The value is the same before and after calling `init_weights` of EncoderDecoder  

backbone.layers.1.blocks.2.norm2.bias - torch.Size([128]): 
The value is the same before and after calling `init_weights` of EncoderDecoder  

backbone.layers.1.blocks.2.mlp.fc1.weight - torch.Size([512, 128]): 
The value is the same before and after calling `init_weights` of EncoderDecoder  

backbone.layers.1.blocks.2.mlp.fc1.bias - torch.Size([512]): 
The value is the same before and after calling `init_weights` of EncoderDecoder  

backbone.layers.1.blocks.2.mlp.fc2.weight - torch.Size([128, 512]): 
The value is the same before and after calling `init_weights` of EncoderDecoder  

backbone.layers.1.blocks.2.mlp.fc2.bias - torch.Size([128]): 
The value is the same before and after calling `init_weights` of EncoderDecoder  

backbone.layers.1.blocks.3.cpe1.weight - torch.Size([128, 1, 3, 3]): 
The value is the same before and after calling `init_weights` of EncoderDecoder  

backbone.layers.1.blocks.3.cpe1.bias - torch.Size([128]): 
The value is the same before and after calling `init_weights` of EncoderDecoder  

backbone.layers.1.blocks.3.norm1.weight - torch.Size([128]): 
The value is the same before and after calling `init_weights` of EncoderDecoder  

backbone.layers.1.blocks.3.norm1.bias - torch.Size([128]): 
The value is the same before and after calling `init_weights` of EncoderDecoder  

backbone.layers.1.blocks.3.token_mixer.dt_bias - torch.Size([4]): 
The value is the same before and after calling `init_weights` of EncoderDecoder  

backbone.layers.1.blocks.3.token_mixer.A_log - torch.Size([256]): 
The value is the same before and after calling `init_weights` of EncoderDecoder  

backbone.layers.1.blocks.3.token_mixer.D - torch.Size([4]): 
The value is the same before and after calling `init_weights` of EncoderDecoder  

backbone.layers.1.blocks.3.token_mixer.in_proj.weight - torch.Size([644, 128]): 
The value is the same before and after calling `init_weights` of EncoderDecoder  

backbone.layers.1.blocks.3.token_mixer.conv2d.weight - torch.Size([384, 1, 3, 3]): 
The value is the same before and after calling `init_weights` of EncoderDecoder  

backbone.layers.1.blocks.3.token_mixer.conv2d.bias - torch.Size([384]): 
The value is the same before and after calling `init_weights` of EncoderDecoder  

backbone.layers.1.blocks.3.token_mixer.norm.weight - torch.Size([256]): 
The value is the same before and after calling `init_weights` of EncoderDecoder  

backbone.layers.1.blocks.3.token_mixer.norm.bias - torch.Size([256]): 
The value is the same before and after calling `init_weights` of EncoderDecoder  

backbone.layers.1.blocks.3.token_mixer.out_proj.weight - torch.Size([128, 256]): 
The value is the same before and after calling `init_weights` of EncoderDecoder  

backbone.layers.1.blocks.3.cpe2.weight - torch.Size([128, 1, 3, 3]): 
The value is the same before and after calling `init_weights` of EncoderDecoder  

backbone.layers.1.blocks.3.cpe2.bias - torch.Size([128]): 
The value is the same before and after calling `init_weights` of EncoderDecoder  

backbone.layers.1.blocks.3.norm2.weight - torch.Size([128]): 
The value is the same before and after calling `init_weights` of EncoderDecoder  

backbone.layers.1.blocks.3.norm2.bias - torch.Size([128]): 
The value is the same before and after calling `init_weights` of EncoderDecoder  

backbone.layers.1.blocks.3.mlp.fc1.weight - torch.Size([512, 128]): 
The value is the same before and after calling `init_weights` of EncoderDecoder  

backbone.layers.1.blocks.3.mlp.fc1.bias - torch.Size([512]): 
The value is the same before and after calling `init_weights` of EncoderDecoder  

backbone.layers.1.blocks.3.mlp.fc2.weight - torch.Size([128, 512]): 
The value is the same before and after calling `init_weights` of EncoderDecoder  

backbone.layers.1.blocks.3.mlp.fc2.bias - torch.Size([128]): 
The value is the same before and after calling `init_weights` of EncoderDecoder  

backbone.layers.1.downsample.conv.0.conv.weight - torch.Size([1024, 128, 1, 1]): 
The value is the same before and after calling `init_weights` of EncoderDecoder  

backbone.layers.1.downsample.conv.0.conv.bias - torch.Size([1024]): 
The value is the same before and after calling `init_weights` of EncoderDecoder  

backbone.layers.1.downsample.conv.1.conv.weight - torch.Size([1024, 1, 3, 3]): 
The value is the same before and after calling `init_weights` of EncoderDecoder  

backbone.layers.1.downsample.conv.1.conv.bias - torch.Size([1024]): 
The value is the same before and after calling `init_weights` of EncoderDecoder  

backbone.layers.1.downsample.conv.2.conv.weight - torch.Size([256, 1024, 1, 1]): 
The value is the same before and after calling `init_weights` of EncoderDecoder  

backbone.layers.1.downsample.conv.2.conv.bias - torch.Size([256]): 
The value is the same before and after calling `init_weights` of EncoderDecoder  

backbone.layers.1.downsample.conv.2.norm.weight - torch.Size([256]): 
The value is the same before and after calling `init_weights` of EncoderDecoder  

backbone.layers.1.downsample.conv.2.norm.bias - torch.Size([256]): 
The value is the same before and after calling `init_weights` of EncoderDecoder  

backbone.layers.2.blocks.0.cpe1.weight - torch.Size([256, 1, 3, 3]): 
The value is the same before and after calling `init_weights` of EncoderDecoder  

backbone.layers.2.blocks.0.cpe1.bias - torch.Size([256]): 
The value is the same before and after calling `init_weights` of EncoderDecoder  

backbone.layers.2.blocks.0.norm1.weight - torch.Size([256]): 
The value is the same before and after calling `init_weights` of EncoderDecoder  

backbone.layers.2.blocks.0.norm1.bias - torch.Size([256]): 
The value is the same before and after calling `init_weights` of EncoderDecoder  

backbone.layers.2.blocks.0.token_mixer.dt_bias - torch.Size([8]): 
The value is the same before and after calling `init_weights` of EncoderDecoder  

backbone.layers.2.blocks.0.token_mixer.A_log - torch.Size([512]): 
The value is the same before and after calling `init_weights` of EncoderDecoder  

backbone.layers.2.blocks.0.token_mixer.D - torch.Size([8]): 
The value is the same before and after calling `init_weights` of EncoderDecoder  

backbone.layers.2.blocks.0.token_mixer.in_proj.weight - torch.Size([1160, 256]): 
The value is the same before and after calling `init_weights` of EncoderDecoder  

backbone.layers.2.blocks.0.token_mixer.conv2d.weight - torch.Size([640, 1, 3, 3]): 
The value is the same before and after calling `init_weights` of EncoderDecoder  

backbone.layers.2.blocks.0.token_mixer.conv2d.bias - torch.Size([640]): 
The value is the same before and after calling `init_weights` of EncoderDecoder  

backbone.layers.2.blocks.0.token_mixer.norm.weight - torch.Size([512]): 
The value is the same before and after calling `init_weights` of EncoderDecoder  

backbone.layers.2.blocks.0.token_mixer.norm.bias - torch.Size([512]): 
The value is the same before and after calling `init_weights` of EncoderDecoder  

backbone.layers.2.blocks.0.token_mixer.out_proj.weight - torch.Size([256, 512]): 
The value is the same before and after calling `init_weights` of EncoderDecoder  

backbone.layers.2.blocks.0.token_mixer.sa_op.sampling_offsets.weight - torch.Size([8, 512]): 
The value is the same before and after calling `init_weights` of EncoderDecoder  

backbone.layers.2.blocks.0.token_mixer.sa_op.sampling_offsets.bias - torch.Size([8]): 
The value is the same before and after calling `init_weights` of EncoderDecoder  

backbone.layers.2.blocks.0.cpe2.weight - torch.Size([256, 1, 3, 3]): 
The value is the same before and after calling `init_weights` of EncoderDecoder  

backbone.layers.2.blocks.0.cpe2.bias - torch.Size([256]): 
The value is the same before and after calling `init_weights` of EncoderDecoder  

backbone.layers.2.blocks.0.norm2.weight - torch.Size([256]): 
The value is the same before and after calling `init_weights` of EncoderDecoder  

backbone.layers.2.blocks.0.norm2.bias - torch.Size([256]): 
The value is the same before and after calling `init_weights` of EncoderDecoder  

backbone.layers.2.blocks.0.mlp.fc1.weight - torch.Size([1024, 256]): 
The value is the same before and after calling `init_weights` of EncoderDecoder  

backbone.layers.2.blocks.0.mlp.fc1.bias - torch.Size([1024]): 
The value is the same before and after calling `init_weights` of EncoderDecoder  

backbone.layers.2.blocks.0.mlp.fc2.weight - torch.Size([256, 1024]): 
The value is the same before and after calling `init_weights` of EncoderDecoder  

backbone.layers.2.blocks.0.mlp.fc2.bias - torch.Size([256]): 
The value is the same before and after calling `init_weights` of EncoderDecoder  

backbone.layers.2.blocks.1.cpe1.weight - torch.Size([256, 1, 3, 3]): 
The value is the same before and after calling `init_weights` of EncoderDecoder  

backbone.layers.2.blocks.1.cpe1.bias - torch.Size([256]): 
The value is the same before and after calling `init_weights` of EncoderDecoder  

backbone.layers.2.blocks.1.norm1.weight - torch.Size([256]): 
The value is the same before and after calling `init_weights` of EncoderDecoder  

backbone.layers.2.blocks.1.norm1.bias - torch.Size([256]): 
The value is the same before and after calling `init_weights` of EncoderDecoder  

backbone.layers.2.blocks.1.token_mixer.dt_bias - torch.Size([8]): 
The value is the same before and after calling `init_weights` of EncoderDecoder  

backbone.layers.2.blocks.1.token_mixer.A_log - torch.Size([512]): 
The value is the same before and after calling `init_weights` of EncoderDecoder  

backbone.layers.2.blocks.1.token_mixer.D - torch.Size([8]): 
The value is the same before and after calling `init_weights` of EncoderDecoder  

backbone.layers.2.blocks.1.token_mixer.in_proj.weight - torch.Size([1160, 256]): 
The value is the same before and after calling `init_weights` of EncoderDecoder  

backbone.layers.2.blocks.1.token_mixer.conv2d.weight - torch.Size([640, 1, 3, 3]): 
The value is the same before and after calling `init_weights` of EncoderDecoder  

backbone.layers.2.blocks.1.token_mixer.conv2d.bias - torch.Size([640]): 
The value is the same before and after calling `init_weights` of EncoderDecoder  

backbone.layers.2.blocks.1.token_mixer.norm.weight - torch.Size([512]): 
The value is the same before and after calling `init_weights` of EncoderDecoder  

backbone.layers.2.blocks.1.token_mixer.norm.bias - torch.Size([512]): 
The value is the same before and after calling `init_weights` of EncoderDecoder  

backbone.layers.2.blocks.1.token_mixer.out_proj.weight - torch.Size([256, 512]): 
The value is the same before and after calling `init_weights` of EncoderDecoder  

backbone.layers.2.blocks.1.cpe2.weight - torch.Size([256, 1, 3, 3]): 
The value is the same before and after calling `init_weights` of EncoderDecoder  

backbone.layers.2.blocks.1.cpe2.bias - torch.Size([256]): 
The value is the same before and after calling `init_weights` of EncoderDecoder  

backbone.layers.2.blocks.1.norm2.weight - torch.Size([256]): 
The value is the same before and after calling `init_weights` of EncoderDecoder  

backbone.layers.2.blocks.1.norm2.bias - torch.Size([256]): 
The value is the same before and after calling `init_weights` of EncoderDecoder  

backbone.layers.2.blocks.1.mlp.fc1.weight - torch.Size([1024, 256]): 
The value is the same before and after calling `init_weights` of EncoderDecoder  

backbone.layers.2.blocks.1.mlp.fc1.bias - torch.Size([1024]): 
The value is the same before and after calling `init_weights` of EncoderDecoder  

backbone.layers.2.blocks.1.mlp.fc2.weight - torch.Size([256, 1024]): 
The value is the same before and after calling `init_weights` of EncoderDecoder  

backbone.layers.2.blocks.1.mlp.fc2.bias - torch.Size([256]): 
The value is the same before and after calling `init_weights` of EncoderDecoder  

backbone.layers.2.blocks.2.cpe1.weight - torch.Size([256, 1, 3, 3]): 
The value is the same before and after calling `init_weights` of EncoderDecoder  

backbone.layers.2.blocks.2.cpe1.bias - torch.Size([256]): 
The value is the same before and after calling `init_weights` of EncoderDecoder  

backbone.layers.2.blocks.2.norm1.weight - torch.Size([256]): 
The value is the same before and after calling `init_weights` of EncoderDecoder  

backbone.layers.2.blocks.2.norm1.bias - torch.Size([256]): 
The value is the same before and after calling `init_weights` of EncoderDecoder  

backbone.layers.2.blocks.2.token_mixer.dt_bias - torch.Size([8]): 
The value is the same before and after calling `init_weights` of EncoderDecoder  

backbone.layers.2.blocks.2.token_mixer.A_log - torch.Size([512]): 
The value is the same before and after calling `init_weights` of EncoderDecoder  

backbone.layers.2.blocks.2.token_mixer.D - torch.Size([8]): 
The value is the same before and after calling `init_weights` of EncoderDecoder  

backbone.layers.2.blocks.2.token_mixer.in_proj.weight - torch.Size([1160, 256]): 
The value is the same before and after calling `init_weights` of EncoderDecoder  

backbone.layers.2.blocks.2.token_mixer.conv2d.weight - torch.Size([640, 1, 3, 3]): 
The value is the same before and after calling `init_weights` of EncoderDecoder  

backbone.layers.2.blocks.2.token_mixer.conv2d.bias - torch.Size([640]): 
The value is the same before and after calling `init_weights` of EncoderDecoder  

backbone.layers.2.blocks.2.token_mixer.norm.weight - torch.Size([512]): 
The value is the same before and after calling `init_weights` of EncoderDecoder  

backbone.layers.2.blocks.2.token_mixer.norm.bias - torch.Size([512]): 
The value is the same before and after calling `init_weights` of EncoderDecoder  

backbone.layers.2.blocks.2.token_mixer.out_proj.weight - torch.Size([256, 512]): 
The value is the same before and after calling `init_weights` of EncoderDecoder  

backbone.layers.2.blocks.2.cpe2.weight - torch.Size([256, 1, 3, 3]): 
The value is the same before and after calling `init_weights` of EncoderDecoder  

backbone.layers.2.blocks.2.cpe2.bias - torch.Size([256]): 
The value is the same before and after calling `init_weights` of EncoderDecoder  

backbone.layers.2.blocks.2.norm2.weight - torch.Size([256]): 
The value is the same before and after calling `init_weights` of EncoderDecoder  

backbone.layers.2.blocks.2.norm2.bias - torch.Size([256]): 
The value is the same before and after calling `init_weights` of EncoderDecoder  

backbone.layers.2.blocks.2.mlp.fc1.weight - torch.Size([1024, 256]): 
The value is the same before and after calling `init_weights` of EncoderDecoder  

backbone.layers.2.blocks.2.mlp.fc1.bias - torch.Size([1024]): 
The value is the same before and after calling `init_weights` of EncoderDecoder  

backbone.layers.2.blocks.2.mlp.fc2.weight - torch.Size([256, 1024]): 
The value is the same before and after calling `init_weights` of EncoderDecoder  

backbone.layers.2.blocks.2.mlp.fc2.bias - torch.Size([256]): 
The value is the same before and after calling `init_weights` of EncoderDecoder  

backbone.layers.2.blocks.3.cpe1.weight - torch.Size([256, 1, 3, 3]): 
The value is the same before and after calling `init_weights` of EncoderDecoder  

backbone.layers.2.blocks.3.cpe1.bias - torch.Size([256]): 
The value is the same before and after calling `init_weights` of EncoderDecoder  

backbone.layers.2.blocks.3.norm1.weight - torch.Size([256]): 
The value is the same before and after calling `init_weights` of EncoderDecoder  

backbone.layers.2.blocks.3.norm1.bias - torch.Size([256]): 
The value is the same before and after calling `init_weights` of EncoderDecoder  

backbone.layers.2.blocks.3.token_mixer.dt_bias - torch.Size([8]): 
The value is the same before and after calling `init_weights` of EncoderDecoder  

backbone.layers.2.blocks.3.token_mixer.A_log - torch.Size([512]): 
The value is the same before and after calling `init_weights` of EncoderDecoder  

backbone.layers.2.blocks.3.token_mixer.D - torch.Size([8]): 
The value is the same before and after calling `init_weights` of EncoderDecoder  

backbone.layers.2.blocks.3.token_mixer.in_proj.weight - torch.Size([1160, 256]): 
The value is the same before and after calling `init_weights` of EncoderDecoder  

backbone.layers.2.blocks.3.token_mixer.conv2d.weight - torch.Size([640, 1, 3, 3]): 
The value is the same before and after calling `init_weights` of EncoderDecoder  

backbone.layers.2.blocks.3.token_mixer.conv2d.bias - torch.Size([640]): 
The value is the same before and after calling `init_weights` of EncoderDecoder  

backbone.layers.2.blocks.3.token_mixer.norm.weight - torch.Size([512]): 
The value is the same before and after calling `init_weights` of EncoderDecoder  

backbone.layers.2.blocks.3.token_mixer.norm.bias - torch.Size([512]): 
The value is the same before and after calling `init_weights` of EncoderDecoder  

backbone.layers.2.blocks.3.token_mixer.out_proj.weight - torch.Size([256, 512]): 
The value is the same before and after calling `init_weights` of EncoderDecoder  

backbone.layers.2.blocks.3.token_mixer.sa_op.sampling_offsets.weight - torch.Size([8, 512]): 
The value is the same before and after calling `init_weights` of EncoderDecoder  

backbone.layers.2.blocks.3.token_mixer.sa_op.sampling_offsets.bias - torch.Size([8]): 
The value is the same before and after calling `init_weights` of EncoderDecoder  

backbone.layers.2.blocks.3.cpe2.weight - torch.Size([256, 1, 3, 3]): 
The value is the same before and after calling `init_weights` of EncoderDecoder  

backbone.layers.2.blocks.3.cpe2.bias - torch.Size([256]): 
The value is the same before and after calling `init_weights` of EncoderDecoder  

backbone.layers.2.blocks.3.norm2.weight - torch.Size([256]): 
The value is the same before and after calling `init_weights` of EncoderDecoder  

backbone.layers.2.blocks.3.norm2.bias - torch.Size([256]): 
The value is the same before and after calling `init_weights` of EncoderDecoder  

backbone.layers.2.blocks.3.mlp.fc1.weight - torch.Size([1024, 256]): 
The value is the same before and after calling `init_weights` of EncoderDecoder  

backbone.layers.2.blocks.3.mlp.fc1.bias - torch.Size([1024]): 
The value is the same before and after calling `init_weights` of EncoderDecoder  

backbone.layers.2.blocks.3.mlp.fc2.weight - torch.Size([256, 1024]): 
The value is the same before and after calling `init_weights` of EncoderDecoder  

backbone.layers.2.blocks.3.mlp.fc2.bias - torch.Size([256]): 
The value is the same before and after calling `init_weights` of EncoderDecoder  

backbone.layers.2.blocks.4.cpe1.weight - torch.Size([256, 1, 3, 3]): 
The value is the same before and after calling `init_weights` of EncoderDecoder  

backbone.layers.2.blocks.4.cpe1.bias - torch.Size([256]): 
The value is the same before and after calling `init_weights` of EncoderDecoder  

backbone.layers.2.blocks.4.norm1.weight - torch.Size([256]): 
The value is the same before and after calling `init_weights` of EncoderDecoder  

backbone.layers.2.blocks.4.norm1.bias - torch.Size([256]): 
The value is the same before and after calling `init_weights` of EncoderDecoder  

backbone.layers.2.blocks.4.token_mixer.dt_bias - torch.Size([8]): 
The value is the same before and after calling `init_weights` of EncoderDecoder  

backbone.layers.2.blocks.4.token_mixer.A_log - torch.Size([512]): 
The value is the same before and after calling `init_weights` of EncoderDecoder  

backbone.layers.2.blocks.4.token_mixer.D - torch.Size([8]): 
The value is the same before and after calling `init_weights` of EncoderDecoder  

backbone.layers.2.blocks.4.token_mixer.in_proj.weight - torch.Size([1160, 256]): 
The value is the same before and after calling `init_weights` of EncoderDecoder  

backbone.layers.2.blocks.4.token_mixer.conv2d.weight - torch.Size([640, 1, 3, 3]): 
The value is the same before and after calling `init_weights` of EncoderDecoder  

backbone.layers.2.blocks.4.token_mixer.conv2d.bias - torch.Size([640]): 
The value is the same before and after calling `init_weights` of EncoderDecoder  

backbone.layers.2.blocks.4.token_mixer.norm.weight - torch.Size([512]): 
The value is the same before and after calling `init_weights` of EncoderDecoder  

backbone.layers.2.blocks.4.token_mixer.norm.bias - torch.Size([512]): 
The value is the same before and after calling `init_weights` of EncoderDecoder  

backbone.layers.2.blocks.4.token_mixer.out_proj.weight - torch.Size([256, 512]): 
The value is the same before and after calling `init_weights` of EncoderDecoder  

backbone.layers.2.blocks.4.cpe2.weight - torch.Size([256, 1, 3, 3]): 
The value is the same before and after calling `init_weights` of EncoderDecoder  

backbone.layers.2.blocks.4.cpe2.bias - torch.Size([256]): 
The value is the same before and after calling `init_weights` of EncoderDecoder  

backbone.layers.2.blocks.4.norm2.weight - torch.Size([256]): 
The value is the same before and after calling `init_weights` of EncoderDecoder  

backbone.layers.2.blocks.4.norm2.bias - torch.Size([256]): 
The value is the same before and after calling `init_weights` of EncoderDecoder  

backbone.layers.2.blocks.4.mlp.fc1.weight - torch.Size([1024, 256]): 
The value is the same before and after calling `init_weights` of EncoderDecoder  

backbone.layers.2.blocks.4.mlp.fc1.bias - torch.Size([1024]): 
The value is the same before and after calling `init_weights` of EncoderDecoder  

backbone.layers.2.blocks.4.mlp.fc2.weight - torch.Size([256, 1024]): 
The value is the same before and after calling `init_weights` of EncoderDecoder  

backbone.layers.2.blocks.4.mlp.fc2.bias - torch.Size([256]): 
The value is the same before and after calling `init_weights` of EncoderDecoder  

backbone.layers.2.blocks.5.cpe1.weight - torch.Size([256, 1, 3, 3]): 
The value is the same before and after calling `init_weights` of EncoderDecoder  

backbone.layers.2.blocks.5.cpe1.bias - torch.Size([256]): 
The value is the same before and after calling `init_weights` of EncoderDecoder  

backbone.layers.2.blocks.5.norm1.weight - torch.Size([256]): 
The value is the same before and after calling `init_weights` of EncoderDecoder  

backbone.layers.2.blocks.5.norm1.bias - torch.Size([256]): 
The value is the same before and after calling `init_weights` of EncoderDecoder  

backbone.layers.2.blocks.5.token_mixer.dt_bias - torch.Size([8]): 
The value is the same before and after calling `init_weights` of EncoderDecoder  

backbone.layers.2.blocks.5.token_mixer.A_log - torch.Size([512]): 
The value is the same before and after calling `init_weights` of EncoderDecoder  

backbone.layers.2.blocks.5.token_mixer.D - torch.Size([8]): 
The value is the same before and after calling `init_weights` of EncoderDecoder  

backbone.layers.2.blocks.5.token_mixer.in_proj.weight - torch.Size([1160, 256]): 
The value is the same before and after calling `init_weights` of EncoderDecoder  

backbone.layers.2.blocks.5.token_mixer.conv2d.weight - torch.Size([640, 1, 3, 3]): 
The value is the same before and after calling `init_weights` of EncoderDecoder  

backbone.layers.2.blocks.5.token_mixer.conv2d.bias - torch.Size([640]): 
The value is the same before and after calling `init_weights` of EncoderDecoder  

backbone.layers.2.blocks.5.token_mixer.norm.weight - torch.Size([512]): 
The value is the same before and after calling `init_weights` of EncoderDecoder  

backbone.layers.2.blocks.5.token_mixer.norm.bias - torch.Size([512]): 
The value is the same before and after calling `init_weights` of EncoderDecoder  

backbone.layers.2.blocks.5.token_mixer.out_proj.weight - torch.Size([256, 512]): 
The value is the same before and after calling `init_weights` of EncoderDecoder  

backbone.layers.2.blocks.5.cpe2.weight - torch.Size([256, 1, 3, 3]): 
The value is the same before and after calling `init_weights` of EncoderDecoder  

backbone.layers.2.blocks.5.cpe2.bias - torch.Size([256]): 
The value is the same before and after calling `init_weights` of EncoderDecoder  

backbone.layers.2.blocks.5.norm2.weight - torch.Size([256]): 
The value is the same before and after calling `init_weights` of EncoderDecoder  

backbone.layers.2.blocks.5.norm2.bias - torch.Size([256]): 
The value is the same before and after calling `init_weights` of EncoderDecoder  

backbone.layers.2.blocks.5.mlp.fc1.weight - torch.Size([1024, 256]): 
The value is the same before and after calling `init_weights` of EncoderDecoder  

backbone.layers.2.blocks.5.mlp.fc1.bias - torch.Size([1024]): 
The value is the same before and after calling `init_weights` of EncoderDecoder  

backbone.layers.2.blocks.5.mlp.fc2.weight - torch.Size([256, 1024]): 
The value is the same before and after calling `init_weights` of EncoderDecoder  

backbone.layers.2.blocks.5.mlp.fc2.bias - torch.Size([256]): 
The value is the same before and after calling `init_weights` of EncoderDecoder  

backbone.layers.2.blocks.6.cpe1.weight - torch.Size([256, 1, 3, 3]): 
The value is the same before and after calling `init_weights` of EncoderDecoder  

backbone.layers.2.blocks.6.cpe1.bias - torch.Size([256]): 
The value is the same before and after calling `init_weights` of EncoderDecoder  

backbone.layers.2.blocks.6.norm1.weight - torch.Size([256]): 
The value is the same before and after calling `init_weights` of EncoderDecoder  

backbone.layers.2.blocks.6.norm1.bias - torch.Size([256]): 
The value is the same before and after calling `init_weights` of EncoderDecoder  

backbone.layers.2.blocks.6.token_mixer.dt_bias - torch.Size([8]): 
The value is the same before and after calling `init_weights` of EncoderDecoder  

backbone.layers.2.blocks.6.token_mixer.A_log - torch.Size([512]): 
The value is the same before and after calling `init_weights` of EncoderDecoder  

backbone.layers.2.blocks.6.token_mixer.D - torch.Size([8]): 
The value is the same before and after calling `init_weights` of EncoderDecoder  

backbone.layers.2.blocks.6.token_mixer.in_proj.weight - torch.Size([1160, 256]): 
The value is the same before and after calling `init_weights` of EncoderDecoder  

backbone.layers.2.blocks.6.token_mixer.conv2d.weight - torch.Size([640, 1, 3, 3]): 
The value is the same before and after calling `init_weights` of EncoderDecoder  

backbone.layers.2.blocks.6.token_mixer.conv2d.bias - torch.Size([640]): 
The value is the same before and after calling `init_weights` of EncoderDecoder  

backbone.layers.2.blocks.6.token_mixer.norm.weight - torch.Size([512]): 
The value is the same before and after calling `init_weights` of EncoderDecoder  

backbone.layers.2.blocks.6.token_mixer.norm.bias - torch.Size([512]): 
The value is the same before and after calling `init_weights` of EncoderDecoder  

backbone.layers.2.blocks.6.token_mixer.out_proj.weight - torch.Size([256, 512]): 
The value is the same before and after calling `init_weights` of EncoderDecoder  

backbone.layers.2.blocks.6.token_mixer.sa_op.sampling_offsets.weight - torch.Size([8, 512]): 
The value is the same before and after calling `init_weights` of EncoderDecoder  

backbone.layers.2.blocks.6.token_mixer.sa_op.sampling_offsets.bias - torch.Size([8]): 
The value is the same before and after calling `init_weights` of EncoderDecoder  

backbone.layers.2.blocks.6.cpe2.weight - torch.Size([256, 1, 3, 3]): 
The value is the same before and after calling `init_weights` of EncoderDecoder  

backbone.layers.2.blocks.6.cpe2.bias - torch.Size([256]): 
The value is the same before and after calling `init_weights` of EncoderDecoder  

backbone.layers.2.blocks.6.norm2.weight - torch.Size([256]): 
The value is the same before and after calling `init_weights` of EncoderDecoder  

backbone.layers.2.blocks.6.norm2.bias - torch.Size([256]): 
The value is the same before and after calling `init_weights` of EncoderDecoder  

backbone.layers.2.blocks.6.mlp.fc1.weight - torch.Size([1024, 256]): 
The value is the same before and after calling `init_weights` of EncoderDecoder  

backbone.layers.2.blocks.6.mlp.fc1.bias - torch.Size([1024]): 
The value is the same before and after calling `init_weights` of EncoderDecoder  

backbone.layers.2.blocks.6.mlp.fc2.weight - torch.Size([256, 1024]): 
The value is the same before and after calling `init_weights` of EncoderDecoder  

backbone.layers.2.blocks.6.mlp.fc2.bias - torch.Size([256]): 
The value is the same before and after calling `init_weights` of EncoderDecoder  

backbone.layers.2.blocks.7.cpe1.weight - torch.Size([256, 1, 3, 3]): 
The value is the same before and after calling `init_weights` of EncoderDecoder  

backbone.layers.2.blocks.7.cpe1.bias - torch.Size([256]): 
The value is the same before and after calling `init_weights` of EncoderDecoder  

backbone.layers.2.blocks.7.norm1.weight - torch.Size([256]): 
The value is the same before and after calling `init_weights` of EncoderDecoder  

backbone.layers.2.blocks.7.norm1.bias - torch.Size([256]): 
The value is the same before and after calling `init_weights` of EncoderDecoder  

backbone.layers.2.blocks.7.token_mixer.dt_bias - torch.Size([8]): 
The value is the same before and after calling `init_weights` of EncoderDecoder  

backbone.layers.2.blocks.7.token_mixer.A_log - torch.Size([512]): 
The value is the same before and after calling `init_weights` of EncoderDecoder  

backbone.layers.2.blocks.7.token_mixer.D - torch.Size([8]): 
The value is the same before and after calling `init_weights` of EncoderDecoder  

backbone.layers.2.blocks.7.token_mixer.in_proj.weight - torch.Size([1160, 256]): 
The value is the same before and after calling `init_weights` of EncoderDecoder  

backbone.layers.2.blocks.7.token_mixer.conv2d.weight - torch.Size([640, 1, 3, 3]): 
The value is the same before and after calling `init_weights` of EncoderDecoder  

backbone.layers.2.blocks.7.token_mixer.conv2d.bias - torch.Size([640]): 
The value is the same before and after calling `init_weights` of EncoderDecoder  

backbone.layers.2.blocks.7.token_mixer.norm.weight - torch.Size([512]): 
The value is the same before and after calling `init_weights` of EncoderDecoder  

backbone.layers.2.blocks.7.token_mixer.norm.bias - torch.Size([512]): 
The value is the same before and after calling `init_weights` of EncoderDecoder  

backbone.layers.2.blocks.7.token_mixer.out_proj.weight - torch.Size([256, 512]): 
The value is the same before and after calling `init_weights` of EncoderDecoder  

backbone.layers.2.blocks.7.cpe2.weight - torch.Size([256, 1, 3, 3]): 
The value is the same before and after calling `init_weights` of EncoderDecoder  

backbone.layers.2.blocks.7.cpe2.bias - torch.Size([256]): 
The value is the same before and after calling `init_weights` of EncoderDecoder  

backbone.layers.2.blocks.7.norm2.weight - torch.Size([256]): 
The value is the same before and after calling `init_weights` of EncoderDecoder  

backbone.layers.2.blocks.7.norm2.bias - torch.Size([256]): 
The value is the same before and after calling `init_weights` of EncoderDecoder  

backbone.layers.2.blocks.7.mlp.fc1.weight - torch.Size([1024, 256]): 
The value is the same before and after calling `init_weights` of EncoderDecoder  

backbone.layers.2.blocks.7.mlp.fc1.bias - torch.Size([1024]): 
The value is the same before and after calling `init_weights` of EncoderDecoder  

backbone.layers.2.blocks.7.mlp.fc2.weight - torch.Size([256, 1024]): 
The value is the same before and after calling `init_weights` of EncoderDecoder  

backbone.layers.2.blocks.7.mlp.fc2.bias - torch.Size([256]): 
The value is the same before and after calling `init_weights` of EncoderDecoder  

backbone.layers.2.downsample.conv.0.conv.weight - torch.Size([2048, 256, 1, 1]): 
The value is the same before and after calling `init_weights` of EncoderDecoder  

backbone.layers.2.downsample.conv.0.conv.bias - torch.Size([2048]): 
The value is the same before and after calling `init_weights` of EncoderDecoder  

backbone.layers.2.downsample.conv.1.conv.weight - torch.Size([2048, 1, 3, 3]): 
The value is the same before and after calling `init_weights` of EncoderDecoder  

backbone.layers.2.downsample.conv.1.conv.bias - torch.Size([2048]): 
The value is the same before and after calling `init_weights` of EncoderDecoder  

backbone.layers.2.downsample.conv.2.conv.weight - torch.Size([512, 2048, 1, 1]): 
The value is the same before and after calling `init_weights` of EncoderDecoder  

backbone.layers.2.downsample.conv.2.conv.bias - torch.Size([512]): 
The value is the same before and after calling `init_weights` of EncoderDecoder  

backbone.layers.2.downsample.conv.2.norm.weight - torch.Size([512]): 
The value is the same before and after calling `init_weights` of EncoderDecoder  

backbone.layers.2.downsample.conv.2.norm.bias - torch.Size([512]): 
The value is the same before and after calling `init_weights` of EncoderDecoder  

backbone.layers.3.blocks.0.cpe1.weight - torch.Size([512, 1, 3, 3]): 
The value is the same before and after calling `init_weights` of EncoderDecoder  

backbone.layers.3.blocks.0.cpe1.bias - torch.Size([512]): 
The value is the same before and after calling `init_weights` of EncoderDecoder  

backbone.layers.3.blocks.0.norm1.weight - torch.Size([512]): 
The value is the same before and after calling `init_weights` of EncoderDecoder  

backbone.layers.3.blocks.0.norm1.bias - torch.Size([512]): 
The value is the same before and after calling `init_weights` of EncoderDecoder  

backbone.layers.3.blocks.0.token_mixer.to_qkv.weight - torch.Size([1536, 512]): 
The value is the same before and after calling `init_weights` of EncoderDecoder  

backbone.layers.3.blocks.0.token_mixer.to_out.weight - torch.Size([512, 512]): 
The value is the same before and after calling `init_weights` of EncoderDecoder  

backbone.layers.3.blocks.0.token_mixer.to_out.bias - torch.Size([512]): 
The value is the same before and after calling `init_weights` of EncoderDecoder  

backbone.layers.3.blocks.0.cpe2.weight - torch.Size([512, 1, 3, 3]): 
The value is the same before and after calling `init_weights` of EncoderDecoder  

backbone.layers.3.blocks.0.cpe2.bias - torch.Size([512]): 
The value is the same before and after calling `init_weights` of EncoderDecoder  

backbone.layers.3.blocks.0.norm2.weight - torch.Size([512]): 
The value is the same before and after calling `init_weights` of EncoderDecoder  

backbone.layers.3.blocks.0.norm2.bias - torch.Size([512]): 
The value is the same before and after calling `init_weights` of EncoderDecoder  

backbone.layers.3.blocks.0.mlp.fc1.weight - torch.Size([2048, 512]): 
The value is the same before and after calling `init_weights` of EncoderDecoder  

backbone.layers.3.blocks.0.mlp.fc1.bias - torch.Size([2048]): 
The value is the same before and after calling `init_weights` of EncoderDecoder  

backbone.layers.3.blocks.0.mlp.fc2.weight - torch.Size([512, 2048]): 
The value is the same before and after calling `init_weights` of EncoderDecoder  

backbone.layers.3.blocks.0.mlp.fc2.bias - torch.Size([512]): 
The value is the same before and after calling `init_weights` of EncoderDecoder  

backbone.layers.3.blocks.1.cpe1.weight - torch.Size([512, 1, 3, 3]): 
The value is the same before and after calling `init_weights` of EncoderDecoder  

backbone.layers.3.blocks.1.cpe1.bias - torch.Size([512]): 
The value is the same before and after calling `init_weights` of EncoderDecoder  

backbone.layers.3.blocks.1.norm1.weight - torch.Size([512]): 
The value is the same before and after calling `init_weights` of EncoderDecoder  

backbone.layers.3.blocks.1.norm1.bias - torch.Size([512]): 
The value is the same before and after calling `init_weights` of EncoderDecoder  

backbone.layers.3.blocks.1.token_mixer.to_qkv.weight - torch.Size([1536, 512]): 
The value is the same before and after calling `init_weights` of EncoderDecoder  

backbone.layers.3.blocks.1.token_mixer.to_out.weight - torch.Size([512, 512]): 
The value is the same before and after calling `init_weights` of EncoderDecoder  

backbone.layers.3.blocks.1.token_mixer.to_out.bias - torch.Size([512]): 
The value is the same before and after calling `init_weights` of EncoderDecoder  

backbone.layers.3.blocks.1.cpe2.weight - torch.Size([512, 1, 3, 3]): 
The value is the same before and after calling `init_weights` of EncoderDecoder  

backbone.layers.3.blocks.1.cpe2.bias - torch.Size([512]): 
The value is the same before and after calling `init_weights` of EncoderDecoder  

backbone.layers.3.blocks.1.norm2.weight - torch.Size([512]): 
The value is the same before and after calling `init_weights` of EncoderDecoder  

backbone.layers.3.blocks.1.norm2.bias - torch.Size([512]): 
The value is the same before and after calling `init_weights` of EncoderDecoder  

backbone.layers.3.blocks.1.mlp.fc1.weight - torch.Size([2048, 512]): 
The value is the same before and after calling `init_weights` of EncoderDecoder  

backbone.layers.3.blocks.1.mlp.fc1.bias - torch.Size([2048]): 
The value is the same before and after calling `init_weights` of EncoderDecoder  

backbone.layers.3.blocks.1.mlp.fc2.weight - torch.Size([512, 2048]): 
The value is the same before and after calling `init_weights` of EncoderDecoder  

backbone.layers.3.blocks.1.mlp.fc2.bias - torch.Size([512]): 
The value is the same before and after calling `init_weights` of EncoderDecoder  

backbone.layers.3.blocks.2.cpe1.weight - torch.Size([512, 1, 3, 3]): 
The value is the same before and after calling `init_weights` of EncoderDecoder  

backbone.layers.3.blocks.2.cpe1.bias - torch.Size([512]): 
The value is the same before and after calling `init_weights` of EncoderDecoder  

backbone.layers.3.blocks.2.norm1.weight - torch.Size([512]): 
The value is the same before and after calling `init_weights` of EncoderDecoder  

backbone.layers.3.blocks.2.norm1.bias - torch.Size([512]): 
The value is the same before and after calling `init_weights` of EncoderDecoder  

backbone.layers.3.blocks.2.token_mixer.to_qkv.weight - torch.Size([1536, 512]): 
The value is the same before and after calling `init_weights` of EncoderDecoder  

backbone.layers.3.blocks.2.token_mixer.to_out.weight - torch.Size([512, 512]): 
The value is the same before and after calling `init_weights` of EncoderDecoder  

backbone.layers.3.blocks.2.token_mixer.to_out.bias - torch.Size([512]): 
The value is the same before and after calling `init_weights` of EncoderDecoder  

backbone.layers.3.blocks.2.cpe2.weight - torch.Size([512, 1, 3, 3]): 
The value is the same before and after calling `init_weights` of EncoderDecoder  

backbone.layers.3.blocks.2.cpe2.bias - torch.Size([512]): 
The value is the same before and after calling `init_weights` of EncoderDecoder  

backbone.layers.3.blocks.2.norm2.weight - torch.Size([512]): 
The value is the same before and after calling `init_weights` of EncoderDecoder  

backbone.layers.3.blocks.2.norm2.bias - torch.Size([512]): 
The value is the same before and after calling `init_weights` of EncoderDecoder  

backbone.layers.3.blocks.2.mlp.fc1.weight - torch.Size([2048, 512]): 
The value is the same before and after calling `init_weights` of EncoderDecoder  

backbone.layers.3.blocks.2.mlp.fc1.bias - torch.Size([2048]): 
The value is the same before and after calling `init_weights` of EncoderDecoder  

backbone.layers.3.blocks.2.mlp.fc2.weight - torch.Size([512, 2048]): 
The value is the same before and after calling `init_weights` of EncoderDecoder  

backbone.layers.3.blocks.2.mlp.fc2.bias - torch.Size([512]): 
The value is the same before and after calling `init_weights` of EncoderDecoder  

backbone.layers.3.blocks.3.cpe1.weight - torch.Size([512, 1, 3, 3]): 
The value is the same before and after calling `init_weights` of EncoderDecoder  

backbone.layers.3.blocks.3.cpe1.bias - torch.Size([512]): 
The value is the same before and after calling `init_weights` of EncoderDecoder  

backbone.layers.3.blocks.3.norm1.weight - torch.Size([512]): 
The value is the same before and after calling `init_weights` of EncoderDecoder  

backbone.layers.3.blocks.3.norm1.bias - torch.Size([512]): 
The value is the same before and after calling `init_weights` of EncoderDecoder  

backbone.layers.3.blocks.3.token_mixer.to_qkv.weight - torch.Size([1536, 512]): 
The value is the same before and after calling `init_weights` of EncoderDecoder  

backbone.layers.3.blocks.3.token_mixer.to_out.weight - torch.Size([512, 512]): 
The value is the same before and after calling `init_weights` of EncoderDecoder  

backbone.layers.3.blocks.3.token_mixer.to_out.bias - torch.Size([512]): 
The value is the same before and after calling `init_weights` of EncoderDecoder  

backbone.layers.3.blocks.3.cpe2.weight - torch.Size([512, 1, 3, 3]): 
The value is the same before and after calling `init_weights` of EncoderDecoder  

backbone.layers.3.blocks.3.cpe2.bias - torch.Size([512]): 
The value is the same before and after calling `init_weights` of EncoderDecoder  

backbone.layers.3.blocks.3.norm2.weight - torch.Size([512]): 
The value is the same before and after calling `init_weights` of EncoderDecoder  

backbone.layers.3.blocks.3.norm2.bias - torch.Size([512]): 
The value is the same before and after calling `init_weights` of EncoderDecoder  

backbone.layers.3.blocks.3.mlp.fc1.weight - torch.Size([2048, 512]): 
The value is the same before and after calling `init_weights` of EncoderDecoder  

backbone.layers.3.blocks.3.mlp.fc1.bias - torch.Size([2048]): 
The value is the same before and after calling `init_weights` of EncoderDecoder  

backbone.layers.3.blocks.3.mlp.fc2.weight - torch.Size([512, 2048]): 
The value is the same before and after calling `init_weights` of EncoderDecoder  

backbone.layers.3.blocks.3.mlp.fc2.bias - torch.Size([512]): 
The value is the same before and after calling `init_weights` of EncoderDecoder  

backbone.outnorm0.weight - torch.Size([64]): 
The value is the same before and after calling `init_weights` of EncoderDecoder  

backbone.outnorm0.bias - torch.Size([64]): 
The value is the same before and after calling `init_weights` of EncoderDecoder  

backbone.outnorm1.weight - torch.Size([128]): 
The value is the same before and after calling `init_weights` of EncoderDecoder  

backbone.outnorm1.bias - torch.Size([128]): 
The value is the same before and after calling `init_weights` of EncoderDecoder  

backbone.outnorm2.weight - torch.Size([256]): 
The value is the same before and after calling `init_weights` of EncoderDecoder  

backbone.outnorm2.bias - torch.Size([256]): 
The value is the same before and after calling `init_weights` of EncoderDecoder  

backbone.outnorm3.weight - torch.Size([512]): 
The value is the same before and after calling `init_weights` of EncoderDecoder  

backbone.outnorm3.bias - torch.Size([512]): 
The value is the same before and after calling `init_weights` of EncoderDecoder  

decode_head.conv_seg.weight - torch.Size([150, 512, 1, 1]): 
NormalInit: mean=0, std=0.01, bias=0 

decode_head.conv_seg.bias - torch.Size([150]): 
NormalInit: mean=0, std=0.01, bias=0 

decode_head.psp_modules.0.1.conv.weight - torch.Size([512, 512, 1, 1]): 
The value is the same before and after calling `init_weights` of EncoderDecoder  

decode_head.psp_modules.0.1.bn.weight - torch.Size([512]): 
The value is the same before and after calling `init_weights` of EncoderDecoder  

decode_head.psp_modules.0.1.bn.bias - torch.Size([512]): 
The value is the same before and after calling `init_weights` of EncoderDecoder  

decode_head.psp_modules.1.1.conv.weight - torch.Size([512, 512, 1, 1]): 
The value is the same before and after calling `init_weights` of EncoderDecoder  

decode_head.psp_modules.1.1.bn.weight - torch.Size([512]): 
The value is the same before and after calling `init_weights` of EncoderDecoder  

decode_head.psp_modules.1.1.bn.bias - torch.Size([512]): 
The value is the same before and after calling `init_weights` of EncoderDecoder  

decode_head.psp_modules.2.1.conv.weight - torch.Size([512, 512, 1, 1]): 
The value is the same before and after calling `init_weights` of EncoderDecoder  

decode_head.psp_modules.2.1.bn.weight - torch.Size([512]): 
The value is the same before and after calling `init_weights` of EncoderDecoder  

decode_head.psp_modules.2.1.bn.bias - torch.Size([512]): 
The value is the same before and after calling `init_weights` of EncoderDecoder  

decode_head.psp_modules.3.1.conv.weight - torch.Size([512, 512, 1, 1]): 
The value is the same before and after calling `init_weights` of EncoderDecoder  

decode_head.psp_modules.3.1.bn.weight - torch.Size([512]): 
The value is the same before and after calling `init_weights` of EncoderDecoder  

decode_head.psp_modules.3.1.bn.bias - torch.Size([512]): 
The value is the same before and after calling `init_weights` of EncoderDecoder  

decode_head.bottleneck.conv.weight - torch.Size([512, 2560, 3, 3]): 
Initialized by user-defined `init_weights` in ConvModule  

decode_head.bottleneck.bn.weight - torch.Size([512]): 
The value is the same before and after calling `init_weights` of EncoderDecoder  

decode_head.bottleneck.bn.bias - torch.Size([512]): 
The value is the same before and after calling `init_weights` of EncoderDecoder  

decode_head.lateral_convs.0.conv.weight - torch.Size([512, 64, 1, 1]): 
The value is the same before and after calling `init_weights` of EncoderDecoder  

decode_head.lateral_convs.0.bn.weight - torch.Size([512]): 
The value is the same before and after calling `init_weights` of EncoderDecoder  

decode_head.lateral_convs.0.bn.bias - torch.Size([512]): 
The value is the same before and after calling `init_weights` of EncoderDecoder  

decode_head.lateral_convs.1.conv.weight - torch.Size([512, 128, 1, 1]): 
The value is the same before and after calling `init_weights` of EncoderDecoder  

decode_head.lateral_convs.1.bn.weight - torch.Size([512]): 
The value is the same before and after calling `init_weights` of EncoderDecoder  

decode_head.lateral_convs.1.bn.bias - torch.Size([512]): 
The value is the same before and after calling `init_weights` of EncoderDecoder  

decode_head.lateral_convs.2.conv.weight - torch.Size([512, 256, 1, 1]): 
The value is the same before and after calling `init_weights` of EncoderDecoder  

decode_head.lateral_convs.2.bn.weight - torch.Size([512]): 
The value is the same before and after calling `init_weights` of EncoderDecoder  

decode_head.lateral_convs.2.bn.bias - torch.Size([512]): 
The value is the same before and after calling `init_weights` of EncoderDecoder  

decode_head.fpn_convs.0.conv.weight - torch.Size([512, 512, 3, 3]): 
The value is the same before and after calling `init_weights` of EncoderDecoder  

decode_head.fpn_convs.0.bn.weight - torch.Size([512]): 
The value is the same before and after calling `init_weights` of EncoderDecoder  

decode_head.fpn_convs.0.bn.bias - torch.Size([512]): 
The value is the same before and after calling `init_weights` of EncoderDecoder  

decode_head.fpn_convs.1.conv.weight - torch.Size([512, 512, 3, 3]): 
The value is the same before and after calling `init_weights` of EncoderDecoder  

decode_head.fpn_convs.1.bn.weight - torch.Size([512]): 
The value is the same before and after calling `init_weights` of EncoderDecoder  

decode_head.fpn_convs.1.bn.bias - torch.Size([512]): 
The value is the same before and after calling `init_weights` of EncoderDecoder  

decode_head.fpn_convs.2.conv.weight - torch.Size([512, 512, 3, 3]): 
The value is the same before and after calling `init_weights` of EncoderDecoder  

decode_head.fpn_convs.2.bn.weight - torch.Size([512]): 
The value is the same before and after calling `init_weights` of EncoderDecoder  

decode_head.fpn_convs.2.bn.bias - torch.Size([512]): 
The value is the same before and after calling `init_weights` of EncoderDecoder  

decode_head.fpn_bottleneck.conv.weight - torch.Size([512, 2048, 3, 3]): 
Initialized by user-defined `init_weights` in ConvModule  

decode_head.fpn_bottleneck.bn.weight - torch.Size([512]): 
The value is the same before and after calling `init_weights` of EncoderDecoder  

decode_head.fpn_bottleneck.bn.bias - torch.Size([512]): 
The value is the same before and after calling `init_weights` of EncoderDecoder  

auxiliary_head.conv_seg.weight - torch.Size([150, 256, 1, 1]): 
NormalInit: mean=0, std=0.01, bias=0 

auxiliary_head.conv_seg.bias - torch.Size([150]): 
NormalInit: mean=0, std=0.01, bias=0 

auxiliary_head.convs.0.conv.weight - torch.Size([256, 256, 3, 3]): 
The value is the same before and after calling `init_weights` of EncoderDecoder  

auxiliary_head.convs.0.bn.weight - torch.Size([256]): 
The value is the same before and after calling `init_weights` of EncoderDecoder  

auxiliary_head.convs.0.bn.bias - torch.Size([256]): 
The value is the same before and after calling `init_weights` of EncoderDecoder  
2026/04/24 17:13:06 - mmengine - WARNING - "FileClient" will be deprecated in future. Please use io functions in https://mmengine.readthedocs.io/en/latest/api/fileio.html#file-io
2026/04/24 17:13:06 - mmengine - WARNING - "HardDiskBackend" is the alias of "LocalBackend" and the former will be deprecated in future.
2026/04/24 17:13:06 - mmengine - INFO - Checkpoints will be saved to /home/jlx_75/PVMamba_cifar10_base/segmentation/work_dirs/pvmamba_tiny_upernet_ade20k_base.
2026/04/24 17:13:14 - mmengine - INFO - Iter(train) [  20/2000]  lr: 2.2846e-06  eta: 0:13:32  time: 0.2744  data_time: 0.0060  memory: 10368  loss: 5.6261  decode.loss_ce: 4.0202  decode.acc_seg: 0.5235  aux.loss_ce: 1.6060  aux.acc_seg: 0.2941
2026/04/24 17:13:20 - mmengine - INFO - Iter(train) [  40/2000]  lr: 4.6894e-06  eta: 0:11:23  time: 0.2890  data_time: 0.0072  memory: 5975  loss: 5.1026  decode.loss_ce: 3.6401  decode.acc_seg: 0.7132  aux.loss_ce: 1.4625  aux.acc_seg: 1.0278
2026/04/24 17:13:25 - mmengine - INFO - Iter(train) [  60/2000]  lr: 7.0942e-06  eta: 0:10:29  time: 0.2741  data_time: 0.0048  memory: 5975  loss: 5.7687  decode.loss_ce: 4.1133  decode.acc_seg: 0.9280  aux.loss_ce: 1.6554  aux.acc_seg: 0.9798
2026/04/24 17:13:31 - mmengine - INFO - Iter(train) [  80/2000]  lr: 9.4990e-06  eta: 0:09:59  time: 0.2763  data_time: 0.0050  memory: 5973  loss: 5.4873  decode.loss_ce: 3.9061  decode.acc_seg: 4.4299  aux.loss_ce: 1.5812  aux.acc_seg: 0.3967
2026/04/24 17:13:36 - mmengine - INFO - Iter(train) [ 100/2000]  lr: 1.1904e-05  eta: 0:09:39  time: 0.2760  data_time: 0.0050  memory: 5975  loss: 5.5870  decode.loss_ce: 3.9639  decode.acc_seg: 2.2504  aux.loss_ce: 1.6231  aux.acc_seg: 1.1981
2026/04/24 17:13:42 - mmengine - INFO - Iter(train) [ 120/2000]  lr: 1.4309e-05  eta: 0:09:24  time: 0.2757  data_time: 0.0049  memory: 5973  loss: 5.0615  decode.loss_ce: 3.5812  decode.acc_seg: 0.4336  aux.loss_ce: 1.4802  aux.acc_seg: 0.8350
2026/04/24 17:13:47 - mmengine - INFO - Iter(train) [ 140/2000]  lr: 1.6713e-05  eta: 0:09:12  time: 0.2766  data_time: 0.0049  memory: 5973  loss: 5.3712  decode.loss_ce: 3.7862  decode.acc_seg: 38.1880  aux.loss_ce: 1.5850  aux.acc_seg: 5.3353
2026/04/24 17:13:53 - mmengine - INFO - Iter(train) [ 160/2000]  lr: 1.9118e-05  eta: 0:09:01  time: 0.2770  data_time: 0.0050  memory: 5973  loss: 5.9157  decode.loss_ce: 4.1661  decode.acc_seg: 15.9479  aux.loss_ce: 1.7497  aux.acc_seg: 3.1896
2026/04/24 17:13:58 - mmengine - INFO - Iter(train) [ 180/2000]  lr: 2.1523e-05  eta: 0:08:52  time: 0.2779  data_time: 0.0049  memory: 5975  loss: 5.1178  decode.loss_ce: 3.5951  decode.acc_seg: 7.9800  aux.loss_ce: 1.5228  aux.acc_seg: 17.7940
2026/04/24 17:14:04 - mmengine - INFO - Iter(train) [ 200/2000]  lr: 2.3928e-05  eta: 0:08:45  time: 0.2930  data_time: 0.0071  memory: 5973  loss: 5.3451  decode.loss_ce: 3.7170  decode.acc_seg: 11.8541  aux.loss_ce: 1.6281  aux.acc_seg: 9.9116
2026/04/24 17:14:10 - mmengine - INFO - Iter(train) [ 220/2000]  lr: 2.6333e-05  eta: 0:08:37  time: 0.2785  data_time: 0.0048  memory: 5975  loss: 5.2028  decode.loss_ce: 3.5731  decode.acc_seg: 20.9221  aux.loss_ce: 1.6297  aux.acc_seg: 2.5754
2026/04/24 17:14:15 - mmengine - INFO - Iter(train) [ 240/2000]  lr: 2.8738e-05  eta: 0:08:30  time: 0.2801  data_time: 0.0048  memory: 5973  loss: 4.9218  decode.loss_ce: 3.4029  decode.acc_seg: 6.2756  aux.loss_ce: 1.5189  aux.acc_seg: 11.1206
2026/04/24 17:14:21 - mmengine - INFO - Iter(train) [ 260/2000]  lr: 3.1142e-05  eta: 0:08:23  time: 0.2822  data_time: 0.0049  memory: 5973  loss: 5.3742  decode.loss_ce: 3.6901  decode.acc_seg: 7.5546  aux.loss_ce: 1.6841  aux.acc_seg: 9.0683
2026/04/24 17:14:27 - mmengine - INFO - Iter(train) [ 280/2000]  lr: 3.3547e-05  eta: 0:08:17  time: 0.2828  data_time: 0.0049  memory: 5973  loss: 4.4976  decode.loss_ce: 3.0521  decode.acc_seg: 32.6166  aux.loss_ce: 1.4455  aux.acc_seg: 1.1094
2026/04/24 17:14:32 - mmengine - INFO - Iter(train) [ 300/2000]  lr: 3.5952e-05  eta: 0:08:10  time: 0.2819  data_time: 0.0046  memory: 5975  loss: 3.8517  decode.loss_ce: 2.5955  decode.acc_seg: 10.8282  aux.loss_ce: 1.2562  aux.acc_seg: 0.9716
2026/04/24 17:14:38 - mmengine - INFO - Iter(train) [ 320/2000]  lr: 3.8357e-05  eta: 0:08:04  time: 0.2839  data_time: 0.0047  memory: 5975  loss: 3.9340  decode.loss_ce: 2.6287  decode.acc_seg: 16.0685  aux.loss_ce: 1.3053  aux.acc_seg: 7.2252
2026/04/24 17:14:44 - mmengine - INFO - Iter(train) [ 340/2000]  lr: 4.0762e-05  eta: 0:07:58  time: 0.2857  data_time: 0.0047  memory: 5973  loss: 4.4882  decode.loss_ce: 3.0209  decode.acc_seg: 17.5964  aux.loss_ce: 1.4673  aux.acc_seg: 18.7362
2026/04/24 17:14:49 - mmengine - INFO - Iter(train) [ 360/2000]  lr: 4.3166e-05  eta: 0:07:52  time: 0.2853  data_time: 0.0048  memory: 5973  loss: 4.3799  decode.loss_ce: 2.9457  decode.acc_seg: 16.0370  aux.loss_ce: 1.4342  aux.acc_seg: 3.5593
2026/04/24 17:14:55 - mmengine - INFO - Iter(train) [ 380/2000]  lr: 4.5571e-05  eta: 0:07:46  time: 0.2871  data_time: 0.0048  memory: 5975  loss: 4.5223  decode.loss_ce: 3.0637  decode.acc_seg: 17.0920  aux.loss_ce: 1.4586  aux.acc_seg: 11.1456
2026/04/24 17:15:01 - mmengine - INFO - Iter(train) [ 400/2000]  lr: 4.7976e-05  eta: 0:07:40  time: 0.2905  data_time: 0.0049  memory: 5973  loss: 4.5531  decode.loss_ce: 3.0457  decode.acc_seg: 26.5163  aux.loss_ce: 1.5074  aux.acc_seg: 25.0827
2026/04/24 17:15:07 - mmengine - INFO - Iter(train) [ 420/2000]  lr: 5.0381e-05  eta: 0:07:35  time: 0.2884  data_time: 0.0050  memory: 5973  loss: 4.5803  decode.loss_ce: 3.1506  decode.acc_seg: 8.2631  aux.loss_ce: 1.4297  aux.acc_seg: 12.9435
2026/04/24 17:15:13 - mmengine - INFO - Iter(train) [ 440/2000]  lr: 5.2786e-05  eta: 0:07:29  time: 0.2914  data_time: 0.0052  memory: 5975  loss: 4.1200  decode.loss_ce: 2.7931  decode.acc_seg: 32.0043  aux.loss_ce: 1.3269  aux.acc_seg: 28.7524
2026/04/24 17:15:18 - mmengine - INFO - Iter(train) [ 460/2000]  lr: 5.5190e-05  eta: 0:07:24  time: 0.2892  data_time: 0.0048  memory: 5973  loss: 4.3491  decode.loss_ce: 2.9362  decode.acc_seg: 10.9800  aux.loss_ce: 1.4129  aux.acc_seg: 9.2859
2026/04/24 17:15:24 - mmengine - INFO - Iter(train) [ 480/2000]  lr: 5.7595e-05  eta: 0:07:18  time: 0.2868  data_time: 0.0048  memory: 5975  loss: 4.4109  decode.loss_ce: 3.0303  decode.acc_seg: 20.3667  aux.loss_ce: 1.3805  aux.acc_seg: 5.2663
2026/04/24 17:15:30 - mmengine - INFO - Iter(train) [ 500/2000]  lr: 6.0000e-05  eta: 0:07:13  time: 0.2920  data_time: 0.0050  memory: 5973  loss: 4.1066  decode.loss_ce: 2.8313  decode.acc_seg: 8.1719  aux.loss_ce: 1.2754  aux.acc_seg: 20.7751
2026/04/24 17:15:36 - mmengine - INFO - Iter(train) [ 520/2000]  lr: 5.9848e-05  eta: 0:07:07  time: 0.2918  data_time: 0.0051  memory: 5975  loss: 4.1697  decode.loss_ce: 2.7995  decode.acc_seg: 39.6720  aux.loss_ce: 1.3703  aux.acc_seg: 25.9953
2026/04/24 17:15:42 - mmengine - INFO - Iter(train) [ 540/2000]  lr: 5.9688e-05  eta: 0:07:01  time: 0.2893  data_time: 0.0048  memory: 5973  loss: 3.7215  decode.loss_ce: 2.5655  decode.acc_seg: 8.2071  aux.loss_ce: 1.1559  aux.acc_seg: 11.5943
2026/04/24 17:15:48 - mmengine - INFO - Iter(train) [ 560/2000]  lr: 5.9528e-05  eta: 0:06:56  time: 0.2900  data_time: 0.0049  memory: 5973  loss: 3.6126  decode.loss_ce: 2.4600  decode.acc_seg: 12.0266  aux.loss_ce: 1.1526  aux.acc_seg: 15.1124
2026/04/24 17:15:53 - mmengine - INFO - Iter(train) [ 580/2000]  lr: 5.9368e-05  eta: 0:06:50  time: 0.2920  data_time: 0.0049  memory: 5973  loss: 3.8282  decode.loss_ce: 2.5924  decode.acc_seg: 58.2515  aux.loss_ce: 1.2359  aux.acc_seg: 44.8799
2026/04/24 17:15:59 - mmengine - INFO - Iter(train) [ 600/2000]  lr: 5.9208e-05  eta: 0:06:45  time: 0.2927  data_time: 0.0049  memory: 5973  loss: 3.6673  decode.loss_ce: 2.5121  decode.acc_seg: 0.0431  aux.loss_ce: 1.1552  aux.acc_seg: 3.2491
2026/04/24 17:16:05 - mmengine - INFO - Iter(train) [ 620/2000]  lr: 5.9048e-05  eta: 0:06:39  time: 0.2908  data_time: 0.0049  memory: 5973  loss: 3.6456  decode.loss_ce: 2.4722  decode.acc_seg: 35.6116  aux.loss_ce: 1.1734  aux.acc_seg: 26.0750
2026/04/24 17:16:11 - mmengine - INFO - Iter(train) [ 640/2000]  lr: 5.8888e-05  eta: 0:06:33  time: 0.2911  data_time: 0.0049  memory: 5973  loss: 4.2306  decode.loss_ce: 2.9297  decode.acc_seg: 29.6511  aux.loss_ce: 1.3009  aux.acc_seg: 26.7768
2026/04/24 17:16:17 - mmengine - INFO - Iter(train) [ 660/2000]  lr: 5.8728e-05  eta: 0:06:28  time: 0.2898  data_time: 0.0049  memory: 5975  loss: 4.1492  decode.loss_ce: 2.8376  decode.acc_seg: 22.3348  aux.loss_ce: 1.3116  aux.acc_seg: 27.8990
2026/04/24 17:16:23 - mmengine - INFO - Iter(train) [ 680/2000]  lr: 5.8568e-05  eta: 0:06:22  time: 0.2952  data_time: 0.0050  memory: 5973  loss: 4.0092  decode.loss_ce: 2.7974  decode.acc_seg: 23.8411  aux.loss_ce: 1.2118  aux.acc_seg: 18.2222
2026/04/24 17:16:28 - mmengine - INFO - Iter(train) [ 700/2000]  lr: 5.8408e-05  eta: 0:06:16  time: 0.2898  data_time: 0.0046  memory: 5973  loss: 2.9942  decode.loss_ce: 2.0247  decode.acc_seg: 44.0175  aux.loss_ce: 0.9695  aux.acc_seg: 29.8918
2026/04/24 17:16:34 - mmengine - INFO - Iter(train) [ 720/2000]  lr: 5.8248e-05  eta: 0:06:10  time: 0.2910  data_time: 0.0049  memory: 5973  loss: 3.4519  decode.loss_ce: 2.3306  decode.acc_seg: 49.8482  aux.loss_ce: 1.1213  aux.acc_seg: 31.5020
2026/04/24 17:16:40 - mmengine - INFO - Iter(train) [ 740/2000]  lr: 5.8088e-05  eta: 0:06:05  time: 0.2919  data_time: 0.0049  memory: 5975  loss: 3.6386  decode.loss_ce: 2.5325  decode.acc_seg: 52.6894  aux.loss_ce: 1.1061  aux.acc_seg: 40.6501
2026/04/24 17:16:46 - mmengine - INFO - Iter(train) [ 760/2000]  lr: 5.7928e-05  eta: 0:05:59  time: 0.2926  data_time: 0.0048  memory: 5973  loss: 3.9891  decode.loss_ce: 2.7277  decode.acc_seg: 1.4706  aux.loss_ce: 1.2614  aux.acc_seg: 2.3075
2026/04/24 17:16:52 - mmengine - INFO - Iter(train) [ 780/2000]  lr: 5.7768e-05  eta: 0:05:53  time: 0.2897  data_time: 0.0047  memory: 5973  loss: 2.5982  decode.loss_ce: 1.7518  decode.acc_seg: 26.1404  aux.loss_ce: 0.8464  aux.acc_seg: 25.4037
2026/04/24 17:16:58 - mmengine - INFO - Iter(train) [ 800/2000]  lr: 5.7608e-05  eta: 0:05:48  time: 0.2941  data_time: 0.0048  memory: 5975  loss: 3.3501  decode.loss_ce: 2.3091  decode.acc_seg: 38.5935  aux.loss_ce: 1.0409  aux.acc_seg: 23.9702
2026/04/24 17:17:04 - mmengine - INFO - Iter(train) [ 820/2000]  lr: 5.7448e-05  eta: 0:05:42  time: 0.2910  data_time: 0.0049  memory: 5975  loss: 3.7736  decode.loss_ce: 2.6018  decode.acc_seg: 26.8690  aux.loss_ce: 1.1718  aux.acc_seg: 20.0685
2026/04/24 17:17:09 - mmengine - INFO - Iter(train) [ 840/2000]  lr: 5.7288e-05  eta: 0:05:36  time: 0.2905  data_time: 0.0048  memory: 5975  loss: 3.1411  decode.loss_ce: 2.1066  decode.acc_seg: 41.3241  aux.loss_ce: 1.0345  aux.acc_seg: 29.7860
2026/04/24 17:17:15 - mmengine - INFO - Iter(train) [ 860/2000]  lr: 5.7128e-05  eta: 0:05:30  time: 0.2913  data_time: 0.0048  memory: 5975  loss: 3.2287  decode.loss_ce: 2.2585  decode.acc_seg: 34.4105  aux.loss_ce: 0.9702  aux.acc_seg: 38.0648
2026/04/24 17:17:21 - mmengine - INFO - Iter(train) [ 880/2000]  lr: 5.6968e-05  eta: 0:05:25  time: 0.2908  data_time: 0.0049  memory: 5973  loss: 3.5692  decode.loss_ce: 2.4832  decode.acc_seg: 4.4223  aux.loss_ce: 1.0860  aux.acc_seg: 17.0095
2026/04/24 17:17:27 - mmengine - INFO - Iter(train) [ 900/2000]  lr: 5.6808e-05  eta: 0:05:19  time: 0.2910  data_time: 0.0049  memory: 5975  loss: 3.6906  decode.loss_ce: 2.5927  decode.acc_seg: 2.4042  aux.loss_ce: 1.0978  aux.acc_seg: 7.1266
2026/04/24 17:17:33 - mmengine - INFO - Iter(train) [ 920/2000]  lr: 5.6648e-05  eta: 0:05:13  time: 0.2924  data_time: 0.0048  memory: 5975  loss: 3.6342  decode.loss_ce: 2.5012  decode.acc_seg: 26.2688  aux.loss_ce: 1.1330  aux.acc_seg: 22.7036
2026/04/24 17:17:39 - mmengine - INFO - Iter(train) [ 940/2000]  lr: 5.6488e-05  eta: 0:05:07  time: 0.3031  data_time: 0.0065  memory: 5975  loss: 3.6827  decode.loss_ce: 2.5383  decode.acc_seg: 40.9812  aux.loss_ce: 1.1444  aux.acc_seg: 28.9398
2026/04/24 17:17:45 - mmengine - INFO - Iter(train) [ 960/2000]  lr: 5.6328e-05  eta: 0:05:02  time: 0.2943  data_time: 0.0049  memory: 5973  loss: 4.1088  decode.loss_ce: 2.8600  decode.acc_seg: 31.2756  aux.loss_ce: 1.2488  aux.acc_seg: 33.5611
2026/04/24 17:17:50 - mmengine - INFO - Iter(train) [ 980/2000]  lr: 5.6167e-05  eta: 0:04:56  time: 0.2917  data_time: 0.0050  memory: 5975  loss: 3.8990  decode.loss_ce: 2.7003  decode.acc_seg: 31.8264  aux.loss_ce: 1.1987  aux.acc_seg: 22.4716
2026/04/24 17:17:56 - mmengine - INFO - Exp name: pvmamba_tiny_upernet_ade20k_base_20260424_171302
2026/04/24 17:17:56 - mmengine - INFO - Iter(train) [1000/2000]  lr: 5.6007e-05  eta: 0:04:50  time: 0.2939  data_time: 0.0049  memory: 5975  loss: 3.5862  decode.loss_ce: 2.4674  decode.acc_seg: 55.0548  aux.loss_ce: 1.1187  aux.acc_seg: 44.7155
2026/04/24 17:17:56 - mmengine - INFO - Saving checkpoint at 1000 iterations
2026/04/24 17:18:04 - mmengine - INFO - Iter(val) [  20/2000]    eta: 0:10:52  time: 0.2699  data_time: 0.0015  memory: 9755  
2026/04/24 17:18:11 - mmengine - INFO - Iter(val) [  40/2000]    eta: 0:10:28  time: 0.3345  data_time: 0.0017  memory: 10125  
2026/04/24 17:18:14 - mmengine - INFO - Iter(val) [  60/2000]    eta: 0:08:45  time: 0.1566  data_time: 0.0016  memory: 8816  
2026/04/24 17:18:18 - mmengine - INFO - Iter(val) [  80/2000]    eta: 0:07:56  time: 0.1926  data_time: 0.0016  memory: 9935  
2026/04/24 17:18:22 - mmengine - INFO - Iter(val) [ 100/2000]    eta: 0:07:38  time: 0.2142  data_time: 0.0017  memory: 9938  
2026/04/24 17:18:25 - mmengine - INFO - Iter(val) [ 120/2000]    eta: 0:06:59  time: 0.0639  data_time: 0.0015  memory: 9943  
2026/04/24 17:18:27 - mmengine - INFO - Iter(val) [ 140/2000]    eta: 0:06:25  time: 0.0661  data_time: 0.0016  memory: 10125  
2026/04/24 17:18:30 - mmengine - INFO - Iter(val) [ 160/2000]    eta: 0:06:10  time: 0.2018  data_time: 0.0016  memory: 9943  
2026/04/24 17:18:33 - mmengine - INFO - Iter(val) [ 180/2000]    eta: 0:05:52  time: 0.1053  data_time: 0.0016  memory: 9566  
2026/04/24 17:18:36 - mmengine - INFO - Iter(val) [ 200/2000]    eta: 0:05:47  time: 0.1485  data_time: 0.0015  memory: 10310  
2026/04/24 17:18:40 - mmengine - INFO - Iter(val) [ 220/2000]    eta: 0:05:43  time: 0.2469  data_time: 0.0015  memory: 10127  
2026/04/24 17:18:44 - mmengine - INFO - Iter(val) [ 240/2000]    eta: 0:05:37  time: 0.2453  data_time: 0.0016  memory: 9563  
2026/04/24 17:18:47 - mmengine - INFO - Iter(val) [ 260/2000]    eta: 0:05:31  time: 0.2414  data_time: 0.0016  memory: 10685  
2026/04/24 17:18:49 - mmengine - INFO - Iter(val) [ 280/2000]    eta: 0:05:14  time: 0.1020  data_time: 0.0016  memory: 7325  
2026/04/24 17:18:52 - mmengine - INFO - Iter(val) [ 300/2000]    eta: 0:05:06  time: 0.0665  data_time: 0.0016  memory: 8069  
2026/04/24 17:18:55 - mmengine - INFO - Iter(val) [ 320/2000]    eta: 0:05:00  time: 0.1483  data_time: 0.0016  memory: 10688  
2026/04/24 17:18:58 - mmengine - INFO - Iter(val) [ 340/2000]    eta: 0:04:55  time: 0.1663  data_time: 0.0016  memory: 9192  
2026/04/24 17:19:01 - mmengine - INFO - Iter(val) [ 360/2000]    eta: 0:04:47  time: 0.1481  data_time: 0.0015  memory: 9378  
2026/04/24 17:19:03 - mmengine - INFO - Iter(val) [ 380/2000]    eta: 0:04:38  time: 0.1051  data_time: 0.0016  memory: 8446  
2026/04/24 17:19:06 - mmengine - INFO - Iter(val) [ 400/2000]    eta: 0:04:32  time: 0.1191  data_time: 0.0015  memory: 10874  
2026/04/24 17:19:07 - mmengine - INFO - Iter(val) [ 420/2000]    eta: 0:04:20  time: 0.0515  data_time: 0.0014  memory: 1189  
2026/04/24 17:19:09 - mmengine - INFO - Iter(val) [ 440/2000]    eta: 0:04:12  time: 0.0663  data_time: 0.0015  memory: 9940  
2026/04/24 17:19:11 - mmengine - INFO - Iter(val) [ 460/2000]    eta: 0:04:04  time: 0.0731  data_time: 0.0018  memory: 1260  
2026/04/24 17:19:13 - mmengine - INFO - Iter(val) [ 480/2000]    eta: 0:03:59  time: 0.1220  data_time: 0.0021  memory: 7886  
2026/04/24 17:19:15 - mmengine - INFO - Iter(val) [ 500/2000]    eta: 0:03:50  time: 0.0612  data_time: 0.0015  memory: 1261  
2026/04/24 17:19:16 - mmengine - INFO - Iter(val) [ 520/2000]    eta: 0:03:42  time: 0.0633  data_time: 0.0015  memory: 1255  
2026/04/24 17:19:18 - mmengine - INFO - Iter(val) [ 540/2000]    eta: 0:03:35  time: 0.1210  data_time: 0.0016  memory: 10314  
2026/04/24 17:19:19 - mmengine - INFO - Iter(val) [ 560/2000]    eta: 0:03:29  time: 0.0544  data_time: 0.0014  memory: 1895  
2026/04/24 17:19:21 - mmengine - INFO - Iter(val) [ 580/2000]    eta: 0:03:24  time: 0.0610  data_time: 0.0016  memory: 1415  
2026/04/24 17:19:23 - mmengine - INFO - Iter(val) [ 600/2000]    eta: 0:03:18  time: 0.1076  data_time: 0.0016  memory: 10123  
2026/04/24 17:19:25 - mmengine - INFO - Iter(val) [ 620/2000]    eta: 0:03:14  time: 0.0604  data_time: 0.0014  memory: 10127  
2026/04/24 17:19:27 - mmengine - INFO - Iter(val) [ 640/2000]    eta: 0:03:09  time: 0.0621  data_time: 0.0015  memory: 9750  
2026/04/24 17:19:29 - mmengine - INFO - Iter(val) [ 660/2000]    eta: 0:03:04  time: 0.0684  data_time: 0.0015  memory: 5425  
2026/04/24 17:19:32 - mmengine - INFO - Iter(val) [ 680/2000]    eta: 0:03:02  time: 0.1203  data_time: 0.0016  memory: 10873  
2026/04/24 17:19:34 - mmengine - INFO - Iter(val) [ 700/2000]    eta: 0:02:59  time: 0.0667  data_time: 0.0016  memory: 7325  
2026/04/24 17:19:36 - mmengine - INFO - Iter(val) [ 720/2000]    eta: 0:02:55  time: 0.1575  data_time: 0.0016  memory: 10308  
2026/04/24 17:19:38 - mmengine - INFO - Iter(val) [ 740/2000]    eta: 0:02:51  time: 0.1298  data_time: 0.0015  memory: 5434  
2026/04/24 17:19:42 - mmengine - INFO - Iter(val) [ 760/2000]    eta: 0:02:49  time: 0.1104  data_time: 0.0015  memory: 10126  
2026/04/24 17:19:43 - mmengine - INFO - Iter(val) [ 780/2000]    eta: 0:02:44  time: 0.0612  data_time: 0.0014  memory: 1241  
2026/04/24 17:19:44 - mmengine - INFO - Iter(val) [ 800/2000]    eta: 0:02:39  time: 0.0606  data_time: 0.0016  memory: 1199  
2026/04/24 17:19:45 - mmengine - INFO - Iter(val) [ 820/2000]    eta: 0:02:34  time: 0.0610  data_time: 0.0016  memory: 1185  
2026/04/24 17:19:47 - mmengine - INFO - Iter(val) [ 840/2000]    eta: 0:02:30  time: 0.0611  data_time: 0.0016  memory: 1199  
2026/04/24 17:19:48 - mmengine - INFO - Iter(val) [ 860/2000]    eta: 0:02:25  time: 0.0605  data_time: 0.0015  memory: 1199  
2026/04/24 17:19:49 - mmengine - INFO - Iter(val) [ 880/2000]    eta: 0:02:21  time: 0.0593  data_time: 0.0014  memory: 1249  
2026/04/24 17:19:51 - mmengine - INFO - Iter(val) [ 900/2000]    eta: 0:02:18  time: 0.0905  data_time: 0.0015  memory: 9378  
2026/04/24 17:19:54 - mmengine - INFO - Iter(val) [ 920/2000]    eta: 0:02:16  time: 0.1798  data_time: 0.0016  memory: 10495  
2026/04/24 17:19:56 - mmengine - INFO - Iter(val) [ 940/2000]    eta: 0:02:12  time: 0.1046  data_time: 0.0016  memory: 9191  
2026/04/24 17:19:58 - mmengine - INFO - Iter(val) [ 960/2000]    eta: 0:02:09  time: 0.0577  data_time: 0.0015  memory: 9007  
2026/04/24 17:19:59 - mmengine - INFO - Iter(val) [ 980/2000]    eta: 0:02:06  time: 0.0912  data_time: 0.0015  memory: 1245  
2026/04/24 17:20:01 - mmengine - INFO - Iter(val) [1000/2000]    eta: 0:02:03  time: 0.0586  data_time: 0.0015  memory: 9939  
2026/04/24 17:20:03 - mmengine - INFO - Iter(val) [1020/2000]    eta: 0:02:00  time: 0.1335  data_time: 0.0015  memory: 5436  
2026/04/24 17:20:05 - mmengine - INFO - Iter(val) [1040/2000]    eta: 0:01:57  time: 0.1219  data_time: 0.0018  memory: 5434  
2026/04/24 17:20:08 - mmengine - INFO - Iter(val) [1060/2000]    eta: 0:01:55  time: 0.0592  data_time: 0.0015  memory: 11055  
2026/04/24 17:20:10 - mmengine - INFO - Iter(val) [1080/2000]    eta: 0:01:52  time: 0.0645  data_time: 0.0015  memory: 10311  
2026/04/24 17:20:12 - mmengine - INFO - Iter(val) [1100/2000]    eta: 0:01:49  time: 0.0603  data_time: 0.0015  memory: 9380  
2026/04/24 17:20:14 - mmengine - INFO - Iter(val) [1120/2000]    eta: 0:01:46  time: 0.0605  data_time: 0.0014  memory: 8255  
2026/04/24 17:20:15 - mmengine - INFO - Iter(val) [1140/2000]    eta: 0:01:43  time: 0.0596  data_time: 0.0015  memory: 1251  
2026/04/24 17:20:17 - mmengine - INFO - Iter(val) [1160/2000]    eta: 0:01:40  time: 0.0646  data_time: 0.0016  memory: 8633  
2026/04/24 17:20:18 - mmengine - INFO - Iter(val) [1180/2000]    eta: 0:01:37  time: 0.0608  data_time: 0.0015  memory: 1249  
2026/04/24 17:20:19 - mmengine - INFO - Iter(val) [1200/2000]    eta: 0:01:34  time: 0.0602  data_time: 0.0015  memory: 1359  
2026/04/24 17:20:20 - mmengine - INFO - Iter(val) [1220/2000]    eta: 0:01:31  time: 0.0648  data_time: 0.0015  memory: 1285  
2026/04/24 17:20:22 - mmengine - INFO - Iter(val) [1240/2000]    eta: 0:01:28  time: 0.1217  data_time: 0.0015  memory: 10498  
2026/04/24 17:20:24 - mmengine - INFO - Iter(val) [1260/2000]    eta: 0:01:25  time: 0.0603  data_time: 0.0014  memory: 8072  
2026/04/24 17:20:25 - mmengine - INFO - Iter(val) [1280/2000]    eta: 0:01:22  time: 0.0602  data_time: 0.0015  memory: 1251  
2026/04/24 17:20:26 - mmengine - INFO - Iter(val) [1300/2000]    eta: 0:01:19  time: 0.0598  data_time: 0.0015  memory: 1251  
2026/04/24 17:20:27 - mmengine - INFO - Iter(val) [1320/2000]    eta: 0:01:17  time: 0.0565  data_time: 0.0014  memory: 1249  
2026/04/24 17:20:29 - mmengine - INFO - Iter(val) [1340/2000]    eta: 0:01:14  time: 0.0620  data_time: 0.0015  memory: 7698  
2026/04/24 17:20:31 - mmengine - INFO - Iter(val) [1360/2000]    eta: 0:01:12  time: 0.1541  data_time: 0.0015  memory: 9375  
2026/04/24 17:20:33 - mmengine - INFO - Iter(val) [1380/2000]    eta: 0:01:09  time: 0.0676  data_time: 0.0015  memory: 10313  
2026/04/24 17:20:35 - mmengine - INFO - Iter(val) [1400/2000]    eta: 0:01:07  time: 0.1228  data_time: 0.0015  memory: 10870  
2026/04/24 17:20:36 - mmengine - INFO - Iter(val) [1420/2000]    eta: 0:01:04  time: 0.0530  data_time: 0.0014  memory: 1252  
2026/04/24 17:20:38 - mmengine - INFO - Iter(val) [1440/2000]    eta: 0:01:02  time: 0.0647  data_time: 0.0015  memory: 9378  
2026/04/24 17:20:39 - mmengine - INFO - Iter(val) [1460/2000]    eta: 0:00:59  time: 0.0589  data_time: 0.0015  memory: 9004  
2026/04/24 17:20:41 - mmengine - INFO - Iter(val) [1480/2000]    eta: 0:00:57  time: 0.0601  data_time: 0.0015  memory: 1249  
2026/04/24 17:20:42 - mmengine - INFO - Iter(val) [1500/2000]    eta: 0:00:54  time: 0.0577  data_time: 0.0014  memory: 1185  
2026/04/24 17:20:44 - mmengine - INFO - Iter(val) [1520/2000]    eta: 0:00:52  time: 0.0674  data_time: 0.0016  memory: 11057  
2026/04/24 17:20:45 - mmengine - INFO - Iter(val) [1540/2000]    eta: 0:00:49  time: 0.0654  data_time: 0.0014  memory: 1283  
2026/04/24 17:20:46 - mmengine - INFO - Iter(val) [1560/2000]    eta: 0:00:47  time: 0.0558  data_time: 0.0014  memory: 1250  
2026/04/24 17:20:47 - mmengine - INFO - Iter(val) [1580/2000]    eta: 0:00:45  time: 0.0659  data_time: 0.0016  memory: 1247  
2026/04/24 17:20:49 - mmengine - INFO - Iter(val) [1600/2000]    eta: 0:00:42  time: 0.0607  data_time: 0.0015  memory: 1237  
2026/04/24 17:20:51 - mmengine - INFO - Iter(val) [1620/2000]    eta: 0:00:40  time: 0.1839  data_time: 0.0015  memory: 9936  
2026/04/24 17:20:53 - mmengine - INFO - Iter(val) [1640/2000]    eta: 0:00:38  time: 0.1276  data_time: 0.0015  memory: 1858  
2026/04/24 17:20:55 - mmengine - INFO - Iter(val) [1660/2000]    eta: 0:00:36  time: 0.1018  data_time: 0.0015  memory: 7884  
2026/04/24 17:20:56 - mmengine - INFO - Iter(val) [1680/2000]    eta: 0:00:33  time: 0.0668  data_time: 0.0015  memory: 8255  
2026/04/24 17:20:58 - mmengine - INFO - Iter(val) [1700/2000]    eta: 0:00:31  time: 0.0605  data_time: 0.0015  memory: 9566  
2026/04/24 17:21:00 - mmengine - INFO - Iter(val) [1720/2000]    eta: 0:00:29  time: 0.1018  data_time: 0.0015  memory: 7882  
2026/04/24 17:21:01 - mmengine - INFO - Iter(val) [1740/2000]    eta: 0:00:27  time: 0.1178  data_time: 0.0015  memory: 10686  
2026/04/24 17:21:03 - mmengine - INFO - Iter(val) [1760/2000]    eta: 0:00:25  time: 0.0535  data_time: 0.0014  memory: 1247  
2026/04/24 17:21:04 - mmengine - INFO - Iter(val) [1780/2000]    eta: 0:00:23  time: 0.1025  data_time: 0.0015  memory: 8068  
2026/04/24 17:21:05 - mmengine - INFO - Iter(val) [1800/2000]    eta: 0:00:20  time: 0.0610  data_time: 0.0016  memory: 1199  
2026/04/24 17:21:07 - mmengine - INFO - Iter(val) [1820/2000]    eta: 0:00:18  time: 0.0614  data_time: 0.0016  memory: 1185  
2026/04/24 17:21:08 - mmengine - INFO - Iter(val) [1840/2000]    eta: 0:00:16  time: 0.0608  data_time: 0.0015  memory: 1185  
2026/04/24 17:21:09 - mmengine - INFO - Iter(val) [1860/2000]    eta: 0:00:14  time: 0.0596  data_time: 0.0015  memory: 1185  
2026/04/24 17:21:10 - mmengine - INFO - Iter(val) [1880/2000]    eta: 0:00:12  time: 0.0564  data_time: 0.0014  memory: 1199  
2026/04/24 17:21:12 - mmengine - INFO - Iter(val) [1900/2000]    eta: 0:00:10  time: 0.0638  data_time: 0.0015  memory: 5421  
2026/04/24 17:21:14 - mmengine - INFO - Iter(val) [1920/2000]    eta: 0:00:08  time: 0.1426  data_time: 0.0015  memory: 5538  
2026/04/24 17:21:16 - mmengine - INFO - Iter(val) [1940/2000]    eta: 0:00:06  time: 0.0621  data_time: 0.0015  memory: 8443  
2026/04/24 17:21:17 - mmengine - INFO - Iter(val) [1960/2000]    eta: 0:00:04  time: 0.0994  data_time: 0.0014  memory: 9006  
2026/04/24 17:21:19 - mmengine - INFO - Iter(val) [1980/2000]    eta: 0:00:02  time: 0.0585  data_time: 0.0015  memory: 1244  
2026/04/24 17:21:21 - mmengine - INFO - Iter(val) [2000/2000]    eta: 0:00:00  time: 0.0579  data_time: 0.0014  memory: 7695  
2026/04/24 17:21:21 - mmengine - INFO - per class results:
2026/04/24 17:21:21 - mmengine - INFO - 
+---------------------+-------+-------+
|        Class        |  IoU  |  Acc  |
+---------------------+-------+-------+
|         wall        | 29.63 | 64.48 |
|       building      | 26.97 | 71.76 |
|         sky         | 54.78 | 93.71 |
|        floor        | 27.95 | 52.32 |
|         tree        | 22.24 | 36.78 |
|       ceiling       |  1.25 |  1.26 |
|         road        | 32.98 | 84.39 |
|         bed         |  0.01 |  0.01 |
|      windowpane     |  0.0  |  0.0  |
|        grass        | 22.59 | 27.63 |
|       cabinet       |  0.0  |  0.0  |
|       sidewalk      |  0.0  |  0.0  |
|        person       |  0.0  |  0.0  |
|        earth        |  0.0  |  0.0  |
|         door        |  0.0  |  0.0  |
|        table        |  0.0  |  0.0  |
|       mountain      |  0.0  |  0.0  |
|        plant        |  0.0  |  0.0  |
|       curtain       |  0.0  |  0.0  |
|        chair        |  0.0  |  0.0  |
|         car         |  0.0  |  0.0  |
|        water        |  0.0  |  0.0  |
|       painting      |  0.0  |  0.0  |
|         sofa        |  0.0  |  0.0  |
|        shelf        |  0.0  |  0.0  |
|        house        |  0.0  |  0.0  |
|         sea         |  0.0  |  0.0  |
|        mirror       |  0.0  |  0.0  |
|         rug         |  0.0  |  0.0  |
|        field        |  0.0  |  0.0  |
|       armchair      |  0.0  |  0.0  |
|         seat        |  0.0  |  0.0  |
|        fence        |  0.0  |  0.0  |
|         desk        |  0.0  |  0.0  |
|         rock        |  0.0  |  0.0  |
|       wardrobe      |  0.0  |  0.0  |
|         lamp        |  0.0  |  0.0  |
|       bathtub       |  0.0  |  0.0  |
|       railing       |  0.0  |  0.0  |
|       cushion       |  0.0  |  0.0  |
|         base        |  0.0  |  0.0  |
|         box         |  0.0  |  0.0  |
|        column       |  0.0  |  0.0  |
|      signboard      |  0.0  |  0.0  |
|   chest of drawers  |  0.0  |  0.0  |
|       counter       |  0.0  |  0.0  |
|         sand        |  0.0  |  0.0  |
|         sink        |  0.0  |  0.0  |
|      skyscraper     |  0.0  |  0.0  |
|      fireplace      |  0.0  |  0.0  |
|     refrigerator    |  0.0  |  0.0  |
|      grandstand     |  0.0  |  0.0  |
|         path        |  0.0  |  0.0  |
|        stairs       |  0.0  |  0.0  |
|        runway       |  0.0  |  0.0  |
|         case        |  0.0  |  0.0  |
|      pool table     |  0.0  |  0.0  |
|        pillow       |  0.0  |  0.0  |
|     screen door     |  0.0  |  0.0  |
|       stairway      |  0.0  |  0.0  |
|        river        |  0.0  |  0.0  |
|        bridge       |  0.0  |  0.0  |
|       bookcase      |  0.0  |  0.0  |
|        blind        |  0.0  |  0.0  |
|     coffee table    |  0.0  |  0.0  |
|        toilet       |  0.0  |  0.0  |
|        flower       |  0.0  |  0.0  |
|         book        |  0.0  |  0.0  |
|         hill        |  0.0  |  0.0  |
|        bench        |  0.0  |  0.0  |
|      countertop     |  0.0  |  0.0  |
|        stove        |  0.0  |  0.0  |
|         palm        |  0.0  |  0.0  |
|    kitchen island   |  0.0  |  0.0  |
|       computer      |  0.0  |  0.0  |
|     swivel chair    |  0.0  |  0.0  |
|         boat        |  0.0  |  0.0  |
|         bar         |  0.0  |  0.0  |
|    arcade machine   |  0.0  |  0.0  |
|        hovel        |  0.0  |  0.0  |
|         bus         |  0.0  |  0.0  |
|        towel        |  0.0  |  0.0  |
|        light        |  0.0  |  0.0  |
|        truck        |  0.0  |  0.0  |
|        tower        |  0.0  |  0.0  |
|      chandelier     |  0.0  |  0.0  |
|        awning       |  0.0  |  0.0  |
|     streetlight     |  0.0  |  0.0  |
|        booth        |  0.0  |  0.0  |
| television receiver |  0.0  |  0.0  |
|       airplane      |  0.0  |  0.0  |
|      dirt track     |  0.0  |  0.0  |
|       apparel       |  0.0  |  0.0  |
|         pole        |  0.0  |  0.0  |
|         land        |  0.0  |  0.0  |
|      bannister      |  0.0  |  0.0  |
|      escalator      |  0.0  |  0.0  |
|       ottoman       |  0.0  |  0.0  |
|        bottle       |  0.0  |  0.0  |
|        buffet       |  0.0  |  0.0  |
|        poster       |  0.0  |  0.0  |
|        stage        |  0.0  |  0.0  |
|         van         |  0.0  |  0.0  |
|         ship        |  0.0  |  0.0  |
|       fountain      |  0.0  |  0.0  |
|    conveyer belt    |  0.0  |  0.0  |
|        canopy       |  0.0  |  0.0  |
|        washer       |  0.0  |  0.0  |
|      plaything      |  0.0  |  0.0  |
|    swimming pool    |  0.0  |  0.0  |
|        stool        |  0.0  |  0.0  |
|        barrel       |  0.0  |  0.0  |
|        basket       |  0.0  |  0.0  |
|      waterfall      |  0.0  |  0.0  |
|         tent        |  0.0  |  0.0  |
|         bag         |  0.0  |  0.0  |
|       minibike      |  0.0  |  0.0  |
|        cradle       |  0.0  |  0.0  |
|         oven        |  0.0  |  0.0  |
|         ball        |  0.0  |  0.0  |
|         food        |  0.0  |  0.0  |
|         step        |  0.0  |  0.0  |
|         tank        |  0.0  |  0.0  |
|      trade name     |  0.0  |  0.0  |
|      microwave      |  0.0  |  0.0  |
|         pot         |  0.0  |  0.0  |
|        animal       |  0.0  |  0.0  |
|       bicycle       |  0.0  |  0.0  |
|         lake        |  0.0  |  0.0  |
|      dishwasher     |  0.0  |  0.0  |
|        screen       |  0.0  |  0.0  |
|       blanket       |  0.0  |  0.0  |
|      sculpture      |  0.0  |  0.0  |
|         hood        |  0.0  |  0.0  |
|        sconce       |  0.0  |  0.0  |
|         vase        |  0.0  |  0.0  |
|    traffic light    |  0.0  |  0.0  |
|         tray        |  0.0  |  0.0  |
|        ashcan       |  0.0  |  0.0  |
|         fan         |  0.0  |  0.0  |
|         pier        |  0.0  |  0.0  |
|      crt screen     |  0.0  |  0.0  |
|        plate        |  0.0  |  0.0  |
|       monitor       |  0.0  |  0.0  |
|    bulletin board   |  0.0  |  0.0  |
|        shower       |  0.0  |  0.0  |
|       radiator      |  0.0  |  0.0  |
|        glass        |  0.0  |  0.0  |
|        clock        |  0.0  |  0.0  |
|         flag        |  0.0  |  0.0  |
+---------------------+-------+-------+
2026/04/24 17:21:21 - mmengine - INFO - Iter(val) [2000/2000]    aAcc: 37.5600  mIoU: 1.4600  mAcc: 2.8800  data_time: 0.0016  time: 0.1015
2026/04/24 17:21:21 - mmengine - INFO - The best checkpoint with 1.4600 mIoU at 1000 iter is saved to best_mIoU_iter_1000.pth.
2026/04/24 17:21:30 - mmengine - INFO - Iter(train) [1020/2000]  lr: 5.5847e-05  eta: 0:04:48  time: 0.2896  data_time: 0.0060  memory: 5978  loss: 3.9476  decode.loss_ce: 2.7524  decode.acc_seg: 18.6919  aux.loss_ce: 1.1952  aux.acc_seg: 11.9081
2026/04/24 17:21:36 - mmengine - INFO - Iter(train) [1040/2000]  lr: 5.5687e-05  eta: 0:04:42  time: 0.2930  data_time: 0.0057  memory: 5974  loss: 3.7411  decode.loss_ce: 2.5945  decode.acc_seg: 23.6922  aux.loss_ce: 1.1466  aux.acc_seg: 9.6129
2026/04/24 17:21:42 - mmengine - INFO - Iter(train) [1060/2000]  lr: 5.5527e-05  eta: 0:04:36  time: 0.2936  data_time: 0.0055  memory: 5974  loss: 3.6129  decode.loss_ce: 2.5112  decode.acc_seg: 25.1832  aux.loss_ce: 1.1016  aux.acc_seg: 19.9902
2026/04/24 17:21:48 - mmengine - INFO - Iter(train) [1080/2000]  lr: 5.5367e-05  eta: 0:04:30  time: 0.2937  data_time: 0.0058  memory: 5974  loss: 3.3840  decode.loss_ce: 2.3525  decode.acc_seg: 28.9115  aux.loss_ce: 1.0316  aux.acc_seg: 3.3607
2026/04/24 17:21:54 - mmengine - INFO - Iter(train) [1100/2000]  lr: 5.5207e-05  eta: 0:04:24  time: 0.2936  data_time: 0.0059  memory: 5974  loss: 3.6319  decode.loss_ce: 2.5460  decode.acc_seg: 18.4346  aux.loss_ce: 1.0858  aux.acc_seg: 21.4111
2026/04/24 17:22:00 - mmengine - INFO - Iter(train) [1120/2000]  lr: 5.5047e-05  eta: 0:04:18  time: 0.2946  data_time: 0.0059  memory: 5974  loss: 3.2640  decode.loss_ce: 2.2420  decode.acc_seg: 13.5048  aux.loss_ce: 1.0220  aux.acc_seg: 14.9122
2026/04/24 17:22:05 - mmengine - INFO - Iter(train) [1140/2000]  lr: 5.4887e-05  eta: 0:04:12  time: 0.2932  data_time: 0.0058  memory: 5974  loss: 3.5018  decode.loss_ce: 2.4445  decode.acc_seg: 21.7055  aux.loss_ce: 1.0573  aux.acc_seg: 23.1758
2026/04/24 17:22:11 - mmengine - INFO - Iter(train) [1160/2000]  lr: 5.4727e-05  eta: 0:04:07  time: 0.2953  data_time: 0.0058  memory: 5974  loss: 3.6804  decode.loss_ce: 2.5756  decode.acc_seg: 14.7199  aux.loss_ce: 1.1048  aux.acc_seg: 14.0298
2026/04/24 17:22:17 - mmengine - INFO - Iter(train) [1180/2000]  lr: 5.4567e-05  eta: 0:04:01  time: 0.2978  data_time: 0.0058  memory: 5974  loss: 3.3703  decode.loss_ce: 2.3342  decode.acc_seg: 11.7143  aux.loss_ce: 1.0360  aux.acc_seg: 11.5642
2026/04/24 17:22:23 - mmengine - INFO - Iter(train) [1200/2000]  lr: 5.4407e-05  eta: 0:03:55  time: 0.2942  data_time: 0.0058  memory: 5974  loss: 3.4497  decode.loss_ce: 2.3992  decode.acc_seg: 38.4458  aux.loss_ce: 1.0505  aux.acc_seg: 31.5803
2026/04/24 17:22:29 - mmengine - INFO - Iter(train) [1220/2000]  lr: 5.4247e-05  eta: 0:03:49  time: 0.2969  data_time: 0.0056  memory: 5974  loss: 3.2917  decode.loss_ce: 2.2860  decode.acc_seg: 62.1231  aux.loss_ce: 1.0057  aux.acc_seg: 35.6333
2026/04/24 17:22:35 - mmengine - INFO - Iter(train) [1240/2000]  lr: 5.4087e-05  eta: 0:03:43  time: 0.2958  data_time: 0.0057  memory: 5974  loss: 3.9155  decode.loss_ce: 2.7545  decode.acc_seg: 26.8048  aux.loss_ce: 1.1610  aux.acc_seg: 22.9513
2026/04/24 17:22:41 - mmengine - INFO - Iter(train) [1260/2000]  lr: 5.3927e-05  eta: 0:03:37  time: 0.2972  data_time: 0.0057  memory: 5974  loss: 3.6695  decode.loss_ce: 2.5519  decode.acc_seg: 19.4727  aux.loss_ce: 1.1176  aux.acc_seg: 49.4590
2026/04/24 17:22:47 - mmengine - INFO - Iter(train) [1280/2000]  lr: 5.3767e-05  eta: 0:03:31  time: 0.2958  data_time: 0.0058  memory: 5974  loss: 3.5308  decode.loss_ce: 2.4477  decode.acc_seg: 25.3645  aux.loss_ce: 1.0831  aux.acc_seg: 32.2262
2026/04/24 17:22:53 - mmengine - INFO - Iter(train) [1300/2000]  lr: 5.3607e-05  eta: 0:03:26  time: 0.2982  data_time: 0.0057  memory: 5974  loss: 3.4187  decode.loss_ce: 2.3868  decode.acc_seg: 31.9210  aux.loss_ce: 1.0318  aux.acc_seg: 36.1375
2026/04/24 17:22:59 - mmengine - INFO - Iter(train) [1320/2000]  lr: 5.3447e-05  eta: 0:03:20  time: 0.2983  data_time: 0.0059  memory: 5974  loss: 3.3827  decode.loss_ce: 2.3608  decode.acc_seg: 40.9181  aux.loss_ce: 1.0219  aux.acc_seg: 37.0997
2026/04/24 17:23:05 - mmengine - INFO - Iter(train) [1340/2000]  lr: 5.3287e-05  eta: 0:03:14  time: 0.2976  data_time: 0.0059  memory: 5974  loss: 4.3616  decode.loss_ce: 3.0803  decode.acc_seg: 10.8418  aux.loss_ce: 1.2813  aux.acc_seg: 17.7500
2026/04/24 17:23:11 - mmengine - INFO - Iter(train) [1360/2000]  lr: 5.3127e-05  eta: 0:03:08  time: 0.2963  data_time: 0.0058  memory: 5974  loss: 3.1449  decode.loss_ce: 2.2002  decode.acc_seg: 49.7319  aux.loss_ce: 0.9447  aux.acc_seg: 19.7704
2026/04/24 17:23:17 - mmengine - INFO - Iter(train) [1380/2000]  lr: 5.2967e-05  eta: 0:03:02  time: 0.2973  data_time: 0.0059  memory: 5974  loss: 2.5810  decode.loss_ce: 1.7756  decode.acc_seg: 46.6757  aux.loss_ce: 0.8054  aux.acc_seg: 45.3429
2026/04/24 17:23:23 - mmengine - INFO - Iter(train) [1400/2000]  lr: 5.2807e-05  eta: 0:02:56  time: 0.2984  data_time: 0.0058  memory: 5974  loss: 3.3240  decode.loss_ce: 2.3160  decode.acc_seg: 4.7394  aux.loss_ce: 1.0079  aux.acc_seg: 13.8109
2026/04/24 17:23:29 - mmengine - INFO - Iter(train) [1420/2000]  lr: 5.2647e-05  eta: 0:02:50  time: 0.2959  data_time: 0.0060  memory: 5974  loss: 3.4604  decode.loss_ce: 2.4080  decode.acc_seg: 39.6794  aux.loss_ce: 1.0524  aux.acc_seg: 31.5991
2026/04/24 17:23:35 - mmengine - INFO - Iter(train) [1440/2000]  lr: 5.2487e-05  eta: 0:02:45  time: 0.2969  data_time: 0.0058  memory: 5974  loss: 3.4309  decode.loss_ce: 2.3660  decode.acc_seg: 15.1314  aux.loss_ce: 1.0649  aux.acc_seg: 8.0522
2026/04/24 17:23:41 - mmengine - INFO - Iter(train) [1460/2000]  lr: 5.2327e-05  eta: 0:02:39  time: 0.2955  data_time: 0.0052  memory: 5974  loss: 3.4620  decode.loss_ce: 2.4147  decode.acc_seg: 24.9690  aux.loss_ce: 1.0473  aux.acc_seg: 21.3122
2026/04/24 17:23:46 - mmengine - INFO - Iter(train) [1480/2000]  lr: 5.2167e-05  eta: 0:02:33  time: 0.2950  data_time: 0.0053  memory: 5974  loss: 3.8674  decode.loss_ce: 2.7179  decode.acc_seg: 15.0561  aux.loss_ce: 1.1495  aux.acc_seg: 16.8776
2026/04/24 17:23:52 - mmengine - INFO - Iter(train) [1500/2000]  lr: 5.2007e-05  eta: 0:02:27  time: 0.2957  data_time: 0.0055  memory: 5974  loss: 3.8859  decode.loss_ce: 2.7107  decode.acc_seg: 18.5974  aux.loss_ce: 1.1752  aux.acc_seg: 15.4501
2026/04/24 17:23:58 - mmengine - INFO - Iter(train) [1520/2000]  lr: 5.1847e-05  eta: 0:02:21  time: 0.2969  data_time: 0.0051  memory: 5974  loss: 3.0214  decode.loss_ce: 2.0908  decode.acc_seg: 36.2334  aux.loss_ce: 0.9306  aux.acc_seg: 25.0170
2026/04/24 17:24:04 - mmengine - INFO - Iter(train) [1540/2000]  lr: 5.1687e-05  eta: 0:02:15  time: 0.2998  data_time: 0.0051  memory: 5974  loss: 3.5384  decode.loss_ce: 2.4489  decode.acc_seg: 29.7567  aux.loss_ce: 1.0895  aux.acc_seg: 33.2080
2026/04/24 17:24:10 - mmengine - INFO - Iter(train) [1560/2000]  lr: 5.1527e-05  eta: 0:02:09  time: 0.2964  data_time: 0.0051  memory: 5974  loss: 3.6931  decode.loss_ce: 2.5948  decode.acc_seg: 26.8689  aux.loss_ce: 1.0983  aux.acc_seg: 35.6420
2026/04/24 17:24:16 - mmengine - INFO - Iter(train) [1580/2000]  lr: 5.1367e-05  eta: 0:02:03  time: 0.3002  data_time: 0.0051  memory: 5974  loss: 3.3928  decode.loss_ce: 2.3603  decode.acc_seg: 45.2158  aux.loss_ce: 1.0325  aux.acc_seg: 29.2204
2026/04/24 17:24:22 - mmengine - INFO - Iter(train) [1600/2000]  lr: 5.1207e-05  eta: 0:01:57  time: 0.2974  data_time: 0.0051  memory: 5974  loss: 3.0792  decode.loss_ce: 2.1430  decode.acc_seg: 40.9328  aux.loss_ce: 0.9362  aux.acc_seg: 28.4883
2026/04/24 17:24:28 - mmengine - INFO - Iter(train) [1620/2000]  lr: 5.1047e-05  eta: 0:01:52  time: 0.2979  data_time: 0.0051  memory: 5974  loss: 3.7294  decode.loss_ce: 2.6144  decode.acc_seg: 19.2240  aux.loss_ce: 1.1150  aux.acc_seg: 11.3986
2026/04/24 17:24:34 - mmengine - INFO - Iter(train) [1640/2000]  lr: 5.0887e-05  eta: 0:01:46  time: 0.2956  data_time: 0.0054  memory: 5974  loss: 3.4674  decode.loss_ce: 2.4306  decode.acc_seg: 56.3542  aux.loss_ce: 1.0368  aux.acc_seg: 47.3328
2026/04/24 17:24:40 - mmengine - INFO - Iter(train) [1660/2000]  lr: 5.0727e-05  eta: 0:01:40  time: 0.2947  data_time: 0.0053  memory: 5974  loss: 3.5569  decode.loss_ce: 2.4791  decode.acc_seg: 19.0214  aux.loss_ce: 1.0778  aux.acc_seg: 26.8179
2026/04/24 17:24:46 - mmengine - INFO - Iter(train) [1680/2000]  lr: 5.0567e-05  eta: 0:01:34  time: 0.2955  data_time: 0.0051  memory: 5974  loss: 3.5574  decode.loss_ce: 2.5038  decode.acc_seg: 30.4129  aux.loss_ce: 1.0535  aux.acc_seg: 36.3376
2026/04/24 17:24:52 - mmengine - INFO - Iter(train) [1700/2000]  lr: 5.0407e-05  eta: 0:01:28  time: 0.3002  data_time: 0.0052  memory: 5974  loss: 3.3067  decode.loss_ce: 2.3134  decode.acc_seg: 10.0180  aux.loss_ce: 0.9933  aux.acc_seg: 14.6056
2026/04/24 17:24:58 - mmengine - INFO - Iter(train) [1720/2000]  lr: 5.0247e-05  eta: 0:01:22  time: 0.2963  data_time: 0.0055  memory: 5974  loss: 4.0125  decode.loss_ce: 2.8174  decode.acc_seg: 14.4411  aux.loss_ce: 1.1950  aux.acc_seg: 8.7154
2026/04/24 17:25:04 - mmengine - INFO - Iter(train) [1740/2000]  lr: 5.0087e-05  eta: 0:01:16  time: 0.2970  data_time: 0.0053  memory: 5974  loss: 3.1777  decode.loss_ce: 2.2411  decode.acc_seg: 26.0177  aux.loss_ce: 0.9366  aux.acc_seg: 23.9041
2026/04/24 17:25:10 - mmengine - INFO - Iter(train) [1760/2000]  lr: 4.9927e-05  eta: 0:01:10  time: 0.2978  data_time: 0.0053  memory: 5974  loss: 3.8149  decode.loss_ce: 2.6789  decode.acc_seg: 16.1066  aux.loss_ce: 1.1360  aux.acc_seg: 23.1224
2026/04/24 17:25:16 - mmengine - INFO - Iter(train) [1780/2000]  lr: 4.9767e-05  eta: 0:01:04  time: 0.2948  data_time: 0.0053  memory: 5974  loss: 4.2010  decode.loss_ce: 2.9624  decode.acc_seg: 15.4048  aux.loss_ce: 1.2385  aux.acc_seg: 15.4396
2026/04/24 17:25:22 - mmengine - INFO - Iter(train) [1800/2000]  lr: 4.9607e-05  eta: 0:00:59  time: 0.2960  data_time: 0.0053  memory: 5974  loss: 4.2240  decode.loss_ce: 2.9874  decode.acc_seg: 25.7898  aux.loss_ce: 1.2366  aux.acc_seg: 21.5120
2026/04/24 17:25:28 - mmengine - INFO - Iter(train) [1820/2000]  lr: 4.9447e-05  eta: 0:00:53  time: 0.2973  data_time: 0.0054  memory: 5974  loss: 3.6408  decode.loss_ce: 2.5581  decode.acc_seg: 21.2505  aux.loss_ce: 1.0827  aux.acc_seg: 14.9422
2026/04/24 17:25:34 - mmengine - INFO - Iter(train) [1840/2000]  lr: 4.9287e-05  eta: 0:00:47  time: 0.2975  data_time: 0.0056  memory: 5974  loss: 4.1583  decode.loss_ce: 2.8976  decode.acc_seg: 14.4527  aux.loss_ce: 1.2607  aux.acc_seg: 17.6313
2026/04/24 17:25:39 - mmengine - INFO - Iter(train) [1860/2000]  lr: 4.9127e-05  eta: 0:00:41  time: 0.2970  data_time: 0.0053  memory: 5974  loss: 3.2427  decode.loss_ce: 2.2544  decode.acc_seg: 32.8942  aux.loss_ce: 0.9884  aux.acc_seg: 19.0981
2026/04/24 17:25:45 - mmengine - INFO - Iter(train) [1880/2000]  lr: 4.8967e-05  eta: 0:00:35  time: 0.2960  data_time: 0.0054  memory: 5974  loss: 2.7698  decode.loss_ce: 1.9263  decode.acc_seg: 30.3022  aux.loss_ce: 0.8434  aux.acc_seg: 6.7379
2026/04/24 17:25:51 - mmengine - INFO - Iter(train) [1900/2000]  lr: 4.8807e-05  eta: 0:00:29  time: 0.2951  data_time: 0.0055  memory: 5974  loss: 3.8360  decode.loss_ce: 2.6891  decode.acc_seg: 21.5077  aux.loss_ce: 1.1470  aux.acc_seg: 18.3809
2026/04/24 17:25:57 - mmengine - INFO - Iter(train) [1920/2000]  lr: 4.8646e-05  eta: 0:00:23  time: 0.2958  data_time: 0.0054  memory: 5974  loss: 3.7286  decode.loss_ce: 2.5911  decode.acc_seg: 18.4676  aux.loss_ce: 1.1375  aux.acc_seg: 5.2749
2026/04/24 17:26:03 - mmengine - INFO - Iter(train) [1940/2000]  lr: 4.8486e-05  eta: 0:00:17  time: 0.2977  data_time: 0.0055  memory: 5974  loss: 3.4782  decode.loss_ce: 2.4623  decode.acc_seg: 31.3789  aux.loss_ce: 1.0159  aux.acc_seg: 36.9751
2026/04/24 17:26:09 - mmengine - INFO - Iter(train) [1960/2000]  lr: 4.8326e-05  eta: 0:00:11  time: 0.2954  data_time: 0.0054  memory: 5974  loss: 3.9694  decode.loss_ce: 2.7673  decode.acc_seg: 50.6925  aux.loss_ce: 1.2021  aux.acc_seg: 34.2250
2026/04/24 17:26:15 - mmengine - INFO - Iter(train) [1980/2000]  lr: 4.8166e-05  eta: 0:00:05  time: 0.2947  data_time: 0.0052  memory: 5974  loss: 3.3493  decode.loss_ce: 2.3586  decode.acc_seg: 29.4009  aux.loss_ce: 0.9907  aux.acc_seg: 29.3622
2026/04/24 17:26:21 - mmengine - INFO - Exp name: pvmamba_tiny_upernet_ade20k_base_20260424_171302
2026/04/24 17:26:21 - mmengine - INFO - Iter(train) [2000/2000]  lr: 4.8006e-05  eta: 0:00:00  time: 0.2962  data_time: 0.0056  memory: 5974  loss: 3.2205  decode.loss_ce: 2.2228  decode.acc_seg: 44.0326  aux.loss_ce: 0.9977  aux.acc_seg: 30.6100
2026/04/24 17:26:21 - mmengine - INFO - Saving checkpoint at 2000 iterations
2026/04/24 17:26:24 - mmengine - INFO - Iter(val) [  20/2000]    eta: 0:02:01  time: 0.0605  data_time: 0.0015  memory: 1321  
2026/04/24 17:26:25 - mmengine - INFO - Iter(val) [  40/2000]    eta: 0:01:59  time: 0.0617  data_time: 0.0015  memory: 1355  
2026/04/24 17:26:26 - mmengine - INFO - Iter(val) [  60/2000]    eta: 0:01:58  time: 0.0604  data_time: 0.0015  memory: 1322  
2026/04/24 17:26:27 - mmengine - INFO - Iter(val) [  80/2000]    eta: 0:01:57  time: 0.0616  data_time: 0.0015  memory: 1248  
2026/04/24 17:26:28 - mmengine - INFO - Iter(val) [ 100/2000]    eta: 0:01:56  time: 0.0627  data_time: 0.0016  memory: 1306  
2026/04/24 17:26:30 - mmengine - INFO - Iter(val) [ 120/2000]    eta: 0:01:54  time: 0.0594  data_time: 0.0015  memory: 1247  
2026/04/24 17:26:31 - mmengine - INFO - Iter(val) [ 140/2000]    eta: 0:01:53  time: 0.0601  data_time: 0.0015  memory: 1263  
2026/04/24 17:26:32 - mmengine - INFO - Iter(val) [ 160/2000]    eta: 0:01:52  time: 0.0638  data_time: 0.0015  memory: 1440  
2026/04/24 17:26:33 - mmengine - INFO - Iter(val) [ 180/2000]    eta: 0:01:51  time: 0.0612  data_time: 0.0016  memory: 1250  
2026/04/24 17:26:35 - mmengine - INFO - Iter(val) [ 200/2000]    eta: 0:01:50  time: 0.0603  data_time: 0.0015  memory: 1355  
2026/04/24 17:26:36 - mmengine - INFO - Iter(val) [ 220/2000]    eta: 0:01:48  time: 0.0581  data_time: 0.0014  memory: 1518  
2026/04/24 17:26:37 - mmengine - INFO - Iter(val) [ 240/2000]    eta: 0:01:47  time: 0.0641  data_time: 0.0015  memory: 1471  
2026/04/24 17:26:38 - mmengine - INFO - Iter(val) [ 260/2000]    eta: 0:01:46  time: 0.0589  data_time: 0.0015  memory: 1299  
2026/04/24 17:26:39 - mmengine - INFO - Iter(val) [ 280/2000]    eta: 0:01:44  time: 0.0599  data_time: 0.0016  memory: 1225  
2026/04/24 17:26:41 - mmengine - INFO - Iter(val) [ 300/2000]    eta: 0:01:43  time: 0.0617  data_time: 0.0016  memory: 1349  
2026/04/24 17:26:42 - mmengine - INFO - Iter(val) [ 320/2000]    eta: 0:01:42  time: 0.0589  data_time: 0.0016  memory: 1304  
2026/04/24 17:26:43 - mmengine - INFO - Iter(val) [ 340/2000]    eta: 0:01:41  time: 0.0626  data_time: 0.0015  memory: 1351  
2026/04/24 17:26:44 - mmengine - INFO - Iter(val) [ 360/2000]    eta: 0:01:39  time: 0.0599  data_time: 0.0015  memory: 1248  
2026/04/24 17:26:45 - mmengine - INFO - Iter(val) [ 380/2000]    eta: 0:01:38  time: 0.0616  data_time: 0.0016  memory: 1357  
2026/04/24 17:26:47 - mmengine - INFO - Iter(val) [ 400/2000]    eta: 0:01:37  time: 0.0606  data_time: 0.0014  memory: 1341  
2026/04/24 17:26:48 - mmengine - INFO - Iter(val) [ 420/2000]    eta: 0:01:35  time: 0.0534  data_time: 0.0014  memory: 1188  
2026/04/24 17:26:49 - mmengine - INFO - Iter(val) [ 440/2000]    eta: 0:01:34  time: 0.0636  data_time: 0.0015  memory: 1358  
2026/04/24 17:26:50 - mmengine - INFO - Iter(val) [ 460/2000]    eta: 0:01:33  time: 0.0619  data_time: 0.0015  memory: 1260  
2026/04/24 17:26:51 - mmengine - INFO - Iter(val) [ 480/2000]    eta: 0:01:31  time: 0.0622  data_time: 0.0016  memory: 1251  
2026/04/24 17:26:53 - mmengine - INFO - Iter(val) [ 500/2000]    eta: 0:01:30  time: 0.0596  data_time: 0.0015  memory: 1261  
2026/04/24 17:26:54 - mmengine - INFO - Iter(val) [ 520/2000]    eta: 0:01:29  time: 0.0634  data_time: 0.0016  memory: 1255  
2026/04/24 17:26:55 - mmengine - INFO - Iter(val) [ 540/2000]    eta: 0:01:28  time: 0.0633  data_time: 0.0015  memory: 1281  
2026/04/24 17:26:56 - mmengine - INFO - Iter(val) [ 560/2000]    eta: 0:01:27  time: 0.0572  data_time: 0.0014  memory: 1344  
2026/04/24 17:26:58 - mmengine - INFO - Iter(val) [ 580/2000]    eta: 0:01:26  time: 0.0617  data_time: 0.0016  memory: 1356  
2026/04/24 17:26:59 - mmengine - INFO - Iter(val) [ 600/2000]    eta: 0:01:24  time: 0.0616  data_time: 0.0016  memory: 1260  
2026/04/24 17:27:00 - mmengine - INFO - Iter(val) [ 620/2000]    eta: 0:01:23  time: 0.0583  data_time: 0.0015  memory: 1295  
2026/04/24 17:27:01 - mmengine - INFO - Iter(val) [ 640/2000]    eta: 0:01:22  time: 0.0613  data_time: 0.0015  memory: 1298  
2026/04/24 17:27:02 - mmengine - INFO - Iter(val) [ 660/2000]    eta: 0:01:21  time: 0.0639  data_time: 0.0015  memory: 1327  
2026/04/24 17:27:04 - mmengine - INFO - Iter(val) [ 680/2000]    eta: 0:01:20  time: 0.0627  data_time: 0.0015  memory: 1340  
2026/04/24 17:27:05 - mmengine - INFO - Iter(val) [ 700/2000]    eta: 0:01:18  time: 0.0624  data_time: 0.0015  memory: 1320  
2026/04/24 17:27:06 - mmengine - INFO - Iter(val) [ 720/2000]    eta: 0:01:17  time: 0.0631  data_time: 0.0015  memory: 1273  
2026/04/24 17:27:07 - mmengine - INFO - Iter(val) [ 740/2000]    eta: 0:01:16  time: 0.0632  data_time: 0.0014  memory: 1340  
2026/04/24 17:27:08 - mmengine - INFO - Iter(val) [ 760/2000]    eta: 0:01:15  time: 0.0552  data_time: 0.0014  memory: 1225  
2026/04/24 17:27:10 - mmengine - INFO - Iter(val) [ 780/2000]    eta: 0:01:13  time: 0.0587  data_time: 0.0015  memory: 1240  
2026/04/24 17:27:11 - mmengine - INFO - Iter(val) [ 800/2000]    eta: 0:01:12  time: 0.0617  data_time: 0.0016  memory: 1199  
2026/04/24 17:27:12 - mmengine - INFO - Iter(val) [ 820/2000]    eta: 0:01:11  time: 0.0612  data_time: 0.0016  memory: 1185  
2026/04/24 17:27:13 - mmengine - INFO - Iter(val) [ 840/2000]    eta: 0:01:10  time: 0.0612  data_time: 0.0016  memory: 1199  
2026/04/24 17:27:15 - mmengine - INFO - Iter(val) [ 860/2000]    eta: 0:01:09  time: 0.0620  data_time: 0.0016  memory: 1199  
2026/04/24 17:27:16 - mmengine - INFO - Iter(val) [ 880/2000]    eta: 0:01:07  time: 0.0565  data_time: 0.0014  memory: 1249  
2026/04/24 17:27:17 - mmengine - INFO - Iter(val) [ 900/2000]    eta: 0:01:06  time: 0.0569  data_time: 0.0014  memory: 1298  
2026/04/24 17:27:18 - mmengine - INFO - Iter(val) [ 920/2000]    eta: 0:01:05  time: 0.0611  data_time: 0.0015  memory: 1334  
2026/04/24 17:27:19 - mmengine - INFO - Iter(val) [ 940/2000]    eta: 0:01:04  time: 0.0622  data_time: 0.0015  memory: 1257  
2026/04/24 17:27:20 - mmengine - INFO - Iter(val) [ 960/2000]    eta: 0:01:02  time: 0.0571  data_time: 0.0015  memory: 1251  
2026/04/24 17:27:22 - mmengine - INFO - Iter(val) [ 980/2000]    eta: 0:01:01  time: 0.0555  data_time: 0.0016  memory: 1244  
2026/04/24 17:27:23 - mmengine - INFO - Iter(val) [1000/2000]    eta: 0:01:00  time: 0.0587  data_time: 0.0015  memory: 1337  
2026/04/24 17:27:24 - mmengine - INFO - Iter(val) [1020/2000]    eta: 0:00:59  time: 0.0625  data_time: 0.0016  memory: 1347  
2026/04/24 17:27:25 - mmengine - INFO - Iter(val) [1040/2000]    eta: 0:00:58  time: 0.0620  data_time: 0.0015  memory: 1342  
2026/04/24 17:27:26 - mmengine - INFO - Iter(val) [1060/2000]    eta: 0:00:56  time: 0.0596  data_time: 0.0014  memory: 1319  
2026/04/24 17:27:28 - mmengine - INFO - Iter(val) [1080/2000]    eta: 0:00:55  time: 0.0615  data_time: 0.0016  memory: 1319  
2026/04/24 17:27:29 - mmengine - INFO - Iter(val) [1100/2000]    eta: 0:00:54  time: 0.0598  data_time: 0.0015  memory: 1247  
2026/04/24 17:27:30 - mmengine - INFO - Iter(val) [1120/2000]    eta: 0:00:53  time: 0.0597  data_time: 0.0014  memory: 1311  
2026/04/24 17:27:31 - mmengine - INFO - Iter(val) [1140/2000]    eta: 0:00:52  time: 0.0595  data_time: 0.0015  memory: 1251  
2026/04/24 17:27:33 - mmengine - INFO - Iter(val) [1160/2000]    eta: 0:00:50  time: 0.0617  data_time: 0.0017  memory: 2303  
2026/04/24 17:27:34 - mmengine - INFO - Iter(val) [1180/2000]    eta: 0:00:49  time: 0.0609  data_time: 0.0015  memory: 1249  
2026/04/24 17:27:35 - mmengine - INFO - Iter(val) [1200/2000]    eta: 0:00:48  time: 0.0599  data_time: 0.0015  memory: 1357  
2026/04/24 17:27:36 - mmengine - INFO - Iter(val) [1220/2000]    eta: 0:00:47  time: 0.0613  data_time: 0.0015  memory: 1285  
2026/04/24 17:27:37 - mmengine - INFO - Iter(val) [1240/2000]    eta: 0:00:45  time: 0.0606  data_time: 0.0014  memory: 1290  
2026/04/24 17:27:39 - mmengine - INFO - Iter(val) [1260/2000]    eta: 0:00:44  time: 0.0575  data_time: 0.0014  memory: 1250  
2026/04/24 17:27:40 - mmengine - INFO - Iter(val) [1280/2000]    eta: 0:00:43  time: 0.0596  data_time: 0.0015  memory: 1251  
2026/04/24 17:27:41 - mmengine - INFO - Iter(val) [1300/2000]    eta: 0:00:42  time: 0.0592  data_time: 0.0015  memory: 1251  
2026/04/24 17:27:42 - mmengine - INFO - Iter(val) [1320/2000]    eta: 0:00:41  time: 0.0578  data_time: 0.0015  memory: 1249  
2026/04/24 17:27:43 - mmengine - INFO - Iter(val) [1340/2000]    eta: 0:00:39  time: 0.0620  data_time: 0.0016  memory: 1251  
2026/04/24 17:27:44 - mmengine - INFO - Iter(val) [1360/2000]    eta: 0:00:38  time: 0.0583  data_time: 0.0014  memory: 1214  
2026/04/24 17:27:46 - mmengine - INFO - Iter(val) [1380/2000]    eta: 0:00:37  time: 0.0617  data_time: 0.0015  memory: 1278  
2026/04/24 17:27:47 - mmengine - INFO - Iter(val) [1400/2000]    eta: 0:00:36  time: 0.0615  data_time: 0.0015  memory: 1338  
2026/04/24 17:27:48 - mmengine - INFO - Iter(val) [1420/2000]    eta: 0:00:34  time: 0.0524  data_time: 0.0014  memory: 1251  
2026/04/24 17:27:49 - mmengine - INFO - Iter(val) [1440/2000]    eta: 0:00:33  time: 0.0626  data_time: 0.0015  memory: 1334  
2026/04/24 17:27:50 - mmengine - INFO - Iter(val) [1460/2000]    eta: 0:00:32  time: 0.0592  data_time: 0.0015  memory: 1261  
2026/04/24 17:27:52 - mmengine - INFO - Iter(val) [1480/2000]    eta: 0:00:31  time: 0.0606  data_time: 0.0015  memory: 1249  
2026/04/24 17:27:53 - mmengine - INFO - Iter(val) [1500/2000]    eta: 0:00:30  time: 0.0574  data_time: 0.0015  memory: 1185  
2026/04/24 17:27:54 - mmengine - INFO - Iter(val) [1520/2000]    eta: 0:00:28  time: 0.0639  data_time: 0.0016  memory: 1319  
2026/04/24 17:27:55 - mmengine - INFO - Iter(val) [1540/2000]    eta: 0:00:27  time: 0.0622  data_time: 0.0015  memory: 1283  
2026/04/24 17:27:56 - mmengine - INFO - Iter(val) [1560/2000]    eta: 0:00:26  time: 0.0546  data_time: 0.0014  memory: 1251  
2026/04/24 17:27:58 - mmengine - INFO - Iter(val) [1580/2000]    eta: 0:00:25  time: 0.0611  data_time: 0.0016  memory: 1247  
2026/04/24 17:27:59 - mmengine - INFO - Iter(val) [1600/2000]    eta: 0:00:24  time: 0.0598  data_time: 0.0015  memory: 1237  
2026/04/24 17:28:00 - mmengine - INFO - Iter(val) [1620/2000]    eta: 0:00:22  time: 0.0606  data_time: 0.0014  memory: 1456  
2026/04/24 17:28:01 - mmengine - INFO - Iter(val) [1640/2000]    eta: 0:00:21  time: 0.0636  data_time: 0.0015  memory: 1357  
2026/04/24 17:28:02 - mmengine - INFO - Iter(val) [1660/2000]    eta: 0:00:20  time: 0.0600  data_time: 0.0014  memory: 1266  
2026/04/24 17:28:04 - mmengine - INFO - Iter(val) [1680/2000]    eta: 0:00:19  time: 0.0629  data_time: 0.0014  memory: 1334  
2026/04/24 17:28:05 - mmengine - INFO - Iter(val) [1700/2000]    eta: 0:00:18  time: 0.0619  data_time: 0.0016  memory: 1261  
2026/04/24 17:28:06 - mmengine - INFO - Iter(val) [1720/2000]    eta: 0:00:16  time: 0.0609  data_time: 0.0015  memory: 1271  
2026/04/24 17:28:07 - mmengine - INFO - Iter(val) [1740/2000]    eta: 0:00:15  time: 0.0640  data_time: 0.0015  memory: 1346  
2026/04/24 17:28:08 - mmengine - INFO - Iter(val) [1760/2000]    eta: 0:00:14  time: 0.0529  data_time: 0.0014  memory: 1247  
2026/04/24 17:28:10 - mmengine - INFO - Iter(val) [1780/2000]    eta: 0:00:13  time: 0.0605  data_time: 0.0015  memory: 1269  
2026/04/24 17:28:11 - mmengine - INFO - Iter(val) [1800/2000]    eta: 0:00:12  time: 0.0609  data_time: 0.0016  memory: 1199  
2026/04/24 17:28:12 - mmengine - INFO - Iter(val) [1820/2000]    eta: 0:00:10  time: 0.0615  data_time: 0.0016  memory: 1185  
2026/04/24 17:28:13 - mmengine - INFO - Iter(val) [1840/2000]    eta: 0:00:09  time: 0.0619  data_time: 0.0016  memory: 1185  
2026/04/24 17:28:15 - mmengine - INFO - Iter(val) [1860/2000]    eta: 0:00:08  time: 0.0601  data_time: 0.0016  memory: 1185  
2026/04/24 17:28:16 - mmengine - INFO - Iter(val) [1880/2000]    eta: 0:00:07  time: 0.0572  data_time: 0.0014  memory: 1199  
2026/04/24 17:28:17 - mmengine - INFO - Iter(val) [1900/2000]    eta: 0:00:06  time: 0.0585  data_time: 0.0014  memory: 1337  
2026/04/24 17:28:18 - mmengine - INFO - Iter(val) [1920/2000]    eta: 0:00:04  time: 0.0614  data_time: 0.0015  memory: 1507  
2026/04/24 17:28:19 - mmengine - INFO - Iter(val) [1940/2000]    eta: 0:00:03  time: 0.0605  data_time: 0.0016  memory: 1353  
2026/04/24 17:28:20 - mmengine - INFO - Iter(val) [1960/2000]    eta: 0:00:02  time: 0.0568  data_time: 0.0015  memory: 1251  
2026/04/24 17:28:22 - mmengine - INFO - Iter(val) [1980/2000]    eta: 0:00:01  time: 0.0578  data_time: 0.0015  memory: 1244  
2026/04/24 17:28:23 - mmengine - INFO - Iter(val) [2000/2000]    eta: 0:00:00  time: 0.0557  data_time: 0.0014  memory: 1331  
2026/04/24 17:28:23 - mmengine - INFO - per class results:
2026/04/24 17:28:23 - mmengine - INFO - 
+---------------------+-------+-------+
|        Class        |  IoU  |  Acc  |
+---------------------+-------+-------+
|         wall        | 32.47 | 66.18 |
|       building      | 28.24 | 87.61 |
|         sky         | 72.75 | 88.13 |
|        floor        | 25.55 | 49.29 |
|         tree        | 27.67 | 39.65 |
|       ceiling       | 12.26 | 13.42 |
|         road        | 37.44 | 82.75 |
|         bed         |  5.15 |  5.83 |
|      windowpane     |  3.87 |  3.99 |
|        grass        | 36.89 | 46.79 |
|       cabinet       |  0.0  |  0.0  |
|       sidewalk      |  0.0  |  0.0  |
|        person       |  0.1  |  0.1  |
|        earth        |  0.0  |  0.0  |
|         door        |  0.0  |  0.0  |
|        table        |  0.0  |  0.0  |
|       mountain      |  4.34 |  5.09 |
|        plant        |  0.29 |  0.29 |
|       curtain       |  0.0  |  0.0  |
|        chair        |  0.0  |  0.0  |
|         car         |  0.09 |  0.09 |
|        water        |  0.0  |  0.0  |
|       painting      |  0.0  |  0.0  |
|         sofa        |  0.0  |  0.0  |
|        shelf        |  0.0  |  0.0  |
|        house        |  0.0  |  0.0  |
|         sea         |  0.0  |  0.0  |
|        mirror       |  0.0  |  0.0  |
|         rug         |  0.0  |  0.0  |
|        field        |  0.0  |  0.0  |
|       armchair      |  0.0  |  0.0  |
|         seat        |  0.0  |  0.0  |
|        fence        |  0.0  |  0.0  |
|         desk        |  0.0  |  0.0  |
|         rock        |  0.0  |  0.0  |
|       wardrobe      |  0.0  |  0.0  |
|         lamp        |  0.0  |  0.0  |
|       bathtub       |  0.0  |  0.0  |
|       railing       |  0.0  |  0.0  |
|       cushion       |  0.0  |  0.0  |
|         base        |  0.0  |  0.0  |
|         box         |  0.0  |  0.0  |
|        column       |  0.0  |  0.0  |
|      signboard      |  0.0  |  0.0  |
|   chest of drawers  |  0.0  |  0.0  |
|       counter       |  0.0  |  0.0  |
|         sand        |  0.0  |  0.0  |
|         sink        |  0.0  |  0.0  |
|      skyscraper     |  0.0  |  0.0  |
|      fireplace      |  0.0  |  0.0  |
|     refrigerator    |  0.0  |  0.0  |
|      grandstand     |  0.0  |  0.0  |
|         path        |  0.0  |  0.0  |
|        stairs       |  0.0  |  0.0  |
|        runway       |  0.0  |  0.0  |
|         case        |  0.0  |  0.0  |
|      pool table     |  0.0  |  0.0  |
|        pillow       |  0.0  |  0.0  |
|     screen door     |  0.0  |  0.0  |
|       stairway      |  0.0  |  0.0  |
|        river        |  0.0  |  0.0  |
|        bridge       |  0.0  |  0.0  |
|       bookcase      |  0.0  |  0.0  |
|        blind        |  0.0  |  0.0  |
|     coffee table    |  0.0  |  0.0  |
|        toilet       |  0.0  |  0.0  |
|        flower       |  0.0  |  0.0  |
|         book        |  0.0  |  0.0  |
|         hill        |  0.0  |  0.0  |
|        bench        |  0.0  |  0.0  |
|      countertop     |  0.0  |  0.0  |
|        stove        |  0.0  |  0.0  |
|         palm        |  0.0  |  0.0  |
|    kitchen island   |  0.0  |  0.0  |
|       computer      |  0.0  |  0.0  |
|     swivel chair    |  0.0  |  0.0  |
|         boat        |  0.0  |  0.0  |
|         bar         |  0.0  |  0.0  |
|    arcade machine   |  0.0  |  0.0  |
|        hovel        |  0.0  |  0.0  |
|         bus         |  0.0  |  0.0  |
|        towel        |  0.0  |  0.0  |
|        light        |  0.0  |  0.0  |
|        truck        |  0.0  |  0.0  |
|        tower        |  0.0  |  0.0  |
|      chandelier     |  0.0  |  0.0  |
|        awning       |  0.0  |  0.0  |
|     streetlight     |  0.0  |  0.0  |
|        booth        |  0.0  |  0.0  |
| television receiver |  0.0  |  0.0  |
|       airplane      |  0.0  |  0.0  |
|      dirt track     |  0.0  |  0.0  |
|       apparel       |  0.0  |  0.0  |
|         pole        |  0.0  |  0.0  |
|         land        |  0.0  |  0.0  |
|      bannister      |  0.0  |  0.0  |
|      escalator      |  0.0  |  0.0  |
|       ottoman       |  0.0  |  0.0  |
|        bottle       |  0.0  |  0.0  |
|        buffet       |  0.0  |  0.0  |
|        poster       |  0.0  |  0.0  |
|        stage        |  0.0  |  0.0  |
|         van         |  0.0  |  0.0  |
|         ship        |  0.0  |  0.0  |
|       fountain      |  0.0  |  0.0  |
|    conveyer belt    |  0.0  |  0.0  |
|        canopy       |  0.0  |  0.0  |
|        washer       |  0.0  |  0.0  |
|      plaything      |  0.0  |  0.0  |
|    swimming pool    |  0.0  |  0.0  |
|        stool        |  0.0  |  0.0  |
|        barrel       |  0.0  |  0.0  |
|        basket       |  0.0  |  0.0  |
|      waterfall      |  0.0  |  0.0  |
|         tent        |  0.0  |  0.0  |
|         bag         |  0.0  |  0.0  |
|       minibike      |  0.0  |  0.0  |
|        cradle       |  0.0  |  0.0  |
|         oven        |  0.0  |  0.0  |
|         ball        |  0.0  |  0.0  |
|         food        |  0.0  |  0.0  |
|         step        |  0.0  |  0.0  |
|         tank        |  0.0  |  0.0  |
|      trade name     |  0.0  |  0.0  |
|      microwave      |  0.0  |  0.0  |
|         pot         |  0.0  |  0.0  |
|        animal       |  0.0  |  0.0  |
|       bicycle       |  0.0  |  0.0  |
|         lake        |  0.0  |  0.0  |
|      dishwasher     |  0.0  |  0.0  |
|        screen       |  0.0  |  0.0  |
|       blanket       |  0.0  |  0.0  |
|      sculpture      |  0.0  |  0.0  |
|         hood        |  0.0  |  0.0  |
|        sconce       |  0.0  |  0.0  |
|         vase        |  0.0  |  0.0  |
|    traffic light    |  0.0  |  0.0  |
|         tray        |  0.0  |  0.0  |
|        ashcan       |  0.0  |  0.0  |
|         fan         |  0.0  |  0.0  |
|         pier        |  0.0  |  0.0  |
|      crt screen     |  0.0  |  0.0  |
|        plate        |  0.0  |  0.0  |
|       monitor       |  0.0  |  0.0  |
|    bulletin board   |  0.0  |  0.0  |
|        shower       |  0.0  |  0.0  |
|       radiator      |  0.0  |  0.0  |
|        glass        |  0.0  |  0.0  |
|        clock        |  0.0  |  0.0  |
|         flag        |  0.0  |  0.0  |
+---------------------+-------+-------+
2026/04/24 17:28:23 - mmengine - INFO - Iter(val) [2000/2000]    aAcc: 40.3300  mIoU: 1.9100  mAcc: 3.2600  data_time: 0.0015  time: 0.0602
2026/04/24 17:28:23 - mmengine - INFO - The previous best checkpoint /home/jlx_75/PVMamba_cifar10_base/segmentation/work_dirs/pvmamba_tiny_upernet_ade20k_base/best_mIoU_iter_1000.pth is removed
2026/04/24 17:28:24 - mmengine - INFO - The best checkpoint with 1.9100 mIoU at 2000 iter is saved to best_mIoU_iter_2000.pth.
