2026/04/25 21:24:55 - mmengine - INFO - 
------------------------------------------------------------
System environment:
    sys.platform: linux
    Python: 3.10.20 (main, Mar 11 2026, 17:46:40) [GCC 14.3.0]
    CUDA available: True
    MUSA available: False
    numpy_random_seed: 696061943
    GPU 0,1: NVIDIA GeForce RTX 3080 Ti
    CUDA_HOME: /usr/local/cuda
    NVCC: Cuda compilation tools, release 12.8, V12.8.93
    GCC: gcc (Ubuntu 13.3.0-6ubuntu2~24.04.1) 13.3.0
    PyTorch: 2.1.2+cu118
    PyTorch compiling details: PyTorch built with:
  - GCC 9.3
  - C++ Version: 201703
  - Intel(R) oneAPI Math Kernel Library Version 2022.2-Product Build 20220804 for Intel(R) 64 architecture applications
  - Intel(R) MKL-DNN v3.1.1 (Git Hash 64f6bcbcbab628e96f33a62c3e975f8535a7bde4)
  - OpenMP 201511 (a.k.a. OpenMP 4.5)
  - LAPACK is enabled (usually provided by MKL)
  - NNPACK is enabled
  - CPU capability usage: AVX512
  - CUDA Runtime 11.8
  - NVCC architecture flags: -gencode;arch=compute_50,code=sm_50;-gencode;arch=compute_60,code=sm_60;-gencode;arch=compute_70,code=sm_70;-gencode;arch=compute_75,code=sm_75;-gencode;arch=compute_80,code=sm_80;-gencode;arch=compute_86,code=sm_86;-gencode;arch=compute_37,code=sm_37;-gencode;arch=compute_90,code=sm_90
  - CuDNN 8.7
  - Magma 2.6.1
  - Build settings: BLAS_INFO=mkl, BUILD_TYPE=Release, CUDA_VERSION=11.8, CUDNN_VERSION=8.7.0, CXX_COMPILER=/opt/rh/devtoolset-9/root/usr/bin/c++, CXX_FLAGS= -D_GLIBCXX_USE_CXX11_ABI=0 -fabi-version=11 -fvisibility-inlines-hidden -DUSE_PTHREADPOOL -DNDEBUG -DUSE_KINETO -DLIBKINETO_NOROCTRACER -DUSE_FBGEMM -DUSE_QNNPACK -DUSE_PYTORCH_QNNPACK -DUSE_XNNPACK -DSYMBOLICATE_MOBILE_DEBUG_HANDLE -O2 -fPIC -Wall -Wextra -Werror=return-type -Werror=non-virtual-dtor -Werror=bool-operation -Wnarrowing -Wno-missing-field-initializers -Wno-type-limits -Wno-array-bounds -Wno-unknown-pragmas -Wno-unused-parameter -Wno-unused-function -Wno-unused-result -Wno-strict-overflow -Wno-strict-aliasing -Wno-stringop-overflow -Wno-psabi -Wno-error=pedantic -Wno-error=old-style-cast -Wno-invalid-partial-specialization -Wno-unused-private-field -Wno-aligned-allocation-unavailable -Wno-missing-braces -fdiagnostics-color=always -faligned-new -Wno-unused-but-set-variable -Wno-maybe-uninitialized -fno-math-errno -fno-trapping-math -Werror=format -Werror=cast-function-type -Wno-stringop-overflow, LAPACK_INFO=mkl, PERF_WITH_AVX=1, PERF_WITH_AVX2=1, PERF_WITH_AVX512=1, TORCH_DISABLE_GPU_ASSERTS=ON, TORCH_VERSION=2.1.2, USE_CUDA=ON, USE_CUDNN=ON, USE_EXCEPTION_PTR=1, USE_GFLAGS=OFF, USE_GLOG=OFF, USE_MKL=ON, USE_MKLDNN=ON, USE_MPI=OFF, USE_NCCL=1, USE_NNPACK=ON, USE_OPENMP=ON, USE_ROCM=OFF, 

    TorchVision: 0.16.2+cu118
    OpenCV: 4.13.0
    MMEngine: 0.10.7

Runtime environment:
    cudnn_benchmark: True
    dist_cfg: {'backend': 'nccl'}
    mp_cfg: {'mp_start_method': 'fork', 'opencv_num_threads': 0}
    seed: 696061943
    Distributed launcher: pytorch
    Distributed training: True
    GPU number: 2
------------------------------------------------------------

2026/04/25 21:24:55 - mmengine - INFO - Config:
crop_size = (
    512,
    512,
)
custom_imports = dict(
    allow_failed_imports=False, imports=[
        'model',
    ])
data_preprocessor = dict(
    bgr_to_rgb=True,
    mean=[
        123.675,
        116.28,
        103.53,
    ],
    pad_val=0,
    seg_pad_val=255,
    size=(
        512,
        512,
    ),
    std=[
        58.395,
        57.12,
        57.375,
    ],
    type='SegDataPreProcessor')
data_root = '/home/jlx_75/datasets/ADE20K/ADEChallengeData2016'
dataset_type = 'ADE20KDataset'
default_hooks = dict(
    checkpoint=dict(
        by_epoch=False,
        interval=4000,
        max_keep_ckpts=3,
        rule='greater',
        save_best='mIoU',
        type='CheckpointHook'),
    logger=dict(interval=20, log_metric_by_epoch=False, type='LoggerHook'),
    param_scheduler=dict(type='ParamSchedulerHook'),
    sampler_seed=dict(type='DistSamplerSeedHook'),
    timer=dict(type='IterTimerHook'),
    visualization=dict(type='SegVisualizationHook'))
default_scope = 'mmseg'
env_cfg = dict(
    cudnn_benchmark=True,
    dist_cfg=dict(backend='nccl'),
    mp_cfg=dict(mp_start_method='fork', opencv_num_threads=0))
launcher = 'pytorch'
load_from = None
log_level = 'INFO'
log_processor = dict(by_epoch=False)
model = dict(
    auxiliary_head=dict(
        act_cfg=dict(inplace=False, type='ReLU'),
        align_corners=False,
        channels=256,
        concat_input=False,
        dropout_ratio=0.1,
        in_channels=256,
        in_index=2,
        loss_decode=dict(
            loss_weight=0.4, type='CrossEntropyLoss', use_sigmoid=False),
        norm_cfg=dict(requires_grad=True, type='SyncBN'),
        num_classes=150,
        num_convs=1,
        type='FCNHead'),
    backbone=dict(
        d_state=64,
        depths=[
            2,
            4,
            8,
            4,
        ],
        drop_path_rate=0.2,
        drop_rate=0.0,
        embed_dim=64,
        img_size=224,
        in_chans=3,
        mlp_ratio=4.0,
        num_heads=[
            2,
            4,
            8,
            16,
        ],
        out_indices=(
            0,
            1,
            2,
            3,
        ),
        patch_size=4,
        pretrained=None,
        spatial_flag=[
            [],
            [],
            [
                0,
                2,
                2,
                1,
                2,
                2,
                1,
                2,
            ],
            [
                0,
                2,
                2,
                1,
            ],
        ],
        token_mixer_types=[
            'LoDSA',
            'LoDSA',
            'SaDSA',
            'attention',
        ],
        type='MM_PVMAMBA'),
    data_preprocessor=dict(
        bgr_to_rgb=True,
        mean=[
            123.675,
            116.28,
            103.53,
        ],
        pad_val=0,
        seg_pad_val=255,
        size=(
            512,
            512,
        ),
        std=[
            58.395,
            57.12,
            57.375,
        ],
        type='SegDataPreProcessor'),
    decode_head=dict(
        act_cfg=dict(inplace=False, type='ReLU'),
        align_corners=False,
        channels=512,
        dropout_ratio=0.1,
        in_channels=[
            64,
            128,
            256,
            512,
        ],
        in_index=[
            0,
            1,
            2,
            3,
        ],
        loss_decode=dict(
            loss_weight=1.0, type='CrossEntropyLoss', use_sigmoid=False),
        norm_cfg=dict(requires_grad=True, type='SyncBN'),
        num_classes=150,
        pool_scales=(
            1,
            2,
            3,
            6,
        ),
        type='UPerHead'),
    pretrained=None,
    test_cfg=dict(mode='whole'),
    train_cfg=dict(),
    type='EncoderDecoder')
norm_cfg = dict(requires_grad=True, type='SyncBN')
optim_wrapper = dict(
    clip_grad=None,
    optimizer=dict(
        betas=(
            0.9,
            0.999,
        ), lr=6e-05, type='AdamW', weight_decay=0.01),
    type='OptimWrapper')
param_scheduler = [
    dict(
        begin=0, by_epoch=False, end=500, start_factor=1e-06, type='LinearLR'),
    dict(
        begin=500,
        by_epoch=False,
        end=16000,
        eta_min=0.0,
        power=1.0,
        type='PolyLR'),
]
resume = False
test_cfg = dict(type='TestLoop')
test_dataloader = dict(
    batch_size=1,
    dataset=dict(
        data_prefix=dict(
            img_path='images/validation',
            seg_map_path='annotations/validation'),
        data_root='/home/jlx_75/datasets/ADE20K/ADEChallengeData2016',
        pipeline=[
            dict(type='LoadImageFromFile'),
            dict(keep_ratio=True, scale=(
                2048,
                512,
            ), type='Resize'),
            dict(reduce_zero_label=True, type='LoadAnnotations'),
            dict(type='PackSegInputs'),
        ],
        type='ADE20KDataset'),
    num_workers=2,
    persistent_workers=True,
    sampler=dict(shuffle=False, type='DefaultSampler'))
test_evaluator = dict(
    iou_metrics=[
        'mIoU',
    ], type='IoUMetric')
test_pipeline = [
    dict(type='LoadImageFromFile'),
    dict(keep_ratio=True, scale=(
        2048,
        512,
    ), type='Resize'),
    dict(reduce_zero_label=True, type='LoadAnnotations'),
    dict(type='PackSegInputs'),
]
train_cfg = dict(max_iters=16000, type='IterBasedTrainLoop', val_interval=4000)
train_dataloader = dict(
    batch_size=2,
    dataset=dict(
        data_prefix=dict(
            img_path='images/training', seg_map_path='annotations/training'),
        data_root='/home/jlx_75/datasets/ADE20K/ADEChallengeData2016',
        pipeline=[
            dict(type='LoadImageFromFile'),
            dict(reduce_zero_label=True, type='LoadAnnotations'),
            dict(
                keep_ratio=True,
                ratio_range=(
                    0.5,
                    2.0,
                ),
                scale=(
                    2048,
                    512,
                ),
                type='RandomResize'),
            dict(
                cat_max_ratio=0.75, crop_size=(
                    512,
                    512,
                ), type='RandomCrop'),
            dict(prob=0.5, type='RandomFlip'),
            dict(type='PhotoMetricDistortion'),
            dict(type='PackSegInputs'),
        ],
        type='ADE20KDataset'),
    num_workers=2,
    persistent_workers=True,
    sampler=dict(shuffle=True, type='InfiniteSampler'))
train_pipeline = [
    dict(type='LoadImageFromFile'),
    dict(reduce_zero_label=True, type='LoadAnnotations'),
    dict(
        keep_ratio=True,
        ratio_range=(
            0.5,
            2.0,
        ),
        scale=(
            2048,
            512,
        ),
        type='RandomResize'),
    dict(cat_max_ratio=0.75, crop_size=(
        512,
        512,
    ), type='RandomCrop'),
    dict(prob=0.5, type='RandomFlip'),
    dict(type='PhotoMetricDistortion'),
    dict(type='PackSegInputs'),
]
val_cfg = dict(type='ValLoop')
val_dataloader = dict(
    batch_size=1,
    dataset=dict(
        data_prefix=dict(
            img_path='images/validation',
            seg_map_path='annotations/validation'),
        data_root='/home/jlx_75/datasets/ADE20K/ADEChallengeData2016',
        pipeline=[
            dict(type='LoadImageFromFile'),
            dict(keep_ratio=True, scale=(
                2048,
                512,
            ), type='Resize'),
            dict(reduce_zero_label=True, type='LoadAnnotations'),
            dict(type='PackSegInputs'),
        ],
        type='ADE20KDataset'),
    num_workers=2,
    persistent_workers=True,
    sampler=dict(shuffle=False, type='DefaultSampler'))
val_evaluator = dict(
    iou_metrics=[
        'mIoU',
    ], type='IoUMetric')
vis_backends = [
    dict(type='LocalVisBackend'),
]
visualizer = dict(
    name='visualizer',
    type='SegLocalVisualizer',
    vis_backends=[
        dict(type='LocalVisBackend'),
    ])
work_dir = 'work_dirs/v13_ade20k_random_16000_fixrelu'

2026/04/25 21:24:58 - mmengine - INFO - Hooks will be executed in the following order:
before_run:
(VERY_HIGH   ) RuntimeInfoHook                    
(BELOW_NORMAL) LoggerHook                         
 -------------------- 
before_train:
(VERY_HIGH   ) RuntimeInfoHook                    
(NORMAL      ) IterTimerHook                      
(VERY_LOW    ) CheckpointHook                     
 -------------------- 
before_train_epoch:
(VERY_HIGH   ) RuntimeInfoHook                    
(NORMAL      ) IterTimerHook                      
(NORMAL      ) DistSamplerSeedHook                
 -------------------- 
before_train_iter:
(VERY_HIGH   ) RuntimeInfoHook                    
(NORMAL      ) IterTimerHook                      
 -------------------- 
after_train_iter:
(VERY_HIGH   ) RuntimeInfoHook                    
(NORMAL      ) IterTimerHook                      
(NORMAL      ) SegVisualizationHook               
(BELOW_NORMAL) LoggerHook                         
(LOW         ) ParamSchedulerHook                 
(VERY_LOW    ) CheckpointHook                     
 -------------------- 
after_train_epoch:
(NORMAL      ) IterTimerHook                      
(LOW         ) ParamSchedulerHook                 
(VERY_LOW    ) CheckpointHook                     
 -------------------- 
before_val:
(VERY_HIGH   ) RuntimeInfoHook                    
 -------------------- 
before_val_epoch:
(NORMAL      ) IterTimerHook                      
 -------------------- 
before_val_iter:
(NORMAL      ) IterTimerHook                      
 -------------------- 
after_val_iter:
(NORMAL      ) IterTimerHook                      
(NORMAL      ) SegVisualizationHook               
(BELOW_NORMAL) LoggerHook                         
 -------------------- 
after_val_epoch:
(VERY_HIGH   ) RuntimeInfoHook                    
(NORMAL      ) IterTimerHook                      
(BELOW_NORMAL) LoggerHook                         
(LOW         ) ParamSchedulerHook                 
(VERY_LOW    ) CheckpointHook                     
 -------------------- 
after_val:
(VERY_HIGH   ) RuntimeInfoHook                    
 -------------------- 
after_train:
(VERY_HIGH   ) RuntimeInfoHook                    
(VERY_LOW    ) CheckpointHook                     
 -------------------- 
before_test:
(VERY_HIGH   ) RuntimeInfoHook                    
 -------------------- 
before_test_epoch:
(NORMAL      ) IterTimerHook                      
 -------------------- 
before_test_iter:
(NORMAL      ) IterTimerHook                      
 -------------------- 
after_test_iter:
(NORMAL      ) IterTimerHook                      
(NORMAL      ) SegVisualizationHook               
(BELOW_NORMAL) LoggerHook                         
 -------------------- 
after_test_epoch:
(VERY_HIGH   ) RuntimeInfoHook                    
(NORMAL      ) IterTimerHook                      
(BELOW_NORMAL) LoggerHook                         
 -------------------- 
after_test:
(VERY_HIGH   ) RuntimeInfoHook                    
 -------------------- 
after_run:
(BELOW_NORMAL) LoggerHook                         
 -------------------- 
2026/04/25 21:24:58 - mmengine - WARNING - The prefix is not set in metric class IoUMetric.
Name of parameter - Initialization information

backbone.patch_embed.conv1.conv.weight - torch.Size([32, 3, 3, 3]): 
The value is the same before and after calling `init_weights` of EncoderDecoder  

backbone.patch_embed.conv1.norm.weight - torch.Size([32]): 
The value is the same before and after calling `init_weights` of EncoderDecoder  

backbone.patch_embed.conv1.norm.bias - torch.Size([32]): 
The value is the same before and after calling `init_weights` of EncoderDecoder  

backbone.patch_embed.conv2.0.conv.weight - torch.Size([32, 32, 3, 3]): 
The value is the same before and after calling `init_weights` of EncoderDecoder  

backbone.patch_embed.conv2.0.norm.weight - torch.Size([32]): 
The value is the same before and after calling `init_weights` of EncoderDecoder  

backbone.patch_embed.conv2.0.norm.bias - torch.Size([32]): 
The value is the same before and after calling `init_weights` of EncoderDecoder  

backbone.patch_embed.conv2.1.conv.weight - torch.Size([32, 32, 3, 3]): 
The value is the same before and after calling `init_weights` of EncoderDecoder  

backbone.patch_embed.conv2.1.norm.weight - torch.Size([32]): 
The value is the same before and after calling `init_weights` of EncoderDecoder  

backbone.patch_embed.conv2.1.norm.bias - torch.Size([32]): 
The value is the same before and after calling `init_weights` of EncoderDecoder  

backbone.patch_embed.conv3.0.conv.weight - torch.Size([256, 32, 3, 3]): 
The value is the same before and after calling `init_weights` of EncoderDecoder  

backbone.patch_embed.conv3.0.norm.weight - torch.Size([256]): 
The value is the same before and after calling `init_weights` of EncoderDecoder  

backbone.patch_embed.conv3.0.norm.bias - torch.Size([256]): 
The value is the same before and after calling `init_weights` of EncoderDecoder  

backbone.patch_embed.conv3.1.conv.weight - torch.Size([64, 256, 1, 1]): 
The value is the same before and after calling `init_weights` of EncoderDecoder  

backbone.patch_embed.conv3.1.norm.weight - torch.Size([64]): 
The value is the same before and after calling `init_weights` of EncoderDecoder  

backbone.patch_embed.conv3.1.norm.bias - torch.Size([64]): 
The value is the same before and after calling `init_weights` of EncoderDecoder  

backbone.layers.0.blocks.0.cpe1.weight - torch.Size([64, 1, 3, 3]): 
The value is the same before and after calling `init_weights` of EncoderDecoder  

backbone.layers.0.blocks.0.cpe1.bias - torch.Size([64]): 
The value is the same before and after calling `init_weights` of EncoderDecoder  

backbone.layers.0.blocks.0.norm1.weight - torch.Size([64]): 
The value is the same before and after calling `init_weights` of EncoderDecoder  

backbone.layers.0.blocks.0.norm1.bias - torch.Size([64]): 
The value is the same before and after calling `init_weights` of EncoderDecoder  

backbone.layers.0.blocks.0.token_mixer.dt_bias - torch.Size([2]): 
The value is the same before and after calling `init_weights` of EncoderDecoder  

backbone.layers.0.blocks.0.token_mixer.A_log - torch.Size([128]): 
The value is the same before and after calling `init_weights` of EncoderDecoder  

backbone.layers.0.blocks.0.token_mixer.D - torch.Size([2]): 
The value is the same before and after calling `init_weights` of EncoderDecoder  

backbone.layers.0.blocks.0.token_mixer.in_proj.weight - torch.Size([386, 64]): 
The value is the same before and after calling `init_weights` of EncoderDecoder  

backbone.layers.0.blocks.0.token_mixer.conv2d.weight - torch.Size([256, 1, 3, 3]): 
The value is the same before and after calling `init_weights` of EncoderDecoder  

backbone.layers.0.blocks.0.token_mixer.conv2d.bias - torch.Size([256]): 
The value is the same before and after calling `init_weights` of EncoderDecoder  

backbone.layers.0.blocks.0.token_mixer.norm.weight - torch.Size([128]): 
The value is the same before and after calling `init_weights` of EncoderDecoder  

backbone.layers.0.blocks.0.token_mixer.norm.bias - torch.Size([128]): 
The value is the same before and after calling `init_weights` of EncoderDecoder  

backbone.layers.0.blocks.0.token_mixer.out_proj.weight - torch.Size([64, 128]): 
The value is the same before and after calling `init_weights` of EncoderDecoder  

backbone.layers.0.blocks.0.cpe2.weight - torch.Size([64, 1, 3, 3]): 
The value is the same before and after calling `init_weights` of EncoderDecoder  

backbone.layers.0.blocks.0.cpe2.bias - torch.Size([64]): 
The value is the same before and after calling `init_weights` of EncoderDecoder  

backbone.layers.0.blocks.0.norm2.weight - torch.Size([64]): 
The value is the same before and after calling `init_weights` of EncoderDecoder  

backbone.layers.0.blocks.0.norm2.bias - torch.Size([64]): 
The value is the same before and after calling `init_weights` of EncoderDecoder  

backbone.layers.0.blocks.0.mlp.fc1.weight - torch.Size([256, 64]): 
The value is the same before and after calling `init_weights` of EncoderDecoder  

backbone.layers.0.blocks.0.mlp.fc1.bias - torch.Size([256]): 
The value is the same before and after calling `init_weights` of EncoderDecoder  

backbone.layers.0.blocks.0.mlp.fc2.weight - torch.Size([64, 256]): 
The value is the same before and after calling `init_weights` of EncoderDecoder  

backbone.layers.0.blocks.0.mlp.fc2.bias - torch.Size([64]): 
The value is the same before and after calling `init_weights` of EncoderDecoder  

backbone.layers.0.blocks.1.cpe1.weight - torch.Size([64, 1, 3, 3]): 
The value is the same before and after calling `init_weights` of EncoderDecoder  

backbone.layers.0.blocks.1.cpe1.bias - torch.Size([64]): 
The value is the same before and after calling `init_weights` of EncoderDecoder  

backbone.layers.0.blocks.1.norm1.weight - torch.Size([64]): 
The value is the same before and after calling `init_weights` of EncoderDecoder  

backbone.layers.0.blocks.1.norm1.bias - torch.Size([64]): 
The value is the same before and after calling `init_weights` of EncoderDecoder  

backbone.layers.0.blocks.1.token_mixer.dt_bias - torch.Size([2]): 
The value is the same before and after calling `init_weights` of EncoderDecoder  

backbone.layers.0.blocks.1.token_mixer.A_log - torch.Size([128]): 
The value is the same before and after calling `init_weights` of EncoderDecoder  

backbone.layers.0.blocks.1.token_mixer.D - torch.Size([2]): 
The value is the same before and after calling `init_weights` of EncoderDecoder  

backbone.layers.0.blocks.1.token_mixer.in_proj.weight - torch.Size([386, 64]): 
The value is the same before and after calling `init_weights` of EncoderDecoder  

backbone.layers.0.blocks.1.token_mixer.conv2d.weight - torch.Size([256, 1, 3, 3]): 
The value is the same before and after calling `init_weights` of EncoderDecoder  

backbone.layers.0.blocks.1.token_mixer.conv2d.bias - torch.Size([256]): 
The value is the same before and after calling `init_weights` of EncoderDecoder  

backbone.layers.0.blocks.1.token_mixer.norm.weight - torch.Size([128]): 
The value is the same before and after calling `init_weights` of EncoderDecoder  

backbone.layers.0.blocks.1.token_mixer.norm.bias - torch.Size([128]): 
The value is the same before and after calling `init_weights` of EncoderDecoder  

backbone.layers.0.blocks.1.token_mixer.out_proj.weight - torch.Size([64, 128]): 
The value is the same before and after calling `init_weights` of EncoderDecoder  

backbone.layers.0.blocks.1.cpe2.weight - torch.Size([64, 1, 3, 3]): 
The value is the same before and after calling `init_weights` of EncoderDecoder  

backbone.layers.0.blocks.1.cpe2.bias - torch.Size([64]): 
The value is the same before and after calling `init_weights` of EncoderDecoder  

backbone.layers.0.blocks.1.norm2.weight - torch.Size([64]): 
The value is the same before and after calling `init_weights` of EncoderDecoder  

backbone.layers.0.blocks.1.norm2.bias - torch.Size([64]): 
The value is the same before and after calling `init_weights` of EncoderDecoder  

backbone.layers.0.blocks.1.mlp.fc1.weight - torch.Size([256, 64]): 
The value is the same before and after calling `init_weights` of EncoderDecoder  

backbone.layers.0.blocks.1.mlp.fc1.bias - torch.Size([256]): 
The value is the same before and after calling `init_weights` of EncoderDecoder  

backbone.layers.0.blocks.1.mlp.fc2.weight - torch.Size([64, 256]): 
The value is the same before and after calling `init_weights` of EncoderDecoder  

backbone.layers.0.blocks.1.mlp.fc2.bias - torch.Size([64]): 
The value is the same before and after calling `init_weights` of EncoderDecoder  

backbone.layers.0.downsample.conv.0.conv.weight - torch.Size([512, 64, 1, 1]): 
The value is the same before and after calling `init_weights` of EncoderDecoder  

backbone.layers.0.downsample.conv.0.conv.bias - torch.Size([512]): 
The value is the same before and after calling `init_weights` of EncoderDecoder  

backbone.layers.0.downsample.conv.1.conv.weight - torch.Size([512, 1, 3, 3]): 
The value is the same before and after calling `init_weights` of EncoderDecoder  

backbone.layers.0.downsample.conv.1.conv.bias - torch.Size([512]): 
The value is the same before and after calling `init_weights` of EncoderDecoder  

backbone.layers.0.downsample.conv.2.conv.weight - torch.Size([128, 512, 1, 1]): 
The value is the same before and after calling `init_weights` of EncoderDecoder  

backbone.layers.0.downsample.conv.2.conv.bias - torch.Size([128]): 
The value is the same before and after calling `init_weights` of EncoderDecoder  

backbone.layers.0.downsample.conv.2.norm.weight - torch.Size([128]): 
The value is the same before and after calling `init_weights` of EncoderDecoder  

backbone.layers.0.downsample.conv.2.norm.bias - torch.Size([128]): 
The value is the same before and after calling `init_weights` of EncoderDecoder  

backbone.layers.1.blocks.0.cpe1.weight - torch.Size([128, 1, 3, 3]): 
The value is the same before and after calling `init_weights` of EncoderDecoder  

backbone.layers.1.blocks.0.cpe1.bias - torch.Size([128]): 
The value is the same before and after calling `init_weights` of EncoderDecoder  

backbone.layers.1.blocks.0.norm1.weight - torch.Size([128]): 
The value is the same before and after calling `init_weights` of EncoderDecoder  

backbone.layers.1.blocks.0.norm1.bias - torch.Size([128]): 
The value is the same before and after calling `init_weights` of EncoderDecoder  

backbone.layers.1.blocks.0.token_mixer.dt_bias - torch.Size([4]): 
The value is the same before and after calling `init_weights` of EncoderDecoder  

backbone.layers.1.blocks.0.token_mixer.A_log - torch.Size([256]): 
The value is the same before and after calling `init_weights` of EncoderDecoder  

backbone.layers.1.blocks.0.token_mixer.D - torch.Size([4]): 
The value is the same before and after calling `init_weights` of EncoderDecoder  

backbone.layers.1.blocks.0.token_mixer.in_proj.weight - torch.Size([644, 128]): 
The value is the same before and after calling `init_weights` of EncoderDecoder  

backbone.layers.1.blocks.0.token_mixer.conv2d.weight - torch.Size([384, 1, 3, 3]): 
The value is the same before and after calling `init_weights` of EncoderDecoder  

backbone.layers.1.blocks.0.token_mixer.conv2d.bias - torch.Size([384]): 
The value is the same before and after calling `init_weights` of EncoderDecoder  

backbone.layers.1.blocks.0.token_mixer.norm.weight - torch.Size([256]): 
The value is the same before and after calling `init_weights` of EncoderDecoder  

backbone.layers.1.blocks.0.token_mixer.norm.bias - torch.Size([256]): 
The value is the same before and after calling `init_weights` of EncoderDecoder  

backbone.layers.1.blocks.0.token_mixer.out_proj.weight - torch.Size([128, 256]): 
The value is the same before and after calling `init_weights` of EncoderDecoder  

backbone.layers.1.blocks.0.cpe2.weight - torch.Size([128, 1, 3, 3]): 
The value is the same before and after calling `init_weights` of EncoderDecoder  

backbone.layers.1.blocks.0.cpe2.bias - torch.Size([128]): 
The value is the same before and after calling `init_weights` of EncoderDecoder  

backbone.layers.1.blocks.0.norm2.weight - torch.Size([128]): 
The value is the same before and after calling `init_weights` of EncoderDecoder  

backbone.layers.1.blocks.0.norm2.bias - torch.Size([128]): 
The value is the same before and after calling `init_weights` of EncoderDecoder  

backbone.layers.1.blocks.0.mlp.fc1.weight - torch.Size([512, 128]): 
The value is the same before and after calling `init_weights` of EncoderDecoder  

backbone.layers.1.blocks.0.mlp.fc1.bias - torch.Size([512]): 
The value is the same before and after calling `init_weights` of EncoderDecoder  

backbone.layers.1.blocks.0.mlp.fc2.weight - torch.Size([128, 512]): 
The value is the same before and after calling `init_weights` of EncoderDecoder  

backbone.layers.1.blocks.0.mlp.fc2.bias - torch.Size([128]): 
The value is the same before and after calling `init_weights` of EncoderDecoder  

backbone.layers.1.blocks.1.cpe1.weight - torch.Size([128, 1, 3, 3]): 
The value is the same before and after calling `init_weights` of EncoderDecoder  

backbone.layers.1.blocks.1.cpe1.bias - torch.Size([128]): 
The value is the same before and after calling `init_weights` of EncoderDecoder  

backbone.layers.1.blocks.1.norm1.weight - torch.Size([128]): 
The value is the same before and after calling `init_weights` of EncoderDecoder  

backbone.layers.1.blocks.1.norm1.bias - torch.Size([128]): 
The value is the same before and after calling `init_weights` of EncoderDecoder  

backbone.layers.1.blocks.1.token_mixer.dt_bias - torch.Size([4]): 
The value is the same before and after calling `init_weights` of EncoderDecoder  

backbone.layers.1.blocks.1.token_mixer.A_log - torch.Size([256]): 
The value is the same before and after calling `init_weights` of EncoderDecoder  

backbone.layers.1.blocks.1.token_mixer.D - torch.Size([4]): 
The value is the same before and after calling `init_weights` of EncoderDecoder  

backbone.layers.1.blocks.1.token_mixer.in_proj.weight - torch.Size([644, 128]): 
The value is the same before and after calling `init_weights` of EncoderDecoder  

backbone.layers.1.blocks.1.token_mixer.conv2d.weight - torch.Size([384, 1, 3, 3]): 
The value is the same before and after calling `init_weights` of EncoderDecoder  

backbone.layers.1.blocks.1.token_mixer.conv2d.bias - torch.Size([384]): 
The value is the same before and after calling `init_weights` of EncoderDecoder  

backbone.layers.1.blocks.1.token_mixer.norm.weight - torch.Size([256]): 
The value is the same before and after calling `init_weights` of EncoderDecoder  

backbone.layers.1.blocks.1.token_mixer.norm.bias - torch.Size([256]): 
The value is the same before and after calling `init_weights` of EncoderDecoder  

backbone.layers.1.blocks.1.token_mixer.out_proj.weight - torch.Size([128, 256]): 
The value is the same before and after calling `init_weights` of EncoderDecoder  

backbone.layers.1.blocks.1.cpe2.weight - torch.Size([128, 1, 3, 3]): 
The value is the same before and after calling `init_weights` of EncoderDecoder  

backbone.layers.1.blocks.1.cpe2.bias - torch.Size([128]): 
The value is the same before and after calling `init_weights` of EncoderDecoder  

backbone.layers.1.blocks.1.norm2.weight - torch.Size([128]): 
The value is the same before and after calling `init_weights` of EncoderDecoder  

backbone.layers.1.blocks.1.norm2.bias - torch.Size([128]): 
The value is the same before and after calling `init_weights` of EncoderDecoder  

backbone.layers.1.blocks.1.mlp.fc1.weight - torch.Size([512, 128]): 
The value is the same before and after calling `init_weights` of EncoderDecoder  

backbone.layers.1.blocks.1.mlp.fc1.bias - torch.Size([512]): 
The value is the same before and after calling `init_weights` of EncoderDecoder  

backbone.layers.1.blocks.1.mlp.fc2.weight - torch.Size([128, 512]): 
The value is the same before and after calling `init_weights` of EncoderDecoder  

backbone.layers.1.blocks.1.mlp.fc2.bias - torch.Size([128]): 
The value is the same before and after calling `init_weights` of EncoderDecoder  

backbone.layers.1.blocks.2.cpe1.weight - torch.Size([128, 1, 3, 3]): 
The value is the same before and after calling `init_weights` of EncoderDecoder  

backbone.layers.1.blocks.2.cpe1.bias - torch.Size([128]): 
The value is the same before and after calling `init_weights` of EncoderDecoder  

backbone.layers.1.blocks.2.norm1.weight - torch.Size([128]): 
The value is the same before and after calling `init_weights` of EncoderDecoder  

backbone.layers.1.blocks.2.norm1.bias - torch.Size([128]): 
The value is the same before and after calling `init_weights` of EncoderDecoder  

backbone.layers.1.blocks.2.token_mixer.dt_bias - torch.Size([4]): 
The value is the same before and after calling `init_weights` of EncoderDecoder  

backbone.layers.1.blocks.2.token_mixer.A_log - torch.Size([256]): 
The value is the same before and after calling `init_weights` of EncoderDecoder  

backbone.layers.1.blocks.2.token_mixer.D - torch.Size([4]): 
The value is the same before and after calling `init_weights` of EncoderDecoder  

backbone.layers.1.blocks.2.token_mixer.in_proj.weight - torch.Size([644, 128]): 
The value is the same before and after calling `init_weights` of EncoderDecoder  

backbone.layers.1.blocks.2.token_mixer.conv2d.weight - torch.Size([384, 1, 3, 3]): 
The value is the same before and after calling `init_weights` of EncoderDecoder  

backbone.layers.1.blocks.2.token_mixer.conv2d.bias - torch.Size([384]): 
The value is the same before and after calling `init_weights` of EncoderDecoder  

backbone.layers.1.blocks.2.token_mixer.norm.weight - torch.Size([256]): 
The value is the same before and after calling `init_weights` of EncoderDecoder  

backbone.layers.1.blocks.2.token_mixer.norm.bias - torch.Size([256]): 
The value is the same before and after calling `init_weights` of EncoderDecoder  

backbone.layers.1.blocks.2.token_mixer.out_proj.weight - torch.Size([128, 256]): 
The value is the same before and after calling `init_weights` of EncoderDecoder  

backbone.layers.1.blocks.2.cpe2.weight - torch.Size([128, 1, 3, 3]): 
The value is the same before and after calling `init_weights` of EncoderDecoder  

backbone.layers.1.blocks.2.cpe2.bias - torch.Size([128]): 
The value is the same before and after calling `init_weights` of EncoderDecoder  

backbone.layers.1.blocks.2.norm2.weight - torch.Size([128]): 
The value is the same before and after calling `init_weights` of EncoderDecoder  

backbone.layers.1.blocks.2.norm2.bias - torch.Size([128]): 
The value is the same before and after calling `init_weights` of EncoderDecoder  

backbone.layers.1.blocks.2.mlp.fc1.weight - torch.Size([512, 128]): 
The value is the same before and after calling `init_weights` of EncoderDecoder  

backbone.layers.1.blocks.2.mlp.fc1.bias - torch.Size([512]): 
The value is the same before and after calling `init_weights` of EncoderDecoder  

backbone.layers.1.blocks.2.mlp.fc2.weight - torch.Size([128, 512]): 
The value is the same before and after calling `init_weights` of EncoderDecoder  

backbone.layers.1.blocks.2.mlp.fc2.bias - torch.Size([128]): 
The value is the same before and after calling `init_weights` of EncoderDecoder  

backbone.layers.1.blocks.3.cpe1.weight - torch.Size([128, 1, 3, 3]): 
The value is the same before and after calling `init_weights` of EncoderDecoder  

backbone.layers.1.blocks.3.cpe1.bias - torch.Size([128]): 
The value is the same before and after calling `init_weights` of EncoderDecoder  

backbone.layers.1.blocks.3.norm1.weight - torch.Size([128]): 
The value is the same before and after calling `init_weights` of EncoderDecoder  

backbone.layers.1.blocks.3.norm1.bias - torch.Size([128]): 
The value is the same before and after calling `init_weights` of EncoderDecoder  

backbone.layers.1.blocks.3.token_mixer.dt_bias - torch.Size([4]): 
The value is the same before and after calling `init_weights` of EncoderDecoder  

backbone.layers.1.blocks.3.token_mixer.A_log - torch.Size([256]): 
The value is the same before and after calling `init_weights` of EncoderDecoder  

backbone.layers.1.blocks.3.token_mixer.D - torch.Size([4]): 
The value is the same before and after calling `init_weights` of EncoderDecoder  

backbone.layers.1.blocks.3.token_mixer.in_proj.weight - torch.Size([644, 128]): 
The value is the same before and after calling `init_weights` of EncoderDecoder  

backbone.layers.1.blocks.3.token_mixer.conv2d.weight - torch.Size([384, 1, 3, 3]): 
The value is the same before and after calling `init_weights` of EncoderDecoder  

backbone.layers.1.blocks.3.token_mixer.conv2d.bias - torch.Size([384]): 
The value is the same before and after calling `init_weights` of EncoderDecoder  

backbone.layers.1.blocks.3.token_mixer.norm.weight - torch.Size([256]): 
The value is the same before and after calling `init_weights` of EncoderDecoder  

backbone.layers.1.blocks.3.token_mixer.norm.bias - torch.Size([256]): 
The value is the same before and after calling `init_weights` of EncoderDecoder  

backbone.layers.1.blocks.3.token_mixer.out_proj.weight - torch.Size([128, 256]): 
The value is the same before and after calling `init_weights` of EncoderDecoder  

backbone.layers.1.blocks.3.cpe2.weight - torch.Size([128, 1, 3, 3]): 
The value is the same before and after calling `init_weights` of EncoderDecoder  

backbone.layers.1.blocks.3.cpe2.bias - torch.Size([128]): 
The value is the same before and after calling `init_weights` of EncoderDecoder  

backbone.layers.1.blocks.3.norm2.weight - torch.Size([128]): 
The value is the same before and after calling `init_weights` of EncoderDecoder  

backbone.layers.1.blocks.3.norm2.bias - torch.Size([128]): 
The value is the same before and after calling `init_weights` of EncoderDecoder  

backbone.layers.1.blocks.3.mlp.fc1.weight - torch.Size([512, 128]): 
The value is the same before and after calling `init_weights` of EncoderDecoder  

backbone.layers.1.blocks.3.mlp.fc1.bias - torch.Size([512]): 
The value is the same before and after calling `init_weights` of EncoderDecoder  

backbone.layers.1.blocks.3.mlp.fc2.weight - torch.Size([128, 512]): 
The value is the same before and after calling `init_weights` of EncoderDecoder  

backbone.layers.1.blocks.3.mlp.fc2.bias - torch.Size([128]): 
The value is the same before and after calling `init_weights` of EncoderDecoder  

backbone.layers.1.downsample.conv.0.conv.weight - torch.Size([1024, 128, 1, 1]): 
The value is the same before and after calling `init_weights` of EncoderDecoder  

backbone.layers.1.downsample.conv.0.conv.bias - torch.Size([1024]): 
The value is the same before and after calling `init_weights` of EncoderDecoder  

backbone.layers.1.downsample.conv.1.conv.weight - torch.Size([1024, 1, 3, 3]): 
The value is the same before and after calling `init_weights` of EncoderDecoder  

backbone.layers.1.downsample.conv.1.conv.bias - torch.Size([1024]): 
The value is the same before and after calling `init_weights` of EncoderDecoder  

backbone.layers.1.downsample.conv.2.conv.weight - torch.Size([256, 1024, 1, 1]): 
The value is the same before and after calling `init_weights` of EncoderDecoder  

backbone.layers.1.downsample.conv.2.conv.bias - torch.Size([256]): 
The value is the same before and after calling `init_weights` of EncoderDecoder  

backbone.layers.1.downsample.conv.2.norm.weight - torch.Size([256]): 
The value is the same before and after calling `init_weights` of EncoderDecoder  

backbone.layers.1.downsample.conv.2.norm.bias - torch.Size([256]): 
The value is the same before and after calling `init_weights` of EncoderDecoder  

backbone.layers.2.blocks.0.cpe1.weight - torch.Size([256, 1, 3, 3]): 
The value is the same before and after calling `init_weights` of EncoderDecoder  

backbone.layers.2.blocks.0.cpe1.bias - torch.Size([256]): 
The value is the same before and after calling `init_weights` of EncoderDecoder  

backbone.layers.2.blocks.0.norm1.weight - torch.Size([256]): 
The value is the same before and after calling `init_weights` of EncoderDecoder  

backbone.layers.2.blocks.0.norm1.bias - torch.Size([256]): 
The value is the same before and after calling `init_weights` of EncoderDecoder  

backbone.layers.2.blocks.0.token_mixer.dt_bias - torch.Size([8]): 
The value is the same before and after calling `init_weights` of EncoderDecoder  

backbone.layers.2.blocks.0.token_mixer.A_log - torch.Size([512]): 
The value is the same before and after calling `init_weights` of EncoderDecoder  

backbone.layers.2.blocks.0.token_mixer.D - torch.Size([8]): 
The value is the same before and after calling `init_weights` of EncoderDecoder  

backbone.layers.2.blocks.0.token_mixer.in_proj.weight - torch.Size([1160, 256]): 
The value is the same before and after calling `init_weights` of EncoderDecoder  

backbone.layers.2.blocks.0.token_mixer.conv2d.weight - torch.Size([640, 1, 3, 3]): 
The value is the same before and after calling `init_weights` of EncoderDecoder  

backbone.layers.2.blocks.0.token_mixer.conv2d.bias - torch.Size([640]): 
The value is the same before and after calling `init_weights` of EncoderDecoder  

backbone.layers.2.blocks.0.token_mixer.norm.weight - torch.Size([512]): 
The value is the same before and after calling `init_weights` of EncoderDecoder  

backbone.layers.2.blocks.0.token_mixer.norm.bias - torch.Size([512]): 
The value is the same before and after calling `init_weights` of EncoderDecoder  

backbone.layers.2.blocks.0.token_mixer.out_proj.weight - torch.Size([256, 512]): 
The value is the same before and after calling `init_weights` of EncoderDecoder  

backbone.layers.2.blocks.0.token_mixer.sa_op.sampling_offsets.weight - torch.Size([8, 512]): 
The value is the same before and after calling `init_weights` of EncoderDecoder  

backbone.layers.2.blocks.0.token_mixer.sa_op.sampling_offsets.bias - torch.Size([8]): 
The value is the same before and after calling `init_weights` of EncoderDecoder  

backbone.layers.2.blocks.0.cpe2.weight - torch.Size([256, 1, 3, 3]): 
The value is the same before and after calling `init_weights` of EncoderDecoder  

backbone.layers.2.blocks.0.cpe2.bias - torch.Size([256]): 
The value is the same before and after calling `init_weights` of EncoderDecoder  

backbone.layers.2.blocks.0.norm2.weight - torch.Size([256]): 
The value is the same before and after calling `init_weights` of EncoderDecoder  

backbone.layers.2.blocks.0.norm2.bias - torch.Size([256]): 
The value is the same before and after calling `init_weights` of EncoderDecoder  

backbone.layers.2.blocks.0.mlp.fc1.weight - torch.Size([1024, 256]): 
The value is the same before and after calling `init_weights` of EncoderDecoder  

backbone.layers.2.blocks.0.mlp.fc1.bias - torch.Size([1024]): 
The value is the same before and after calling `init_weights` of EncoderDecoder  

backbone.layers.2.blocks.0.mlp.fc2.weight - torch.Size([256, 1024]): 
The value is the same before and after calling `init_weights` of EncoderDecoder  

backbone.layers.2.blocks.0.mlp.fc2.bias - torch.Size([256]): 
The value is the same before and after calling `init_weights` of EncoderDecoder  

backbone.layers.2.blocks.1.cpe1.weight - torch.Size([256, 1, 3, 3]): 
The value is the same before and after calling `init_weights` of EncoderDecoder  

backbone.layers.2.blocks.1.cpe1.bias - torch.Size([256]): 
The value is the same before and after calling `init_weights` of EncoderDecoder  

backbone.layers.2.blocks.1.norm1.weight - torch.Size([256]): 
The value is the same before and after calling `init_weights` of EncoderDecoder  

backbone.layers.2.blocks.1.norm1.bias - torch.Size([256]): 
The value is the same before and after calling `init_weights` of EncoderDecoder  

backbone.layers.2.blocks.1.token_mixer.dt_bias - torch.Size([8]): 
The value is the same before and after calling `init_weights` of EncoderDecoder  

backbone.layers.2.blocks.1.token_mixer.A_log - torch.Size([512]): 
The value is the same before and after calling `init_weights` of EncoderDecoder  

backbone.layers.2.blocks.1.token_mixer.D - torch.Size([8]): 
The value is the same before and after calling `init_weights` of EncoderDecoder  

backbone.layers.2.blocks.1.token_mixer.in_proj.weight - torch.Size([1160, 256]): 
The value is the same before and after calling `init_weights` of EncoderDecoder  

backbone.layers.2.blocks.1.token_mixer.conv2d.weight - torch.Size([640, 1, 3, 3]): 
The value is the same before and after calling `init_weights` of EncoderDecoder  

backbone.layers.2.blocks.1.token_mixer.conv2d.bias - torch.Size([640]): 
The value is the same before and after calling `init_weights` of EncoderDecoder  

backbone.layers.2.blocks.1.token_mixer.norm.weight - torch.Size([512]): 
The value is the same before and after calling `init_weights` of EncoderDecoder  

backbone.layers.2.blocks.1.token_mixer.norm.bias - torch.Size([512]): 
The value is the same before and after calling `init_weights` of EncoderDecoder  

backbone.layers.2.blocks.1.token_mixer.out_proj.weight - torch.Size([256, 512]): 
The value is the same before and after calling `init_weights` of EncoderDecoder  

backbone.layers.2.blocks.1.cpe2.weight - torch.Size([256, 1, 3, 3]): 
The value is the same before and after calling `init_weights` of EncoderDecoder  

backbone.layers.2.blocks.1.cpe2.bias - torch.Size([256]): 
The value is the same before and after calling `init_weights` of EncoderDecoder  

backbone.layers.2.blocks.1.norm2.weight - torch.Size([256]): 
The value is the same before and after calling `init_weights` of EncoderDecoder  

backbone.layers.2.blocks.1.norm2.bias - torch.Size([256]): 
The value is the same before and after calling `init_weights` of EncoderDecoder  

backbone.layers.2.blocks.1.mlp.fc1.weight - torch.Size([1024, 256]): 
The value is the same before and after calling `init_weights` of EncoderDecoder  

backbone.layers.2.blocks.1.mlp.fc1.bias - torch.Size([1024]): 
The value is the same before and after calling `init_weights` of EncoderDecoder  

backbone.layers.2.blocks.1.mlp.fc2.weight - torch.Size([256, 1024]): 
The value is the same before and after calling `init_weights` of EncoderDecoder  

backbone.layers.2.blocks.1.mlp.fc2.bias - torch.Size([256]): 
The value is the same before and after calling `init_weights` of EncoderDecoder  

backbone.layers.2.blocks.2.cpe1.weight - torch.Size([256, 1, 3, 3]): 
The value is the same before and after calling `init_weights` of EncoderDecoder  

backbone.layers.2.blocks.2.cpe1.bias - torch.Size([256]): 
The value is the same before and after calling `init_weights` of EncoderDecoder  

backbone.layers.2.blocks.2.norm1.weight - torch.Size([256]): 
The value is the same before and after calling `init_weights` of EncoderDecoder  

backbone.layers.2.blocks.2.norm1.bias - torch.Size([256]): 
The value is the same before and after calling `init_weights` of EncoderDecoder  

backbone.layers.2.blocks.2.token_mixer.dt_bias - torch.Size([8]): 
The value is the same before and after calling `init_weights` of EncoderDecoder  

backbone.layers.2.blocks.2.token_mixer.A_log - torch.Size([512]): 
The value is the same before and after calling `init_weights` of EncoderDecoder  

backbone.layers.2.blocks.2.token_mixer.D - torch.Size([8]): 
The value is the same before and after calling `init_weights` of EncoderDecoder  

backbone.layers.2.blocks.2.token_mixer.in_proj.weight - torch.Size([1160, 256]): 
The value is the same before and after calling `init_weights` of EncoderDecoder  

backbone.layers.2.blocks.2.token_mixer.conv2d.weight - torch.Size([640, 1, 3, 3]): 
The value is the same before and after calling `init_weights` of EncoderDecoder  

backbone.layers.2.blocks.2.token_mixer.conv2d.bias - torch.Size([640]): 
The value is the same before and after calling `init_weights` of EncoderDecoder  

backbone.layers.2.blocks.2.token_mixer.norm.weight - torch.Size([512]): 
The value is the same before and after calling `init_weights` of EncoderDecoder  

backbone.layers.2.blocks.2.token_mixer.norm.bias - torch.Size([512]): 
The value is the same before and after calling `init_weights` of EncoderDecoder  

backbone.layers.2.blocks.2.token_mixer.out_proj.weight - torch.Size([256, 512]): 
The value is the same before and after calling `init_weights` of EncoderDecoder  

backbone.layers.2.blocks.2.cpe2.weight - torch.Size([256, 1, 3, 3]): 
The value is the same before and after calling `init_weights` of EncoderDecoder  

backbone.layers.2.blocks.2.cpe2.bias - torch.Size([256]): 
The value is the same before and after calling `init_weights` of EncoderDecoder  

backbone.layers.2.blocks.2.norm2.weight - torch.Size([256]): 
The value is the same before and after calling `init_weights` of EncoderDecoder  

backbone.layers.2.blocks.2.norm2.bias - torch.Size([256]): 
The value is the same before and after calling `init_weights` of EncoderDecoder  

backbone.layers.2.blocks.2.mlp.fc1.weight - torch.Size([1024, 256]): 
The value is the same before and after calling `init_weights` of EncoderDecoder  

backbone.layers.2.blocks.2.mlp.fc1.bias - torch.Size([1024]): 
The value is the same before and after calling `init_weights` of EncoderDecoder  

backbone.layers.2.blocks.2.mlp.fc2.weight - torch.Size([256, 1024]): 
The value is the same before and after calling `init_weights` of EncoderDecoder  

backbone.layers.2.blocks.2.mlp.fc2.bias - torch.Size([256]): 
The value is the same before and after calling `init_weights` of EncoderDecoder  

backbone.layers.2.blocks.3.cpe1.weight - torch.Size([256, 1, 3, 3]): 
The value is the same before and after calling `init_weights` of EncoderDecoder  

backbone.layers.2.blocks.3.cpe1.bias - torch.Size([256]): 
The value is the same before and after calling `init_weights` of EncoderDecoder  

backbone.layers.2.blocks.3.norm1.weight - torch.Size([256]): 
The value is the same before and after calling `init_weights` of EncoderDecoder  

backbone.layers.2.blocks.3.norm1.bias - torch.Size([256]): 
The value is the same before and after calling `init_weights` of EncoderDecoder  

backbone.layers.2.blocks.3.token_mixer.dt_bias - torch.Size([8]): 
The value is the same before and after calling `init_weights` of EncoderDecoder  

backbone.layers.2.blocks.3.token_mixer.A_log - torch.Size([512]): 
The value is the same before and after calling `init_weights` of EncoderDecoder  

backbone.layers.2.blocks.3.token_mixer.D - torch.Size([8]): 
The value is the same before and after calling `init_weights` of EncoderDecoder  

backbone.layers.2.blocks.3.token_mixer.in_proj.weight - torch.Size([1160, 256]): 
The value is the same before and after calling `init_weights` of EncoderDecoder  

backbone.layers.2.blocks.3.token_mixer.conv2d.weight - torch.Size([640, 1, 3, 3]): 
The value is the same before and after calling `init_weights` of EncoderDecoder  

backbone.layers.2.blocks.3.token_mixer.conv2d.bias - torch.Size([640]): 
The value is the same before and after calling `init_weights` of EncoderDecoder  

backbone.layers.2.blocks.3.token_mixer.norm.weight - torch.Size([512]): 
The value is the same before and after calling `init_weights` of EncoderDecoder  

backbone.layers.2.blocks.3.token_mixer.norm.bias - torch.Size([512]): 
The value is the same before and after calling `init_weights` of EncoderDecoder  

backbone.layers.2.blocks.3.token_mixer.out_proj.weight - torch.Size([256, 512]): 
The value is the same before and after calling `init_weights` of EncoderDecoder  

backbone.layers.2.blocks.3.token_mixer.sa_op.sampling_offsets.weight - torch.Size([8, 512]): 
The value is the same before and after calling `init_weights` of EncoderDecoder  

backbone.layers.2.blocks.3.token_mixer.sa_op.sampling_offsets.bias - torch.Size([8]): 
The value is the same before and after calling `init_weights` of EncoderDecoder  

backbone.layers.2.blocks.3.cpe2.weight - torch.Size([256, 1, 3, 3]): 
The value is the same before and after calling `init_weights` of EncoderDecoder  

backbone.layers.2.blocks.3.cpe2.bias - torch.Size([256]): 
The value is the same before and after calling `init_weights` of EncoderDecoder  

backbone.layers.2.blocks.3.norm2.weight - torch.Size([256]): 
The value is the same before and after calling `init_weights` of EncoderDecoder  

backbone.layers.2.blocks.3.norm2.bias - torch.Size([256]): 
The value is the same before and after calling `init_weights` of EncoderDecoder  

backbone.layers.2.blocks.3.mlp.fc1.weight - torch.Size([1024, 256]): 
The value is the same before and after calling `init_weights` of EncoderDecoder  

backbone.layers.2.blocks.3.mlp.fc1.bias - torch.Size([1024]): 
The value is the same before and after calling `init_weights` of EncoderDecoder  

backbone.layers.2.blocks.3.mlp.fc2.weight - torch.Size([256, 1024]): 
The value is the same before and after calling `init_weights` of EncoderDecoder  

backbone.layers.2.blocks.3.mlp.fc2.bias - torch.Size([256]): 
The value is the same before and after calling `init_weights` of EncoderDecoder  

backbone.layers.2.blocks.4.cpe1.weight - torch.Size([256, 1, 3, 3]): 
The value is the same before and after calling `init_weights` of EncoderDecoder  

backbone.layers.2.blocks.4.cpe1.bias - torch.Size([256]): 
The value is the same before and after calling `init_weights` of EncoderDecoder  

backbone.layers.2.blocks.4.norm1.weight - torch.Size([256]): 
The value is the same before and after calling `init_weights` of EncoderDecoder  

backbone.layers.2.blocks.4.norm1.bias - torch.Size([256]): 
The value is the same before and after calling `init_weights` of EncoderDecoder  

backbone.layers.2.blocks.4.token_mixer.dt_bias - torch.Size([8]): 
The value is the same before and after calling `init_weights` of EncoderDecoder  

backbone.layers.2.blocks.4.token_mixer.A_log - torch.Size([512]): 
The value is the same before and after calling `init_weights` of EncoderDecoder  

backbone.layers.2.blocks.4.token_mixer.D - torch.Size([8]): 
The value is the same before and after calling `init_weights` of EncoderDecoder  

backbone.layers.2.blocks.4.token_mixer.in_proj.weight - torch.Size([1160, 256]): 
The value is the same before and after calling `init_weights` of EncoderDecoder  

backbone.layers.2.blocks.4.token_mixer.conv2d.weight - torch.Size([640, 1, 3, 3]): 
The value is the same before and after calling `init_weights` of EncoderDecoder  

backbone.layers.2.blocks.4.token_mixer.conv2d.bias - torch.Size([640]): 
The value is the same before and after calling `init_weights` of EncoderDecoder  

backbone.layers.2.blocks.4.token_mixer.norm.weight - torch.Size([512]): 
The value is the same before and after calling `init_weights` of EncoderDecoder  

backbone.layers.2.blocks.4.token_mixer.norm.bias - torch.Size([512]): 
The value is the same before and after calling `init_weights` of EncoderDecoder  

backbone.layers.2.blocks.4.token_mixer.out_proj.weight - torch.Size([256, 512]): 
The value is the same before and after calling `init_weights` of EncoderDecoder  

backbone.layers.2.blocks.4.cpe2.weight - torch.Size([256, 1, 3, 3]): 
The value is the same before and after calling `init_weights` of EncoderDecoder  

backbone.layers.2.blocks.4.cpe2.bias - torch.Size([256]): 
The value is the same before and after calling `init_weights` of EncoderDecoder  

backbone.layers.2.blocks.4.norm2.weight - torch.Size([256]): 
The value is the same before and after calling `init_weights` of EncoderDecoder  

backbone.layers.2.blocks.4.norm2.bias - torch.Size([256]): 
The value is the same before and after calling `init_weights` of EncoderDecoder  

backbone.layers.2.blocks.4.mlp.fc1.weight - torch.Size([1024, 256]): 
The value is the same before and after calling `init_weights` of EncoderDecoder  

backbone.layers.2.blocks.4.mlp.fc1.bias - torch.Size([1024]): 
The value is the same before and after calling `init_weights` of EncoderDecoder  

backbone.layers.2.blocks.4.mlp.fc2.weight - torch.Size([256, 1024]): 
The value is the same before and after calling `init_weights` of EncoderDecoder  

backbone.layers.2.blocks.4.mlp.fc2.bias - torch.Size([256]): 
The value is the same before and after calling `init_weights` of EncoderDecoder  

backbone.layers.2.blocks.5.cpe1.weight - torch.Size([256, 1, 3, 3]): 
The value is the same before and after calling `init_weights` of EncoderDecoder  

backbone.layers.2.blocks.5.cpe1.bias - torch.Size([256]): 
The value is the same before and after calling `init_weights` of EncoderDecoder  

backbone.layers.2.blocks.5.norm1.weight - torch.Size([256]): 
The value is the same before and after calling `init_weights` of EncoderDecoder  

backbone.layers.2.blocks.5.norm1.bias - torch.Size([256]): 
The value is the same before and after calling `init_weights` of EncoderDecoder  

backbone.layers.2.blocks.5.token_mixer.dt_bias - torch.Size([8]): 
The value is the same before and after calling `init_weights` of EncoderDecoder  

backbone.layers.2.blocks.5.token_mixer.A_log - torch.Size([512]): 
The value is the same before and after calling `init_weights` of EncoderDecoder  

backbone.layers.2.blocks.5.token_mixer.D - torch.Size([8]): 
The value is the same before and after calling `init_weights` of EncoderDecoder  

backbone.layers.2.blocks.5.token_mixer.in_proj.weight - torch.Size([1160, 256]): 
The value is the same before and after calling `init_weights` of EncoderDecoder  

backbone.layers.2.blocks.5.token_mixer.conv2d.weight - torch.Size([640, 1, 3, 3]): 
The value is the same before and after calling `init_weights` of EncoderDecoder  

backbone.layers.2.blocks.5.token_mixer.conv2d.bias - torch.Size([640]): 
The value is the same before and after calling `init_weights` of EncoderDecoder  

backbone.layers.2.blocks.5.token_mixer.norm.weight - torch.Size([512]): 
The value is the same before and after calling `init_weights` of EncoderDecoder  

backbone.layers.2.blocks.5.token_mixer.norm.bias - torch.Size([512]): 
The value is the same before and after calling `init_weights` of EncoderDecoder  

backbone.layers.2.blocks.5.token_mixer.out_proj.weight - torch.Size([256, 512]): 
The value is the same before and after calling `init_weights` of EncoderDecoder  

backbone.layers.2.blocks.5.cpe2.weight - torch.Size([256, 1, 3, 3]): 
The value is the same before and after calling `init_weights` of EncoderDecoder  

backbone.layers.2.blocks.5.cpe2.bias - torch.Size([256]): 
The value is the same before and after calling `init_weights` of EncoderDecoder  

backbone.layers.2.blocks.5.norm2.weight - torch.Size([256]): 
The value is the same before and after calling `init_weights` of EncoderDecoder  

backbone.layers.2.blocks.5.norm2.bias - torch.Size([256]): 
The value is the same before and after calling `init_weights` of EncoderDecoder  

backbone.layers.2.blocks.5.mlp.fc1.weight - torch.Size([1024, 256]): 
The value is the same before and after calling `init_weights` of EncoderDecoder  

backbone.layers.2.blocks.5.mlp.fc1.bias - torch.Size([1024]): 
The value is the same before and after calling `init_weights` of EncoderDecoder  

backbone.layers.2.blocks.5.mlp.fc2.weight - torch.Size([256, 1024]): 
The value is the same before and after calling `init_weights` of EncoderDecoder  

backbone.layers.2.blocks.5.mlp.fc2.bias - torch.Size([256]): 
The value is the same before and after calling `init_weights` of EncoderDecoder  

backbone.layers.2.blocks.6.cpe1.weight - torch.Size([256, 1, 3, 3]): 
The value is the same before and after calling `init_weights` of EncoderDecoder  

backbone.layers.2.blocks.6.cpe1.bias - torch.Size([256]): 
The value is the same before and after calling `init_weights` of EncoderDecoder  

backbone.layers.2.blocks.6.norm1.weight - torch.Size([256]): 
The value is the same before and after calling `init_weights` of EncoderDecoder  

backbone.layers.2.blocks.6.norm1.bias - torch.Size([256]): 
The value is the same before and after calling `init_weights` of EncoderDecoder  

backbone.layers.2.blocks.6.token_mixer.dt_bias - torch.Size([8]): 
The value is the same before and after calling `init_weights` of EncoderDecoder  

backbone.layers.2.blocks.6.token_mixer.A_log - torch.Size([512]): 
The value is the same before and after calling `init_weights` of EncoderDecoder  

backbone.layers.2.blocks.6.token_mixer.D - torch.Size([8]): 
The value is the same before and after calling `init_weights` of EncoderDecoder  

backbone.layers.2.blocks.6.token_mixer.in_proj.weight - torch.Size([1160, 256]): 
The value is the same before and after calling `init_weights` of EncoderDecoder  

backbone.layers.2.blocks.6.token_mixer.conv2d.weight - torch.Size([640, 1, 3, 3]): 
The value is the same before and after calling `init_weights` of EncoderDecoder  

backbone.layers.2.blocks.6.token_mixer.conv2d.bias - torch.Size([640]): 
The value is the same before and after calling `init_weights` of EncoderDecoder  

backbone.layers.2.blocks.6.token_mixer.norm.weight - torch.Size([512]): 
The value is the same before and after calling `init_weights` of EncoderDecoder  

backbone.layers.2.blocks.6.token_mixer.norm.bias - torch.Size([512]): 
The value is the same before and after calling `init_weights` of EncoderDecoder  

backbone.layers.2.blocks.6.token_mixer.out_proj.weight - torch.Size([256, 512]): 
The value is the same before and after calling `init_weights` of EncoderDecoder  

backbone.layers.2.blocks.6.token_mixer.sa_op.sampling_offsets.weight - torch.Size([8, 512]): 
The value is the same before and after calling `init_weights` of EncoderDecoder  

backbone.layers.2.blocks.6.token_mixer.sa_op.sampling_offsets.bias - torch.Size([8]): 
The value is the same before and after calling `init_weights` of EncoderDecoder  

backbone.layers.2.blocks.6.cpe2.weight - torch.Size([256, 1, 3, 3]): 
The value is the same before and after calling `init_weights` of EncoderDecoder  

backbone.layers.2.blocks.6.cpe2.bias - torch.Size([256]): 
The value is the same before and after calling `init_weights` of EncoderDecoder  

backbone.layers.2.blocks.6.norm2.weight - torch.Size([256]): 
The value is the same before and after calling `init_weights` of EncoderDecoder  

backbone.layers.2.blocks.6.norm2.bias - torch.Size([256]): 
The value is the same before and after calling `init_weights` of EncoderDecoder  

backbone.layers.2.blocks.6.mlp.fc1.weight - torch.Size([1024, 256]): 
The value is the same before and after calling `init_weights` of EncoderDecoder  

backbone.layers.2.blocks.6.mlp.fc1.bias - torch.Size([1024]): 
The value is the same before and after calling `init_weights` of EncoderDecoder  

backbone.layers.2.blocks.6.mlp.fc2.weight - torch.Size([256, 1024]): 
The value is the same before and after calling `init_weights` of EncoderDecoder  

backbone.layers.2.blocks.6.mlp.fc2.bias - torch.Size([256]): 
The value is the same before and after calling `init_weights` of EncoderDecoder  

backbone.layers.2.blocks.7.cpe1.weight - torch.Size([256, 1, 3, 3]): 
The value is the same before and after calling `init_weights` of EncoderDecoder  

backbone.layers.2.blocks.7.cpe1.bias - torch.Size([256]): 
The value is the same before and after calling `init_weights` of EncoderDecoder  

backbone.layers.2.blocks.7.norm1.weight - torch.Size([256]): 
The value is the same before and after calling `init_weights` of EncoderDecoder  

backbone.layers.2.blocks.7.norm1.bias - torch.Size([256]): 
The value is the same before and after calling `init_weights` of EncoderDecoder  

backbone.layers.2.blocks.7.token_mixer.dt_bias - torch.Size([8]): 
The value is the same before and after calling `init_weights` of EncoderDecoder  

backbone.layers.2.blocks.7.token_mixer.A_log - torch.Size([512]): 
The value is the same before and after calling `init_weights` of EncoderDecoder  

backbone.layers.2.blocks.7.token_mixer.D - torch.Size([8]): 
The value is the same before and after calling `init_weights` of EncoderDecoder  

backbone.layers.2.blocks.7.token_mixer.in_proj.weight - torch.Size([1160, 256]): 
The value is the same before and after calling `init_weights` of EncoderDecoder  

backbone.layers.2.blocks.7.token_mixer.conv2d.weight - torch.Size([640, 1, 3, 3]): 
The value is the same before and after calling `init_weights` of EncoderDecoder  

backbone.layers.2.blocks.7.token_mixer.conv2d.bias - torch.Size([640]): 
The value is the same before and after calling `init_weights` of EncoderDecoder  

backbone.layers.2.blocks.7.token_mixer.norm.weight - torch.Size([512]): 
The value is the same before and after calling `init_weights` of EncoderDecoder  

backbone.layers.2.blocks.7.token_mixer.norm.bias - torch.Size([512]): 
The value is the same before and after calling `init_weights` of EncoderDecoder  

backbone.layers.2.blocks.7.token_mixer.out_proj.weight - torch.Size([256, 512]): 
The value is the same before and after calling `init_weights` of EncoderDecoder  

backbone.layers.2.blocks.7.cpe2.weight - torch.Size([256, 1, 3, 3]): 
The value is the same before and after calling `init_weights` of EncoderDecoder  

backbone.layers.2.blocks.7.cpe2.bias - torch.Size([256]): 
The value is the same before and after calling `init_weights` of EncoderDecoder  

backbone.layers.2.blocks.7.norm2.weight - torch.Size([256]): 
The value is the same before and after calling `init_weights` of EncoderDecoder  

backbone.layers.2.blocks.7.norm2.bias - torch.Size([256]): 
The value is the same before and after calling `init_weights` of EncoderDecoder  

backbone.layers.2.blocks.7.mlp.fc1.weight - torch.Size([1024, 256]): 
The value is the same before and after calling `init_weights` of EncoderDecoder  

backbone.layers.2.blocks.7.mlp.fc1.bias - torch.Size([1024]): 
The value is the same before and after calling `init_weights` of EncoderDecoder  

backbone.layers.2.blocks.7.mlp.fc2.weight - torch.Size([256, 1024]): 
The value is the same before and after calling `init_weights` of EncoderDecoder  

backbone.layers.2.blocks.7.mlp.fc2.bias - torch.Size([256]): 
The value is the same before and after calling `init_weights` of EncoderDecoder  

backbone.layers.2.downsample.conv.0.conv.weight - torch.Size([2048, 256, 1, 1]): 
The value is the same before and after calling `init_weights` of EncoderDecoder  

backbone.layers.2.downsample.conv.0.conv.bias - torch.Size([2048]): 
The value is the same before and after calling `init_weights` of EncoderDecoder  

backbone.layers.2.downsample.conv.1.conv.weight - torch.Size([2048, 1, 3, 3]): 
The value is the same before and after calling `init_weights` of EncoderDecoder  

backbone.layers.2.downsample.conv.1.conv.bias - torch.Size([2048]): 
The value is the same before and after calling `init_weights` of EncoderDecoder  

backbone.layers.2.downsample.conv.2.conv.weight - torch.Size([512, 2048, 1, 1]): 
The value is the same before and after calling `init_weights` of EncoderDecoder  

backbone.layers.2.downsample.conv.2.conv.bias - torch.Size([512]): 
The value is the same before and after calling `init_weights` of EncoderDecoder  

backbone.layers.2.downsample.conv.2.norm.weight - torch.Size([512]): 
The value is the same before and after calling `init_weights` of EncoderDecoder  

backbone.layers.2.downsample.conv.2.norm.bias - torch.Size([512]): 
The value is the same before and after calling `init_weights` of EncoderDecoder  

backbone.layers.3.blocks.0.cpe1.weight - torch.Size([512, 1, 3, 3]): 
The value is the same before and after calling `init_weights` of EncoderDecoder  

backbone.layers.3.blocks.0.cpe1.bias - torch.Size([512]): 
The value is the same before and after calling `init_weights` of EncoderDecoder  

backbone.layers.3.blocks.0.norm1.weight - torch.Size([512]): 
The value is the same before and after calling `init_weights` of EncoderDecoder  

backbone.layers.3.blocks.0.norm1.bias - torch.Size([512]): 
The value is the same before and after calling `init_weights` of EncoderDecoder  

backbone.layers.3.blocks.0.token_mixer.to_qkv.weight - torch.Size([1536, 512]): 
The value is the same before and after calling `init_weights` of EncoderDecoder  

backbone.layers.3.blocks.0.token_mixer.to_out.weight - torch.Size([512, 512]): 
The value is the same before and after calling `init_weights` of EncoderDecoder  

backbone.layers.3.blocks.0.token_mixer.to_out.bias - torch.Size([512]): 
The value is the same before and after calling `init_weights` of EncoderDecoder  

backbone.layers.3.blocks.0.cpe2.weight - torch.Size([512, 1, 3, 3]): 
The value is the same before and after calling `init_weights` of EncoderDecoder  

backbone.layers.3.blocks.0.cpe2.bias - torch.Size([512]): 
The value is the same before and after calling `init_weights` of EncoderDecoder  

backbone.layers.3.blocks.0.norm2.weight - torch.Size([512]): 
The value is the same before and after calling `init_weights` of EncoderDecoder  

backbone.layers.3.blocks.0.norm2.bias - torch.Size([512]): 
The value is the same before and after calling `init_weights` of EncoderDecoder  

backbone.layers.3.blocks.0.mlp.fc1.weight - torch.Size([2048, 512]): 
The value is the same before and after calling `init_weights` of EncoderDecoder  

backbone.layers.3.blocks.0.mlp.fc1.bias - torch.Size([2048]): 
The value is the same before and after calling `init_weights` of EncoderDecoder  

backbone.layers.3.blocks.0.mlp.fc2.weight - torch.Size([512, 2048]): 
The value is the same before and after calling `init_weights` of EncoderDecoder  

backbone.layers.3.blocks.0.mlp.fc2.bias - torch.Size([512]): 
The value is the same before and after calling `init_weights` of EncoderDecoder  

backbone.layers.3.blocks.1.cpe1.weight - torch.Size([512, 1, 3, 3]): 
The value is the same before and after calling `init_weights` of EncoderDecoder  

backbone.layers.3.blocks.1.cpe1.bias - torch.Size([512]): 
The value is the same before and after calling `init_weights` of EncoderDecoder  

backbone.layers.3.blocks.1.norm1.weight - torch.Size([512]): 
The value is the same before and after calling `init_weights` of EncoderDecoder  

backbone.layers.3.blocks.1.norm1.bias - torch.Size([512]): 
The value is the same before and after calling `init_weights` of EncoderDecoder  

backbone.layers.3.blocks.1.token_mixer.to_qkv.weight - torch.Size([1536, 512]): 
The value is the same before and after calling `init_weights` of EncoderDecoder  

backbone.layers.3.blocks.1.token_mixer.to_out.weight - torch.Size([512, 512]): 
The value is the same before and after calling `init_weights` of EncoderDecoder  

backbone.layers.3.blocks.1.token_mixer.to_out.bias - torch.Size([512]): 
The value is the same before and after calling `init_weights` of EncoderDecoder  

backbone.layers.3.blocks.1.cpe2.weight - torch.Size([512, 1, 3, 3]): 
The value is the same before and after calling `init_weights` of EncoderDecoder  

backbone.layers.3.blocks.1.cpe2.bias - torch.Size([512]): 
The value is the same before and after calling `init_weights` of EncoderDecoder  

backbone.layers.3.blocks.1.norm2.weight - torch.Size([512]): 
The value is the same before and after calling `init_weights` of EncoderDecoder  

backbone.layers.3.blocks.1.norm2.bias - torch.Size([512]): 
The value is the same before and after calling `init_weights` of EncoderDecoder  

backbone.layers.3.blocks.1.mlp.fc1.weight - torch.Size([2048, 512]): 
The value is the same before and after calling `init_weights` of EncoderDecoder  

backbone.layers.3.blocks.1.mlp.fc1.bias - torch.Size([2048]): 
The value is the same before and after calling `init_weights` of EncoderDecoder  

backbone.layers.3.blocks.1.mlp.fc2.weight - torch.Size([512, 2048]): 
The value is the same before and after calling `init_weights` of EncoderDecoder  

backbone.layers.3.blocks.1.mlp.fc2.bias - torch.Size([512]): 
The value is the same before and after calling `init_weights` of EncoderDecoder  

backbone.layers.3.blocks.2.cpe1.weight - torch.Size([512, 1, 3, 3]): 
The value is the same before and after calling `init_weights` of EncoderDecoder  

backbone.layers.3.blocks.2.cpe1.bias - torch.Size([512]): 
The value is the same before and after calling `init_weights` of EncoderDecoder  

backbone.layers.3.blocks.2.norm1.weight - torch.Size([512]): 
The value is the same before and after calling `init_weights` of EncoderDecoder  

backbone.layers.3.blocks.2.norm1.bias - torch.Size([512]): 
The value is the same before and after calling `init_weights` of EncoderDecoder  

backbone.layers.3.blocks.2.token_mixer.to_qkv.weight - torch.Size([1536, 512]): 
The value is the same before and after calling `init_weights` of EncoderDecoder  

backbone.layers.3.blocks.2.token_mixer.to_out.weight - torch.Size([512, 512]): 
The value is the same before and after calling `init_weights` of EncoderDecoder  

backbone.layers.3.blocks.2.token_mixer.to_out.bias - torch.Size([512]): 
The value is the same before and after calling `init_weights` of EncoderDecoder  

backbone.layers.3.blocks.2.cpe2.weight - torch.Size([512, 1, 3, 3]): 
The value is the same before and after calling `init_weights` of EncoderDecoder  

backbone.layers.3.blocks.2.cpe2.bias - torch.Size([512]): 
The value is the same before and after calling `init_weights` of EncoderDecoder  

backbone.layers.3.blocks.2.norm2.weight - torch.Size([512]): 
The value is the same before and after calling `init_weights` of EncoderDecoder  

backbone.layers.3.blocks.2.norm2.bias - torch.Size([512]): 
The value is the same before and after calling `init_weights` of EncoderDecoder  

backbone.layers.3.blocks.2.mlp.fc1.weight - torch.Size([2048, 512]): 
The value is the same before and after calling `init_weights` of EncoderDecoder  

backbone.layers.3.blocks.2.mlp.fc1.bias - torch.Size([2048]): 
The value is the same before and after calling `init_weights` of EncoderDecoder  

backbone.layers.3.blocks.2.mlp.fc2.weight - torch.Size([512, 2048]): 
The value is the same before and after calling `init_weights` of EncoderDecoder  

backbone.layers.3.blocks.2.mlp.fc2.bias - torch.Size([512]): 
The value is the same before and after calling `init_weights` of EncoderDecoder  

backbone.layers.3.blocks.3.cpe1.weight - torch.Size([512, 1, 3, 3]): 
The value is the same before and after calling `init_weights` of EncoderDecoder  

backbone.layers.3.blocks.3.cpe1.bias - torch.Size([512]): 
The value is the same before and after calling `init_weights` of EncoderDecoder  

backbone.layers.3.blocks.3.norm1.weight - torch.Size([512]): 
The value is the same before and after calling `init_weights` of EncoderDecoder  

backbone.layers.3.blocks.3.norm1.bias - torch.Size([512]): 
The value is the same before and after calling `init_weights` of EncoderDecoder  

backbone.layers.3.blocks.3.token_mixer.to_qkv.weight - torch.Size([1536, 512]): 
The value is the same before and after calling `init_weights` of EncoderDecoder  

backbone.layers.3.blocks.3.token_mixer.to_out.weight - torch.Size([512, 512]): 
The value is the same before and after calling `init_weights` of EncoderDecoder  

backbone.layers.3.blocks.3.token_mixer.to_out.bias - torch.Size([512]): 
The value is the same before and after calling `init_weights` of EncoderDecoder  

backbone.layers.3.blocks.3.cpe2.weight - torch.Size([512, 1, 3, 3]): 
The value is the same before and after calling `init_weights` of EncoderDecoder  

backbone.layers.3.blocks.3.cpe2.bias - torch.Size([512]): 
The value is the same before and after calling `init_weights` of EncoderDecoder  

backbone.layers.3.blocks.3.norm2.weight - torch.Size([512]): 
The value is the same before and after calling `init_weights` of EncoderDecoder  

backbone.layers.3.blocks.3.norm2.bias - torch.Size([512]): 
The value is the same before and after calling `init_weights` of EncoderDecoder  

backbone.layers.3.blocks.3.mlp.fc1.weight - torch.Size([2048, 512]): 
The value is the same before and after calling `init_weights` of EncoderDecoder  

backbone.layers.3.blocks.3.mlp.fc1.bias - torch.Size([2048]): 
The value is the same before and after calling `init_weights` of EncoderDecoder  

backbone.layers.3.blocks.3.mlp.fc2.weight - torch.Size([512, 2048]): 
The value is the same before and after calling `init_weights` of EncoderDecoder  

backbone.layers.3.blocks.3.mlp.fc2.bias - torch.Size([512]): 
The value is the same before and after calling `init_weights` of EncoderDecoder  

backbone.outnorm0.weight - torch.Size([64]): 
The value is the same before and after calling `init_weights` of EncoderDecoder  

backbone.outnorm0.bias - torch.Size([64]): 
The value is the same before and after calling `init_weights` of EncoderDecoder  

backbone.outnorm1.weight - torch.Size([128]): 
The value is the same before and after calling `init_weights` of EncoderDecoder  

backbone.outnorm1.bias - torch.Size([128]): 
The value is the same before and after calling `init_weights` of EncoderDecoder  

backbone.outnorm2.weight - torch.Size([256]): 
The value is the same before and after calling `init_weights` of EncoderDecoder  

backbone.outnorm2.bias - torch.Size([256]): 
The value is the same before and after calling `init_weights` of EncoderDecoder  

backbone.outnorm3.weight - torch.Size([512]): 
The value is the same before and after calling `init_weights` of EncoderDecoder  

backbone.outnorm3.bias - torch.Size([512]): 
The value is the same before and after calling `init_weights` of EncoderDecoder  

decode_head.conv_seg.weight - torch.Size([150, 512, 1, 1]): 
NormalInit: mean=0, std=0.01, bias=0 

decode_head.conv_seg.bias - torch.Size([150]): 
NormalInit: mean=0, std=0.01, bias=0 

decode_head.psp_modules.0.1.conv.weight - torch.Size([512, 512, 1, 1]): 
The value is the same before and after calling `init_weights` of EncoderDecoder  

decode_head.psp_modules.0.1.bn.weight - torch.Size([512]): 
The value is the same before and after calling `init_weights` of EncoderDecoder  

decode_head.psp_modules.0.1.bn.bias - torch.Size([512]): 
The value is the same before and after calling `init_weights` of EncoderDecoder  

decode_head.psp_modules.1.1.conv.weight - torch.Size([512, 512, 1, 1]): 
The value is the same before and after calling `init_weights` of EncoderDecoder  

decode_head.psp_modules.1.1.bn.weight - torch.Size([512]): 
The value is the same before and after calling `init_weights` of EncoderDecoder  

decode_head.psp_modules.1.1.bn.bias - torch.Size([512]): 
The value is the same before and after calling `init_weights` of EncoderDecoder  

decode_head.psp_modules.2.1.conv.weight - torch.Size([512, 512, 1, 1]): 
The value is the same before and after calling `init_weights` of EncoderDecoder  

decode_head.psp_modules.2.1.bn.weight - torch.Size([512]): 
The value is the same before and after calling `init_weights` of EncoderDecoder  

decode_head.psp_modules.2.1.bn.bias - torch.Size([512]): 
The value is the same before and after calling `init_weights` of EncoderDecoder  

decode_head.psp_modules.3.1.conv.weight - torch.Size([512, 512, 1, 1]): 
The value is the same before and after calling `init_weights` of EncoderDecoder  

decode_head.psp_modules.3.1.bn.weight - torch.Size([512]): 
The value is the same before and after calling `init_weights` of EncoderDecoder  

decode_head.psp_modules.3.1.bn.bias - torch.Size([512]): 
The value is the same before and after calling `init_weights` of EncoderDecoder  

decode_head.bottleneck.conv.weight - torch.Size([512, 2560, 3, 3]): 
Initialized by user-defined `init_weights` in ConvModule  

decode_head.bottleneck.bn.weight - torch.Size([512]): 
The value is the same before and after calling `init_weights` of EncoderDecoder  

decode_head.bottleneck.bn.bias - torch.Size([512]): 
The value is the same before and after calling `init_weights` of EncoderDecoder  

decode_head.lateral_convs.0.conv.weight - torch.Size([512, 64, 1, 1]): 
The value is the same before and after calling `init_weights` of EncoderDecoder  

decode_head.lateral_convs.0.bn.weight - torch.Size([512]): 
The value is the same before and after calling `init_weights` of EncoderDecoder  

decode_head.lateral_convs.0.bn.bias - torch.Size([512]): 
The value is the same before and after calling `init_weights` of EncoderDecoder  

decode_head.lateral_convs.1.conv.weight - torch.Size([512, 128, 1, 1]): 
The value is the same before and after calling `init_weights` of EncoderDecoder  

decode_head.lateral_convs.1.bn.weight - torch.Size([512]): 
The value is the same before and after calling `init_weights` of EncoderDecoder  

decode_head.lateral_convs.1.bn.bias - torch.Size([512]): 
The value is the same before and after calling `init_weights` of EncoderDecoder  

decode_head.lateral_convs.2.conv.weight - torch.Size([512, 256, 1, 1]): 
The value is the same before and after calling `init_weights` of EncoderDecoder  

decode_head.lateral_convs.2.bn.weight - torch.Size([512]): 
The value is the same before and after calling `init_weights` of EncoderDecoder  

decode_head.lateral_convs.2.bn.bias - torch.Size([512]): 
The value is the same before and after calling `init_weights` of EncoderDecoder  

decode_head.fpn_convs.0.conv.weight - torch.Size([512, 512, 3, 3]): 
The value is the same before and after calling `init_weights` of EncoderDecoder  

decode_head.fpn_convs.0.bn.weight - torch.Size([512]): 
The value is the same before and after calling `init_weights` of EncoderDecoder  

decode_head.fpn_convs.0.bn.bias - torch.Size([512]): 
The value is the same before and after calling `init_weights` of EncoderDecoder  

decode_head.fpn_convs.1.conv.weight - torch.Size([512, 512, 3, 3]): 
The value is the same before and after calling `init_weights` of EncoderDecoder  

decode_head.fpn_convs.1.bn.weight - torch.Size([512]): 
The value is the same before and after calling `init_weights` of EncoderDecoder  

decode_head.fpn_convs.1.bn.bias - torch.Size([512]): 
The value is the same before and after calling `init_weights` of EncoderDecoder  

decode_head.fpn_convs.2.conv.weight - torch.Size([512, 512, 3, 3]): 
The value is the same before and after calling `init_weights` of EncoderDecoder  

decode_head.fpn_convs.2.bn.weight - torch.Size([512]): 
The value is the same before and after calling `init_weights` of EncoderDecoder  

decode_head.fpn_convs.2.bn.bias - torch.Size([512]): 
The value is the same before and after calling `init_weights` of EncoderDecoder  

decode_head.fpn_bottleneck.conv.weight - torch.Size([512, 2048, 3, 3]): 
Initialized by user-defined `init_weights` in ConvModule  

decode_head.fpn_bottleneck.bn.weight - torch.Size([512]): 
The value is the same before and after calling `init_weights` of EncoderDecoder  

decode_head.fpn_bottleneck.bn.bias - torch.Size([512]): 
The value is the same before and after calling `init_weights` of EncoderDecoder  

auxiliary_head.conv_seg.weight - torch.Size([150, 256, 1, 1]): 
NormalInit: mean=0, std=0.01, bias=0 

auxiliary_head.conv_seg.bias - torch.Size([150]): 
NormalInit: mean=0, std=0.01, bias=0 

auxiliary_head.convs.0.conv.weight - torch.Size([256, 256, 3, 3]): 
The value is the same before and after calling `init_weights` of EncoderDecoder  

auxiliary_head.convs.0.bn.weight - torch.Size([256]): 
The value is the same before and after calling `init_weights` of EncoderDecoder  

auxiliary_head.convs.0.bn.bias - torch.Size([256]): 
The value is the same before and after calling `init_weights` of EncoderDecoder  
2026/04/25 21:24:59 - mmengine - WARNING - "FileClient" will be deprecated in future. Please use io functions in https://mmengine.readthedocs.io/en/latest/api/fileio.html#file-io
2026/04/25 21:24:59 - mmengine - WARNING - "HardDiskBackend" is the alias of "LocalBackend" and the former will be deprecated in future.
2026/04/25 21:24:59 - mmengine - INFO - Checkpoints will be saved to /home/jlx_75/PVMamba_cifar10_sparse_v13_stage3_latesparse/segmentation/work_dirs/v13_ade20k_random_16000_fixrelu.
2026/04/25 21:25:07 - mmengine - INFO - Iter(train) [   20/16000]  lr: 2.2846e-06  eta: 1:57:39  time: 0.2975  data_time: 0.0052  memory: 10448  loss: 5.4949  decode.loss_ce: 3.9171  decode.acc_seg: 1.6894  aux.loss_ce: 1.5779  aux.acc_seg: 0.2256
2026/04/25 21:25:13 - mmengine - INFO - Iter(train) [   40/16000]  lr: 4.6894e-06  eta: 1:38:31  time: 0.2990  data_time: 0.0052  memory: 6052  loss: 4.3477  decode.loss_ce: 3.0970  decode.acc_seg: 2.7091  aux.loss_ce: 1.2508  aux.acc_seg: 0.1695
2026/04/25 21:25:19 - mmengine - INFO - Iter(train) [   60/16000]  lr: 7.0942e-06  eta: 1:32:13  time: 0.3011  data_time: 0.0054  memory: 6052  loss: 5.4153  decode.loss_ce: 3.8394  decode.acc_seg: 30.0373  aux.loss_ce: 1.5759  aux.acc_seg: 0.0122
2026/04/25 21:25:25 - mmengine - INFO - Iter(train) [   80/16000]  lr: 9.4990e-06  eta: 1:28:59  time: 0.2998  data_time: 0.0054  memory: 6052  loss: 5.5375  decode.loss_ce: 3.9269  decode.acc_seg: 25.0305  aux.loss_ce: 1.6106  aux.acc_seg: 0.4256
2026/04/25 21:25:31 - mmengine - INFO - Iter(train) [  100/16000]  lr: 1.1904e-05  eta: 1:27:04  time: 0.3021  data_time: 0.0054  memory: 6052  loss: 5.3391  decode.loss_ce: 3.7657  decode.acc_seg: 0.3741  aux.loss_ce: 1.5734  aux.acc_seg: 0.0876
2026/04/25 21:25:37 - mmengine - INFO - Iter(train) [  120/16000]  lr: 1.4309e-05  eta: 1:25:44  time: 0.3005  data_time: 0.0053  memory: 6052  loss: 5.1243  decode.loss_ce: 3.5709  decode.acc_seg: 12.4535  aux.loss_ce: 1.5533  aux.acc_seg: 3.2895
2026/04/25 21:25:43 - mmengine - INFO - Iter(train) [  140/16000]  lr: 1.6713e-05  eta: 1:24:48  time: 0.3013  data_time: 0.0053  memory: 6052  loss: 5.5124  decode.loss_ce: 3.8628  decode.acc_seg: 5.8110  aux.loss_ce: 1.6496  aux.acc_seg: 1.4795
2026/04/25 21:25:50 - mmengine - INFO - Iter(train) [  160/16000]  lr: 1.9118e-05  eta: 1:24:05  time: 0.3035  data_time: 0.0053  memory: 6052  loss: 5.2757  decode.loss_ce: 3.6299  decode.acc_seg: 31.6130  aux.loss_ce: 1.6458  aux.acc_seg: 1.7154
2026/04/25 21:25:56 - mmengine - INFO - Iter(train) [  180/16000]  lr: 2.1523e-05  eta: 1:23:32  time: 0.3042  data_time: 0.0053  memory: 6052  loss: 4.7573  decode.loss_ce: 3.2776  decode.acc_seg: 22.4269  aux.loss_ce: 1.4796  aux.acc_seg: 19.2872
2026/04/25 21:26:02 - mmengine - INFO - Iter(train) [  200/16000]  lr: 2.3928e-05  eta: 1:23:07  time: 0.3054  data_time: 0.0054  memory: 6052  loss: 5.6738  decode.loss_ce: 3.9116  decode.acc_seg: 10.4166  aux.loss_ce: 1.7622  aux.acc_seg: 3.1909
2026/04/25 21:26:08 - mmengine - INFO - Iter(train) [  220/16000]  lr: 2.6333e-05  eta: 1:22:45  time: 0.3060  data_time: 0.0053  memory: 6052  loss: 4.6568  decode.loss_ce: 3.1704  decode.acc_seg: 46.2219  aux.loss_ce: 1.4864  aux.acc_seg: 32.0305
2026/04/25 21:26:14 - mmengine - INFO - Iter(train) [  240/16000]  lr: 2.8738e-05  eta: 1:22:29  time: 0.3077  data_time: 0.0054  memory: 6052  loss: 5.0533  decode.loss_ce: 3.4110  decode.acc_seg: 31.5158  aux.loss_ce: 1.6422  aux.acc_seg: 18.2117
2026/04/25 21:26:20 - mmengine - INFO - Iter(train) [  260/16000]  lr: 3.1142e-05  eta: 1:22:14  time: 0.3074  data_time: 0.0055  memory: 6052  loss: 4.8067  decode.loss_ce: 3.3044  decode.acc_seg: 3.2033  aux.loss_ce: 1.5023  aux.acc_seg: 3.8440
2026/04/25 21:26:26 - mmengine - INFO - Iter(train) [  280/16000]  lr: 3.3547e-05  eta: 1:22:01  time: 0.3071  data_time: 0.0054  memory: 6052  loss: 4.6536  decode.loss_ce: 3.1338  decode.acc_seg: 33.9756  aux.loss_ce: 1.5198  aux.acc_seg: 26.8490
2026/04/25 21:26:32 - mmengine - INFO - Iter(train) [  300/16000]  lr: 3.5952e-05  eta: 1:21:50  time: 0.3082  data_time: 0.0053  memory: 6052  loss: 4.6721  decode.loss_ce: 3.1482  decode.acc_seg: 9.7380  aux.loss_ce: 1.5239  aux.acc_seg: 9.8066
2026/04/25 21:26:39 - mmengine - INFO - Iter(train) [  320/16000]  lr: 3.8357e-05  eta: 1:21:42  time: 0.3114  data_time: 0.0054  memory: 6052  loss: 4.7660  decode.loss_ce: 3.2471  decode.acc_seg: 4.4349  aux.loss_ce: 1.5189  aux.acc_seg: 5.3146
2026/04/25 21:26:45 - mmengine - INFO - Iter(train) [  340/16000]  lr: 4.0762e-05  eta: 1:21:42  time: 0.3267  data_time: 0.0052  memory: 6052  loss: 4.3660  decode.loss_ce: 2.9402  decode.acc_seg: 12.7196  aux.loss_ce: 1.4258  aux.acc_seg: 11.4371
2026/04/25 21:26:51 - mmengine - INFO - Iter(train) [  360/16000]  lr: 4.3166e-05  eta: 1:21:38  time: 0.3128  data_time: 0.0053  memory: 6052  loss: 4.3742  decode.loss_ce: 2.9096  decode.acc_seg: 7.1064  aux.loss_ce: 1.4646  aux.acc_seg: 9.0702
2026/04/25 21:26:58 - mmengine - INFO - Iter(train) [  380/16000]  lr: 4.5571e-05  eta: 1:21:31  time: 0.3139  data_time: 0.0054  memory: 6052  loss: 4.6521  decode.loss_ce: 3.1790  decode.acc_seg: 15.6666  aux.loss_ce: 1.4731  aux.acc_seg: 9.2974
2026/04/25 21:27:04 - mmengine - INFO - Iter(train) [  400/16000]  lr: 4.7976e-05  eta: 1:21:26  time: 0.3163  data_time: 0.0054  memory: 6052  loss: 4.5331  decode.loss_ce: 3.0702  decode.acc_seg: 35.3272  aux.loss_ce: 1.4629  aux.acc_seg: 28.9779
2026/04/25 21:27:10 - mmengine - INFO - Iter(train) [  420/16000]  lr: 5.0381e-05  eta: 1:21:20  time: 0.3124  data_time: 0.0053  memory: 6052  loss: 4.1989  decode.loss_ce: 2.8310  decode.acc_seg: 41.3816  aux.loss_ce: 1.3679  aux.acc_seg: 37.7851
2026/04/25 21:27:16 - mmengine - INFO - Iter(train) [  440/16000]  lr: 5.2786e-05  eta: 1:21:14  time: 0.3149  data_time: 0.0052  memory: 6052  loss: 3.8433  decode.loss_ce: 2.6233  decode.acc_seg: 38.0073  aux.loss_ce: 1.2199  aux.acc_seg: 26.8727
2026/04/25 21:27:23 - mmengine - INFO - Iter(train) [  460/16000]  lr: 5.5190e-05  eta: 1:21:12  time: 0.3171  data_time: 0.0053  memory: 6052  loss: 3.9697  decode.loss_ce: 2.7253  decode.acc_seg: 33.3739  aux.loss_ce: 1.2444  aux.acc_seg: 24.1590
2026/04/25 21:27:29 - mmengine - INFO - Iter(train) [  480/16000]  lr: 5.7595e-05  eta: 1:21:07  time: 0.3167  data_time: 0.0054  memory: 6052  loss: 4.0802  decode.loss_ce: 2.7768  decode.acc_seg: 50.0552  aux.loss_ce: 1.3034  aux.acc_seg: 15.6569
2026/04/25 21:27:36 - mmengine - INFO - Iter(train) [  500/16000]  lr: 6.0000e-05  eta: 1:21:09  time: 0.3296  data_time: 0.0054  memory: 6052  loss: 4.4179  decode.loss_ce: 3.0262  decode.acc_seg: 35.0063  aux.loss_ce: 1.3917  aux.acc_seg: 13.2500
2026/04/25 21:27:42 - mmengine - INFO - Iter(train) [  520/16000]  lr: 5.9926e-05  eta: 1:21:08  time: 0.3268  data_time: 0.0053  memory: 6052  loss: 3.4373  decode.loss_ce: 2.2932  decode.acc_seg: 30.6431  aux.loss_ce: 1.1441  aux.acc_seg: 23.5912
2026/04/25 21:27:48 - mmengine - INFO - Iter(train) [  540/16000]  lr: 5.9849e-05  eta: 1:21:03  time: 0.3163  data_time: 0.0051  memory: 6052  loss: 3.9102  decode.loss_ce: 2.6747  decode.acc_seg: 21.6553  aux.loss_ce: 1.2355  aux.acc_seg: 18.6254
2026/04/25 21:27:55 - mmengine - INFO - Iter(train) [  560/16000]  lr: 5.9772e-05  eta: 1:20:59  time: 0.3198  data_time: 0.0052  memory: 6052  loss: 4.2844  decode.loss_ce: 2.9320  decode.acc_seg: 39.4086  aux.loss_ce: 1.3524  aux.acc_seg: 23.7360
2026/04/25 21:28:01 - mmengine - INFO - Iter(train) [  580/16000]  lr: 5.9694e-05  eta: 1:20:57  time: 0.3181  data_time: 0.0051  memory: 6052  loss: 3.6238  decode.loss_ce: 2.4272  decode.acc_seg: 34.0128  aux.loss_ce: 1.1965  aux.acc_seg: 23.1647
2026/04/25 21:28:08 - mmengine - INFO - Iter(train) [  600/16000]  lr: 5.9617e-05  eta: 1:20:52  time: 0.3193  data_time: 0.0051  memory: 6052  loss: 4.2214  decode.loss_ce: 2.9458  decode.acc_seg: 13.2649  aux.loss_ce: 1.2756  aux.acc_seg: 3.2575
2026/04/25 21:28:14 - mmengine - INFO - Iter(train) [  620/16000]  lr: 5.9539e-05  eta: 1:20:47  time: 0.3190  data_time: 0.0050  memory: 6052  loss: 3.7769  decode.loss_ce: 2.5828  decode.acc_seg: 35.3920  aux.loss_ce: 1.1941  aux.acc_seg: 24.2304
2026/04/25 21:28:20 - mmengine - INFO - Iter(train) [  640/16000]  lr: 5.9462e-05  eta: 1:20:43  time: 0.3216  data_time: 0.0052  memory: 6052  loss: 3.5824  decode.loss_ce: 2.4289  decode.acc_seg: 64.0514  aux.loss_ce: 1.1535  aux.acc_seg: 44.2413
2026/04/25 21:28:27 - mmengine - INFO - Iter(train) [  660/16000]  lr: 5.9384e-05  eta: 1:20:39  time: 0.3194  data_time: 0.0051  memory: 6052  loss: 3.6590  decode.loss_ce: 2.4897  decode.acc_seg: 31.7946  aux.loss_ce: 1.1693  aux.acc_seg: 30.9278
2026/04/25 21:28:33 - mmengine - INFO - Iter(train) [  680/16000]  lr: 5.9307e-05  eta: 1:20:35  time: 0.3205  data_time: 0.0052  memory: 6052  loss: 3.6128  decode.loss_ce: 2.4640  decode.acc_seg: 3.0622  aux.loss_ce: 1.1488  aux.acc_seg: 5.4572
2026/04/25 21:28:40 - mmengine - INFO - Iter(train) [  700/16000]  lr: 5.9230e-05  eta: 1:20:32  time: 0.3213  data_time: 0.0051  memory: 6052  loss: 2.7637  decode.loss_ce: 1.8686  decode.acc_seg: 45.1257  aux.loss_ce: 0.8951  aux.acc_seg: 30.7734
2026/04/25 21:28:46 - mmengine - INFO - Iter(train) [  720/16000]  lr: 5.9152e-05  eta: 1:20:30  time: 0.3291  data_time: 0.0051  memory: 6052  loss: 3.8107  decode.loss_ce: 2.6596  decode.acc_seg: 17.7396  aux.loss_ce: 1.1511  aux.acc_seg: 17.9942
2026/04/25 21:28:53 - mmengine - INFO - Iter(train) [  740/16000]  lr: 5.9075e-05  eta: 1:20:27  time: 0.3234  data_time: 0.0051  memory: 6052  loss: 3.5317  decode.loss_ce: 2.4142  decode.acc_seg: 48.0053  aux.loss_ce: 1.1176  aux.acc_seg: 25.3148
2026/04/25 21:28:59 - mmengine - INFO - Iter(train) [  760/16000]  lr: 5.8997e-05  eta: 1:20:26  time: 0.3302  data_time: 0.0051  memory: 6052  loss: 3.8941  decode.loss_ce: 2.6848  decode.acc_seg: 24.6692  aux.loss_ce: 1.2093  aux.acc_seg: 24.2388
2026/04/25 21:29:06 - mmengine - INFO - Iter(train) [  780/16000]  lr: 5.8920e-05  eta: 1:20:23  time: 0.3215  data_time: 0.0050  memory: 6052  loss: 3.3941  decode.loss_ce: 2.3431  decode.acc_seg: 43.6225  aux.loss_ce: 1.0510  aux.acc_seg: 14.5838
2026/04/25 21:29:12 - mmengine - INFO - Iter(train) [  800/16000]  lr: 5.8843e-05  eta: 1:20:21  time: 0.3389  data_time: 0.0050  memory: 6052  loss: 4.4122  decode.loss_ce: 3.0830  decode.acc_seg: 3.2849  aux.loss_ce: 1.3291  aux.acc_seg: 6.4659
2026/04/25 21:29:19 - mmengine - INFO - Iter(train) [  820/16000]  lr: 5.8765e-05  eta: 1:20:17  time: 0.3216  data_time: 0.0050  memory: 6052  loss: 3.3681  decode.loss_ce: 2.3002  decode.acc_seg: 31.1813  aux.loss_ce: 1.0679  aux.acc_seg: 13.6964
2026/04/25 21:29:25 - mmengine - INFO - Iter(train) [  840/16000]  lr: 5.8688e-05  eta: 1:20:12  time: 0.3212  data_time: 0.0051  memory: 6052  loss: 3.5445  decode.loss_ce: 2.4458  decode.acc_seg: 11.2267  aux.loss_ce: 1.0987  aux.acc_seg: 8.7836
2026/04/25 21:29:32 - mmengine - INFO - Iter(train) [  860/16000]  lr: 5.8610e-05  eta: 1:20:10  time: 0.3290  data_time: 0.0050  memory: 6052  loss: 3.6100  decode.loss_ce: 2.5194  decode.acc_seg: 32.6920  aux.loss_ce: 1.0906  aux.acc_seg: 22.4819
2026/04/25 21:29:38 - mmengine - INFO - Iter(train) [  880/16000]  lr: 5.8533e-05  eta: 1:20:06  time: 0.3302  data_time: 0.0050  memory: 6052  loss: 3.3208  decode.loss_ce: 2.2822  decode.acc_seg: 37.6338  aux.loss_ce: 1.0385  aux.acc_seg: 21.0280
2026/04/25 21:29:45 - mmengine - INFO - Iter(train) [  900/16000]  lr: 5.8455e-05  eta: 1:20:03  time: 0.3317  data_time: 0.0051  memory: 6052  loss: 4.4058  decode.loss_ce: 3.1051  decode.acc_seg: 23.3753  aux.loss_ce: 1.3007  aux.acc_seg: 21.4161
2026/04/25 21:29:51 - mmengine - INFO - Iter(train) [  920/16000]  lr: 5.8378e-05  eta: 1:19:58  time: 0.3212  data_time: 0.0051  memory: 6052  loss: 3.5901  decode.loss_ce: 2.4716  decode.acc_seg: 51.8378  aux.loss_ce: 1.1185  aux.acc_seg: 82.4250
2026/04/25 21:29:58 - mmengine - INFO - Iter(train) [  940/16000]  lr: 5.8301e-05  eta: 1:19:55  time: 0.3324  data_time: 0.0050  memory: 6052  loss: 3.1339  decode.loss_ce: 2.1462  decode.acc_seg: 42.6893  aux.loss_ce: 0.9878  aux.acc_seg: 28.8754
2026/04/25 21:30:04 - mmengine - INFO - Iter(train) [  960/16000]  lr: 5.8223e-05  eta: 1:19:51  time: 0.3245  data_time: 0.0052  memory: 6052  loss: 3.9992  decode.loss_ce: 2.7570  decode.acc_seg: 31.8271  aux.loss_ce: 1.2422  aux.acc_seg: 12.0767
2026/04/25 21:30:11 - mmengine - INFO - Iter(train) [  980/16000]  lr: 5.8146e-05  eta: 1:19:47  time: 0.3301  data_time: 0.0051  memory: 6052  loss: 3.3704  decode.loss_ce: 2.3531  decode.acc_seg: 16.4793  aux.loss_ce: 1.0174  aux.acc_seg: 14.4394
2026/04/25 21:30:17 - mmengine - INFO - Exp name: pvmamba_tiny_upernet_ade20k_v13_random_16000_fixrelu_20260425_212454
2026/04/25 21:30:17 - mmengine - INFO - Iter(train) [ 1000/16000]  lr: 5.8068e-05  eta: 1:19:43  time: 0.3321  data_time: 0.0051  memory: 6052  loss: 3.4740  decode.loss_ce: 2.4296  decode.acc_seg: 35.5648  aux.loss_ce: 1.0444  aux.acc_seg: 29.6759
2026/04/25 21:30:24 - mmengine - INFO - Iter(train) [ 1020/16000]  lr: 5.7991e-05  eta: 1:19:39  time: 0.3246  data_time: 0.0051  memory: 6052  loss: 4.1494  decode.loss_ce: 2.9080  decode.acc_seg: 21.5359  aux.loss_ce: 1.2414  aux.acc_seg: 25.6426
2026/04/25 21:30:31 - mmengine - INFO - Iter(train) [ 1040/16000]  lr: 5.7913e-05  eta: 1:19:35  time: 0.3261  data_time: 0.0050  memory: 6052  loss: 3.9061  decode.loss_ce: 2.7006  decode.acc_seg: 17.5046  aux.loss_ce: 1.2056  aux.acc_seg: 16.0160
2026/04/25 21:30:37 - mmengine - INFO - Iter(train) [ 1060/16000]  lr: 5.7836e-05  eta: 1:19:31  time: 0.3240  data_time: 0.0051  memory: 6052  loss: 3.4777  decode.loss_ce: 2.3823  decode.acc_seg: 26.3765  aux.loss_ce: 1.0954  aux.acc_seg: 28.6824
2026/04/25 21:30:44 - mmengine - INFO - Iter(train) [ 1080/16000]  lr: 5.7759e-05  eta: 1:19:26  time: 0.3273  data_time: 0.0050  memory: 6052  loss: 3.6006  decode.loss_ce: 2.5280  decode.acc_seg: 26.1388  aux.loss_ce: 1.0726  aux.acc_seg: 32.7818
2026/04/25 21:30:50 - mmengine - INFO - Iter(train) [ 1100/16000]  lr: 5.7681e-05  eta: 1:19:21  time: 0.3257  data_time: 0.0052  memory: 6052  loss: 3.3282  decode.loss_ce: 2.2775  decode.acc_seg: 60.4201  aux.loss_ce: 1.0507  aux.acc_seg: 43.4013
2026/04/25 21:30:57 - mmengine - INFO - Iter(train) [ 1120/16000]  lr: 5.7604e-05  eta: 1:19:16  time: 0.3228  data_time: 0.0051  memory: 6052  loss: 3.3426  decode.loss_ce: 2.3059  decode.acc_seg: 39.0162  aux.loss_ce: 1.0367  aux.acc_seg: 28.9060
2026/04/25 21:31:03 - mmengine - INFO - Iter(train) [ 1140/16000]  lr: 5.7526e-05  eta: 1:19:12  time: 0.3257  data_time: 0.0051  memory: 6052  loss: 3.2980  decode.loss_ce: 2.2813  decode.acc_seg: 13.3339  aux.loss_ce: 1.0167  aux.acc_seg: 12.9337
2026/04/25 21:31:10 - mmengine - INFO - Iter(train) [ 1160/16000]  lr: 5.7449e-05  eta: 1:19:07  time: 0.3245  data_time: 0.0051  memory: 6052  loss: 3.5964  decode.loss_ce: 2.4967  decode.acc_seg: 20.0911  aux.loss_ce: 1.0997  aux.acc_seg: 12.3149
2026/04/25 21:31:16 - mmengine - INFO - Iter(train) [ 1180/16000]  lr: 5.7371e-05  eta: 1:19:02  time: 0.3240  data_time: 0.0054  memory: 6052  loss: 3.4068  decode.loss_ce: 2.3656  decode.acc_seg: 21.4969  aux.loss_ce: 1.0412  aux.acc_seg: 25.5655
2026/04/25 21:31:23 - mmengine - INFO - Iter(train) [ 1200/16000]  lr: 5.7294e-05  eta: 1:18:57  time: 0.3272  data_time: 0.0051  memory: 6052  loss: 3.1360  decode.loss_ce: 2.1716  decode.acc_seg: 25.4410  aux.loss_ce: 0.9644  aux.acc_seg: 24.6566
2026/04/25 21:31:29 - mmengine - INFO - Iter(train) [ 1220/16000]  lr: 5.7217e-05  eta: 1:18:51  time: 0.3265  data_time: 0.0052  memory: 6052  loss: 3.4929  decode.loss_ce: 2.4406  decode.acc_seg: 46.4333  aux.loss_ce: 1.0523  aux.acc_seg: 37.3954
2026/04/25 21:31:36 - mmengine - INFO - Iter(train) [ 1240/16000]  lr: 5.7139e-05  eta: 1:18:47  time: 0.3264  data_time: 0.0052  memory: 6052  loss: 3.2953  decode.loss_ce: 2.2879  decode.acc_seg: 58.0593  aux.loss_ce: 1.0074  aux.acc_seg: 53.2104
2026/04/25 21:31:42 - mmengine - INFO - Iter(train) [ 1260/16000]  lr: 5.7062e-05  eta: 1:18:43  time: 0.3381  data_time: 0.0051  memory: 6052  loss: 3.0446  decode.loss_ce: 2.1185  decode.acc_seg: 30.0173  aux.loss_ce: 0.9260  aux.acc_seg: 16.3799
2026/04/25 21:31:49 - mmengine - INFO - Iter(train) [ 1280/16000]  lr: 5.6984e-05  eta: 1:18:40  time: 0.3275  data_time: 0.0053  memory: 6052  loss: 2.6407  decode.loss_ce: 1.8382  decode.acc_seg: 40.4382  aux.loss_ce: 0.8025  aux.acc_seg: 17.4692
2026/04/25 21:31:56 - mmengine - INFO - Iter(train) [ 1300/16000]  lr: 5.6907e-05  eta: 1:18:35  time: 0.3295  data_time: 0.0053  memory: 6052  loss: 2.8128  decode.loss_ce: 1.9468  decode.acc_seg: 40.6909  aux.loss_ce: 0.8660  aux.acc_seg: 44.5218
2026/04/25 21:32:02 - mmengine - INFO - Iter(train) [ 1320/16000]  lr: 5.6829e-05  eta: 1:18:30  time: 0.3274  data_time: 0.0052  memory: 6052  loss: 3.0848  decode.loss_ce: 2.1186  decode.acc_seg: 64.6277  aux.loss_ce: 0.9663  aux.acc_seg: 64.5180
2026/04/25 21:32:09 - mmengine - INFO - Iter(train) [ 1340/16000]  lr: 5.6752e-05  eta: 1:18:25  time: 0.3249  data_time: 0.0053  memory: 6052  loss: 3.3031  decode.loss_ce: 2.3001  decode.acc_seg: 39.3295  aux.loss_ce: 1.0030  aux.acc_seg: 39.6559
2026/04/25 21:32:15 - mmengine - INFO - Iter(train) [ 1360/16000]  lr: 5.6675e-05  eta: 1:18:20  time: 0.3291  data_time: 0.0053  memory: 6052  loss: 3.1376  decode.loss_ce: 2.1818  decode.acc_seg: 27.7279  aux.loss_ce: 0.9559  aux.acc_seg: 23.1357
2026/04/25 21:32:22 - mmengine - INFO - Iter(train) [ 1380/16000]  lr: 5.6597e-05  eta: 1:18:15  time: 0.3252  data_time: 0.0053  memory: 6052  loss: 2.9655  decode.loss_ce: 2.0394  decode.acc_seg: 27.7845  aux.loss_ce: 0.9261  aux.acc_seg: 26.1294
2026/04/25 21:32:28 - mmengine - INFO - Iter(train) [ 1400/16000]  lr: 5.6520e-05  eta: 1:18:10  time: 0.3250  data_time: 0.0053  memory: 6052  loss: 3.1254  decode.loss_ce: 2.1693  decode.acc_seg: 24.0732  aux.loss_ce: 0.9561  aux.acc_seg: 3.4939
2026/04/25 21:32:35 - mmengine - INFO - Iter(train) [ 1420/16000]  lr: 5.6442e-05  eta: 1:18:05  time: 0.3266  data_time: 0.0052  memory: 6052  loss: 3.2805  decode.loss_ce: 2.2704  decode.acc_seg: 33.1116  aux.loss_ce: 1.0101  aux.acc_seg: 14.7823
2026/04/25 21:32:41 - mmengine - INFO - Iter(train) [ 1440/16000]  lr: 5.6365e-05  eta: 1:17:59  time: 0.3286  data_time: 0.0053  memory: 6052  loss: 3.9699  decode.loss_ce: 2.7913  decode.acc_seg: 27.7879  aux.loss_ce: 1.1786  aux.acc_seg: 15.6268
2026/04/25 21:32:48 - mmengine - INFO - Iter(train) [ 1460/16000]  lr: 5.6288e-05  eta: 1:17:54  time: 0.3258  data_time: 0.0053  memory: 6052  loss: 3.5904  decode.loss_ce: 2.5194  decode.acc_seg: 53.1546  aux.loss_ce: 1.0710  aux.acc_seg: 56.0645
2026/04/25 21:32:55 - mmengine - INFO - Iter(train) [ 1480/16000]  lr: 5.6210e-05  eta: 1:17:49  time: 0.3315  data_time: 0.0053  memory: 6052  loss: 3.4349  decode.loss_ce: 2.4071  decode.acc_seg: 55.0647  aux.loss_ce: 1.0278  aux.acc_seg: 54.8665
2026/04/25 21:33:01 - mmengine - INFO - Iter(train) [ 1500/16000]  lr: 5.6133e-05  eta: 1:17:44  time: 0.3267  data_time: 0.0052  memory: 6052  loss: 3.4569  decode.loss_ce: 2.4163  decode.acc_seg: 22.3488  aux.loss_ce: 1.0406  aux.acc_seg: 13.0155
2026/04/25 21:33:08 - mmengine - INFO - Iter(train) [ 1520/16000]  lr: 5.6055e-05  eta: 1:17:38  time: 0.3236  data_time: 0.0052  memory: 6052  loss: 3.1552  decode.loss_ce: 2.1587  decode.acc_seg: 23.0616  aux.loss_ce: 0.9964  aux.acc_seg: 2.5588
2026/04/25 21:33:14 - mmengine - INFO - Iter(train) [ 1540/16000]  lr: 5.5978e-05  eta: 1:17:33  time: 0.3351  data_time: 0.0054  memory: 6052  loss: 3.5927  decode.loss_ce: 2.4774  decode.acc_seg: 43.9434  aux.loss_ce: 1.1153  aux.acc_seg: 43.1429
2026/04/25 21:33:21 - mmengine - INFO - Iter(train) [ 1560/16000]  lr: 5.5900e-05  eta: 1:17:27  time: 0.3262  data_time: 0.0053  memory: 6052  loss: 3.2443  decode.loss_ce: 2.2229  decode.acc_seg: 40.7721  aux.loss_ce: 1.0214  aux.acc_seg: 31.1014
2026/04/25 21:33:27 - mmengine - INFO - Iter(train) [ 1580/16000]  lr: 5.5823e-05  eta: 1:17:22  time: 0.3289  data_time: 0.0052  memory: 6052  loss: 3.3705  decode.loss_ce: 2.3427  decode.acc_seg: 5.8977  aux.loss_ce: 1.0278  aux.acc_seg: 4.9689
2026/04/25 21:33:34 - mmengine - INFO - Iter(train) [ 1600/16000]  lr: 5.5746e-05  eta: 1:17:17  time: 0.3322  data_time: 0.0053  memory: 6052  loss: 3.2127  decode.loss_ce: 2.2143  decode.acc_seg: 37.7960  aux.loss_ce: 0.9984  aux.acc_seg: 33.4519
2026/04/25 21:33:40 - mmengine - INFO - Iter(train) [ 1620/16000]  lr: 5.5668e-05  eta: 1:17:12  time: 0.3257  data_time: 0.0053  memory: 6052  loss: 3.0060  decode.loss_ce: 2.0968  decode.acc_seg: 35.1898  aux.loss_ce: 0.9092  aux.acc_seg: 39.8665
2026/04/25 21:33:47 - mmengine - INFO - Iter(train) [ 1640/16000]  lr: 5.5591e-05  eta: 1:17:07  time: 0.3316  data_time: 0.0052  memory: 6052  loss: 3.2312  decode.loss_ce: 2.2797  decode.acc_seg: 21.9874  aux.loss_ce: 0.9514  aux.acc_seg: 28.0130
2026/04/25 21:33:54 - mmengine - INFO - Iter(train) [ 1660/16000]  lr: 5.5513e-05  eta: 1:17:02  time: 0.3293  data_time: 0.0052  memory: 6052  loss: 3.0505  decode.loss_ce: 2.1308  decode.acc_seg: 14.9417  aux.loss_ce: 0.9197  aux.acc_seg: 10.1382
2026/04/25 21:34:00 - mmengine - INFO - Iter(train) [ 1680/16000]  lr: 5.5436e-05  eta: 1:16:56  time: 0.3281  data_time: 0.0052  memory: 6052  loss: 2.7795  decode.loss_ce: 1.9526  decode.acc_seg: 46.5496  aux.loss_ce: 0.8269  aux.acc_seg: 57.9787
2026/04/25 21:34:07 - mmengine - INFO - Iter(train) [ 1700/16000]  lr: 5.5358e-05  eta: 1:16:52  time: 0.3406  data_time: 0.0053  memory: 6052  loss: 2.8763  decode.loss_ce: 1.9935  decode.acc_seg: 17.8567  aux.loss_ce: 0.8828  aux.acc_seg: 29.1034
2026/04/25 21:34:13 - mmengine - INFO - Iter(train) [ 1720/16000]  lr: 5.5281e-05  eta: 1:16:46  time: 0.3292  data_time: 0.0050  memory: 6052  loss: 3.0619  decode.loss_ce: 2.1326  decode.acc_seg: 24.8123  aux.loss_ce: 0.9293  aux.acc_seg: 27.8814
2026/04/25 21:34:20 - mmengine - INFO - Iter(train) [ 1740/16000]  lr: 5.5204e-05  eta: 1:16:41  time: 0.3303  data_time: 0.0050  memory: 6052  loss: 3.1494  decode.loss_ce: 2.1538  decode.acc_seg: 50.7449  aux.loss_ce: 0.9956  aux.acc_seg: 41.0852
2026/04/25 21:34:27 - mmengine - INFO - Iter(train) [ 1760/16000]  lr: 5.5126e-05  eta: 1:16:35  time: 0.3291  data_time: 0.0051  memory: 6052  loss: 4.1153  decode.loss_ce: 2.8883  decode.acc_seg: 46.0223  aux.loss_ce: 1.2271  aux.acc_seg: 46.0711
2026/04/25 21:34:33 - mmengine - INFO - Iter(train) [ 1780/16000]  lr: 5.5049e-05  eta: 1:16:30  time: 0.3256  data_time: 0.0051  memory: 6052  loss: 2.9220  decode.loss_ce: 2.0030  decode.acc_seg: 30.8414  aux.loss_ce: 0.9189  aux.acc_seg: 19.3953
2026/04/25 21:34:40 - mmengine - INFO - Iter(train) [ 1800/16000]  lr: 5.4971e-05  eta: 1:16:24  time: 0.3285  data_time: 0.0050  memory: 6052  loss: 3.4404  decode.loss_ce: 2.4353  decode.acc_seg: 14.3784  aux.loss_ce: 1.0050  aux.acc_seg: 11.3659
2026/04/25 21:34:46 - mmengine - INFO - Iter(train) [ 1820/16000]  lr: 5.4894e-05  eta: 1:16:18  time: 0.3280  data_time: 0.0051  memory: 6052  loss: 3.4386  decode.loss_ce: 2.3896  decode.acc_seg: 50.9039  aux.loss_ce: 1.0490  aux.acc_seg: 52.6757
2026/04/25 21:34:53 - mmengine - INFO - Iter(train) [ 1840/16000]  lr: 5.4816e-05  eta: 1:16:13  time: 0.3252  data_time: 0.0050  memory: 6052  loss: 3.3193  decode.loss_ce: 2.3284  decode.acc_seg: 8.8372  aux.loss_ce: 0.9909  aux.acc_seg: 5.0341
2026/04/25 21:34:59 - mmengine - INFO - Iter(train) [ 1860/16000]  lr: 5.4739e-05  eta: 1:16:07  time: 0.3252  data_time: 0.0051  memory: 6052  loss: 3.3337  decode.loss_ce: 2.3236  decode.acc_seg: 17.0612  aux.loss_ce: 1.0101  aux.acc_seg: 3.9382
2026/04/25 21:35:06 - mmengine - INFO - Iter(train) [ 1880/16000]  lr: 5.4662e-05  eta: 1:16:02  time: 0.3371  data_time: 0.0052  memory: 6052  loss: 2.8142  decode.loss_ce: 1.9318  decode.acc_seg: 52.0472  aux.loss_ce: 0.8824  aux.acc_seg: 48.9318
2026/04/25 21:35:13 - mmengine - INFO - Iter(train) [ 1900/16000]  lr: 5.4584e-05  eta: 1:15:56  time: 0.3296  data_time: 0.0053  memory: 6052  loss: 3.5033  decode.loss_ce: 2.4633  decode.acc_seg: 13.2380  aux.loss_ce: 1.0400  aux.acc_seg: 13.8270
2026/04/25 21:35:19 - mmengine - INFO - Iter(train) [ 1920/16000]  lr: 5.4507e-05  eta: 1:15:50  time: 0.3287  data_time: 0.0052  memory: 6052  loss: 3.6844  decode.loss_ce: 2.6338  decode.acc_seg: 25.5404  aux.loss_ce: 1.0505  aux.acc_seg: 25.2940
2026/04/25 21:35:26 - mmengine - INFO - Iter(train) [ 1940/16000]  lr: 5.4429e-05  eta: 1:15:44  time: 0.3245  data_time: 0.0052  memory: 6052  loss: 3.0081  decode.loss_ce: 2.0808  decode.acc_seg: 22.1535  aux.loss_ce: 0.9273  aux.acc_seg: 10.9928
2026/04/25 21:35:32 - mmengine - INFO - Iter(train) [ 1960/16000]  lr: 5.4352e-05  eta: 1:15:39  time: 0.3295  data_time: 0.0053  memory: 6052  loss: 3.3661  decode.loss_ce: 2.3719  decode.acc_seg: 54.6655  aux.loss_ce: 0.9942  aux.acc_seg: 41.0179
2026/04/25 21:35:39 - mmengine - INFO - Iter(train) [ 1980/16000]  lr: 5.4274e-05  eta: 1:15:34  time: 0.3322  data_time: 0.0052  memory: 6052  loss: 3.0647  decode.loss_ce: 2.1211  decode.acc_seg: 48.1709  aux.loss_ce: 0.9436  aux.acc_seg: 46.1048
2026/04/25 21:35:45 - mmengine - INFO - Exp name: pvmamba_tiny_upernet_ade20k_v13_random_16000_fixrelu_20260425_212454
2026/04/25 21:35:45 - mmengine - INFO - Iter(train) [ 2000/16000]  lr: 5.4197e-05  eta: 1:15:28  time: 0.3245  data_time: 0.0052  memory: 6052  loss: 4.0454  decode.loss_ce: 2.8704  decode.acc_seg: 16.3414  aux.loss_ce: 1.1750  aux.acc_seg: 15.5556
2026/04/25 21:35:52 - mmengine - INFO - Iter(train) [ 2020/16000]  lr: 5.4120e-05  eta: 1:15:22  time: 0.3359  data_time: 0.0054  memory: 6052  loss: 3.1604  decode.loss_ce: 2.1680  decode.acc_seg: 29.9475  aux.loss_ce: 0.9923  aux.acc_seg: 30.7236
2026/04/25 21:35:59 - mmengine - INFO - Iter(train) [ 2040/16000]  lr: 5.4042e-05  eta: 1:15:17  time: 0.3275  data_time: 0.0053  memory: 6052  loss: 2.7135  decode.loss_ce: 1.8693  decode.acc_seg: 48.6494  aux.loss_ce: 0.8441  aux.acc_seg: 51.5775
2026/04/25 21:36:05 - mmengine - INFO - Iter(train) [ 2060/16000]  lr: 5.3965e-05  eta: 1:15:11  time: 0.3353  data_time: 0.0052  memory: 6052  loss: 2.9149  decode.loss_ce: 2.0319  decode.acc_seg: 50.2664  aux.loss_ce: 0.8830  aux.acc_seg: 39.0102
2026/04/25 21:36:12 - mmengine - INFO - Iter(train) [ 2080/16000]  lr: 5.3887e-05  eta: 1:15:05  time: 0.3256  data_time: 0.0053  memory: 6052  loss: 2.7314  decode.loss_ce: 1.9063  decode.acc_seg: 83.4806  aux.loss_ce: 0.8251  aux.acc_seg: 75.2275
2026/04/25 21:36:18 - mmengine - INFO - Iter(train) [ 2100/16000]  lr: 5.3810e-05  eta: 1:14:59  time: 0.3272  data_time: 0.0052  memory: 6052  loss: 2.6414  decode.loss_ce: 1.8119  decode.acc_seg: 36.7340  aux.loss_ce: 0.8294  aux.acc_seg: 17.9949
2026/04/25 21:36:25 - mmengine - INFO - Iter(train) [ 2120/16000]  lr: 5.3732e-05  eta: 1:14:53  time: 0.3262  data_time: 0.0051  memory: 6052  loss: 3.2755  decode.loss_ce: 2.3020  decode.acc_seg: 26.1507  aux.loss_ce: 0.9734  aux.acc_seg: 23.1687
2026/04/25 21:36:31 - mmengine - INFO - Iter(train) [ 2140/16000]  lr: 5.3655e-05  eta: 1:14:47  time: 0.3278  data_time: 0.0051  memory: 6052  loss: 2.8722  decode.loss_ce: 1.9881  decode.acc_seg: 37.7988  aux.loss_ce: 0.8841  aux.acc_seg: 22.4416
2026/04/25 21:36:38 - mmengine - INFO - Iter(train) [ 2160/16000]  lr: 5.3578e-05  eta: 1:14:41  time: 0.3259  data_time: 0.0051  memory: 6052  loss: 2.9765  decode.loss_ce: 2.0528  decode.acc_seg: 57.1053  aux.loss_ce: 0.9238  aux.acc_seg: 54.6633
2026/04/25 21:36:45 - mmengine - INFO - Iter(train) [ 2180/16000]  lr: 5.3500e-05  eta: 1:14:35  time: 0.3323  data_time: 0.0049  memory: 6052  loss: 3.1696  decode.loss_ce: 2.1906  decode.acc_seg: 41.2069  aux.loss_ce: 0.9790  aux.acc_seg: 31.8617
2026/04/25 21:36:51 - mmengine - INFO - Iter(train) [ 2200/16000]  lr: 5.3423e-05  eta: 1:14:30  time: 0.3282  data_time: 0.0048  memory: 6052  loss: 3.1928  decode.loss_ce: 2.2460  decode.acc_seg: 28.5852  aux.loss_ce: 0.9468  aux.acc_seg: 33.8708
2026/04/25 21:36:58 - mmengine - INFO - Iter(train) [ 2220/16000]  lr: 5.3345e-05  eta: 1:14:24  time: 0.3273  data_time: 0.0048  memory: 6052  loss: 3.2776  decode.loss_ce: 2.3064  decode.acc_seg: 29.7755  aux.loss_ce: 0.9712  aux.acc_seg: 34.8317
2026/04/25 21:37:04 - mmengine - INFO - Iter(train) [ 2240/16000]  lr: 5.3268e-05  eta: 1:14:18  time: 0.3320  data_time: 0.0050  memory: 6052  loss: 3.0202  decode.loss_ce: 2.0721  decode.acc_seg: 67.3034  aux.loss_ce: 0.9481  aux.acc_seg: 67.1436
2026/04/25 21:37:11 - mmengine - INFO - Iter(train) [ 2260/16000]  lr: 5.3191e-05  eta: 1:14:12  time: 0.3321  data_time: 0.0051  memory: 6052  loss: 3.3521  decode.loss_ce: 2.2973  decode.acc_seg: 37.1210  aux.loss_ce: 1.0548  aux.acc_seg: 27.4238
2026/04/25 21:37:18 - mmengine - INFO - Iter(train) [ 2280/16000]  lr: 5.3113e-05  eta: 1:14:06  time: 0.3266  data_time: 0.0050  memory: 6052  loss: 3.2681  decode.loss_ce: 2.2772  decode.acc_seg: 42.0334  aux.loss_ce: 0.9909  aux.acc_seg: 38.6133
2026/04/25 21:37:24 - mmengine - INFO - Iter(train) [ 2300/16000]  lr: 5.3036e-05  eta: 1:14:00  time: 0.3264  data_time: 0.0051  memory: 6052  loss: 3.0319  decode.loss_ce: 2.0934  decode.acc_seg: 53.8402  aux.loss_ce: 0.9384  aux.acc_seg: 53.7255
2026/04/25 21:37:31 - mmengine - INFO - Iter(train) [ 2320/16000]  lr: 5.2958e-05  eta: 1:13:54  time: 0.3349  data_time: 0.0050  memory: 6052  loss: 2.8840  decode.loss_ce: 2.0007  decode.acc_seg: 25.1150  aux.loss_ce: 0.8833  aux.acc_seg: 11.3728
2026/04/25 21:37:37 - mmengine - INFO - Iter(train) [ 2340/16000]  lr: 5.2881e-05  eta: 1:13:48  time: 0.3283  data_time: 0.0050  memory: 6052  loss: 2.9302  decode.loss_ce: 2.0483  decode.acc_seg: 11.7206  aux.loss_ce: 0.8819  aux.acc_seg: 15.0026
2026/04/25 21:37:44 - mmengine - INFO - Iter(train) [ 2360/16000]  lr: 5.2803e-05  eta: 1:13:42  time: 0.3296  data_time: 0.0050  memory: 6052  loss: 2.7102  decode.loss_ce: 1.8849  decode.acc_seg: 11.6178  aux.loss_ce: 0.8253  aux.acc_seg: 17.0405
2026/04/25 21:37:50 - mmengine - INFO - Iter(train) [ 2380/16000]  lr: 5.2726e-05  eta: 1:13:36  time: 0.3252  data_time: 0.0051  memory: 6052  loss: 2.4721  decode.loss_ce: 1.7043  decode.acc_seg: 47.9975  aux.loss_ce: 0.7679  aux.acc_seg: 46.7399
2026/04/25 21:37:57 - mmengine - INFO - Iter(train) [ 2400/16000]  lr: 5.2649e-05  eta: 1:13:30  time: 0.3236  data_time: 0.0052  memory: 6052  loss: 2.6075  decode.loss_ce: 1.8117  decode.acc_seg: 59.5296  aux.loss_ce: 0.7958  aux.acc_seg: 54.0340
2026/04/25 21:38:03 - mmengine - INFO - Iter(train) [ 2420/16000]  lr: 5.2571e-05  eta: 1:13:23  time: 0.3283  data_time: 0.0054  memory: 6052  loss: 3.1510  decode.loss_ce: 2.1860  decode.acc_seg: 33.6469  aux.loss_ce: 0.9649  aux.acc_seg: 31.9353
2026/04/25 21:38:10 - mmengine - INFO - Iter(train) [ 2440/16000]  lr: 5.2494e-05  eta: 1:13:17  time: 0.3279  data_time: 0.0053  memory: 6052  loss: 2.8952  decode.loss_ce: 2.0245  decode.acc_seg: 17.6065  aux.loss_ce: 0.8707  aux.acc_seg: 11.2021
2026/04/25 21:38:16 - mmengine - INFO - Iter(train) [ 2460/16000]  lr: 5.2416e-05  eta: 1:13:11  time: 0.3246  data_time: 0.0051  memory: 6052  loss: 2.4847  decode.loss_ce: 1.7134  decode.acc_seg: 36.8429  aux.loss_ce: 0.7713  aux.acc_seg: 28.2667
2026/04/25 21:38:23 - mmengine - INFO - Iter(train) [ 2480/16000]  lr: 5.2339e-05  eta: 1:13:05  time: 0.3246  data_time: 0.0052  memory: 6052  loss: 3.0126  decode.loss_ce: 2.1069  decode.acc_seg: 12.0595  aux.loss_ce: 0.9058  aux.acc_seg: 32.0901
2026/04/25 21:38:29 - mmengine - INFO - Iter(train) [ 2500/16000]  lr: 5.2261e-05  eta: 1:12:58  time: 0.3273  data_time: 0.0051  memory: 6052  loss: 2.6696  decode.loss_ce: 1.8659  decode.acc_seg: 25.9431  aux.loss_ce: 0.8038  aux.acc_seg: 28.6342
2026/04/25 21:38:36 - mmengine - INFO - Iter(train) [ 2520/16000]  lr: 5.2184e-05  eta: 1:12:52  time: 0.3249  data_time: 0.0053  memory: 6052  loss: 2.7866  decode.loss_ce: 1.9463  decode.acc_seg: 68.3022  aux.loss_ce: 0.8403  aux.acc_seg: 66.8629
2026/04/25 21:38:43 - mmengine - INFO - Iter(train) [ 2540/16000]  lr: 5.2107e-05  eta: 1:12:46  time: 0.3279  data_time: 0.0052  memory: 6052  loss: 2.9313  decode.loss_ce: 2.0379  decode.acc_seg: 12.0173  aux.loss_ce: 0.8934  aux.acc_seg: 26.9120
2026/04/25 21:38:49 - mmengine - INFO - Iter(train) [ 2560/16000]  lr: 5.2029e-05  eta: 1:12:40  time: 0.3255  data_time: 0.0051  memory: 6052  loss: 2.7577  decode.loss_ce: 1.9041  decode.acc_seg: 46.9213  aux.loss_ce: 0.8536  aux.acc_seg: 23.1960
2026/04/25 21:38:56 - mmengine - INFO - Iter(train) [ 2580/16000]  lr: 5.1952e-05  eta: 1:12:34  time: 0.3278  data_time: 0.0051  memory: 6052  loss: 3.0436  decode.loss_ce: 2.1329  decode.acc_seg: 58.0848  aux.loss_ce: 0.9107  aux.acc_seg: 44.8048
2026/04/25 21:39:02 - mmengine - INFO - Iter(train) [ 2600/16000]  lr: 5.1874e-05  eta: 1:12:27  time: 0.3247  data_time: 0.0053  memory: 6052  loss: 2.9079  decode.loss_ce: 2.0181  decode.acc_seg: 55.0914  aux.loss_ce: 0.8899  aux.acc_seg: 53.3737
2026/04/25 21:39:09 - mmengine - INFO - Iter(train) [ 2620/16000]  lr: 5.1797e-05  eta: 1:12:21  time: 0.3277  data_time: 0.0052  memory: 6052  loss: 3.0581  decode.loss_ce: 2.1326  decode.acc_seg: 51.3612  aux.loss_ce: 0.9255  aux.acc_seg: 38.6576
2026/04/25 21:39:15 - mmengine - INFO - Iter(train) [ 2640/16000]  lr: 5.1719e-05  eta: 1:12:15  time: 0.3251  data_time: 0.0053  memory: 6052  loss: 3.5556  decode.loss_ce: 2.4876  decode.acc_seg: 27.8452  aux.loss_ce: 1.0680  aux.acc_seg: 26.8538
2026/04/25 21:39:22 - mmengine - INFO - Iter(train) [ 2660/16000]  lr: 5.1642e-05  eta: 1:12:09  time: 0.3252  data_time: 0.0052  memory: 6052  loss: 3.5438  decode.loss_ce: 2.5267  decode.acc_seg: 30.7250  aux.loss_ce: 1.0172  aux.acc_seg: 28.4912
2026/04/25 21:39:28 - mmengine - INFO - Iter(train) [ 2680/16000]  lr: 5.1565e-05  eta: 1:12:03  time: 0.3367  data_time: 0.0052  memory: 6052  loss: 2.9471  decode.loss_ce: 2.0532  decode.acc_seg: 14.5054  aux.loss_ce: 0.8939  aux.acc_seg: 7.5626
2026/04/25 21:39:35 - mmengine - INFO - Iter(train) [ 2700/16000]  lr: 5.1487e-05  eta: 1:11:56  time: 0.3238  data_time: 0.0053  memory: 6052  loss: 3.1446  decode.loss_ce: 2.2141  decode.acc_seg: 55.7766  aux.loss_ce: 0.9305  aux.acc_seg: 46.2865
2026/04/25 21:39:41 - mmengine - INFO - Iter(train) [ 2720/16000]  lr: 5.1410e-05  eta: 1:11:50  time: 0.3233  data_time: 0.0053  memory: 6052  loss: 2.9917  decode.loss_ce: 2.0735  decode.acc_seg: 51.5902  aux.loss_ce: 0.9183  aux.acc_seg: 34.9759
2026/04/25 21:39:48 - mmengine - INFO - Iter(train) [ 2740/16000]  lr: 5.1332e-05  eta: 1:11:43  time: 0.3238  data_time: 0.0052  memory: 6052  loss: 2.7162  decode.loss_ce: 1.8916  decode.acc_seg: 3.6002  aux.loss_ce: 0.8246  aux.acc_seg: 9.2095
2026/04/25 21:39:55 - mmengine - INFO - Iter(train) [ 2760/16000]  lr: 5.1255e-05  eta: 1:11:37  time: 0.3369  data_time: 0.0052  memory: 6052  loss: 2.6976  decode.loss_ce: 1.8571  decode.acc_seg: 40.9963  aux.loss_ce: 0.8405  aux.acc_seg: 50.1571
2026/04/25 21:40:01 - mmengine - INFO - Iter(train) [ 2780/16000]  lr: 5.1177e-05  eta: 1:11:31  time: 0.3330  data_time: 0.0053  memory: 6052  loss: 3.3092  decode.loss_ce: 2.2991  decode.acc_seg: 60.8725  aux.loss_ce: 1.0100  aux.acc_seg: 44.4970
2026/04/25 21:40:08 - mmengine - INFO - Iter(train) [ 2800/16000]  lr: 5.1100e-05  eta: 1:11:25  time: 0.3293  data_time: 0.0053  memory: 6052  loss: 2.7863  decode.loss_ce: 1.9240  decode.acc_seg: 45.6189  aux.loss_ce: 0.8623  aux.acc_seg: 22.5539
2026/04/25 21:40:14 - mmengine - INFO - Iter(train) [ 2820/16000]  lr: 5.1023e-05  eta: 1:11:19  time: 0.3327  data_time: 0.0053  memory: 6052  loss: 3.1494  decode.loss_ce: 2.2261  decode.acc_seg: 33.4866  aux.loss_ce: 0.9233  aux.acc_seg: 28.5043
2026/04/25 21:40:21 - mmengine - INFO - Iter(train) [ 2840/16000]  lr: 5.0945e-05  eta: 1:11:13  time: 0.3290  data_time: 0.0051  memory: 6052  loss: 2.6336  decode.loss_ce: 1.8093  decode.acc_seg: 22.8519  aux.loss_ce: 0.8243  aux.acc_seg: 21.8278
2026/04/25 21:40:27 - mmengine - INFO - Iter(train) [ 2860/16000]  lr: 5.0868e-05  eta: 1:11:07  time: 0.3275  data_time: 0.0053  memory: 6052  loss: 3.4019  decode.loss_ce: 2.3285  decode.acc_seg: 35.5618  aux.loss_ce: 1.0734  aux.acc_seg: 33.6989
2026/04/25 21:40:34 - mmengine - INFO - Iter(train) [ 2880/16000]  lr: 5.0790e-05  eta: 1:11:00  time: 0.3232  data_time: 0.0053  memory: 6052  loss: 3.1011  decode.loss_ce: 2.1591  decode.acc_seg: 32.9835  aux.loss_ce: 0.9420  aux.acc_seg: 28.9124
2026/04/25 21:40:40 - mmengine - INFO - Iter(train) [ 2900/16000]  lr: 5.0713e-05  eta: 1:10:54  time: 0.3245  data_time: 0.0053  memory: 6052  loss: 2.8028  decode.loss_ce: 1.9601  decode.acc_seg: 4.0112  aux.loss_ce: 0.8426  aux.acc_seg: 6.5349
2026/04/25 21:40:47 - mmengine - INFO - Iter(train) [ 2920/16000]  lr: 5.0636e-05  eta: 1:10:48  time: 0.3266  data_time: 0.0053  memory: 6052  loss: 2.7407  decode.loss_ce: 1.9165  decode.acc_seg: 26.0246  aux.loss_ce: 0.8242  aux.acc_seg: 22.2689
2026/04/25 21:40:53 - mmengine - INFO - Iter(train) [ 2940/16000]  lr: 5.0558e-05  eta: 1:10:41  time: 0.3265  data_time: 0.0052  memory: 6052  loss: 3.2133  decode.loss_ce: 2.2571  decode.acc_seg: 15.4579  aux.loss_ce: 0.9562  aux.acc_seg: 15.8590
2026/04/25 21:41:00 - mmengine - INFO - Iter(train) [ 2960/16000]  lr: 5.0481e-05  eta: 1:10:35  time: 0.3264  data_time: 0.0052  memory: 6052  loss: 2.8372  decode.loss_ce: 1.9669  decode.acc_seg: 43.3235  aux.loss_ce: 0.8703  aux.acc_seg: 8.9316
2026/04/25 21:41:07 - mmengine - INFO - Iter(train) [ 2980/16000]  lr: 5.0403e-05  eta: 1:10:29  time: 0.3284  data_time: 0.0052  memory: 6052  loss: 3.2010  decode.loss_ce: 2.2107  decode.acc_seg: 17.9728  aux.loss_ce: 0.9902  aux.acc_seg: 18.1398
2026/04/25 21:41:13 - mmengine - INFO - Exp name: pvmamba_tiny_upernet_ade20k_v13_random_16000_fixrelu_20260425_212454
2026/04/25 21:41:13 - mmengine - INFO - Iter(train) [ 3000/16000]  lr: 5.0326e-05  eta: 1:10:23  time: 0.3304  data_time: 0.0053  memory: 6052  loss: 3.0865  decode.loss_ce: 2.1440  decode.acc_seg: 12.8957  aux.loss_ce: 0.9425  aux.acc_seg: 11.8416
2026/04/25 21:41:20 - mmengine - INFO - Iter(train) [ 3020/16000]  lr: 5.0248e-05  eta: 1:10:16  time: 0.3264  data_time: 0.0052  memory: 6052  loss: 3.0677  decode.loss_ce: 2.1053  decode.acc_seg: 56.0047  aux.loss_ce: 0.9624  aux.acc_seg: 41.2712
2026/04/25 21:41:26 - mmengine - INFO - Iter(train) [ 3040/16000]  lr: 5.0171e-05  eta: 1:10:10  time: 0.3273  data_time: 0.0052  memory: 6052  loss: 3.2615  decode.loss_ce: 2.3021  decode.acc_seg: 16.0743  aux.loss_ce: 0.9593  aux.acc_seg: 26.1218
2026/04/25 21:41:33 - mmengine - INFO - Iter(train) [ 3060/16000]  lr: 5.0094e-05  eta: 1:10:04  time: 0.3319  data_time: 0.0052  memory: 6052  loss: 2.6939  decode.loss_ce: 1.8646  decode.acc_seg: 23.2027  aux.loss_ce: 0.8293  aux.acc_seg: 25.2665
2026/04/25 21:41:39 - mmengine - INFO - Iter(train) [ 3080/16000]  lr: 5.0016e-05  eta: 1:09:58  time: 0.3280  data_time: 0.0052  memory: 6052  loss: 3.2214  decode.loss_ce: 2.2702  decode.acc_seg: 19.1893  aux.loss_ce: 0.9512  aux.acc_seg: 19.1895
2026/04/25 21:41:46 - mmengine - INFO - Iter(train) [ 3100/16000]  lr: 4.9939e-05  eta: 1:09:52  time: 0.3313  data_time: 0.0052  memory: 6052  loss: 2.8981  decode.loss_ce: 2.0185  decode.acc_seg: 62.8579  aux.loss_ce: 0.8796  aux.acc_seg: 54.5277
2026/04/25 21:41:53 - mmengine - INFO - Iter(train) [ 3120/16000]  lr: 4.9861e-05  eta: 1:09:46  time: 0.3302  data_time: 0.0053  memory: 6052  loss: 3.4469  decode.loss_ce: 2.4323  decode.acc_seg: 29.6076  aux.loss_ce: 1.0146  aux.acc_seg: 33.7279
2026/04/25 21:41:59 - mmengine - INFO - Iter(train) [ 3140/16000]  lr: 4.9784e-05  eta: 1:09:40  time: 0.3254  data_time: 0.0050  memory: 6052  loss: 3.1534  decode.loss_ce: 2.1640  decode.acc_seg: 66.2282  aux.loss_ce: 0.9894  aux.acc_seg: 62.9777
2026/04/25 21:42:06 - mmengine - INFO - Iter(train) [ 3160/16000]  lr: 4.9706e-05  eta: 1:09:33  time: 0.3266  data_time: 0.0050  memory: 6052  loss: 2.8956  decode.loss_ce: 2.0032  decode.acc_seg: 49.7224  aux.loss_ce: 0.8924  aux.acc_seg: 48.7542
2026/04/25 21:42:12 - mmengine - INFO - Iter(train) [ 3180/16000]  lr: 4.9629e-05  eta: 1:09:27  time: 0.3271  data_time: 0.0050  memory: 6052  loss: 3.3504  decode.loss_ce: 2.3815  decode.acc_seg: 20.0580  aux.loss_ce: 0.9689  aux.acc_seg: 20.9027
2026/04/25 21:42:19 - mmengine - INFO - Iter(train) [ 3200/16000]  lr: 4.9552e-05  eta: 1:09:21  time: 0.3259  data_time: 0.0051  memory: 6052  loss: 2.8140  decode.loss_ce: 1.9614  decode.acc_seg: 23.7648  aux.loss_ce: 0.8526  aux.acc_seg: 18.3966
2026/04/25 21:42:25 - mmengine - INFO - Iter(train) [ 3220/16000]  lr: 4.9474e-05  eta: 1:09:15  time: 0.3272  data_time: 0.0050  memory: 6052  loss: 3.4501  decode.loss_ce: 2.3902  decode.acc_seg: 34.9543  aux.loss_ce: 1.0599  aux.acc_seg: 22.3820
2026/04/25 21:42:32 - mmengine - INFO - Iter(train) [ 3240/16000]  lr: 4.9397e-05  eta: 1:09:08  time: 0.3268  data_time: 0.0050  memory: 6052  loss: 3.0984  decode.loss_ce: 2.1465  decode.acc_seg: 57.1948  aux.loss_ce: 0.9519  aux.acc_seg: 47.1689
2026/04/25 21:42:39 - mmengine - INFO - Iter(train) [ 3260/16000]  lr: 4.9319e-05  eta: 1:09:02  time: 0.3271  data_time: 0.0050  memory: 6052  loss: 2.0785  decode.loss_ce: 1.4439  decode.acc_seg: 31.0762  aux.loss_ce: 0.6346  aux.acc_seg: 28.5899
2026/04/25 21:42:45 - mmengine - INFO - Iter(train) [ 3280/16000]  lr: 4.9242e-05  eta: 1:08:55  time: 0.3279  data_time: 0.0050  memory: 6052  loss: 2.9850  decode.loss_ce: 2.0753  decode.acc_seg: 18.9797  aux.loss_ce: 0.9097  aux.acc_seg: 19.1771
2026/04/25 21:42:52 - mmengine - INFO - Iter(train) [ 3300/16000]  lr: 4.9164e-05  eta: 1:08:49  time: 0.3288  data_time: 0.0050  memory: 6052  loss: 2.6103  decode.loss_ce: 1.7972  decode.acc_seg: 59.9928  aux.loss_ce: 0.8131  aux.acc_seg: 54.9829
2026/04/25 21:42:58 - mmengine - INFO - Iter(train) [ 3320/16000]  lr: 4.9087e-05  eta: 1:08:43  time: 0.3238  data_time: 0.0050  memory: 6052  loss: 2.6183  decode.loss_ce: 1.8069  decode.acc_seg: 47.7148  aux.loss_ce: 0.8114  aux.acc_seg: 35.6541
2026/04/25 21:43:05 - mmengine - INFO - Iter(train) [ 3340/16000]  lr: 4.9010e-05  eta: 1:08:36  time: 0.3267  data_time: 0.0050  memory: 6052  loss: 2.8698  decode.loss_ce: 2.0255  decode.acc_seg: 53.7267  aux.loss_ce: 0.8444  aux.acc_seg: 51.6595
2026/04/25 21:43:11 - mmengine - INFO - Iter(train) [ 3360/16000]  lr: 4.8932e-05  eta: 1:08:30  time: 0.3269  data_time: 0.0049  memory: 6052  loss: 2.6626  decode.loss_ce: 1.8285  decode.acc_seg: 37.0999  aux.loss_ce: 0.8341  aux.acc_seg: 28.2837
2026/04/25 21:43:18 - mmengine - INFO - Iter(train) [ 3380/16000]  lr: 4.8855e-05  eta: 1:08:24  time: 0.3293  data_time: 0.0050  memory: 6052  loss: 3.5569  decode.loss_ce: 2.4436  decode.acc_seg: 3.6217  aux.loss_ce: 1.1133  aux.acc_seg: 0.2071
2026/04/25 21:43:24 - mmengine - INFO - Iter(train) [ 3400/16000]  lr: 4.8777e-05  eta: 1:08:17  time: 0.3237  data_time: 0.0050  memory: 6052  loss: 2.7007  decode.loss_ce: 1.8747  decode.acc_seg: 57.8906  aux.loss_ce: 0.8260  aux.acc_seg: 56.1433
2026/04/25 21:43:31 - mmengine - INFO - Iter(train) [ 3420/16000]  lr: 4.8700e-05  eta: 1:08:11  time: 0.3281  data_time: 0.0051  memory: 6052  loss: 2.7847  decode.loss_ce: 1.9299  decode.acc_seg: 36.1493  aux.loss_ce: 0.8548  aux.acc_seg: 60.8494
2026/04/25 21:43:37 - mmengine - INFO - Iter(train) [ 3440/16000]  lr: 4.8622e-05  eta: 1:08:05  time: 0.3257  data_time: 0.0050  memory: 6052  loss: 2.8777  decode.loss_ce: 2.0274  decode.acc_seg: 55.7414  aux.loss_ce: 0.8504  aux.acc_seg: 52.0024
2026/04/25 21:43:44 - mmengine - INFO - Iter(train) [ 3460/16000]  lr: 4.8545e-05  eta: 1:07:58  time: 0.3296  data_time: 0.0051  memory: 6052  loss: 2.7779  decode.loss_ce: 1.9471  decode.acc_seg: 66.1274  aux.loss_ce: 0.8308  aux.acc_seg: 62.5811
2026/04/25 21:43:51 - mmengine - INFO - Iter(train) [ 3480/16000]  lr: 4.8468e-05  eta: 1:07:52  time: 0.3281  data_time: 0.0051  memory: 6052  loss: 3.6458  decode.loss_ce: 2.5361  decode.acc_seg: 25.7146  aux.loss_ce: 1.1097  aux.acc_seg: 3.3720
2026/04/25 21:43:57 - mmengine - INFO - Iter(train) [ 3500/16000]  lr: 4.8390e-05  eta: 1:07:46  time: 0.3291  data_time: 0.0050  memory: 6052  loss: 3.0676  decode.loss_ce: 2.1476  decode.acc_seg: 49.8631  aux.loss_ce: 0.9200  aux.acc_seg: 55.0449
2026/04/25 21:44:04 - mmengine - INFO - Iter(train) [ 3520/16000]  lr: 4.8313e-05  eta: 1:07:39  time: 0.3297  data_time: 0.0051  memory: 6052  loss: 3.0457  decode.loss_ce: 2.1331  decode.acc_seg: 45.8008  aux.loss_ce: 0.9126  aux.acc_seg: 42.7214
2026/04/25 21:44:10 - mmengine - INFO - Iter(train) [ 3540/16000]  lr: 4.8235e-05  eta: 1:07:33  time: 0.3348  data_time: 0.0054  memory: 6052  loss: 2.9570  decode.loss_ce: 2.0594  decode.acc_seg: 22.9365  aux.loss_ce: 0.8976  aux.acc_seg: 29.6488
2026/04/25 21:44:17 - mmengine - INFO - Iter(train) [ 3560/16000]  lr: 4.8158e-05  eta: 1:07:27  time: 0.3287  data_time: 0.0052  memory: 6052  loss: 3.1002  decode.loss_ce: 2.1679  decode.acc_seg: 40.4460  aux.loss_ce: 0.9323  aux.acc_seg: 35.1757
2026/04/25 21:44:24 - mmengine - INFO - Iter(train) [ 3580/16000]  lr: 4.8081e-05  eta: 1:07:21  time: 0.3278  data_time: 0.0053  memory: 6052  loss: 3.1732  decode.loss_ce: 2.2211  decode.acc_seg: 67.5254  aux.loss_ce: 0.9521  aux.acc_seg: 67.7916
2026/04/25 21:44:30 - mmengine - INFO - Iter(train) [ 3600/16000]  lr: 4.8003e-05  eta: 1:07:15  time: 0.3266  data_time: 0.0051  memory: 6052  loss: 2.7658  decode.loss_ce: 1.9214  decode.acc_seg: 46.1637  aux.loss_ce: 0.8444  aux.acc_seg: 38.1356
2026/04/25 21:44:37 - mmengine - INFO - Iter(train) [ 3620/16000]  lr: 4.7926e-05  eta: 1:07:08  time: 0.3246  data_time: 0.0051  memory: 6052  loss: 2.7499  decode.loss_ce: 1.9006  decode.acc_seg: 43.6512  aux.loss_ce: 0.8493  aux.acc_seg: 38.7292
2026/04/25 21:44:43 - mmengine - INFO - Iter(train) [ 3640/16000]  lr: 4.7848e-05  eta: 1:07:02  time: 0.3255  data_time: 0.0050  memory: 6052  loss: 2.9566  decode.loss_ce: 2.0574  decode.acc_seg: 12.0569  aux.loss_ce: 0.8992  aux.acc_seg: 23.1116
2026/04/25 21:44:50 - mmengine - INFO - Iter(train) [ 3660/16000]  lr: 4.7771e-05  eta: 1:06:55  time: 0.3269  data_time: 0.0050  memory: 6052  loss: 3.1799  decode.loss_ce: 2.2193  decode.acc_seg: 32.9558  aux.loss_ce: 0.9606  aux.acc_seg: 27.1730
2026/04/25 21:44:56 - mmengine - INFO - Iter(train) [ 3680/16000]  lr: 4.7693e-05  eta: 1:06:49  time: 0.3269  data_time: 0.0050  memory: 6052  loss: 2.1274  decode.loss_ce: 1.4703  decode.acc_seg: 47.7733  aux.loss_ce: 0.6570  aux.acc_seg: 35.9901
2026/04/25 21:45:03 - mmengine - INFO - Iter(train) [ 3700/16000]  lr: 4.7616e-05  eta: 1:06:43  time: 0.3272  data_time: 0.0050  memory: 6052  loss: 2.4901  decode.loss_ce: 1.7176  decode.acc_seg: 74.3785  aux.loss_ce: 0.7725  aux.acc_seg: 62.5834
2026/04/25 21:45:09 - mmengine - INFO - Iter(train) [ 3720/16000]  lr: 4.7539e-05  eta: 1:06:36  time: 0.3274  data_time: 0.0049  memory: 6052  loss: 3.0044  decode.loss_ce: 2.1233  decode.acc_seg: 59.0748  aux.loss_ce: 0.8810  aux.acc_seg: 55.2251
2026/04/25 21:45:16 - mmengine - INFO - Iter(train) [ 3740/16000]  lr: 4.7461e-05  eta: 1:06:30  time: 0.3303  data_time: 0.0050  memory: 6052  loss: 2.3896  decode.loss_ce: 1.6501  decode.acc_seg: 77.0946  aux.loss_ce: 0.7395  aux.acc_seg: 68.0877
2026/04/25 21:45:23 - mmengine - INFO - Iter(train) [ 3760/16000]  lr: 4.7384e-05  eta: 1:06:24  time: 0.3319  data_time: 0.0051  memory: 6052  loss: 3.5710  decode.loss_ce: 2.4944  decode.acc_seg: 62.2241  aux.loss_ce: 1.0766  aux.acc_seg: 53.8235
2026/04/25 21:45:29 - mmengine - INFO - Iter(train) [ 3780/16000]  lr: 4.7306e-05  eta: 1:06:18  time: 0.3404  data_time: 0.0050  memory: 6052  loss: 2.9469  decode.loss_ce: 2.0568  decode.acc_seg: 32.1717  aux.loss_ce: 0.8901  aux.acc_seg: 29.8702
2026/04/25 21:45:36 - mmengine - INFO - Iter(train) [ 3800/16000]  lr: 4.7229e-05  eta: 1:06:12  time: 0.3243  data_time: 0.0050  memory: 6052  loss: 2.6024  decode.loss_ce: 1.7892  decode.acc_seg: 60.6152  aux.loss_ce: 0.8132  aux.acc_seg: 47.6627
2026/04/25 21:45:42 - mmengine - INFO - Iter(train) [ 3820/16000]  lr: 4.7151e-05  eta: 1:06:05  time: 0.3255  data_time: 0.0051  memory: 6052  loss: 2.8867  decode.loss_ce: 2.0035  decode.acc_seg: 32.8440  aux.loss_ce: 0.8832  aux.acc_seg: 45.3829
2026/04/25 21:45:49 - mmengine - INFO - Iter(train) [ 3840/16000]  lr: 4.7074e-05  eta: 1:05:59  time: 0.3360  data_time: 0.0050  memory: 6052  loss: 2.4158  decode.loss_ce: 1.6903  decode.acc_seg: 36.0693  aux.loss_ce: 0.7254  aux.acc_seg: 25.4865
2026/04/25 21:45:55 - mmengine - INFO - Iter(train) [ 3860/16000]  lr: 4.6997e-05  eta: 1:05:52  time: 0.3252  data_time: 0.0050  memory: 6052  loss: 2.9428  decode.loss_ce: 2.0242  decode.acc_seg: 22.4942  aux.loss_ce: 0.9186  aux.acc_seg: 19.7443
2026/04/25 21:46:02 - mmengine - INFO - Iter(train) [ 3880/16000]  lr: 4.6919e-05  eta: 1:05:46  time: 0.3252  data_time: 0.0050  memory: 6052  loss: 2.7995  decode.loss_ce: 1.9395  decode.acc_seg: 28.9399  aux.loss_ce: 0.8600  aux.acc_seg: 25.7963
2026/04/25 21:46:08 - mmengine - INFO - Iter(train) [ 3900/16000]  lr: 4.6842e-05  eta: 1:05:39  time: 0.3249  data_time: 0.0050  memory: 6052  loss: 3.1237  decode.loss_ce: 2.1911  decode.acc_seg: 55.8455  aux.loss_ce: 0.9326  aux.acc_seg: 60.8324
2026/04/25 21:46:15 - mmengine - INFO - Iter(train) [ 3920/16000]  lr: 4.6764e-05  eta: 1:05:33  time: 0.3270  data_time: 0.0051  memory: 6052  loss: 2.5736  decode.loss_ce: 1.7822  decode.acc_seg: 38.6990  aux.loss_ce: 0.7914  aux.acc_seg: 32.1666
2026/04/25 21:46:22 - mmengine - INFO - Iter(train) [ 3940/16000]  lr: 4.6687e-05  eta: 1:05:27  time: 0.3335  data_time: 0.0050  memory: 6052  loss: 2.6565  decode.loss_ce: 1.8369  decode.acc_seg: 54.0617  aux.loss_ce: 0.8196  aux.acc_seg: 53.6928
2026/04/25 21:46:28 - mmengine - INFO - Iter(train) [ 3960/16000]  lr: 4.6609e-05  eta: 1:05:20  time: 0.3250  data_time: 0.0050  memory: 6052  loss: 3.1993  decode.loss_ce: 2.2375  decode.acc_seg: 3.1564  aux.loss_ce: 0.9618  aux.acc_seg: 3.0093
2026/04/25 21:46:35 - mmengine - INFO - Iter(train) [ 3980/16000]  lr: 4.6532e-05  eta: 1:05:14  time: 0.3262  data_time: 0.0051  memory: 6052  loss: 2.8792  decode.loss_ce: 2.0011  decode.acc_seg: 16.5452  aux.loss_ce: 0.8781  aux.acc_seg: 14.9186
2026/04/25 21:46:41 - mmengine - INFO - Exp name: pvmamba_tiny_upernet_ade20k_v13_random_16000_fixrelu_20260425_212454
2026/04/25 21:46:41 - mmengine - INFO - Iter(train) [ 4000/16000]  lr: 4.6455e-05  eta: 1:05:07  time: 0.3231  data_time: 0.0053  memory: 6052  loss: 3.5056  decode.loss_ce: 2.4672  decode.acc_seg: 12.0776  aux.loss_ce: 1.0384  aux.acc_seg: 11.7281
2026/04/25 21:46:41 - mmengine - INFO - Saving checkpoint at 4000 iterations
2026/04/25 21:46:51 - mmengine - INFO - Iter(val) [  20/1000]    eta: 0:06:42  time: 0.3714  data_time: 0.0018  memory: 9959  
2026/04/25 21:46:56 - mmengine - INFO - Iter(val) [  40/1000]    eta: 0:05:12  time: 0.2667  data_time: 0.0017  memory: 10139  
2026/04/25 21:47:00 - mmengine - INFO - Iter(val) [  60/1000]    eta: 0:04:22  time: 0.2139  data_time: 0.0017  memory: 10146  
2026/04/25 21:47:04 - mmengine - INFO - Iter(val) [  80/1000]    eta: 0:04:02  time: 0.2551  data_time: 0.0018  memory: 10329  
2026/04/25 21:47:07 - mmengine - INFO - Iter(val) [ 100/1000]    eta: 0:03:37  time: 0.1487  data_time: 0.0015  memory: 9953  
2026/04/25 21:47:12 - mmengine - INFO - Iter(val) [ 120/1000]    eta: 0:03:32  time: 0.1752  data_time: 0.0016  memory: 10332  
2026/04/25 21:47:15 - mmengine - INFO - Iter(val) [ 140/1000]    eta: 0:03:13  time: 0.1031  data_time: 0.0016  memory: 9019  
2026/04/25 21:47:18 - mmengine - INFO - Iter(val) [ 160/1000]    eta: 0:03:02  time: 0.1972  data_time: 0.0015  memory: 9395  
2026/04/25 21:47:21 - mmengine - INFO - Iter(val) [ 180/1000]    eta: 0:02:51  time: 0.1048  data_time: 0.0013  memory: 9396  
2026/04/25 21:47:23 - mmengine - INFO - Iter(val) [ 200/1000]    eta: 0:02:39  time: 0.1693  data_time: 0.0015  memory: 10886  
2026/04/25 21:47:25 - mmengine - INFO - Iter(val) [ 220/1000]    eta: 0:02:27  time: 0.1141  data_time: 0.0016  memory: 9399  
2026/04/25 21:47:27 - mmengine - INFO - Iter(val) [ 240/1000]    eta: 0:02:19  time: 0.1630  data_time: 0.0018  memory: 9580  
2026/04/25 21:47:28 - mmengine - INFO - Iter(val) [ 260/1000]    eta: 0:02:08  time: 0.0677  data_time: 0.0015  memory: 1465  
2026/04/25 21:47:32 - mmengine - INFO - Iter(val) [ 280/1000]    eta: 0:02:04  time: 0.2116  data_time: 0.0017  memory: 9771  
2026/04/25 21:47:34 - mmengine - INFO - Iter(val) [ 300/1000]    eta: 0:01:58  time: 0.1096  data_time: 0.0017  memory: 10327  
2026/04/25 21:47:37 - mmengine - INFO - Iter(val) [ 320/1000]    eta: 0:01:53  time: 0.1644  data_time: 0.0017  memory: 9954  
2026/04/25 21:47:40 - mmengine - INFO - Iter(val) [ 340/1000]    eta: 0:01:50  time: 0.1423  data_time: 0.0017  memory: 10705  
2026/04/25 21:47:43 - mmengine - INFO - Iter(val) [ 360/1000]    eta: 0:01:46  time: 0.1714  data_time: 0.0017  memory: 10513  
2026/04/25 21:47:47 - mmengine - INFO - Iter(val) [ 380/1000]    eta: 0:01:44  time: 0.2472  data_time: 0.0019  memory: 10329  
2026/04/25 21:47:49 - mmengine - INFO - Iter(val) [ 400/1000]    eta: 0:01:38  time: 0.0637  data_time: 0.0016  memory: 1451  
2026/04/25 21:47:50 - mmengine - INFO - Iter(val) [ 420/1000]    eta: 0:01:32  time: 0.0639  data_time: 0.0017  memory: 1451  
2026/04/25 21:47:51 - mmengine - INFO - Iter(val) [ 440/1000]    eta: 0:01:26  time: 0.0578  data_time: 0.0013  memory: 1451  
2026/04/25 21:47:56 - mmengine - INFO - Iter(val) [ 460/1000]    eta: 0:01:25  time: 0.3206  data_time: 0.0017  memory: 10887  
2026/04/25 21:47:59 - mmengine - INFO - Iter(val) [ 480/1000]    eta: 0:01:22  time: 0.1041  data_time: 0.0017  memory: 9582  
2026/04/25 21:48:01 - mmengine - INFO - Iter(val) [ 500/1000]    eta: 0:01:18  time: 0.1737  data_time: 0.0017  memory: 10144  
2026/04/25 21:48:04 - mmengine - INFO - Iter(val) [ 520/1000]    eta: 0:01:14  time: 0.1642  data_time: 0.0018  memory: 8084  
2026/04/25 21:48:06 - mmengine - INFO - Iter(val) [ 540/1000]    eta: 0:01:10  time: 0.1618  data_time: 0.0017  memory: 10516  
2026/04/25 21:48:09 - mmengine - INFO - Iter(val) [ 560/1000]    eta: 0:01:07  time: 0.1117  data_time: 0.0016  memory: 9584  
2026/04/25 21:48:10 - mmengine - INFO - Iter(val) [ 580/1000]    eta: 0:01:03  time: 0.0632  data_time: 0.0017  memory: 2508  
2026/04/25 21:48:12 - mmengine - INFO - Iter(val) [ 600/1000]    eta: 0:00:59  time: 0.0643  data_time: 0.0016  memory: 1494  
2026/04/25 21:48:14 - mmengine - INFO - Iter(val) [ 620/1000]    eta: 0:00:55  time: 0.1747  data_time: 0.0016  memory: 10703  
2026/04/25 21:48:16 - mmengine - INFO - Iter(val) [ 640/1000]    eta: 0:00:52  time: 0.0625  data_time: 0.0021  memory: 8277  
2026/04/25 21:48:17 - mmengine - INFO - Iter(val) [ 660/1000]    eta: 0:00:48  time: 0.0642  data_time: 0.0014  memory: 1453  
2026/04/25 21:48:19 - mmengine - INFO - Iter(val) [ 680/1000]    eta: 0:00:45  time: 0.1326  data_time: 0.0017  memory: 8839  
2026/04/25 21:48:22 - mmengine - INFO - Iter(val) [ 700/1000]    eta: 0:00:42  time: 0.1310  data_time: 0.0019  memory: 10518  
2026/04/25 21:48:24 - mmengine - INFO - Iter(val) [ 720/1000]    eta: 0:00:39  time: 0.1151  data_time: 0.0017  memory: 9583  
2026/04/25 21:48:25 - mmengine - INFO - Iter(val) [ 740/1000]    eta: 0:00:35  time: 0.0646  data_time: 0.0015  memory: 1453  
2026/04/25 21:48:27 - mmengine - INFO - Iter(val) [ 760/1000]    eta: 0:00:32  time: 0.1214  data_time: 0.0019  memory: 1581  
2026/04/25 21:48:29 - mmengine - INFO - Iter(val) [ 780/1000]    eta: 0:00:29  time: 0.0632  data_time: 0.0013  memory: 10332  
2026/04/25 21:48:30 - mmengine - INFO - Iter(val) [ 800/1000]    eta: 0:00:26  time: 0.0628  data_time: 0.0015  memory: 1402  
2026/04/25 21:48:33 - mmengine - INFO - Iter(val) [ 820/1000]    eta: 0:00:24  time: 0.1726  data_time: 0.0016  memory: 9212  
2026/04/25 21:48:35 - mmengine - INFO - Iter(val) [ 840/1000]    eta: 0:00:21  time: 0.1256  data_time: 0.0015  memory: 8087  
2026/04/25 21:48:38 - mmengine - INFO - Iter(val) [ 860/1000]    eta: 0:00:18  time: 0.1066  data_time: 0.0015  memory: 9771  
2026/04/25 21:48:40 - mmengine - INFO - Iter(val) [ 880/1000]    eta: 0:00:15  time: 0.0605  data_time: 0.0015  memory: 10146  
2026/04/25 21:48:42 - mmengine - INFO - Iter(val) [ 900/1000]    eta: 0:00:13  time: 0.0648  data_time: 0.0016  memory: 8271  
2026/04/25 21:48:43 - mmengine - INFO - Iter(val) [ 920/1000]    eta: 0:00:10  time: 0.0644  data_time: 0.0017  memory: 1389  
2026/04/25 21:48:44 - mmengine - INFO - Iter(val) [ 940/1000]    eta: 0:00:07  time: 0.0576  data_time: 0.0012  memory: 1389  
2026/04/25 21:48:46 - mmengine - INFO - Iter(val) [ 960/1000]    eta: 0:00:05  time: 0.1448  data_time: 0.0012  memory: 5739  
2026/04/25 21:48:48 - mmengine - INFO - Iter(val) [ 980/1000]    eta: 0:00:02  time: 0.0618  data_time: 0.0014  memory: 9019  
2026/04/25 21:48:51 - mmengine - INFO - Iter(val) [1000/1000]    eta: 0:00:00  time: 0.1339  data_time: 0.0015  memory: 9581  
2026/04/25 21:48:52 - mmengine - INFO - per class results:
2026/04/25 21:48:52 - mmengine - INFO - 
+---------------------+-------+-------+
|        Class        |  IoU  |  Acc  |
+---------------------+-------+-------+
|         wall        | 39.64 | 71.04 |
|       building      | 52.84 | 72.18 |
|         sky         | 79.45 | 92.95 |
|        floor        | 35.75 | 64.59 |
|         tree        | 42.59 | 75.57 |
|       ceiling       | 44.94 |  68.9 |
|         road        |  50.4 |  81.4 |
|         bed         | 19.61 | 54.37 |
|      windowpane     | 24.82 | 53.37 |
|        grass        | 41.56 | 76.95 |
|       cabinet       |  0.57 |  0.57 |
|       sidewalk      | 11.08 | 12.95 |
|        person       | 13.74 | 29.05 |
|        earth        |  5.57 |  7.02 |
|         door        |  0.28 |  0.28 |
|        table        |  0.14 |  0.14 |
|       mountain      | 15.44 |  31.1 |
|        plant        |  8.64 | 11.27 |
|       curtain       |  0.15 |  0.15 |
|        chair        |  2.57 |  2.79 |
|         car         | 26.64 | 40.91 |
|        water        |  1.08 |  1.14 |
|       painting      |  0.1  |  0.1  |
|         sofa        |  0.0  |  0.0  |
|        shelf        |  0.0  |  0.0  |
|        house        |  0.0  |  0.0  |
|         sea         | 15.91 | 41.27 |
|        mirror       |  0.0  |  0.0  |
|         rug         |  0.0  |  0.0  |
|        field        |  8.06 |  23.2 |
|       armchair      |  0.0  |  0.0  |
|         seat        |  0.0  |  0.0  |
|        fence        |  0.0  |  0.0  |
|         desk        |  0.0  |  0.0  |
|         rock        |  0.0  |  0.0  |
|       wardrobe      |  0.0  |  0.0  |
|         lamp        |  0.0  |  0.0  |
|       bathtub       |  0.0  |  0.0  |
|       railing       |  0.0  |  0.0  |
|       cushion       |  0.0  |  0.0  |
|         base        |  0.0  |  0.0  |
|         box         |  0.0  |  0.0  |
|        column       |  0.0  |  0.0  |
|      signboard      |  0.0  |  0.0  |
|   chest of drawers  |  0.0  |  0.0  |
|       counter       |  0.0  |  0.0  |
|         sand        |  0.0  |  0.0  |
|         sink        |  0.0  |  0.0  |
|      skyscraper     |  0.0  |  0.0  |
|      fireplace      |  0.0  |  0.0  |
|     refrigerator    |  0.0  |  0.0  |
|      grandstand     |  0.0  |  0.0  |
|         path        |  0.0  |  0.0  |
|        stairs       |  0.0  |  0.0  |
|        runway       |  0.0  |  0.0  |
|         case        |  0.0  |  0.0  |
|      pool table     |  0.0  |  0.0  |
|        pillow       |  0.0  |  0.0  |
|     screen door     |  0.0  |  0.0  |
|       stairway      |  0.0  |  0.0  |
|        river        |  0.0  |  0.0  |
|        bridge       |  0.0  |  0.0  |
|       bookcase      |  0.0  |  0.0  |
|        blind        |  0.0  |  0.0  |
|     coffee table    |  0.0  |  0.0  |
|        toilet       |  0.0  |  0.0  |
|        flower       |  0.0  |  0.0  |
|         book        |  0.0  |  0.0  |
|         hill        |  0.0  |  0.0  |
|        bench        |  0.0  |  0.0  |
|      countertop     |  0.0  |  0.0  |
|        stove        |  0.0  |  0.0  |
|         palm        |  0.0  |  0.0  |
|    kitchen island   |  0.0  |  0.0  |
|       computer      |  0.0  |  0.0  |
|     swivel chair    |  0.0  |  0.0  |
|         boat        |  0.0  |  0.0  |
|         bar         |  0.0  |  0.0  |
|    arcade machine   |  0.0  |  0.0  |
|        hovel        |  0.0  |  0.0  |
|         bus         |  0.0  |  0.0  |
|        towel        |  0.0  |  0.0  |
|        light        |  0.0  |  0.0  |
|        truck        |  0.0  |  0.0  |
|        tower        |  0.0  |  0.0  |
|      chandelier     |  0.0  |  0.0  |
|        awning       |  0.0  |  0.0  |
|     streetlight     |  0.0  |  0.0  |
|        booth        |  0.0  |  0.0  |
| television receiver |  0.0  |  0.0  |
|       airplane      |  0.0  |  0.0  |
|      dirt track     |  0.0  |  0.0  |
|       apparel       |  0.0  |  0.0  |
|         pole        |  0.0  |  0.0  |
|         land        |  0.0  |  0.0  |
|      bannister      |  0.0  |  0.0  |
|      escalator      |  0.0  |  0.0  |
|       ottoman       |  0.0  |  0.0  |
|        bottle       |  0.0  |  0.0  |
|        buffet       |  0.0  |  0.0  |
|        poster       |  0.0  |  0.0  |
|        stage        |  0.0  |  0.0  |
|         van         |  0.0  |  0.0  |
|         ship        |  0.0  |  0.0  |
|       fountain      |  0.0  |  0.0  |
|    conveyer belt    |  0.0  |  0.0  |
|        canopy       |  0.0  |  0.0  |
|        washer       |  0.0  |  0.0  |
|      plaything      |  0.0  |  0.0  |
|    swimming pool    |  0.0  |  0.0  |
|        stool        |  0.0  |  0.0  |
|        barrel       |  0.0  |  0.0  |
|        basket       |  0.0  |  0.0  |
|      waterfall      |  0.0  |  0.0  |
|         tent        |  0.0  |  0.0  |
|         bag         |  0.0  |  0.0  |
|       minibike      |  0.0  |  0.0  |
|        cradle       |  0.0  |  0.0  |
|         oven        |  0.0  |  0.0  |
|         ball        |  0.0  |  0.0  |
|         food        |  0.0  |  0.0  |
|         step        |  0.0  |  0.0  |
|         tank        |  0.0  |  0.0  |
|      trade name     |  0.0  |  0.0  |
|      microwave      |  0.0  |  0.0  |
|         pot         |  0.0  |  0.0  |
|        animal       |  0.0  |  0.0  |
|       bicycle       |  0.0  |  0.0  |
|         lake        |  0.0  |  0.0  |
|      dishwasher     |  0.0  |  0.0  |
|        screen       |  0.0  |  0.0  |
|       blanket       |  0.0  |  0.0  |
|      sculpture      |  0.0  |  0.0  |
|         hood        |  0.0  |  0.0  |
|        sconce       |  0.0  |  0.0  |
|         vase        |  0.0  |  0.0  |
|    traffic light    |  0.0  |  0.0  |
|         tray        |  0.0  |  0.0  |
|        ashcan       |  0.0  |  0.0  |
|         fan         |  0.0  |  0.0  |
|         pier        |  0.0  |  0.0  |
|      crt screen     |  0.0  |  0.0  |
|        plate        |  0.0  |  0.0  |
|       monitor       |  0.0  |  0.0  |
|    bulletin board   |  0.0  |  0.0  |
|        shower       |  0.0  |  0.0  |
|       radiator      |  0.0  |  0.0  |
|        glass        |  0.0  |  0.0  |
|        clock        |  0.0  |  0.0  |
|         flag        |  0.0  |  0.0  |
+---------------------+-------+-------+
2026/04/25 21:48:52 - mmengine - INFO - Iter(val) [1000/1000]    aAcc: 50.2300  mIoU: 3.6100  mAcc: 6.0900  data_time: 0.0017  time: 0.1276
2026/04/25 21:48:52 - mmengine - INFO - The best checkpoint with 3.6100 mIoU at 4000 iter is saved to best_mIoU_iter_4000.pth.
2026/04/25 21:49:02 - mmengine - INFO - Iter(train) [ 4020/16000]  lr: 4.6377e-05  eta: 1:05:14  time: 0.3225  data_time: 0.0073  memory: 6053  loss: 2.3615  decode.loss_ce: 1.6327  decode.acc_seg: 76.0155  aux.loss_ce: 0.7288  aux.acc_seg: 71.9977
2026/04/25 21:49:08 - mmengine - INFO - Iter(train) [ 4040/16000]  lr: 4.6300e-05  eta: 1:05:08  time: 0.3545  data_time: 0.0087  memory: 6053  loss: 2.9561  decode.loss_ce: 2.0500  decode.acc_seg: 49.6674  aux.loss_ce: 0.9061  aux.acc_seg: 40.8630
2026/04/25 21:49:15 - mmengine - INFO - Iter(train) [ 4060/16000]  lr: 4.6222e-05  eta: 1:05:02  time: 0.3408  data_time: 0.0076  memory: 6053  loss: 2.7777  decode.loss_ce: 1.9288  decode.acc_seg: 31.4550  aux.loss_ce: 0.8489  aux.acc_seg: 30.4622
2026/04/25 21:49:22 - mmengine - INFO - Iter(train) [ 4080/16000]  lr: 4.6145e-05  eta: 1:04:56  time: 0.3272  data_time: 0.0075  memory: 6053  loss: 3.7105  decode.loss_ce: 2.6065  decode.acc_seg: 17.9764  aux.loss_ce: 1.1040  aux.acc_seg: 17.0316
2026/04/25 21:49:29 - mmengine - INFO - Iter(train) [ 4100/16000]  lr: 4.6067e-05  eta: 1:04:50  time: 0.3321  data_time: 0.0073  memory: 6053  loss: 2.5845  decode.loss_ce: 1.7816  decode.acc_seg: 46.8200  aux.loss_ce: 0.8029  aux.acc_seg: 56.3164
2026/04/25 21:49:35 - mmengine - INFO - Iter(train) [ 4120/16000]  lr: 4.5990e-05  eta: 1:04:43  time: 0.3281  data_time: 0.0074  memory: 6053  loss: 3.1491  decode.loss_ce: 2.1888  decode.acc_seg: 19.5646  aux.loss_ce: 0.9604  aux.acc_seg: 21.7172
2026/04/25 21:49:42 - mmengine - INFO - Iter(train) [ 4140/16000]  lr: 4.5913e-05  eta: 1:04:37  time: 0.3317  data_time: 0.0079  memory: 6053  loss: 2.6026  decode.loss_ce: 1.7828  decode.acc_seg: 44.5753  aux.loss_ce: 0.8198  aux.acc_seg: 26.8199
2026/04/25 21:49:48 - mmengine - INFO - Iter(train) [ 4160/16000]  lr: 4.5835e-05  eta: 1:04:31  time: 0.3308  data_time: 0.0078  memory: 6053  loss: 2.2654  decode.loss_ce: 1.5588  decode.acc_seg: 57.7190  aux.loss_ce: 0.7065  aux.acc_seg: 54.6627
2026/04/25 21:49:55 - mmengine - INFO - Iter(train) [ 4180/16000]  lr: 4.5758e-05  eta: 1:04:24  time: 0.3285  data_time: 0.0075  memory: 6053  loss: 3.0906  decode.loss_ce: 2.1282  decode.acc_seg: 3.6305  aux.loss_ce: 0.9624  aux.acc_seg: 20.2395
2026/04/25 21:50:02 - mmengine - INFO - Iter(train) [ 4200/16000]  lr: 4.5680e-05  eta: 1:04:18  time: 0.3278  data_time: 0.0074  memory: 6053  loss: 3.2477  decode.loss_ce: 2.2258  decode.acc_seg: 27.3417  aux.loss_ce: 1.0219  aux.acc_seg: 27.3031
2026/04/25 21:50:08 - mmengine - INFO - Iter(train) [ 4220/16000]  lr: 4.5603e-05  eta: 1:04:12  time: 0.3325  data_time: 0.0074  memory: 6053  loss: 3.0120  decode.loss_ce: 2.0992  decode.acc_seg: 82.8740  aux.loss_ce: 0.9128  aux.acc_seg: 76.8770
2026/04/25 21:50:15 - mmengine - INFO - Iter(train) [ 4240/16000]  lr: 4.5526e-05  eta: 1:04:05  time: 0.3308  data_time: 0.0075  memory: 6053  loss: 2.7978  decode.loss_ce: 1.9184  decode.acc_seg: 48.4602  aux.loss_ce: 0.8794  aux.acc_seg: 44.8859
2026/04/25 21:50:21 - mmengine - INFO - Iter(train) [ 4260/16000]  lr: 4.5448e-05  eta: 1:03:59  time: 0.3306  data_time: 0.0074  memory: 6053  loss: 2.6518  decode.loss_ce: 1.8386  decode.acc_seg: 67.5477  aux.loss_ce: 0.8132  aux.acc_seg: 64.2008
2026/04/25 21:50:28 - mmengine - INFO - Iter(train) [ 4280/16000]  lr: 4.5371e-05  eta: 1:03:53  time: 0.3332  data_time: 0.0077  memory: 6053  loss: 2.7888  decode.loss_ce: 1.9083  decode.acc_seg: 11.9546  aux.loss_ce: 0.8805  aux.acc_seg: 21.7221
2026/04/25 21:50:35 - mmengine - INFO - Iter(train) [ 4300/16000]  lr: 4.5293e-05  eta: 1:03:47  time: 0.3302  data_time: 0.0074  memory: 6053  loss: 2.3856  decode.loss_ce: 1.6425  decode.acc_seg: 40.8007  aux.loss_ce: 0.7431  aux.acc_seg: 39.9142
2026/04/25 21:50:42 - mmengine - INFO - Iter(train) [ 4320/16000]  lr: 4.5216e-05  eta: 1:03:41  time: 0.3299  data_time: 0.0074  memory: 6053  loss: 2.7556  decode.loss_ce: 1.9189  decode.acc_seg: 61.3967  aux.loss_ce: 0.8367  aux.acc_seg: 57.3163
2026/04/25 21:50:48 - mmengine - INFO - Iter(train) [ 4340/16000]  lr: 4.5138e-05  eta: 1:03:34  time: 0.3305  data_time: 0.0077  memory: 6053  loss: 2.7919  decode.loss_ce: 1.9396  decode.acc_seg: 29.2953  aux.loss_ce: 0.8523  aux.acc_seg: 24.2596
2026/04/25 21:50:55 - mmengine - INFO - Iter(train) [ 4360/16000]  lr: 4.5061e-05  eta: 1:03:28  time: 0.3307  data_time: 0.0074  memory: 6053  loss: 2.8177  decode.loss_ce: 1.9589  decode.acc_seg: 24.3749  aux.loss_ce: 0.8588  aux.acc_seg: 17.8358
2026/04/25 21:51:01 - mmengine - INFO - Iter(train) [ 4380/16000]  lr: 4.4984e-05  eta: 1:03:22  time: 0.3296  data_time: 0.0074  memory: 6053  loss: 2.9341  decode.loss_ce: 2.0509  decode.acc_seg: 18.8968  aux.loss_ce: 0.8832  aux.acc_seg: 28.2104
2026/04/25 21:51:08 - mmengine - INFO - Iter(train) [ 4400/16000]  lr: 4.4906e-05  eta: 1:03:15  time: 0.3325  data_time: 0.0076  memory: 6053  loss: 2.7780  decode.loss_ce: 1.9016  decode.acc_seg: 60.5287  aux.loss_ce: 0.8764  aux.acc_seg: 33.2343
2026/04/25 21:51:15 - mmengine - INFO - Iter(train) [ 4420/16000]  lr: 4.4829e-05  eta: 1:03:09  time: 0.3367  data_time: 0.0075  memory: 6053  loss: 2.8328  decode.loss_ce: 1.9689  decode.acc_seg: 11.6800  aux.loss_ce: 0.8639  aux.acc_seg: 14.1413
2026/04/25 21:51:21 - mmengine - INFO - Iter(train) [ 4440/16000]  lr: 4.4751e-05  eta: 1:03:03  time: 0.3333  data_time: 0.0073  memory: 6053  loss: 2.8631  decode.loss_ce: 1.9946  decode.acc_seg: 45.4422  aux.loss_ce: 0.8686  aux.acc_seg: 47.8222
2026/04/25 21:51:28 - mmengine - INFO - Iter(train) [ 4460/16000]  lr: 4.4674e-05  eta: 1:02:57  time: 0.3300  data_time: 0.0074  memory: 6053  loss: 2.8407  decode.loss_ce: 1.9895  decode.acc_seg: 28.2413  aux.loss_ce: 0.8512  aux.acc_seg: 29.7338
2026/04/25 21:51:35 - mmengine - INFO - Iter(train) [ 4480/16000]  lr: 4.4596e-05  eta: 1:02:50  time: 0.3288  data_time: 0.0062  memory: 6053  loss: 2.5120  decode.loss_ce: 1.7575  decode.acc_seg: 17.2289  aux.loss_ce: 0.7546  aux.acc_seg: 16.5594
2026/04/25 21:51:41 - mmengine - INFO - Iter(train) [ 4500/16000]  lr: 4.4519e-05  eta: 1:02:44  time: 0.3283  data_time: 0.0062  memory: 6053  loss: 3.5910  decode.loss_ce: 2.5034  decode.acc_seg: 63.5960  aux.loss_ce: 1.0877  aux.acc_seg: 40.5125
2026/04/25 21:51:48 - mmengine - INFO - Iter(train) [ 4520/16000]  lr: 4.4442e-05  eta: 1:02:38  time: 0.3371  data_time: 0.0062  memory: 6053  loss: 2.6840  decode.loss_ce: 1.8734  decode.acc_seg: 63.0124  aux.loss_ce: 0.8106  aux.acc_seg: 68.0779
2026/04/25 21:51:55 - mmengine - INFO - Iter(train) [ 4540/16000]  lr: 4.4364e-05  eta: 1:02:31  time: 0.3308  data_time: 0.0062  memory: 6053  loss: 3.1254  decode.loss_ce: 2.1754  decode.acc_seg: 93.6546  aux.loss_ce: 0.9500  aux.acc_seg: 89.8155
2026/04/25 21:52:01 - mmengine - INFO - Iter(train) [ 4560/16000]  lr: 4.4287e-05  eta: 1:02:25  time: 0.3370  data_time: 0.0066  memory: 6053  loss: 2.6323  decode.loss_ce: 1.8146  decode.acc_seg: 28.6957  aux.loss_ce: 0.8177  aux.acc_seg: 20.5732
2026/04/25 21:52:08 - mmengine - INFO - Iter(train) [ 4580/16000]  lr: 4.4209e-05  eta: 1:02:19  time: 0.3289  data_time: 0.0058  memory: 6053  loss: 3.0529  decode.loss_ce: 2.1269  decode.acc_seg: 49.2296  aux.loss_ce: 0.9260  aux.acc_seg: 43.4320
2026/04/25 21:52:15 - mmengine - INFO - Iter(train) [ 4600/16000]  lr: 4.4132e-05  eta: 1:02:12  time: 0.3301  data_time: 0.0058  memory: 6053  loss: 2.4748  decode.loss_ce: 1.7065  decode.acc_seg: 49.2061  aux.loss_ce: 0.7683  aux.acc_seg: 53.1603
2026/04/25 21:52:21 - mmengine - INFO - Iter(train) [ 4620/16000]  lr: 4.4054e-05  eta: 1:02:06  time: 0.3339  data_time: 0.0059  memory: 6053  loss: 2.9233  decode.loss_ce: 2.0289  decode.acc_seg: 33.8749  aux.loss_ce: 0.8944  aux.acc_seg: 24.3202
2026/04/25 21:52:28 - mmengine - INFO - Iter(train) [ 4640/16000]  lr: 4.3977e-05  eta: 1:02:00  time: 0.3280  data_time: 0.0057  memory: 6053  loss: 3.2878  decode.loss_ce: 2.2782  decode.acc_seg: 47.3058  aux.loss_ce: 1.0096  aux.acc_seg: 44.3415
2026/04/25 21:52:34 - mmengine - INFO - Iter(train) [ 4660/16000]  lr: 4.3900e-05  eta: 1:01:53  time: 0.3299  data_time: 0.0058  memory: 6053  loss: 2.6359  decode.loss_ce: 1.8018  decode.acc_seg: 53.7904  aux.loss_ce: 0.8341  aux.acc_seg: 52.8860
2026/04/25 21:52:41 - mmengine - INFO - Iter(train) [ 4680/16000]  lr: 4.3822e-05  eta: 1:01:47  time: 0.3313  data_time: 0.0060  memory: 6053  loss: 3.2686  decode.loss_ce: 2.2740  decode.acc_seg: 24.5348  aux.loss_ce: 0.9947  aux.acc_seg: 22.3116
2026/04/25 21:52:48 - mmengine - INFO - Iter(train) [ 4700/16000]  lr: 4.3745e-05  eta: 1:01:40  time: 0.3277  data_time: 0.0059  memory: 6053  loss: 3.0811  decode.loss_ce: 2.1606  decode.acc_seg: 32.2883  aux.loss_ce: 0.9205  aux.acc_seg: 29.9805
2026/04/25 21:52:54 - mmengine - INFO - Iter(train) [ 4720/16000]  lr: 4.3667e-05  eta: 1:01:34  time: 0.3295  data_time: 0.0059  memory: 6053  loss: 2.2142  decode.loss_ce: 1.5285  decode.acc_seg: 66.4285  aux.loss_ce: 0.6857  aux.acc_seg: 66.9319
2026/04/25 21:53:01 - mmengine - INFO - Iter(train) [ 4740/16000]  lr: 4.3590e-05  eta: 1:01:27  time: 0.3300  data_time: 0.0059  memory: 6053  loss: 2.7797  decode.loss_ce: 1.9112  decode.acc_seg: 56.0211  aux.loss_ce: 0.8684  aux.acc_seg: 34.2798
2026/04/25 21:53:07 - mmengine - INFO - Iter(train) [ 4760/16000]  lr: 4.3512e-05  eta: 1:01:21  time: 0.3341  data_time: 0.0063  memory: 6053  loss: 3.0261  decode.loss_ce: 2.1307  decode.acc_seg: 44.6586  aux.loss_ce: 0.8953  aux.acc_seg: 26.5780
2026/04/25 21:53:14 - mmengine - INFO - Iter(train) [ 4780/16000]  lr: 4.3435e-05  eta: 1:01:15  time: 0.3286  data_time: 0.0059  memory: 6053  loss: 2.7377  decode.loss_ce: 1.9135  decode.acc_seg: 38.0138  aux.loss_ce: 0.8242  aux.acc_seg: 38.4182
2026/04/25 21:53:21 - mmengine - INFO - Iter(train) [ 4800/16000]  lr: 4.3358e-05  eta: 1:01:08  time: 0.3368  data_time: 0.0060  memory: 6053  loss: 3.2748  decode.loss_ce: 2.3110  decode.acc_seg: 26.9356  aux.loss_ce: 0.9638  aux.acc_seg: 25.0628
2026/04/25 21:53:27 - mmengine - INFO - Iter(train) [ 4820/16000]  lr: 4.3280e-05  eta: 1:01:02  time: 0.3280  data_time: 0.0058  memory: 6053  loss: 2.5824  decode.loss_ce: 1.7926  decode.acc_seg: 69.7037  aux.loss_ce: 0.7898  aux.acc_seg: 48.6331
2026/04/25 21:53:34 - mmengine - INFO - Iter(train) [ 4840/16000]  lr: 4.3203e-05  eta: 1:00:55  time: 0.3282  data_time: 0.0059  memory: 6053  loss: 2.6044  decode.loss_ce: 1.7819  decode.acc_seg: 56.0776  aux.loss_ce: 0.8226  aux.acc_seg: 44.0637
2026/04/25 21:53:40 - mmengine - INFO - Iter(train) [ 4860/16000]  lr: 4.3125e-05  eta: 1:00:49  time: 0.3283  data_time: 0.0058  memory: 6053  loss: 2.9914  decode.loss_ce: 2.0985  decode.acc_seg: 18.7948  aux.loss_ce: 0.8929  aux.acc_seg: 24.9649
2026/04/25 21:53:47 - mmengine - INFO - Iter(train) [ 4880/16000]  lr: 4.3048e-05  eta: 1:00:42  time: 0.3261  data_time: 0.0059  memory: 6053  loss: 2.6811  decode.loss_ce: 1.8567  decode.acc_seg: 25.9008  aux.loss_ce: 0.8244  aux.acc_seg: 24.3137
2026/04/25 21:53:53 - mmengine - INFO - Iter(train) [ 4900/16000]  lr: 4.2971e-05  eta: 1:00:36  time: 0.3279  data_time: 0.0058  memory: 6053  loss: 2.6061  decode.loss_ce: 1.8195  decode.acc_seg: 60.9031  aux.loss_ce: 0.7866  aux.acc_seg: 69.5213
2026/04/25 21:54:00 - mmengine - INFO - Iter(train) [ 4920/16000]  lr: 4.2893e-05  eta: 1:00:29  time: 0.3284  data_time: 0.0057  memory: 6053  loss: 2.6665  decode.loss_ce: 1.8314  decode.acc_seg: 55.0551  aux.loss_ce: 0.8351  aux.acc_seg: 29.9073
2026/04/25 21:54:07 - mmengine - INFO - Iter(train) [ 4940/16000]  lr: 4.2816e-05  eta: 1:00:23  time: 0.3248  data_time: 0.0058  memory: 6053  loss: 2.8980  decode.loss_ce: 1.9825  decode.acc_seg: 39.3946  aux.loss_ce: 0.9155  aux.acc_seg: 38.5821
2026/04/25 21:54:13 - mmengine - INFO - Iter(train) [ 4960/16000]  lr: 4.2738e-05  eta: 1:00:16  time: 0.3288  data_time: 0.0057  memory: 6053  loss: 2.2972  decode.loss_ce: 1.6070  decode.acc_seg: 21.9128  aux.loss_ce: 0.6902  aux.acc_seg: 15.9350
2026/04/25 21:54:20 - mmengine - INFO - Iter(train) [ 4980/16000]  lr: 4.2661e-05  eta: 1:00:10  time: 0.3273  data_time: 0.0058  memory: 6053  loss: 2.8746  decode.loss_ce: 1.9911  decode.acc_seg: 18.9274  aux.loss_ce: 0.8835  aux.acc_seg: 17.2450
2026/04/25 21:54:26 - mmengine - INFO - Exp name: pvmamba_tiny_upernet_ade20k_v13_random_16000_fixrelu_20260425_212454
2026/04/25 21:54:26 - mmengine - INFO - Iter(train) [ 5000/16000]  lr: 4.2583e-05  eta: 1:00:03  time: 0.3352  data_time: 0.0058  memory: 6053  loss: 2.8242  decode.loss_ce: 1.9810  decode.acc_seg: 35.7680  aux.loss_ce: 0.8431  aux.acc_seg: 34.2043
2026/04/25 21:54:33 - mmengine - INFO - Iter(train) [ 5020/16000]  lr: 4.2506e-05  eta: 0:59:57  time: 0.3293  data_time: 0.0058  memory: 6053  loss: 3.1456  decode.loss_ce: 2.1889  decode.acc_seg: 28.1238  aux.loss_ce: 0.9567  aux.acc_seg: 17.8772
2026/04/25 21:54:40 - mmengine - INFO - Iter(train) [ 5040/16000]  lr: 4.2429e-05  eta: 0:59:50  time: 0.3260  data_time: 0.0057  memory: 6053  loss: 3.1635  decode.loss_ce: 2.2320  decode.acc_seg: 35.2025  aux.loss_ce: 0.9315  aux.acc_seg: 35.5066
2026/04/25 21:54:46 - mmengine - INFO - Iter(train) [ 5060/16000]  lr: 4.2351e-05  eta: 0:59:44  time: 0.3388  data_time: 0.0059  memory: 6053  loss: 2.2280  decode.loss_ce: 1.5648  decode.acc_seg: 58.9877  aux.loss_ce: 0.6633  aux.acc_seg: 54.5801
2026/04/25 21:54:53 - mmengine - INFO - Iter(train) [ 5080/16000]  lr: 4.2274e-05  eta: 0:59:38  time: 0.3284  data_time: 0.0059  memory: 6053  loss: 2.8314  decode.loss_ce: 1.9629  decode.acc_seg: 40.2524  aux.loss_ce: 0.8685  aux.acc_seg: 34.2070
2026/04/25 21:54:59 - mmengine - INFO - Iter(train) [ 5100/16000]  lr: 4.2196e-05  eta: 0:59:31  time: 0.3262  data_time: 0.0059  memory: 6053  loss: 2.7923  decode.loss_ce: 1.9652  decode.acc_seg: 40.9224  aux.loss_ce: 0.8271  aux.acc_seg: 32.6767
2026/04/25 21:55:06 - mmengine - INFO - Iter(train) [ 5120/16000]  lr: 4.2119e-05  eta: 0:59:24  time: 0.3283  data_time: 0.0059  memory: 6053  loss: 2.3382  decode.loss_ce: 1.6004  decode.acc_seg: 35.0512  aux.loss_ce: 0.7378  aux.acc_seg: 29.3659
2026/04/25 21:55:12 - mmengine - INFO - Iter(train) [ 5140/16000]  lr: 4.2041e-05  eta: 0:59:18  time: 0.3299  data_time: 0.0059  memory: 6053  loss: 3.3462  decode.loss_ce: 2.3401  decode.acc_seg: 58.6813  aux.loss_ce: 1.0061  aux.acc_seg: 50.1975
2026/04/25 21:55:19 - mmengine - INFO - Iter(train) [ 5160/16000]  lr: 4.1964e-05  eta: 0:59:12  time: 0.3297  data_time: 0.0058  memory: 6053  loss: 2.2718  decode.loss_ce: 1.5593  decode.acc_seg: 26.8440  aux.loss_ce: 0.7125  aux.acc_seg: 25.9733
2026/04/25 21:55:26 - mmengine - INFO - Iter(train) [ 5180/16000]  lr: 4.1887e-05  eta: 0:59:05  time: 0.3319  data_time: 0.0058  memory: 6053  loss: 2.8106  decode.loss_ce: 1.9697  decode.acc_seg: 57.2889  aux.loss_ce: 0.8408  aux.acc_seg: 53.0864
2026/04/25 21:55:32 - mmengine - INFO - Iter(train) [ 5200/16000]  lr: 4.1809e-05  eta: 0:58:58  time: 0.3269  data_time: 0.0057  memory: 6053  loss: 2.6113  decode.loss_ce: 1.7977  decode.acc_seg: 56.1889  aux.loss_ce: 0.8135  aux.acc_seg: 55.4620
2026/04/25 21:55:39 - mmengine - INFO - Iter(train) [ 5220/16000]  lr: 4.1732e-05  eta: 0:58:52  time: 0.3444  data_time: 0.0056  memory: 6053  loss: 2.7205  decode.loss_ce: 1.8940  decode.acc_seg: 46.9743  aux.loss_ce: 0.8265  aux.acc_seg: 34.8349
2026/04/25 21:55:46 - mmengine - INFO - Iter(train) [ 5240/16000]  lr: 4.1654e-05  eta: 0:58:46  time: 0.3279  data_time: 0.0057  memory: 6053  loss: 2.9433  decode.loss_ce: 2.0483  decode.acc_seg: 19.6949  aux.loss_ce: 0.8949  aux.acc_seg: 19.1743
2026/04/25 21:55:52 - mmengine - INFO - Iter(train) [ 5260/16000]  lr: 4.1577e-05  eta: 0:58:39  time: 0.3304  data_time: 0.0057  memory: 6053  loss: 2.7403  decode.loss_ce: 1.9002  decode.acc_seg: 35.9619  aux.loss_ce: 0.8401  aux.acc_seg: 38.6929
2026/04/25 21:55:59 - mmengine - INFO - Iter(train) [ 5280/16000]  lr: 4.1499e-05  eta: 0:58:33  time: 0.3269  data_time: 0.0057  memory: 6053  loss: 2.4962  decode.loss_ce: 1.7339  decode.acc_seg: 31.6554  aux.loss_ce: 0.7623  aux.acc_seg: 21.1164
2026/04/25 21:56:05 - mmengine - INFO - Iter(train) [ 5300/16000]  lr: 4.1422e-05  eta: 0:58:26  time: 0.3274  data_time: 0.0058  memory: 6053  loss: 3.0751  decode.loss_ce: 2.1808  decode.acc_seg: 57.0546  aux.loss_ce: 0.8944  aux.acc_seg: 56.8009
2026/04/25 21:56:12 - mmengine - INFO - Iter(train) [ 5320/16000]  lr: 4.1345e-05  eta: 0:58:20  time: 0.3281  data_time: 0.0058  memory: 6053  loss: 2.8241  decode.loss_ce: 1.9645  decode.acc_seg: 55.9948  aux.loss_ce: 0.8596  aux.acc_seg: 53.4934
2026/04/25 21:56:18 - mmengine - INFO - Iter(train) [ 5340/16000]  lr: 4.1267e-05  eta: 0:58:13  time: 0.3287  data_time: 0.0058  memory: 6053  loss: 2.1421  decode.loss_ce: 1.4901  decode.acc_seg: 69.2557  aux.loss_ce: 0.6520  aux.acc_seg: 73.6070
2026/04/25 21:56:25 - mmengine - INFO - Iter(train) [ 5360/16000]  lr: 4.1190e-05  eta: 0:58:07  time: 0.3291  data_time: 0.0058  memory: 6053  loss: 2.6062  decode.loss_ce: 1.7854  decode.acc_seg: 43.5615  aux.loss_ce: 0.8208  aux.acc_seg: 22.7681
2026/04/25 21:56:32 - mmengine - INFO - Iter(train) [ 5380/16000]  lr: 4.1112e-05  eta: 0:58:00  time: 0.3320  data_time: 0.0057  memory: 6053  loss: 2.4287  decode.loss_ce: 1.6796  decode.acc_seg: 69.6884  aux.loss_ce: 0.7491  aux.acc_seg: 62.3925
2026/04/25 21:56:38 - mmengine - INFO - Iter(train) [ 5400/16000]  lr: 4.1035e-05  eta: 0:57:54  time: 0.3328  data_time: 0.0057  memory: 6053  loss: 2.5472  decode.loss_ce: 1.7837  decode.acc_seg: 53.1176  aux.loss_ce: 0.7635  aux.acc_seg: 51.2787
2026/04/25 21:56:45 - mmengine - INFO - Iter(train) [ 5420/16000]  lr: 4.0957e-05  eta: 0:57:47  time: 0.3282  data_time: 0.0058  memory: 6053  loss: 2.0254  decode.loss_ce: 1.4016  decode.acc_seg: 40.9001  aux.loss_ce: 0.6238  aux.acc_seg: 36.3059
2026/04/25 21:56:51 - mmengine - INFO - Iter(train) [ 5440/16000]  lr: 4.0880e-05  eta: 0:57:41  time: 0.3266  data_time: 0.0057  memory: 6053  loss: 2.6609  decode.loss_ce: 1.8586  decode.acc_seg: 83.6924  aux.loss_ce: 0.8023  aux.acc_seg: 68.3564
2026/04/25 21:56:58 - mmengine - INFO - Iter(train) [ 5460/16000]  lr: 4.0803e-05  eta: 0:57:34  time: 0.3272  data_time: 0.0057  memory: 6053  loss: 2.4685  decode.loss_ce: 1.6912  decode.acc_seg: 76.0009  aux.loss_ce: 0.7773  aux.acc_seg: 70.1445
2026/04/25 21:57:05 - mmengine - INFO - Iter(train) [ 5480/16000]  lr: 4.0725e-05  eta: 0:57:28  time: 0.3270  data_time: 0.0058  memory: 6053  loss: 3.0289  decode.loss_ce: 2.0895  decode.acc_seg: 51.0780  aux.loss_ce: 0.9394  aux.acc_seg: 58.1706
2026/04/25 21:57:11 - mmengine - INFO - Iter(train) [ 5500/16000]  lr: 4.0648e-05  eta: 0:57:21  time: 0.3274  data_time: 0.0059  memory: 6053  loss: 2.6617  decode.loss_ce: 1.8288  decode.acc_seg: 53.2155  aux.loss_ce: 0.8329  aux.acc_seg: 52.7499
2026/04/25 21:57:18 - mmengine - INFO - Iter(train) [ 5520/16000]  lr: 4.0570e-05  eta: 0:57:15  time: 0.3275  data_time: 0.0058  memory: 6053  loss: 2.4296  decode.loss_ce: 1.6819  decode.acc_seg: 39.2688  aux.loss_ce: 0.7477  aux.acc_seg: 35.9632
2026/04/25 21:57:24 - mmengine - INFO - Iter(train) [ 5540/16000]  lr: 4.0493e-05  eta: 0:57:08  time: 0.3272  data_time: 0.0059  memory: 6053  loss: 2.9065  decode.loss_ce: 2.0206  decode.acc_seg: 36.0421  aux.loss_ce: 0.8859  aux.acc_seg: 24.0737
2026/04/25 21:57:31 - mmengine - INFO - Iter(train) [ 5560/16000]  lr: 4.0416e-05  eta: 0:57:02  time: 0.3416  data_time: 0.0059  memory: 6053  loss: 2.9778  decode.loss_ce: 2.0680  decode.acc_seg: 46.6996  aux.loss_ce: 0.9099  aux.acc_seg: 41.1323
2026/04/25 21:57:37 - mmengine - INFO - Iter(train) [ 5580/16000]  lr: 4.0338e-05  eta: 0:56:55  time: 0.3326  data_time: 0.0058  memory: 6053  loss: 2.9309  decode.loss_ce: 2.0482  decode.acc_seg: 21.1004  aux.loss_ce: 0.8828  aux.acc_seg: 21.1484
2026/04/25 21:57:44 - mmengine - INFO - Iter(train) [ 5600/16000]  lr: 4.0261e-05  eta: 0:56:49  time: 0.3276  data_time: 0.0057  memory: 6053  loss: 3.0483  decode.loss_ce: 2.1272  decode.acc_seg: 49.1745  aux.loss_ce: 0.9211  aux.acc_seg: 50.8400
2026/04/25 21:57:51 - mmengine - INFO - Iter(train) [ 5620/16000]  lr: 4.0183e-05  eta: 0:56:42  time: 0.3275  data_time: 0.0059  memory: 6053  loss: 2.5802  decode.loss_ce: 1.7927  decode.acc_seg: 36.2520  aux.loss_ce: 0.7875  aux.acc_seg: 27.9992
2026/04/25 21:57:57 - mmengine - INFO - Iter(train) [ 5640/16000]  lr: 4.0106e-05  eta: 0:56:36  time: 0.3310  data_time: 0.0059  memory: 6053  loss: 3.1668  decode.loss_ce: 2.2228  decode.acc_seg: 13.4956  aux.loss_ce: 0.9440  aux.acc_seg: 18.5188
2026/04/25 21:58:04 - mmengine - INFO - Iter(train) [ 5660/16000]  lr: 4.0028e-05  eta: 0:56:29  time: 0.3279  data_time: 0.0058  memory: 6053  loss: 2.9530  decode.loss_ce: 2.0488  decode.acc_seg: 35.0978  aux.loss_ce: 0.9042  aux.acc_seg: 32.6380
2026/04/25 21:58:10 - mmengine - INFO - Iter(train) [ 5680/16000]  lr: 3.9951e-05  eta: 0:56:23  time: 0.3289  data_time: 0.0058  memory: 6053  loss: 2.4872  decode.loss_ce: 1.7242  decode.acc_seg: 60.9337  aux.loss_ce: 0.7630  aux.acc_seg: 54.8781
2026/04/25 21:58:17 - mmengine - INFO - Iter(train) [ 5700/16000]  lr: 3.9874e-05  eta: 0:56:16  time: 0.3291  data_time: 0.0058  memory: 6053  loss: 2.8392  decode.loss_ce: 1.9788  decode.acc_seg: 23.0096  aux.loss_ce: 0.8604  aux.acc_seg: 18.4869
2026/04/25 21:58:23 - mmengine - INFO - Iter(train) [ 5720/16000]  lr: 3.9796e-05  eta: 0:56:09  time: 0.3264  data_time: 0.0056  memory: 6053  loss: 2.7858  decode.loss_ce: 1.9540  decode.acc_seg: 56.8448  aux.loss_ce: 0.8318  aux.acc_seg: 63.5373
2026/04/25 21:58:30 - mmengine - INFO - Iter(train) [ 5740/16000]  lr: 3.9719e-05  eta: 0:56:03  time: 0.3279  data_time: 0.0058  memory: 6053  loss: 2.8857  decode.loss_ce: 1.9817  decode.acc_seg: 67.7355  aux.loss_ce: 0.9040  aux.acc_seg: 53.4914
2026/04/25 21:58:37 - mmengine - INFO - Iter(train) [ 5760/16000]  lr: 3.9641e-05  eta: 0:55:56  time: 0.3292  data_time: 0.0057  memory: 6053  loss: 2.4737  decode.loss_ce: 1.7077  decode.acc_seg: 53.0190  aux.loss_ce: 0.7660  aux.acc_seg: 50.5946
2026/04/25 21:58:43 - mmengine - INFO - Iter(train) [ 5780/16000]  lr: 3.9564e-05  eta: 0:55:50  time: 0.3267  data_time: 0.0058  memory: 6053  loss: 2.3001  decode.loss_ce: 1.5879  decode.acc_seg: 61.1013  aux.loss_ce: 0.7122  aux.acc_seg: 60.1669
2026/04/25 21:58:50 - mmengine - INFO - Iter(train) [ 5800/16000]  lr: 3.9486e-05  eta: 0:55:43  time: 0.3268  data_time: 0.0060  memory: 6053  loss: 3.1270  decode.loss_ce: 2.1696  decode.acc_seg: 51.5424  aux.loss_ce: 0.9574  aux.acc_seg: 50.5634
2026/04/25 21:58:56 - mmengine - INFO - Iter(train) [ 5820/16000]  lr: 3.9409e-05  eta: 0:55:37  time: 0.3351  data_time: 0.0058  memory: 6053  loss: 2.3265  decode.loss_ce: 1.5989  decode.acc_seg: 61.3299  aux.loss_ce: 0.7277  aux.acc_seg: 56.7233
2026/04/25 21:59:03 - mmengine - INFO - Iter(train) [ 5840/16000]  lr: 3.9332e-05  eta: 0:55:30  time: 0.3302  data_time: 0.0056  memory: 6053  loss: 2.9978  decode.loss_ce: 2.0986  decode.acc_seg: 19.4868  aux.loss_ce: 0.8993  aux.acc_seg: 19.7036
2026/04/25 21:59:09 - mmengine - INFO - Iter(train) [ 5860/16000]  lr: 3.9254e-05  eta: 0:55:24  time: 0.3261  data_time: 0.0057  memory: 6053  loss: 3.2075  decode.loss_ce: 2.2466  decode.acc_seg: 67.1426  aux.loss_ce: 0.9609  aux.acc_seg: 53.5738
2026/04/25 21:59:16 - mmengine - INFO - Iter(train) [ 5880/16000]  lr: 3.9177e-05  eta: 0:55:17  time: 0.3262  data_time: 0.0056  memory: 6053  loss: 2.3829  decode.loss_ce: 1.6630  decode.acc_seg: 67.4241  aux.loss_ce: 0.7199  aux.acc_seg: 62.7199
2026/04/25 21:59:23 - mmengine - INFO - Iter(train) [ 5900/16000]  lr: 3.9099e-05  eta: 0:55:11  time: 0.3276  data_time: 0.0056  memory: 6053  loss: 2.6471  decode.loss_ce: 1.8250  decode.acc_seg: 69.6019  aux.loss_ce: 0.8221  aux.acc_seg: 65.0220
2026/04/25 21:59:29 - mmengine - INFO - Iter(train) [ 5920/16000]  lr: 3.9022e-05  eta: 0:55:04  time: 0.3278  data_time: 0.0057  memory: 6053  loss: 2.9294  decode.loss_ce: 2.0419  decode.acc_seg: 48.4622  aux.loss_ce: 0.8874  aux.acc_seg: 31.2122
2026/04/25 21:59:36 - mmengine - INFO - Iter(train) [ 5940/16000]  lr: 3.8944e-05  eta: 0:54:58  time: 0.3324  data_time: 0.0057  memory: 6053  loss: 2.7966  decode.loss_ce: 1.9438  decode.acc_seg: 47.8959  aux.loss_ce: 0.8528  aux.acc_seg: 43.5739
2026/04/25 21:59:42 - mmengine - INFO - Iter(train) [ 5960/16000]  lr: 3.8867e-05  eta: 0:54:51  time: 0.3262  data_time: 0.0057  memory: 6053  loss: 2.2064  decode.loss_ce: 1.5166  decode.acc_seg: 80.0914  aux.loss_ce: 0.6898  aux.acc_seg: 69.2378
2026/04/25 21:59:49 - mmengine - INFO - Iter(train) [ 5980/16000]  lr: 3.8790e-05  eta: 0:54:45  time: 0.3293  data_time: 0.0058  memory: 6053  loss: 3.2328  decode.loss_ce: 2.2615  decode.acc_seg: 40.8395  aux.loss_ce: 0.9713  aux.acc_seg: 44.5936
2026/04/25 21:59:55 - mmengine - INFO - Exp name: pvmamba_tiny_upernet_ade20k_v13_random_16000_fixrelu_20260425_212454
2026/04/25 21:59:55 - mmengine - INFO - Iter(train) [ 6000/16000]  lr: 3.8712e-05  eta: 0:54:38  time: 0.3278  data_time: 0.0058  memory: 6053  loss: 2.2719  decode.loss_ce: 1.5373  decode.acc_seg: 34.2195  aux.loss_ce: 0.7345  aux.acc_seg: 31.9360
2026/04/25 22:00:02 - mmengine - INFO - Iter(train) [ 6020/16000]  lr: 3.8635e-05  eta: 0:54:32  time: 0.3308  data_time: 0.0058  memory: 6053  loss: 2.1080  decode.loss_ce: 1.4494  decode.acc_seg: 45.8232  aux.loss_ce: 0.6586  aux.acc_seg: 35.7500
2026/04/25 22:00:09 - mmengine - INFO - Iter(train) [ 6040/16000]  lr: 3.8557e-05  eta: 0:54:25  time: 0.3285  data_time: 0.0056  memory: 6053  loss: 2.6450  decode.loss_ce: 1.8362  decode.acc_seg: 54.9369  aux.loss_ce: 0.8088  aux.acc_seg: 50.8467
2026/04/25 22:00:15 - mmengine - INFO - Iter(train) [ 6060/16000]  lr: 3.8480e-05  eta: 0:54:19  time: 0.3268  data_time: 0.0058  memory: 6053  loss: 2.1423  decode.loss_ce: 1.4576  decode.acc_seg: 56.6546  aux.loss_ce: 0.6847  aux.acc_seg: 52.9805
2026/04/25 22:00:22 - mmengine - INFO - Iter(train) [ 6080/16000]  lr: 3.8402e-05  eta: 0:54:12  time: 0.3279  data_time: 0.0058  memory: 6053  loss: 2.9181  decode.loss_ce: 2.0251  decode.acc_seg: 35.8122  aux.loss_ce: 0.8931  aux.acc_seg: 27.1226
2026/04/25 22:00:28 - mmengine - INFO - Iter(train) [ 6100/16000]  lr: 3.8325e-05  eta: 0:54:06  time: 0.3335  data_time: 0.0059  memory: 6053  loss: 2.3685  decode.loss_ce: 1.6642  decode.acc_seg: 61.7609  aux.loss_ce: 0.7042  aux.acc_seg: 57.2016
2026/04/25 22:00:35 - mmengine - INFO - Iter(train) [ 6120/16000]  lr: 3.8248e-05  eta: 0:53:59  time: 0.3312  data_time: 0.0059  memory: 6053  loss: 2.6786  decode.loss_ce: 1.8444  decode.acc_seg: 47.7251  aux.loss_ce: 0.8342  aux.acc_seg: 40.9515
2026/04/25 22:00:42 - mmengine - INFO - Iter(train) [ 6140/16000]  lr: 3.8170e-05  eta: 0:53:52  time: 0.3280  data_time: 0.0059  memory: 6053  loss: 2.6644  decode.loss_ce: 1.8375  decode.acc_seg: 33.3911  aux.loss_ce: 0.8268  aux.acc_seg: 31.3034
2026/04/25 22:00:48 - mmengine - INFO - Iter(train) [ 6160/16000]  lr: 3.8093e-05  eta: 0:53:46  time: 0.3279  data_time: 0.0060  memory: 6053  loss: 2.7724  decode.loss_ce: 1.9259  decode.acc_seg: 21.6037  aux.loss_ce: 0.8464  aux.acc_seg: 22.9529
2026/04/25 22:00:55 - mmengine - INFO - Iter(train) [ 6180/16000]  lr: 3.8015e-05  eta: 0:53:39  time: 0.3280  data_time: 0.0059  memory: 6053  loss: 2.6304  decode.loss_ce: 1.8298  decode.acc_seg: 68.3963  aux.loss_ce: 0.8007  aux.acc_seg: 69.9865
2026/04/25 22:01:01 - mmengine - INFO - Iter(train) [ 6200/16000]  lr: 3.7938e-05  eta: 0:53:33  time: 0.3369  data_time: 0.0060  memory: 6053  loss: 2.5577  decode.loss_ce: 1.8021  decode.acc_seg: 43.3670  aux.loss_ce: 0.7556  aux.acc_seg: 62.4641
2026/04/25 22:01:08 - mmengine - INFO - Iter(train) [ 6220/16000]  lr: 3.7861e-05  eta: 0:53:26  time: 0.3273  data_time: 0.0059  memory: 6053  loss: 2.8425  decode.loss_ce: 1.9650  decode.acc_seg: 21.3465  aux.loss_ce: 0.8776  aux.acc_seg: 20.4965
2026/04/25 22:01:14 - mmengine - INFO - Iter(train) [ 6240/16000]  lr: 3.7783e-05  eta: 0:53:20  time: 0.3294  data_time: 0.0059  memory: 6053  loss: 2.2303  decode.loss_ce: 1.5515  decode.acc_seg: 23.4947  aux.loss_ce: 0.6787  aux.acc_seg: 19.0224
2026/04/25 22:01:21 - mmengine - INFO - Iter(train) [ 6260/16000]  lr: 3.7706e-05  eta: 0:53:13  time: 0.3287  data_time: 0.0061  memory: 6053  loss: 3.2047  decode.loss_ce: 2.2231  decode.acc_seg: 10.8438  aux.loss_ce: 0.9816  aux.acc_seg: 9.6353
2026/04/25 22:01:28 - mmengine - INFO - Iter(train) [ 6280/16000]  lr: 3.7628e-05  eta: 0:53:07  time: 0.3476  data_time: 0.0074  memory: 6053  loss: 2.1035  decode.loss_ce: 1.4465  decode.acc_seg: 47.0923  aux.loss_ce: 0.6570  aux.acc_seg: 45.3007
2026/04/25 22:01:34 - mmengine - INFO - Iter(train) [ 6300/16000]  lr: 3.7551e-05  eta: 0:53:01  time: 0.3289  data_time: 0.0059  memory: 6053  loss: 2.8020  decode.loss_ce: 1.9501  decode.acc_seg: 74.7999  aux.loss_ce: 0.8519  aux.acc_seg: 66.1972
2026/04/25 22:01:41 - mmengine - INFO - Iter(train) [ 6320/16000]  lr: 3.7473e-05  eta: 0:52:54  time: 0.3431  data_time: 0.0061  memory: 6053  loss: 1.8907  decode.loss_ce: 1.2983  decode.acc_seg: 69.5787  aux.loss_ce: 0.5924  aux.acc_seg: 65.4703
2026/04/25 22:01:48 - mmengine - INFO - Iter(train) [ 6340/16000]  lr: 3.7396e-05  eta: 0:52:48  time: 0.3286  data_time: 0.0061  memory: 6053  loss: 2.7149  decode.loss_ce: 1.8739  decode.acc_seg: 22.2055  aux.loss_ce: 0.8410  aux.acc_seg: 14.8031
2026/04/25 22:01:54 - mmengine - INFO - Iter(train) [ 6360/16000]  lr: 3.7319e-05  eta: 0:52:41  time: 0.3307  data_time: 0.0062  memory: 6053  loss: 3.3545  decode.loss_ce: 2.3454  decode.acc_seg: 48.0966  aux.loss_ce: 1.0091  aux.acc_seg: 51.2542
2026/04/25 22:02:01 - mmengine - INFO - Iter(train) [ 6380/16000]  lr: 3.7241e-05  eta: 0:52:35  time: 0.3346  data_time: 0.0060  memory: 6053  loss: 2.7634  decode.loss_ce: 1.9257  decode.acc_seg: 36.8126  aux.loss_ce: 0.8377  aux.acc_seg: 36.7302
2026/04/25 22:02:08 - mmengine - INFO - Iter(train) [ 6400/16000]  lr: 3.7164e-05  eta: 0:52:28  time: 0.3282  data_time: 0.0060  memory: 6053  loss: 2.6680  decode.loss_ce: 1.8593  decode.acc_seg: 46.5009  aux.loss_ce: 0.8086  aux.acc_seg: 42.0986
2026/04/25 22:02:14 - mmengine - INFO - Iter(train) [ 6420/16000]  lr: 3.7086e-05  eta: 0:52:22  time: 0.3282  data_time: 0.0062  memory: 6053  loss: 2.2832  decode.loss_ce: 1.6117  decode.acc_seg: 33.0257  aux.loss_ce: 0.6715  aux.acc_seg: 38.1366
2026/04/25 22:02:21 - mmengine - INFO - Iter(train) [ 6440/16000]  lr: 3.7009e-05  eta: 0:52:15  time: 0.3281  data_time: 0.0058  memory: 6053  loss: 2.0262  decode.loss_ce: 1.3707  decode.acc_seg: 39.1272  aux.loss_ce: 0.6555  aux.acc_seg: 30.1667
2026/04/25 22:02:27 - mmengine - INFO - Iter(train) [ 6460/16000]  lr: 3.6931e-05  eta: 0:52:09  time: 0.3278  data_time: 0.0058  memory: 6053  loss: 2.5678  decode.loss_ce: 1.7596  decode.acc_seg: 29.1144  aux.loss_ce: 0.8082  aux.acc_seg: 23.4132
2026/04/25 22:02:34 - mmengine - INFO - Iter(train) [ 6480/16000]  lr: 3.6854e-05  eta: 0:52:02  time: 0.3325  data_time: 0.0059  memory: 6053  loss: 2.6325  decode.loss_ce: 1.8472  decode.acc_seg: 65.0381  aux.loss_ce: 0.7852  aux.acc_seg: 53.9218
2026/04/25 22:02:41 - mmengine - INFO - Iter(train) [ 6500/16000]  lr: 3.6777e-05  eta: 0:51:56  time: 0.3284  data_time: 0.0060  memory: 6053  loss: 2.9652  decode.loss_ce: 2.0818  decode.acc_seg: 72.7094  aux.loss_ce: 0.8834  aux.acc_seg: 71.8408
2026/04/25 22:02:47 - mmengine - INFO - Iter(train) [ 6520/16000]  lr: 3.6699e-05  eta: 0:51:49  time: 0.3290  data_time: 0.0060  memory: 6053  loss: 3.3779  decode.loss_ce: 2.3545  decode.acc_seg: 70.2864  aux.loss_ce: 1.0234  aux.acc_seg: 72.7810
2026/04/25 22:02:54 - mmengine - INFO - Iter(train) [ 6540/16000]  lr: 3.6622e-05  eta: 0:51:43  time: 0.3282  data_time: 0.0060  memory: 6053  loss: 2.6431  decode.loss_ce: 1.8220  decode.acc_seg: 51.6950  aux.loss_ce: 0.8211  aux.acc_seg: 51.5461
2026/04/25 22:03:00 - mmengine - INFO - Iter(train) [ 6560/16000]  lr: 3.6544e-05  eta: 0:51:36  time: 0.3302  data_time: 0.0059  memory: 6053  loss: 2.7384  decode.loss_ce: 1.8823  decode.acc_seg: 56.6651  aux.loss_ce: 0.8562  aux.acc_seg: 62.2003
2026/04/25 22:03:07 - mmengine - INFO - Iter(train) [ 6580/16000]  lr: 3.6467e-05  eta: 0:51:30  time: 0.3414  data_time: 0.0059  memory: 6053  loss: 3.0731  decode.loss_ce: 2.1465  decode.acc_seg: 55.3541  aux.loss_ce: 0.9266  aux.acc_seg: 57.2634
2026/04/25 22:03:14 - mmengine - INFO - Iter(train) [ 6600/16000]  lr: 3.6389e-05  eta: 0:51:24  time: 0.3329  data_time: 0.0059  memory: 6053  loss: 2.8396  decode.loss_ce: 1.9717  decode.acc_seg: 31.6162  aux.loss_ce: 0.8679  aux.acc_seg: 22.3493
2026/04/25 22:03:20 - mmengine - INFO - Iter(train) [ 6620/16000]  lr: 3.6312e-05  eta: 0:51:17  time: 0.3297  data_time: 0.0059  memory: 6053  loss: 2.1367  decode.loss_ce: 1.4819  decode.acc_seg: 19.8194  aux.loss_ce: 0.6549  aux.acc_seg: 20.1461
2026/04/25 22:03:27 - mmengine - INFO - Iter(train) [ 6640/16000]  lr: 3.6235e-05  eta: 0:51:11  time: 0.3295  data_time: 0.0060  memory: 6053  loss: 2.4285  decode.loss_ce: 1.6778  decode.acc_seg: 37.4902  aux.loss_ce: 0.7507  aux.acc_seg: 27.6325
2026/04/25 22:03:34 - mmengine - INFO - Iter(train) [ 6660/16000]  lr: 3.6157e-05  eta: 0:51:04  time: 0.3295  data_time: 0.0061  memory: 6053  loss: 2.5323  decode.loss_ce: 1.7768  decode.acc_seg: 26.7630  aux.loss_ce: 0.7555  aux.acc_seg: 28.2276
2026/04/25 22:03:40 - mmengine - INFO - Iter(train) [ 6680/16000]  lr: 3.6080e-05  eta: 0:50:58  time: 0.3261  data_time: 0.0059  memory: 6053  loss: 2.5730  decode.loss_ce: 1.7830  decode.acc_seg: 61.7630  aux.loss_ce: 0.7899  aux.acc_seg: 44.3743
2026/04/25 22:03:47 - mmengine - INFO - Iter(train) [ 6700/16000]  lr: 3.6002e-05  eta: 0:50:51  time: 0.3300  data_time: 0.0057  memory: 6053  loss: 2.6499  decode.loss_ce: 1.8303  decode.acc_seg: 73.1016  aux.loss_ce: 0.8196  aux.acc_seg: 72.9921
2026/04/25 22:03:53 - mmengine - INFO - Iter(train) [ 6720/16000]  lr: 3.5925e-05  eta: 0:50:45  time: 0.3305  data_time: 0.0056  memory: 6053  loss: 3.0650  decode.loss_ce: 2.1521  decode.acc_seg: 49.1167  aux.loss_ce: 0.9129  aux.acc_seg: 48.8647
2026/04/25 22:04:00 - mmengine - INFO - Iter(train) [ 6740/16000]  lr: 3.5847e-05  eta: 0:50:38  time: 0.3267  data_time: 0.0056  memory: 6053  loss: 3.4260  decode.loss_ce: 2.3929  decode.acc_seg: 45.2897  aux.loss_ce: 1.0330  aux.acc_seg: 44.0238
2026/04/25 22:04:06 - mmengine - INFO - Iter(train) [ 6760/16000]  lr: 3.5770e-05  eta: 0:50:31  time: 0.3287  data_time: 0.0055  memory: 6053  loss: 2.9988  decode.loss_ce: 2.1147  decode.acc_seg: 67.6811  aux.loss_ce: 0.8841  aux.acc_seg: 72.8488
2026/04/25 22:04:13 - mmengine - INFO - Iter(train) [ 6780/16000]  lr: 3.5693e-05  eta: 0:50:25  time: 0.3298  data_time: 0.0057  memory: 6053  loss: 3.2248  decode.loss_ce: 2.2445  decode.acc_seg: 77.5281  aux.loss_ce: 0.9803  aux.acc_seg: 64.7838
2026/04/25 22:04:20 - mmengine - INFO - Iter(train) [ 6800/16000]  lr: 3.5615e-05  eta: 0:50:18  time: 0.3273  data_time: 0.0055  memory: 6053  loss: 2.0887  decode.loss_ce: 1.4445  decode.acc_seg: 36.8034  aux.loss_ce: 0.6442  aux.acc_seg: 35.8650
2026/04/25 22:04:26 - mmengine - INFO - Iter(train) [ 6820/16000]  lr: 3.5538e-05  eta: 0:50:12  time: 0.3276  data_time: 0.0056  memory: 6053  loss: 3.7880  decode.loss_ce: 2.6380  decode.acc_seg: 64.7034  aux.loss_ce: 1.1500  aux.acc_seg: 55.4161
2026/04/25 22:04:33 - mmengine - INFO - Iter(train) [ 6840/16000]  lr: 3.5460e-05  eta: 0:50:05  time: 0.3295  data_time: 0.0059  memory: 6053  loss: 2.5500  decode.loss_ce: 1.7593  decode.acc_seg: 57.6326  aux.loss_ce: 0.7907  aux.acc_seg: 48.1241
2026/04/25 22:04:39 - mmengine - INFO - Iter(train) [ 6860/16000]  lr: 3.5383e-05  eta: 0:49:59  time: 0.3371  data_time: 0.0067  memory: 6053  loss: 2.6731  decode.loss_ce: 1.8641  decode.acc_seg: 35.8536  aux.loss_ce: 0.8090  aux.acc_seg: 34.3489
2026/04/25 22:04:46 - mmengine - INFO - Iter(train) [ 6880/16000]  lr: 3.5306e-05  eta: 0:49:52  time: 0.3258  data_time: 0.0055  memory: 6053  loss: 2.7585  decode.loss_ce: 1.9383  decode.acc_seg: 17.9176  aux.loss_ce: 0.8203  aux.acc_seg: 27.6069
2026/04/25 22:04:53 - mmengine - INFO - Iter(train) [ 6900/16000]  lr: 3.5228e-05  eta: 0:49:46  time: 0.3278  data_time: 0.0063  memory: 6053  loss: 2.8121  decode.loss_ce: 1.9423  decode.acc_seg: 70.0819  aux.loss_ce: 0.8697  aux.acc_seg: 70.7666
2026/04/25 22:04:59 - mmengine - INFO - Iter(train) [ 6920/16000]  lr: 3.5151e-05  eta: 0:49:39  time: 0.3348  data_time: 0.0060  memory: 6053  loss: 2.5019  decode.loss_ce: 1.7286  decode.acc_seg: 51.5929  aux.loss_ce: 0.7734  aux.acc_seg: 49.8928
2026/04/25 22:05:06 - mmengine - INFO - Iter(train) [ 6940/16000]  lr: 3.5073e-05  eta: 0:49:33  time: 0.3268  data_time: 0.0056  memory: 6053  loss: 2.8522  decode.loss_ce: 2.0028  decode.acc_seg: 47.4022  aux.loss_ce: 0.8494  aux.acc_seg: 32.6846
2026/04/25 22:05:12 - mmengine - INFO - Iter(train) [ 6960/16000]  lr: 3.4996e-05  eta: 0:49:26  time: 0.3304  data_time: 0.0055  memory: 6053  loss: 2.4088  decode.loss_ce: 1.6506  decode.acc_seg: 51.4137  aux.loss_ce: 0.7581  aux.acc_seg: 47.6310
2026/04/25 22:05:19 - mmengine - INFO - Iter(train) [ 6980/16000]  lr: 3.4918e-05  eta: 0:49:20  time: 0.3268  data_time: 0.0054  memory: 6053  loss: 3.0793  decode.loss_ce: 2.1596  decode.acc_seg: 20.0484  aux.loss_ce: 0.9197  aux.acc_seg: 22.1348
2026/04/25 22:05:26 - mmengine - INFO - Exp name: pvmamba_tiny_upernet_ade20k_v13_random_16000_fixrelu_20260425_212454
2026/04/25 22:05:26 - mmengine - INFO - Iter(train) [ 7000/16000]  lr: 3.4841e-05  eta: 0:49:13  time: 0.3258  data_time: 0.0054  memory: 6053  loss: 2.6212  decode.loss_ce: 1.8098  decode.acc_seg: 29.0965  aux.loss_ce: 0.8114  aux.acc_seg: 28.9394
2026/04/25 22:05:32 - mmengine - INFO - Iter(train) [ 7020/16000]  lr: 3.4764e-05  eta: 0:49:07  time: 0.3270  data_time: 0.0055  memory: 6053  loss: 2.9267  decode.loss_ce: 2.0097  decode.acc_seg: 38.9715  aux.loss_ce: 0.9171  aux.acc_seg: 41.7092
2026/04/25 22:05:39 - mmengine - INFO - Iter(train) [ 7040/16000]  lr: 3.4686e-05  eta: 0:49:00  time: 0.3262  data_time: 0.0054  memory: 6053  loss: 2.7629  decode.loss_ce: 1.9138  decode.acc_seg: 19.0922  aux.loss_ce: 0.8491  aux.acc_seg: 13.0152
2026/04/25 22:05:45 - mmengine - INFO - Iter(train) [ 7060/16000]  lr: 3.4609e-05  eta: 0:48:54  time: 0.3277  data_time: 0.0054  memory: 6053  loss: 2.0367  decode.loss_ce: 1.3989  decode.acc_seg: 73.6246  aux.loss_ce: 0.6378  aux.acc_seg: 74.5711
2026/04/25 22:05:52 - mmengine - INFO - Iter(train) [ 7080/16000]  lr: 3.4531e-05  eta: 0:48:47  time: 0.3498  data_time: 0.0062  memory: 6053  loss: 2.8719  decode.loss_ce: 2.0171  decode.acc_seg: 43.6726  aux.loss_ce: 0.8547  aux.acc_seg: 41.3005
2026/04/25 22:05:59 - mmengine - INFO - Iter(train) [ 7100/16000]  lr: 3.4454e-05  eta: 0:48:41  time: 0.3299  data_time: 0.0056  memory: 6053  loss: 3.0821  decode.loss_ce: 2.1773  decode.acc_seg: 37.9082  aux.loss_ce: 0.9048  aux.acc_seg: 31.5834
2026/04/25 22:06:05 - mmengine - INFO - Iter(train) [ 7120/16000]  lr: 3.4376e-05  eta: 0:48:34  time: 0.3257  data_time: 0.0055  memory: 6053  loss: 2.6193  decode.loss_ce: 1.7975  decode.acc_seg: 39.4916  aux.loss_ce: 0.8217  aux.acc_seg: 30.1754
2026/04/25 22:06:12 - mmengine - INFO - Iter(train) [ 7140/16000]  lr: 3.4299e-05  eta: 0:48:28  time: 0.3330  data_time: 0.0056  memory: 6053  loss: 2.3738  decode.loss_ce: 1.6233  decode.acc_seg: 65.6770  aux.loss_ce: 0.7504  aux.acc_seg: 54.5567
2026/04/25 22:06:19 - mmengine - INFO - Iter(train) [ 7160/16000]  lr: 3.4222e-05  eta: 0:48:21  time: 0.3448  data_time: 0.0073  memory: 6053  loss: 3.0447  decode.loss_ce: 2.1305  decode.acc_seg: 60.2345  aux.loss_ce: 0.9143  aux.acc_seg: 53.9801
2026/04/25 22:06:25 - mmengine - INFO - Iter(train) [ 7180/16000]  lr: 3.4144e-05  eta: 0:48:15  time: 0.3263  data_time: 0.0055  memory: 6053  loss: 2.2359  decode.loss_ce: 1.5668  decode.acc_seg: 25.5719  aux.loss_ce: 0.6691  aux.acc_seg: 27.5691
2026/04/25 22:06:32 - mmengine - INFO - Iter(train) [ 7200/16000]  lr: 3.4067e-05  eta: 0:48:08  time: 0.3277  data_time: 0.0060  memory: 6053  loss: 2.8085  decode.loss_ce: 1.9567  decode.acc_seg: 45.8934  aux.loss_ce: 0.8519  aux.acc_seg: 38.3489
2026/04/25 22:06:38 - mmengine - INFO - Iter(train) [ 7220/16000]  lr: 3.3989e-05  eta: 0:48:02  time: 0.3276  data_time: 0.0064  memory: 6053  loss: 2.5753  decode.loss_ce: 1.7916  decode.acc_seg: 17.5400  aux.loss_ce: 0.7837  aux.acc_seg: 18.5679
2026/04/25 22:06:45 - mmengine - INFO - Iter(train) [ 7240/16000]  lr: 3.3912e-05  eta: 0:47:55  time: 0.3288  data_time: 0.0061  memory: 6053  loss: 1.8299  decode.loss_ce: 1.2618  decode.acc_seg: 56.2032  aux.loss_ce: 0.5681  aux.acc_seg: 46.2149
2026/04/25 22:06:52 - mmengine - INFO - Iter(train) [ 7260/16000]  lr: 3.3834e-05  eta: 0:47:49  time: 0.3277  data_time: 0.0059  memory: 6053  loss: 2.3161  decode.loss_ce: 1.6196  decode.acc_seg: 24.3709  aux.loss_ce: 0.6965  aux.acc_seg: 19.0338
2026/04/25 22:06:58 - mmengine - INFO - Iter(train) [ 7280/16000]  lr: 3.3757e-05  eta: 0:47:42  time: 0.3326  data_time: 0.0065  memory: 6053  loss: 2.2364  decode.loss_ce: 1.5432  decode.acc_seg: 43.2461  aux.loss_ce: 0.6932  aux.acc_seg: 19.9377
2026/04/25 22:07:05 - mmengine - INFO - Iter(train) [ 7300/16000]  lr: 3.3680e-05  eta: 0:47:36  time: 0.3332  data_time: 0.0057  memory: 6053  loss: 2.5961  decode.loss_ce: 1.8129  decode.acc_seg: 66.4791  aux.loss_ce: 0.7831  aux.acc_seg: 75.1376
2026/04/25 22:07:11 - mmengine - INFO - Iter(train) [ 7320/16000]  lr: 3.3602e-05  eta: 0:47:29  time: 0.3286  data_time: 0.0059  memory: 6053  loss: 2.8201  decode.loss_ce: 1.9657  decode.acc_seg: 26.6035  aux.loss_ce: 0.8544  aux.acc_seg: 23.9010
2026/04/25 22:07:18 - mmengine - INFO - Iter(train) [ 7340/16000]  lr: 3.3525e-05  eta: 0:47:23  time: 0.3404  data_time: 0.0059  memory: 6053  loss: 2.9892  decode.loss_ce: 2.0802  decode.acc_seg: 53.1974  aux.loss_ce: 0.9091  aux.acc_seg: 51.7600
2026/04/25 22:07:25 - mmengine - INFO - Iter(train) [ 7360/16000]  lr: 3.3447e-05  eta: 0:47:16  time: 0.3280  data_time: 0.0059  memory: 6053  loss: 2.7135  decode.loss_ce: 1.8713  decode.acc_seg: 81.0212  aux.loss_ce: 0.8421  aux.acc_seg: 76.0607
2026/04/25 22:07:31 - mmengine - INFO - Iter(train) [ 7380/16000]  lr: 3.3370e-05  eta: 0:47:09  time: 0.3288  data_time: 0.0060  memory: 6053  loss: 2.5581  decode.loss_ce: 1.7657  decode.acc_seg: 40.8326  aux.loss_ce: 0.7924  aux.acc_seg: 36.5541
2026/04/25 22:07:38 - mmengine - INFO - Iter(train) [ 7400/16000]  lr: 3.3292e-05  eta: 0:47:03  time: 0.3299  data_time: 0.0058  memory: 6053  loss: 2.4981  decode.loss_ce: 1.7373  decode.acc_seg: 42.9095  aux.loss_ce: 0.7608  aux.acc_seg: 36.5707
2026/04/25 22:07:44 - mmengine - INFO - Iter(train) [ 7420/16000]  lr: 3.3215e-05  eta: 0:46:56  time: 0.3280  data_time: 0.0059  memory: 6053  loss: 3.5502  decode.loss_ce: 2.4737  decode.acc_seg: 50.4783  aux.loss_ce: 1.0765  aux.acc_seg: 49.6501
2026/04/25 22:07:51 - mmengine - INFO - Iter(train) [ 7440/16000]  lr: 3.3138e-05  eta: 0:46:50  time: 0.3294  data_time: 0.0059  memory: 6053  loss: 3.0499  decode.loss_ce: 2.1318  decode.acc_seg: 34.2900  aux.loss_ce: 0.9181  aux.acc_seg: 32.1612
2026/04/25 22:07:57 - mmengine - INFO - Iter(train) [ 7460/16000]  lr: 3.3060e-05  eta: 0:46:43  time: 0.3299  data_time: 0.0059  memory: 6053  loss: 2.8803  decode.loss_ce: 1.9822  decode.acc_seg: 28.2199  aux.loss_ce: 0.8981  aux.acc_seg: 23.0901
2026/04/25 22:08:04 - mmengine - INFO - Iter(train) [ 7480/16000]  lr: 3.2983e-05  eta: 0:46:37  time: 0.3275  data_time: 0.0059  memory: 6053  loss: 2.0176  decode.loss_ce: 1.3958  decode.acc_seg: 42.7528  aux.loss_ce: 0.6218  aux.acc_seg: 49.2983
2026/04/25 22:08:11 - mmengine - INFO - Iter(train) [ 7500/16000]  lr: 3.2905e-05  eta: 0:46:30  time: 0.3278  data_time: 0.0059  memory: 6053  loss: 2.5328  decode.loss_ce: 1.7535  decode.acc_seg: 41.1489  aux.loss_ce: 0.7792  aux.acc_seg: 34.6370
2026/04/25 22:08:17 - mmengine - INFO - Iter(train) [ 7520/16000]  lr: 3.2828e-05  eta: 0:46:24  time: 0.3327  data_time: 0.0060  memory: 6053  loss: 2.5039  decode.loss_ce: 1.7357  decode.acc_seg: 62.1637  aux.loss_ce: 0.7682  aux.acc_seg: 58.1975
2026/04/25 22:08:24 - mmengine - INFO - Iter(train) [ 7540/16000]  lr: 3.2751e-05  eta: 0:46:17  time: 0.3311  data_time: 0.0060  memory: 6053  loss: 2.2310  decode.loss_ce: 1.5527  decode.acc_seg: 18.2844  aux.loss_ce: 0.6782  aux.acc_seg: 16.5917
2026/04/25 22:08:30 - mmengine - INFO - Iter(train) [ 7560/16000]  lr: 3.2673e-05  eta: 0:46:10  time: 0.3272  data_time: 0.0059  memory: 6053  loss: 2.6583  decode.loss_ce: 1.8437  decode.acc_seg: 33.4193  aux.loss_ce: 0.8146  aux.acc_seg: 33.1743
2026/04/25 22:08:37 - mmengine - INFO - Iter(train) [ 7580/16000]  lr: 3.2596e-05  eta: 0:46:04  time: 0.3286  data_time: 0.0060  memory: 6053  loss: 2.4362  decode.loss_ce: 1.6757  decode.acc_seg: 26.2167  aux.loss_ce: 0.7605  aux.acc_seg: 13.1619
2026/04/25 22:08:44 - mmengine - INFO - Iter(train) [ 7600/16000]  lr: 3.2518e-05  eta: 0:45:58  time: 0.3450  data_time: 0.0075  memory: 6053  loss: 2.3417  decode.loss_ce: 1.6741  decode.acc_seg: 35.3321  aux.loss_ce: 0.6677  aux.acc_seg: 38.1037
2026/04/25 22:08:50 - mmengine - INFO - Iter(train) [ 7620/16000]  lr: 3.2441e-05  eta: 0:45:51  time: 0.3264  data_time: 0.0060  memory: 6053  loss: 2.7681  decode.loss_ce: 1.9190  decode.acc_seg: 51.7999  aux.loss_ce: 0.8491  aux.acc_seg: 50.7223
2026/04/25 22:08:57 - mmengine - INFO - Iter(train) [ 7640/16000]  lr: 3.2363e-05  eta: 0:45:45  time: 0.3376  data_time: 0.0067  memory: 6053  loss: 2.6906  decode.loss_ce: 1.8672  decode.acc_seg: 76.5226  aux.loss_ce: 0.8234  aux.acc_seg: 55.3954
2026/04/25 22:09:04 - mmengine - INFO - Iter(train) [ 7660/16000]  lr: 3.2286e-05  eta: 0:45:38  time: 0.3470  data_time: 0.0078  memory: 6053  loss: 3.5149  decode.loss_ce: 2.4371  decode.acc_seg: 76.0979  aux.loss_ce: 1.0778  aux.acc_seg: 57.4928
2026/04/25 22:09:11 - mmengine - INFO - Iter(train) [ 7680/16000]  lr: 3.2209e-05  eta: 0:45:32  time: 0.3314  data_time: 0.0061  memory: 6053  loss: 2.1707  decode.loss_ce: 1.5059  decode.acc_seg: 69.9184  aux.loss_ce: 0.6648  aux.acc_seg: 70.2843
2026/04/25 22:09:17 - mmengine - INFO - Iter(train) [ 7700/16000]  lr: 3.2131e-05  eta: 0:45:25  time: 0.3330  data_time: 0.0060  memory: 6053  loss: 2.8452  decode.loss_ce: 1.9728  decode.acc_seg: 81.9034  aux.loss_ce: 0.8725  aux.acc_seg: 64.2951
2026/04/25 22:09:24 - mmengine - INFO - Iter(train) [ 7720/16000]  lr: 3.2054e-05  eta: 0:45:19  time: 0.3261  data_time: 0.0059  memory: 6053  loss: 2.9383  decode.loss_ce: 2.0310  decode.acc_seg: 23.8665  aux.loss_ce: 0.9073  aux.acc_seg: 24.3843
2026/04/25 22:09:30 - mmengine - INFO - Iter(train) [ 7740/16000]  lr: 3.1976e-05  eta: 0:45:12  time: 0.3295  data_time: 0.0055  memory: 6053  loss: 3.4897  decode.loss_ce: 2.4203  decode.acc_seg: 27.4005  aux.loss_ce: 1.0694  aux.acc_seg: 27.8949
2026/04/25 22:09:37 - mmengine - INFO - Iter(train) [ 7760/16000]  lr: 3.1899e-05  eta: 0:45:06  time: 0.3294  data_time: 0.0057  memory: 6053  loss: 2.6063  decode.loss_ce: 1.8124  decode.acc_seg: 68.8536  aux.loss_ce: 0.7939  aux.acc_seg: 65.7864
2026/04/25 22:09:43 - mmengine - INFO - Iter(train) [ 7780/16000]  lr: 3.1821e-05  eta: 0:44:59  time: 0.3279  data_time: 0.0055  memory: 6053  loss: 2.5438  decode.loss_ce: 1.7752  decode.acc_seg: 41.0002  aux.loss_ce: 0.7686  aux.acc_seg: 38.7838
2026/04/25 22:09:50 - mmengine - INFO - Iter(train) [ 7800/16000]  lr: 3.1744e-05  eta: 0:44:53  time: 0.3319  data_time: 0.0056  memory: 6053  loss: 1.9126  decode.loss_ce: 1.2971  decode.acc_seg: 52.4631  aux.loss_ce: 0.6155  aux.acc_seg: 47.0624
2026/04/25 22:09:57 - mmengine - INFO - Iter(train) [ 7820/16000]  lr: 3.1667e-05  eta: 0:44:46  time: 0.3308  data_time: 0.0059  memory: 6053  loss: 2.4921  decode.loss_ce: 1.7064  decode.acc_seg: 46.7785  aux.loss_ce: 0.7857  aux.acc_seg: 49.1488
2026/04/25 22:10:03 - mmengine - INFO - Iter(train) [ 7840/16000]  lr: 3.1589e-05  eta: 0:44:40  time: 0.3330  data_time: 0.0081  memory: 6053  loss: 2.4262  decode.loss_ce: 1.6926  decode.acc_seg: 12.5870  aux.loss_ce: 0.7336  aux.acc_seg: 10.0966
2026/04/25 22:10:10 - mmengine - INFO - Iter(train) [ 7860/16000]  lr: 3.1512e-05  eta: 0:44:33  time: 0.3411  data_time: 0.0075  memory: 6053  loss: 2.7733  decode.loss_ce: 1.9139  decode.acc_seg: 42.9138  aux.loss_ce: 0.8594  aux.acc_seg: 42.4735
2026/04/25 22:10:17 - mmengine - INFO - Iter(train) [ 7880/16000]  lr: 3.1434e-05  eta: 0:44:27  time: 0.3256  data_time: 0.0058  memory: 6053  loss: 1.9118  decode.loss_ce: 1.3088  decode.acc_seg: 68.3461  aux.loss_ce: 0.6030  aux.acc_seg: 30.2187
2026/04/25 22:10:23 - mmengine - INFO - Iter(train) [ 7900/16000]  lr: 3.1357e-05  eta: 0:44:20  time: 0.3250  data_time: 0.0061  memory: 6053  loss: 2.3917  decode.loss_ce: 1.6755  decode.acc_seg: 77.0749  aux.loss_ce: 0.7163  aux.acc_seg: 75.5407
2026/04/25 22:10:30 - mmengine - INFO - Iter(train) [ 7920/16000]  lr: 3.1279e-05  eta: 0:44:14  time: 0.3271  data_time: 0.0058  memory: 6053  loss: 2.0769  decode.loss_ce: 1.4253  decode.acc_seg: 42.3422  aux.loss_ce: 0.6516  aux.acc_seg: 39.5243
2026/04/25 22:10:37 - mmengine - INFO - Iter(train) [ 7940/16000]  lr: 3.1202e-05  eta: 0:44:07  time: 0.3315  data_time: 0.0057  memory: 6053  loss: 2.6376  decode.loss_ce: 1.8386  decode.acc_seg: 50.0363  aux.loss_ce: 0.7990  aux.acc_seg: 39.6386
2026/04/25 22:10:43 - mmengine - INFO - Iter(train) [ 7960/16000]  lr: 3.1125e-05  eta: 0:44:01  time: 0.3298  data_time: 0.0062  memory: 6053  loss: 2.4763  decode.loss_ce: 1.6963  decode.acc_seg: 33.9964  aux.loss_ce: 0.7799  aux.acc_seg: 25.5194
2026/04/25 22:10:50 - mmengine - INFO - Iter(train) [ 7980/16000]  lr: 3.1047e-05  eta: 0:43:54  time: 0.3269  data_time: 0.0060  memory: 6053  loss: 2.6371  decode.loss_ce: 1.8146  decode.acc_seg: 1.7561  aux.loss_ce: 0.8225  aux.acc_seg: 2.1447
2026/04/25 22:10:56 - mmengine - INFO - Exp name: pvmamba_tiny_upernet_ade20k_v13_random_16000_fixrelu_20260425_212454
2026/04/25 22:10:56 - mmengine - INFO - Iter(train) [ 8000/16000]  lr: 3.0970e-05  eta: 0:43:48  time: 0.3307  data_time: 0.0055  memory: 6053  loss: 2.5846  decode.loss_ce: 1.7952  decode.acc_seg: 60.7165  aux.loss_ce: 0.7893  aux.acc_seg: 61.7103
2026/04/25 22:10:56 - mmengine - INFO - Saving checkpoint at 8000 iterations
2026/04/25 22:10:59 - mmengine - INFO - Iter(val) [  20/1000]    eta: 0:01:03  time: 0.0635  data_time: 0.0012  memory: 1560  
2026/04/25 22:11:00 - mmengine - INFO - Iter(val) [  40/1000]    eta: 0:01:02  time: 0.0630  data_time: 0.0013  memory: 1452  
2026/04/25 22:11:02 - mmengine - INFO - Iter(val) [  60/1000]    eta: 0:01:00  time: 0.0646  data_time: 0.0014  memory: 1463  
2026/04/25 22:11:03 - mmengine - INFO - Iter(val) [  80/1000]    eta: 0:01:00  time: 0.0673  data_time: 0.0015  memory: 1644  
2026/04/25 22:11:04 - mmengine - INFO - Iter(val) [ 100/1000]    eta: 0:00:58  time: 0.0630  data_time: 0.0014  memory: 1455  
2026/04/25 22:11:06 - mmengine - INFO - Iter(val) [ 120/1000]    eta: 0:00:56  time: 0.0659  data_time: 0.0014  memory: 1722  
2026/04/25 22:11:07 - mmengine - INFO - Iter(val) [ 140/1000]    eta: 0:00:55  time: 0.0606  data_time: 0.0013  memory: 1453  
2026/04/25 22:11:08 - mmengine - INFO - Iter(val) [ 160/1000]    eta: 0:00:53  time: 0.0612  data_time: 0.0013  memory: 1451  
2026/04/25 22:11:09 - mmengine - INFO - Iter(val) [ 180/1000]    eta: 0:00:52  time: 0.0626  data_time: 0.0012  memory: 1555  
2026/04/25 22:11:11 - mmengine - INFO - Iter(val) [ 200/1000]    eta: 0:00:51  time: 0.0642  data_time: 0.0012  memory: 1499  
2026/04/25 22:11:12 - mmengine - INFO - Iter(val) [ 220/1000]    eta: 0:00:49  time: 0.0637  data_time: 0.0013  memory: 1460  
2026/04/25 22:11:13 - mmengine - INFO - Iter(val) [ 240/1000]    eta: 0:00:48  time: 0.0653  data_time: 0.0013  memory: 1456  
2026/04/25 22:11:14 - mmengine - INFO - Iter(val) [ 260/1000]    eta: 0:00:47  time: 0.0639  data_time: 0.0012  memory: 1464  
2026/04/25 22:11:16 - mmengine - INFO - Iter(val) [ 280/1000]    eta: 0:00:45  time: 0.0624  data_time: 0.0012  memory: 1548  
2026/04/25 22:11:17 - mmengine - INFO - Iter(val) [ 300/1000]    eta: 0:00:44  time: 0.0649  data_time: 0.0013  memory: 1560  
2026/04/25 22:11:18 - mmengine - INFO - Iter(val) [ 320/1000]    eta: 0:00:43  time: 0.0637  data_time: 0.0013  memory: 1500  
2026/04/25 22:11:19 - mmengine - INFO - Iter(val) [ 340/1000]    eta: 0:00:41  time: 0.0627  data_time: 0.0014  memory: 1495  
2026/04/25 22:11:21 - mmengine - INFO - Iter(val) [ 360/1000]    eta: 0:00:40  time: 0.0652  data_time: 0.0015  memory: 1524  
2026/04/25 22:11:22 - mmengine - INFO - Iter(val) [ 380/1000]    eta: 0:00:39  time: 0.0614  data_time: 0.0015  memory: 1545  
2026/04/25 22:11:23 - mmengine - INFO - Iter(val) [ 400/1000]    eta: 0:00:38  time: 0.0652  data_time: 0.0015  memory: 1451  
2026/04/25 22:11:25 - mmengine - INFO - Iter(val) [ 420/1000]    eta: 0:00:36  time: 0.0643  data_time: 0.0016  memory: 1451  
2026/04/25 22:11:26 - mmengine - INFO - Iter(val) [ 440/1000]    eta: 0:00:35  time: 0.0560  data_time: 0.0012  memory: 1451  
2026/04/25 22:11:27 - mmengine - INFO - Iter(val) [ 460/1000]    eta: 0:00:34  time: 0.0640  data_time: 0.0012  memory: 1539  
2026/04/25 22:11:28 - mmengine - INFO - Iter(val) [ 480/1000]    eta: 0:00:32  time: 0.0604  data_time: 0.0013  memory: 1456  
2026/04/25 22:11:30 - mmengine - INFO - Iter(val) [ 500/1000]    eta: 0:00:31  time: 0.0732  data_time: 0.0018  memory: 1542  
2026/04/25 22:11:31 - mmengine - INFO - Iter(val) [ 520/1000]    eta: 0:00:30  time: 0.0708  data_time: 0.0022  memory: 1547  
2026/04/25 22:11:33 - mmengine - INFO - Iter(val) [ 540/1000]    eta: 0:00:29  time: 0.0649  data_time: 0.0015  memory: 1481  
2026/04/25 22:11:34 - mmengine - INFO - Iter(val) [ 560/1000]    eta: 0:00:28  time: 0.0617  data_time: 0.0015  memory: 1433  
2026/04/25 22:11:35 - mmengine - INFO - Iter(val) [ 580/1000]    eta: 0:00:26  time: 0.0634  data_time: 0.0017  memory: 2509  
2026/04/25 22:11:36 - mmengine - INFO - Iter(val) [ 600/1000]    eta: 0:00:25  time: 0.0647  data_time: 0.0013  memory: 1493  
2026/04/25 22:11:38 - mmengine - INFO - Iter(val) [ 620/1000]    eta: 0:00:24  time: 0.0638  data_time: 0.0012  memory: 1495  
2026/04/25 22:11:39 - mmengine - INFO - Iter(val) [ 640/1000]    eta: 0:00:23  time: 0.0601  data_time: 0.0013  memory: 1455  
2026/04/25 22:11:40 - mmengine - INFO - Iter(val) [ 660/1000]    eta: 0:00:21  time: 0.0622  data_time: 0.0013  memory: 1454  
2026/04/25 22:11:41 - mmengine - INFO - Iter(val) [ 680/1000]    eta: 0:00:20  time: 0.0625  data_time: 0.0013  memory: 1456  
2026/04/25 22:11:43 - mmengine - INFO - Iter(val) [ 700/1000]    eta: 0:00:19  time: 0.0649  data_time: 0.0013  memory: 1511  
2026/04/25 22:11:44 - mmengine - INFO - Iter(val) [ 720/1000]    eta: 0:00:17  time: 0.0649  data_time: 0.0013  memory: 1539  
2026/04/25 22:11:45 - mmengine - INFO - Iter(val) [ 740/1000]    eta: 0:00:16  time: 0.0642  data_time: 0.0013  memory: 1454  
2026/04/25 22:11:46 - mmengine - INFO - Iter(val) [ 760/1000]    eta: 0:00:15  time: 0.0667  data_time: 0.0014  memory: 1525  
2026/04/25 22:11:48 - mmengine - INFO - Iter(val) [ 780/1000]    eta: 0:00:14  time: 0.0620  data_time: 0.0013  memory: 1487  
2026/04/25 22:11:49 - mmengine - INFO - Iter(val) [ 800/1000]    eta: 0:00:12  time: 0.0629  data_time: 0.0014  memory: 1402  
2026/04/25 22:11:50 - mmengine - INFO - Iter(val) [ 820/1000]    eta: 0:00:11  time: 0.0640  data_time: 0.0013  memory: 1661  
2026/04/25 22:11:52 - mmengine - INFO - Iter(val) [ 840/1000]    eta: 0:00:10  time: 0.0664  data_time: 0.0013  memory: 1539  
2026/04/25 22:11:53 - mmengine - INFO - Iter(val) [ 860/1000]    eta: 0:00:08  time: 0.0647  data_time: 0.0013  memory: 1456  
2026/04/25 22:11:54 - mmengine - INFO - Iter(val) [ 880/1000]    eta: 0:00:07  time: 0.0596  data_time: 0.0013  memory: 1520  
2026/04/25 22:11:55 - mmengine - INFO - Iter(val) [ 900/1000]    eta: 0:00:06  time: 0.0652  data_time: 0.0017  memory: 1456  
2026/04/25 22:11:57 - mmengine - INFO - Iter(val) [ 920/1000]    eta: 0:00:05  time: 0.0631  data_time: 0.0015  memory: 1389  
2026/04/25 22:11:58 - mmengine - INFO - Iter(val) [ 940/1000]    eta: 0:00:03  time: 0.0551  data_time: 0.0013  memory: 1389  
2026/04/25 22:11:59 - mmengine - INFO - Iter(val) [ 960/1000]    eta: 0:00:02  time: 0.0672  data_time: 0.0012  memory: 1710  
2026/04/25 22:12:00 - mmengine - INFO - Iter(val) [ 980/1000]    eta: 0:00:01  time: 0.0612  data_time: 0.0013  memory: 1389  
2026/04/25 22:12:02 - mmengine - INFO - Iter(val) [1000/1000]    eta: 0:00:00  time: 0.0649  data_time: 0.0014  memory: 1536  
2026/04/25 22:12:03 - mmengine - INFO - per class results:
2026/04/25 22:12:03 - mmengine - INFO - 
+---------------------+-------+-------+
|        Class        |  IoU  |  Acc  |
+---------------------+-------+-------+
|         wall        | 43.78 | 79.42 |
|       building      | 55.75 |  82.1 |
|         sky         | 81.25 | 94.88 |
|        floor        | 40.58 | 64.42 |
|         tree        | 41.16 |  75.6 |
|       ceiling       |  38.5 | 43.75 |
|         road        | 52.59 | 70.78 |
|         bed         |  28.6 | 57.38 |
|      windowpane     | 29.16 | 54.96 |
|        grass        | 44.73 | 56.23 |
|       cabinet       | 10.06 | 12.25 |
|       sidewalk      | 28.08 | 43.31 |
|        person       | 16.53 | 48.82 |
|        earth        | 11.52 | 14.75 |
|         door        |  0.2  |  0.2  |
|        table        |  4.98 |  7.4  |
|       mountain      |  19.7 | 56.27 |
|        plant        |  4.52 |  5.07 |
|       curtain       |  7.13 |  8.14 |
|        chair        |  6.01 |  7.87 |
|         car         | 33.37 | 53.71 |
|        water        |  0.45 |  0.49 |
|       painting      |  8.8  |  9.94 |
|         sofa        |  0.0  |  0.0  |
|        shelf        |  0.0  |  0.0  |
|        house        |  0.0  |  0.0  |
|         sea         | 21.74 | 41.63 |
|        mirror       |  0.0  |  0.0  |
|         rug         |  0.0  |  0.0  |
|        field        | 11.87 |  22.6 |
|       armchair      |  0.0  |  0.0  |
|         seat        |  0.0  |  0.0  |
|        fence        |  0.0  |  0.0  |
|         desk        |  0.0  |  0.0  |
|         rock        |  0.0  |  0.0  |
|       wardrobe      |  0.0  |  0.0  |
|         lamp        |  0.0  |  0.0  |
|       bathtub       |  0.0  |  0.0  |
|       railing       |  0.0  |  0.0  |
|       cushion       |  0.0  |  0.0  |
|         base        |  0.0  |  0.0  |
|         box         |  0.0  |  0.0  |
|        column       |  0.0  |  0.0  |
|      signboard      |  0.0  |  0.0  |
|   chest of drawers  |  0.0  |  0.0  |
|       counter       |  0.0  |  0.0  |
|         sand        |  0.01 |  0.01 |
|         sink        |  0.0  |  0.0  |
|      skyscraper     | 13.77 | 15.06 |
|      fireplace      |  0.0  |  0.0  |
|     refrigerator    |  0.0  |  0.0  |
|      grandstand     |  0.0  |  0.0  |
|         path        |  0.0  |  0.0  |
|        stairs       |  0.0  |  0.0  |
|        runway       |  0.0  |  0.0  |
|         case        |  0.0  |  0.0  |
|      pool table     |  0.0  |  0.0  |
|        pillow       |  0.0  |  0.0  |
|     screen door     |  0.0  |  0.0  |
|       stairway      |  0.0  |  0.0  |
|        river        |  0.0  |  0.0  |
|        bridge       |  0.0  |  0.0  |
|       bookcase      |  0.0  |  0.0  |
|        blind        |  0.0  |  0.0  |
|     coffee table    |  0.0  |  0.0  |
|        toilet       |  0.0  |  0.0  |
|        flower       |  0.0  |  0.0  |
|         book        |  0.0  |  0.0  |
|         hill        |  0.0  |  0.0  |
|        bench        |  0.0  |  0.0  |
|      countertop     |  0.0  |  0.0  |
|        stove        |  0.0  |  0.0  |
|         palm        |  0.0  |  0.0  |
|    kitchen island   |  0.0  |  0.0  |
|       computer      |  0.0  |  0.0  |
|     swivel chair    |  0.0  |  0.0  |
|         boat        |  0.0  |  0.0  |
|         bar         |  0.0  |  0.0  |
|    arcade machine   |  0.0  |  0.0  |
|        hovel        |  0.0  |  0.0  |
|         bus         |  0.0  |  0.0  |
|        towel        |  0.0  |  0.0  |
|        light        |  0.0  |  0.0  |
|        truck        |  0.0  |  0.0  |
|        tower        |  0.0  |  0.0  |
|      chandelier     |  0.0  |  0.0  |
|        awning       |  0.0  |  0.0  |
|     streetlight     |  0.0  |  0.0  |
|        booth        |  0.0  |  0.0  |
| television receiver |  0.0  |  0.0  |
|       airplane      |  0.0  |  0.0  |
|      dirt track     |  0.0  |  0.0  |
|       apparel       |  0.0  |  0.0  |
|         pole        |  0.0  |  0.0  |
|         land        |  0.0  |  0.0  |
|      bannister      |  0.0  |  0.0  |
|      escalator      |  0.0  |  0.0  |
|       ottoman       |  0.0  |  0.0  |
|        bottle       |  0.0  |  0.0  |
|        buffet       |  0.0  |  0.0  |
|        poster       |  0.0  |  0.0  |
|        stage        |  0.0  |  0.0  |
|         van         |  0.0  |  0.0  |
|         ship        |  0.0  |  0.0  |
|       fountain      |  0.0  |  0.0  |
|    conveyer belt    |  0.0  |  0.0  |
|        canopy       |  0.0  |  0.0  |
|        washer       |  0.0  |  0.0  |
|      plaything      |  0.0  |  0.0  |
|    swimming pool    |  0.0  |  0.0  |
|        stool        |  0.0  |  0.0  |
|        barrel       |  0.0  |  0.0  |
|        basket       |  0.0  |  0.0  |
|      waterfall      |  0.0  |  0.0  |
|         tent        |  0.0  |  0.0  |
|         bag         |  0.0  |  0.0  |
|       minibike      |  0.0  |  0.0  |
|        cradle       |  0.0  |  0.0  |
|         oven        |  0.0  |  0.0  |
|         ball        |  0.0  |  0.0  |
|         food        |  0.0  |  0.0  |
|         step        |  0.0  |  0.0  |
|         tank        |  0.0  |  0.0  |
|      trade name     |  0.0  |  0.0  |
|      microwave      |  0.0  |  0.0  |
|         pot         |  0.0  |  0.0  |
|        animal       |  0.0  |  0.0  |
|       bicycle       |  0.0  |  0.0  |
|         lake        |  0.0  |  0.0  |
|      dishwasher     |  0.0  |  0.0  |
|        screen       |  0.0  |  0.0  |
|       blanket       |  0.0  |  0.0  |
|      sculpture      |  0.0  |  0.0  |
|         hood        |  0.0  |  0.0  |
|        sconce       |  0.0  |  0.0  |
|         vase        |  0.0  |  0.0  |
|    traffic light    |  0.0  |  0.0  |
|         tray        |  0.0  |  0.0  |
|        ashcan       |  0.0  |  0.0  |
|         fan         |  0.0  |  0.0  |
|         pier        |  0.0  |  0.0  |
|      crt screen     |  0.0  |  0.0  |
|        plate        |  0.0  |  0.0  |
|       monitor       |  0.0  |  0.0  |
|    bulletin board   |  0.0  |  0.0  |
|        shower       |  0.0  |  0.0  |
|       radiator      |  0.0  |  0.0  |
|        glass        |  0.0  |  0.0  |
|        clock        |  0.0  |  0.0  |
|         flag        |  0.0  |  0.0  |
+---------------------+-------+-------+
2026/04/25 22:12:03 - mmengine - INFO - Iter(val) [1000/1000]    aAcc: 52.9400  mIoU: 4.3700  mAcc: 6.8500  data_time: 0.0014  time: 0.0638
2026/04/25 22:12:03 - mmengine - INFO - The previous best checkpoint /home/jlx_75/PVMamba_cifar10_sparse_v13_stage3_latesparse/segmentation/work_dirs/v13_ade20k_random_16000_fixrelu/best_mIoU_iter_4000.pth is removed
2026/04/25 22:12:03 - mmengine - INFO - The best checkpoint with 4.3700 mIoU at 8000 iter is saved to best_mIoU_iter_8000.pth.
2026/04/25 22:12:13 - mmengine - INFO - Iter(train) [ 8020/16000]  lr: 3.0892e-05  eta: 0:43:45  time: 0.3212  data_time: 0.0059  memory: 6053  loss: 2.9291  decode.loss_ce: 2.0420  decode.acc_seg: 47.0990  aux.loss_ce: 0.8871  aux.acc_seg: 36.3754
2026/04/25 22:12:19 - mmengine - INFO - Iter(train) [ 8040/16000]  lr: 3.0815e-05  eta: 0:43:39  time: 0.3220  data_time: 0.0058  memory: 6053  loss: 2.6834  decode.loss_ce: 1.8512  decode.acc_seg: 67.8230  aux.loss_ce: 0.8321  aux.acc_seg: 71.5070
2026/04/25 22:12:26 - mmengine - INFO - Iter(train) [ 8060/16000]  lr: 3.0737e-05  eta: 0:43:32  time: 0.3253  data_time: 0.0058  memory: 6053  loss: 2.7796  decode.loss_ce: 1.9256  decode.acc_seg: 40.9360  aux.loss_ce: 0.8540  aux.acc_seg: 47.2462
2026/04/25 22:12:32 - mmengine - INFO - Iter(train) [ 8080/16000]  lr: 3.0660e-05  eta: 0:43:25  time: 0.3256  data_time: 0.0058  memory: 6053  loss: 2.6162  decode.loss_ce: 1.8179  decode.acc_seg: 54.4105  aux.loss_ce: 0.7983  aux.acc_seg: 47.4195
2026/04/25 22:12:39 - mmengine - INFO - Iter(train) [ 8100/16000]  lr: 3.0583e-05  eta: 0:43:19  time: 0.3255  data_time: 0.0058  memory: 6053  loss: 3.3583  decode.loss_ce: 2.3506  decode.acc_seg: 36.9036  aux.loss_ce: 1.0077  aux.acc_seg: 27.4506
2026/04/25 22:12:45 - mmengine - INFO - Iter(train) [ 8120/16000]  lr: 3.0505e-05  eta: 0:43:12  time: 0.3243  data_time: 0.0055  memory: 6053  loss: 2.8512  decode.loss_ce: 1.9977  decode.acc_seg: 30.0264  aux.loss_ce: 0.8535  aux.acc_seg: 30.2298
2026/04/25 22:12:52 - mmengine - INFO - Iter(train) [ 8140/16000]  lr: 3.0428e-05  eta: 0:43:05  time: 0.3254  data_time: 0.0058  memory: 6053  loss: 2.3979  decode.loss_ce: 1.6728  decode.acc_seg: 15.9385  aux.loss_ce: 0.7252  aux.acc_seg: 13.6224
2026/04/25 22:12:58 - mmengine - INFO - Iter(train) [ 8160/16000]  lr: 3.0350e-05  eta: 0:42:59  time: 0.3420  data_time: 0.0059  memory: 6053  loss: 2.5565  decode.loss_ce: 1.7738  decode.acc_seg: 55.5671  aux.loss_ce: 0.7826  aux.acc_seg: 46.1146
2026/04/25 22:13:05 - mmengine - INFO - Iter(train) [ 8180/16000]  lr: 3.0273e-05  eta: 0:42:52  time: 0.3275  data_time: 0.0059  memory: 6053  loss: 2.7491  decode.loss_ce: 1.9178  decode.acc_seg: 45.9521  aux.loss_ce: 0.8314  aux.acc_seg: 27.3666
2026/04/25 22:13:11 - mmengine - INFO - Iter(train) [ 8200/16000]  lr: 3.0195e-05  eta: 0:42:46  time: 0.3243  data_time: 0.0057  memory: 6053  loss: 2.0111  decode.loss_ce: 1.3868  decode.acc_seg: 44.0803  aux.loss_ce: 0.6243  aux.acc_seg: 47.2285
2026/04/25 22:13:18 - mmengine - INFO - Iter(train) [ 8220/16000]  lr: 3.0118e-05  eta: 0:42:39  time: 0.3295  data_time: 0.0056  memory: 6053  loss: 2.5103  decode.loss_ce: 1.7403  decode.acc_seg: 28.6709  aux.loss_ce: 0.7699  aux.acc_seg: 16.5449
2026/04/25 22:13:24 - mmengine - INFO - Iter(train) [ 8240/16000]  lr: 3.0041e-05  eta: 0:42:32  time: 0.3289  data_time: 0.0060  memory: 6053  loss: 2.5878  decode.loss_ce: 1.7852  decode.acc_seg: 60.0997  aux.loss_ce: 0.8026  aux.acc_seg: 59.3370
2026/04/25 22:13:31 - mmengine - INFO - Iter(train) [ 8260/16000]  lr: 2.9963e-05  eta: 0:42:26  time: 0.3269  data_time: 0.0056  memory: 6053  loss: 2.8966  decode.loss_ce: 1.9926  decode.acc_seg: 53.8441  aux.loss_ce: 0.9039  aux.acc_seg: 51.7878
2026/04/25 22:13:38 - mmengine - INFO - Iter(train) [ 8280/16000]  lr: 2.9886e-05  eta: 0:42:19  time: 0.3273  data_time: 0.0082  memory: 6053  loss: 2.9641  decode.loss_ce: 2.0700  decode.acc_seg: 21.1034  aux.loss_ce: 0.8941  aux.acc_seg: 12.4008
2026/04/25 22:13:44 - mmengine - INFO - Iter(train) [ 8300/16000]  lr: 2.9808e-05  eta: 0:42:13  time: 0.3280  data_time: 0.0076  memory: 6053  loss: 2.3454  decode.loss_ce: 1.6369  decode.acc_seg: 26.5461  aux.loss_ce: 0.7085  aux.acc_seg: 23.9169
2026/04/25 22:13:51 - mmengine - INFO - Iter(train) [ 8320/16000]  lr: 2.9731e-05  eta: 0:42:06  time: 0.3364  data_time: 0.0055  memory: 6053  loss: 2.6644  decode.loss_ce: 1.8160  decode.acc_seg: 18.0908  aux.loss_ce: 0.8483  aux.acc_seg: 15.3440
2026/04/25 22:13:57 - mmengine - INFO - Iter(train) [ 8340/16000]  lr: 2.9654e-05  eta: 0:41:59  time: 0.3241  data_time: 0.0058  memory: 6053  loss: 3.3249  decode.loss_ce: 2.3043  decode.acc_seg: 19.2043  aux.loss_ce: 1.0206  aux.acc_seg: 16.5663
2026/04/25 22:14:04 - mmengine - INFO - Iter(train) [ 8360/16000]  lr: 2.9576e-05  eta: 0:41:53  time: 0.3286  data_time: 0.0061  memory: 6053  loss: 2.2855  decode.loss_ce: 1.5811  decode.acc_seg: 32.4065  aux.loss_ce: 0.7044  aux.acc_seg: 34.6024
2026/04/25 22:14:10 - mmengine - INFO - Iter(train) [ 8380/16000]  lr: 2.9499e-05  eta: 0:41:46  time: 0.3282  data_time: 0.0057  memory: 6053  loss: 2.2163  decode.loss_ce: 1.5097  decode.acc_seg: 33.7042  aux.loss_ce: 0.7067  aux.acc_seg: 37.6618
2026/04/25 22:14:17 - mmengine - INFO - Iter(train) [ 8400/16000]  lr: 2.9421e-05  eta: 0:41:40  time: 0.3269  data_time: 0.0066  memory: 6053  loss: 2.0996  decode.loss_ce: 1.4598  decode.acc_seg: 56.1974  aux.loss_ce: 0.6399  aux.acc_seg: 55.5017
2026/04/25 22:14:24 - mmengine - INFO - Iter(train) [ 8420/16000]  lr: 2.9344e-05  eta: 0:41:33  time: 0.3334  data_time: 0.0061  memory: 6053  loss: 2.6851  decode.loss_ce: 1.8608  decode.acc_seg: 64.8886  aux.loss_ce: 0.8243  aux.acc_seg: 71.4807
2026/04/25 22:14:30 - mmengine - INFO - Iter(train) [ 8440/16000]  lr: 2.9266e-05  eta: 0:41:27  time: 0.3264  data_time: 0.0059  memory: 6053  loss: 2.9641  decode.loss_ce: 2.0974  decode.acc_seg: 47.0295  aux.loss_ce: 0.8668  aux.acc_seg: 46.7336
2026/04/25 22:14:37 - mmengine - INFO - Iter(train) [ 8460/16000]  lr: 2.9189e-05  eta: 0:41:20  time: 0.3288  data_time: 0.0075  memory: 6053  loss: 2.3278  decode.loss_ce: 1.5994  decode.acc_seg: 50.7187  aux.loss_ce: 0.7284  aux.acc_seg: 33.8394
2026/04/25 22:14:43 - mmengine - INFO - Iter(train) [ 8480/16000]  lr: 2.9112e-05  eta: 0:41:13  time: 0.3328  data_time: 0.0077  memory: 6053  loss: 2.3246  decode.loss_ce: 1.6338  decode.acc_seg: 9.0562  aux.loss_ce: 0.6908  aux.acc_seg: 5.1374
2026/04/25 22:14:50 - mmengine - INFO - Iter(train) [ 8500/16000]  lr: 2.9034e-05  eta: 0:41:07  time: 0.3302  data_time: 0.0080  memory: 6053  loss: 2.6525  decode.loss_ce: 1.8183  decode.acc_seg: 60.0589  aux.loss_ce: 0.8342  aux.acc_seg: 60.7071
2026/04/25 22:14:57 - mmengine - INFO - Iter(train) [ 8520/16000]  lr: 2.8957e-05  eta: 0:41:00  time: 0.3388  data_time: 0.0080  memory: 6053  loss: 3.3977  decode.loss_ce: 2.3662  decode.acc_seg: 45.3201  aux.loss_ce: 1.0315  aux.acc_seg: 42.4907
2026/04/25 22:15:04 - mmengine - INFO - Iter(train) [ 8540/16000]  lr: 2.8879e-05  eta: 0:40:54  time: 0.3418  data_time: 0.0070  memory: 6053  loss: 2.6977  decode.loss_ce: 1.8529  decode.acc_seg: 47.4876  aux.loss_ce: 0.8448  aux.acc_seg: 42.0593
2026/04/25 22:15:10 - mmengine - INFO - Iter(train) [ 8560/16000]  lr: 2.8802e-05  eta: 0:40:47  time: 0.3305  data_time: 0.0059  memory: 6053  loss: 2.2772  decode.loss_ce: 1.5808  decode.acc_seg: 65.4118  aux.loss_ce: 0.6964  aux.acc_seg: 53.6269
2026/04/25 22:15:17 - mmengine - INFO - Iter(train) [ 8580/16000]  lr: 2.8724e-05  eta: 0:40:41  time: 0.3293  data_time: 0.0059  memory: 6053  loss: 2.9527  decode.loss_ce: 2.0805  decode.acc_seg: 38.2098  aux.loss_ce: 0.8722  aux.acc_seg: 22.0369
2026/04/25 22:15:23 - mmengine - INFO - Iter(train) [ 8600/16000]  lr: 2.8647e-05  eta: 0:40:34  time: 0.3279  data_time: 0.0055  memory: 6053  loss: 2.7309  decode.loss_ce: 1.8738  decode.acc_seg: 71.3443  aux.loss_ce: 0.8571  aux.acc_seg: 65.2209
2026/04/25 22:15:30 - mmengine - INFO - Iter(train) [ 8620/16000]  lr: 2.8570e-05  eta: 0:40:28  time: 0.3290  data_time: 0.0058  memory: 6053  loss: 2.4974  decode.loss_ce: 1.7191  decode.acc_seg: 71.4801  aux.loss_ce: 0.7783  aux.acc_seg: 66.8255
2026/04/25 22:15:37 - mmengine - INFO - Iter(train) [ 8640/16000]  lr: 2.8492e-05  eta: 0:40:21  time: 0.3359  data_time: 0.0074  memory: 6053  loss: 3.1470  decode.loss_ce: 2.2057  decode.acc_seg: 34.9467  aux.loss_ce: 0.9413  aux.acc_seg: 32.2725
2026/04/25 22:15:43 - mmengine - INFO - Iter(train) [ 8660/16000]  lr: 2.8415e-05  eta: 0:40:15  time: 0.3282  data_time: 0.0074  memory: 6053  loss: 2.4096  decode.loss_ce: 1.6832  decode.acc_seg: 47.4173  aux.loss_ce: 0.7265  aux.acc_seg: 46.9307
2026/04/25 22:15:50 - mmengine - INFO - Iter(train) [ 8680/16000]  lr: 2.8337e-05  eta: 0:40:08  time: 0.3383  data_time: 0.0078  memory: 6053  loss: 3.2015  decode.loss_ce: 2.2258  decode.acc_seg: 39.2321  aux.loss_ce: 0.9757  aux.acc_seg: 27.0114
2026/04/25 22:15:56 - mmengine - INFO - Iter(train) [ 8700/16000]  lr: 2.8260e-05  eta: 0:40:02  time: 0.3315  data_time: 0.0059  memory: 6053  loss: 2.1603  decode.loss_ce: 1.4773  decode.acc_seg: 43.8818  aux.loss_ce: 0.6831  aux.acc_seg: 65.2088
2026/04/25 22:16:03 - mmengine - INFO - Iter(train) [ 8720/16000]  lr: 2.8182e-05  eta: 0:39:55  time: 0.3268  data_time: 0.0063  memory: 6053  loss: 2.0432  decode.loss_ce: 1.3998  decode.acc_seg: 69.3190  aux.loss_ce: 0.6434  aux.acc_seg: 68.2050
2026/04/25 22:16:09 - mmengine - INFO - Iter(train) [ 8740/16000]  lr: 2.8105e-05  eta: 0:39:48  time: 0.3256  data_time: 0.0060  memory: 6053  loss: 2.4468  decode.loss_ce: 1.7080  decode.acc_seg: 54.0445  aux.loss_ce: 0.7388  aux.acc_seg: 44.8197
2026/04/25 22:16:16 - mmengine - INFO - Iter(train) [ 8760/16000]  lr: 2.8028e-05  eta: 0:39:42  time: 0.3270  data_time: 0.0058  memory: 6053  loss: 2.6121  decode.loss_ce: 1.7911  decode.acc_seg: 85.7903  aux.loss_ce: 0.8210  aux.acc_seg: 85.3325
2026/04/25 22:16:23 - mmengine - INFO - Iter(train) [ 8780/16000]  lr: 2.7950e-05  eta: 0:39:35  time: 0.3260  data_time: 0.0062  memory: 6053  loss: 2.4688  decode.loss_ce: 1.6922  decode.acc_seg: 34.9751  aux.loss_ce: 0.7766  aux.acc_seg: 19.0339
2026/04/25 22:16:29 - mmengine - INFO - Iter(train) [ 8800/16000]  lr: 2.7873e-05  eta: 0:39:29  time: 0.3262  data_time: 0.0057  memory: 6053  loss: 2.1499  decode.loss_ce: 1.4835  decode.acc_seg: 64.1487  aux.loss_ce: 0.6664  aux.acc_seg: 55.7115
2026/04/25 22:16:36 - mmengine - INFO - Iter(train) [ 8820/16000]  lr: 2.7795e-05  eta: 0:39:22  time: 0.3283  data_time: 0.0075  memory: 6053  loss: 2.1269  decode.loss_ce: 1.4699  decode.acc_seg: 15.8445  aux.loss_ce: 0.6570  aux.acc_seg: 15.6059
2026/04/25 22:16:42 - mmengine - INFO - Iter(train) [ 8840/16000]  lr: 2.7718e-05  eta: 0:39:15  time: 0.3274  data_time: 0.0077  memory: 6053  loss: 3.0171  decode.loss_ce: 2.0837  decode.acc_seg: 18.3385  aux.loss_ce: 0.9334  aux.acc_seg: 2.8020
2026/04/25 22:16:49 - mmengine - INFO - Iter(train) [ 8860/16000]  lr: 2.7640e-05  eta: 0:39:09  time: 0.3413  data_time: 0.0074  memory: 6053  loss: 2.9185  decode.loss_ce: 1.9979  decode.acc_seg: 69.3457  aux.loss_ce: 0.9206  aux.acc_seg: 60.7260
2026/04/25 22:16:56 - mmengine - INFO - Iter(train) [ 8880/16000]  lr: 2.7563e-05  eta: 0:39:03  time: 0.3416  data_time: 0.0075  memory: 6053  loss: 1.7136  decode.loss_ce: 1.1538  decode.acc_seg: 79.2221  aux.loss_ce: 0.5598  aux.acc_seg: 69.2135
2026/04/25 22:17:03 - mmengine - INFO - Iter(train) [ 8900/16000]  lr: 2.7486e-05  eta: 0:38:56  time: 0.3443  data_time: 0.0079  memory: 6053  loss: 2.1133  decode.loss_ce: 1.4582  decode.acc_seg: 52.6425  aux.loss_ce: 0.6551  aux.acc_seg: 49.4183
2026/04/25 22:17:10 - mmengine - INFO - Iter(train) [ 8920/16000]  lr: 2.7408e-05  eta: 0:38:50  time: 0.3546  data_time: 0.0079  memory: 6053  loss: 2.7745  decode.loss_ce: 1.9297  decode.acc_seg: 12.3303  aux.loss_ce: 0.8449  aux.acc_seg: 7.4590
2026/04/25 22:17:16 - mmengine - INFO - Iter(train) [ 8940/16000]  lr: 2.7331e-05  eta: 0:38:43  time: 0.3241  data_time: 0.0077  memory: 6053  loss: 2.2936  decode.loss_ce: 1.5663  decode.acc_seg: 34.7691  aux.loss_ce: 0.7273  aux.acc_seg: 30.2762
2026/04/25 22:17:23 - mmengine - INFO - Iter(train) [ 8960/16000]  lr: 2.7253e-05  eta: 0:38:37  time: 0.3262  data_time: 0.0075  memory: 6053  loss: 2.1053  decode.loss_ce: 1.4702  decode.acc_seg: 48.3205  aux.loss_ce: 0.6351  aux.acc_seg: 49.6543
2026/04/25 22:17:29 - mmengine - INFO - Iter(train) [ 8980/16000]  lr: 2.7176e-05  eta: 0:38:30  time: 0.3282  data_time: 0.0076  memory: 6053  loss: 2.2512  decode.loss_ce: 1.5756  decode.acc_seg: 60.8052  aux.loss_ce: 0.6756  aux.acc_seg: 46.3686
2026/04/25 22:17:36 - mmengine - INFO - Exp name: pvmamba_tiny_upernet_ade20k_v13_random_16000_fixrelu_20260425_212454
2026/04/25 22:17:36 - mmengine - INFO - Iter(train) [ 9000/16000]  lr: 2.7099e-05  eta: 0:38:24  time: 0.3344  data_time: 0.0076  memory: 6053  loss: 2.7601  decode.loss_ce: 1.9498  decode.acc_seg: 54.1323  aux.loss_ce: 0.8103  aux.acc_seg: 52.5874
2026/04/25 22:17:43 - mmengine - INFO - Iter(train) [ 9020/16000]  lr: 2.7021e-05  eta: 0:38:17  time: 0.3265  data_time: 0.0062  memory: 6053  loss: 2.4528  decode.loss_ce: 1.7019  decode.acc_seg: 83.5470  aux.loss_ce: 0.7509  aux.acc_seg: 88.8953
2026/04/25 22:17:49 - mmengine - INFO - Iter(train) [ 9040/16000]  lr: 2.6944e-05  eta: 0:38:10  time: 0.3308  data_time: 0.0064  memory: 6053  loss: 2.5711  decode.loss_ce: 1.8121  decode.acc_seg: 62.4140  aux.loss_ce: 0.7590  aux.acc_seg: 45.2609
2026/04/25 22:17:56 - mmengine - INFO - Iter(train) [ 9060/16000]  lr: 2.6866e-05  eta: 0:38:04  time: 0.3278  data_time: 0.0059  memory: 6053  loss: 2.9922  decode.loss_ce: 2.0986  decode.acc_seg: 80.2929  aux.loss_ce: 0.8937  aux.acc_seg: 77.5036
2026/04/25 22:18:02 - mmengine - INFO - Iter(train) [ 9080/16000]  lr: 2.6789e-05  eta: 0:37:57  time: 0.3366  data_time: 0.0076  memory: 6053  loss: 2.2796  decode.loss_ce: 1.5872  decode.acc_seg: 56.3629  aux.loss_ce: 0.6924  aux.acc_seg: 54.2845
2026/04/25 22:18:09 - mmengine - INFO - Iter(train) [ 9100/16000]  lr: 2.6711e-05  eta: 0:37:51  time: 0.3298  data_time: 0.0079  memory: 6053  loss: 2.5032  decode.loss_ce: 1.7710  decode.acc_seg: 39.5549  aux.loss_ce: 0.7322  aux.acc_seg: 37.9512
2026/04/25 22:18:16 - mmengine - INFO - Iter(train) [ 9120/16000]  lr: 2.6634e-05  eta: 0:37:44  time: 0.3285  data_time: 0.0067  memory: 6053  loss: 2.9774  decode.loss_ce: 2.0733  decode.acc_seg: 3.2094  aux.loss_ce: 0.9041  aux.acc_seg: 3.3873
2026/04/25 22:18:22 - mmengine - INFO - Iter(train) [ 9140/16000]  lr: 2.6557e-05  eta: 0:37:38  time: 0.3438  data_time: 0.0077  memory: 6053  loss: 2.3236  decode.loss_ce: 1.6070  decode.acc_seg: 28.5613  aux.loss_ce: 0.7166  aux.acc_seg: 31.8348
2026/04/25 22:18:29 - mmengine - INFO - Iter(train) [ 9160/16000]  lr: 2.6479e-05  eta: 0:37:31  time: 0.3375  data_time: 0.0072  memory: 6053  loss: 2.6000  decode.loss_ce: 1.7845  decode.acc_seg: 42.8252  aux.loss_ce: 0.8155  aux.acc_seg: 37.0621
2026/04/25 22:18:36 - mmengine - INFO - Iter(train) [ 9180/16000]  lr: 2.6402e-05  eta: 0:37:25  time: 0.3303  data_time: 0.0064  memory: 6053  loss: 1.8936  decode.loss_ce: 1.2660  decode.acc_seg: 59.6557  aux.loss_ce: 0.6276  aux.acc_seg: 31.3331
2026/04/25 22:18:42 - mmengine - INFO - Iter(train) [ 9200/16000]  lr: 2.6324e-05  eta: 0:37:18  time: 0.3278  data_time: 0.0057  memory: 6053  loss: 2.3437  decode.loss_ce: 1.6115  decode.acc_seg: 60.1978  aux.loss_ce: 0.7323  aux.acc_seg: 56.8433
2026/04/25 22:18:49 - mmengine - INFO - Iter(train) [ 9220/16000]  lr: 2.6247e-05  eta: 0:37:12  time: 0.3285  data_time: 0.0062  memory: 6053  loss: 2.4605  decode.loss_ce: 1.7113  decode.acc_seg: 55.6053  aux.loss_ce: 0.7492  aux.acc_seg: 52.8304
2026/04/25 22:18:56 - mmengine - INFO - Iter(train) [ 9240/16000]  lr: 2.6169e-05  eta: 0:37:05  time: 0.3281  data_time: 0.0067  memory: 6053  loss: 2.8437  decode.loss_ce: 1.9695  decode.acc_seg: 0.8185  aux.loss_ce: 0.8742  aux.acc_seg: 4.6825
2026/04/25 22:19:02 - mmengine - INFO - Iter(train) [ 9260/16000]  lr: 2.6092e-05  eta: 0:36:58  time: 0.3301  data_time: 0.0063  memory: 6053  loss: 2.2727  decode.loss_ce: 1.5745  decode.acc_seg: 17.6307  aux.loss_ce: 0.6982  aux.acc_seg: 7.7652
2026/04/25 22:19:09 - mmengine - INFO - Iter(train) [ 9280/16000]  lr: 2.6015e-05  eta: 0:36:52  time: 0.3269  data_time: 0.0059  memory: 6053  loss: 2.5870  decode.loss_ce: 1.7824  decode.acc_seg: 22.5056  aux.loss_ce: 0.8046  aux.acc_seg: 18.0839
2026/04/25 22:19:15 - mmengine - INFO - Iter(train) [ 9300/16000]  lr: 2.5937e-05  eta: 0:36:45  time: 0.3259  data_time: 0.0061  memory: 6053  loss: 2.8207  decode.loss_ce: 1.9903  decode.acc_seg: 51.5967  aux.loss_ce: 0.8304  aux.acc_seg: 44.5623
2026/04/25 22:19:22 - mmengine - INFO - Iter(train) [ 9320/16000]  lr: 2.5860e-05  eta: 0:36:39  time: 0.3274  data_time: 0.0057  memory: 6053  loss: 2.2711  decode.loss_ce: 1.5866  decode.acc_seg: 40.7866  aux.loss_ce: 0.6846  aux.acc_seg: 37.9118
2026/04/25 22:19:28 - mmengine - INFO - Iter(train) [ 9340/16000]  lr: 2.5782e-05  eta: 0:36:32  time: 0.3277  data_time: 0.0062  memory: 6053  loss: 2.5502  decode.loss_ce: 1.7570  decode.acc_seg: 36.1719  aux.loss_ce: 0.7932  aux.acc_seg: 34.3387
2026/04/25 22:19:35 - mmengine - INFO - Iter(train) [ 9360/16000]  lr: 2.5705e-05  eta: 0:36:25  time: 0.3320  data_time: 0.0062  memory: 6053  loss: 2.0948  decode.loss_ce: 1.4252  decode.acc_seg: 71.6689  aux.loss_ce: 0.6696  aux.acc_seg: 67.7127
2026/04/25 22:19:41 - mmengine - INFO - Iter(train) [ 9380/16000]  lr: 2.5627e-05  eta: 0:36:19  time: 0.3259  data_time: 0.0062  memory: 6053  loss: 2.3224  decode.loss_ce: 1.5905  decode.acc_seg: 28.2536  aux.loss_ce: 0.7319  aux.acc_seg: 33.7533
2026/04/25 22:19:48 - mmengine - INFO - Iter(train) [ 9400/16000]  lr: 2.5550e-05  eta: 0:36:12  time: 0.3258  data_time: 0.0062  memory: 6053  loss: 2.8536  decode.loss_ce: 1.9676  decode.acc_seg: 67.2820  aux.loss_ce: 0.8860  aux.acc_seg: 54.9905
2026/04/25 22:19:55 - mmengine - INFO - Iter(train) [ 9420/16000]  lr: 2.5473e-05  eta: 0:36:06  time: 0.3333  data_time: 0.0057  memory: 6053  loss: 2.2614  decode.loss_ce: 1.5440  decode.acc_seg: 70.0380  aux.loss_ce: 0.7174  aux.acc_seg: 69.3469
2026/04/25 22:20:01 - mmengine - INFO - Iter(train) [ 9440/16000]  lr: 2.5395e-05  eta: 0:35:59  time: 0.3283  data_time: 0.0074  memory: 6053  loss: 2.8454  decode.loss_ce: 1.9774  decode.acc_seg: 33.6434  aux.loss_ce: 0.8679  aux.acc_seg: 25.9169
2026/04/25 22:20:08 - mmengine - INFO - Iter(train) [ 9460/16000]  lr: 2.5318e-05  eta: 0:35:52  time: 0.3279  data_time: 0.0076  memory: 6053  loss: 2.2683  decode.loss_ce: 1.5622  decode.acc_seg: 63.5574  aux.loss_ce: 0.7061  aux.acc_seg: 67.9617
2026/04/25 22:20:14 - mmengine - INFO - Iter(train) [ 9480/16000]  lr: 2.5240e-05  eta: 0:35:46  time: 0.3319  data_time: 0.0077  memory: 6053  loss: 2.5935  decode.loss_ce: 1.7971  decode.acc_seg: 81.3458  aux.loss_ce: 0.7963  aux.acc_seg: 70.7325
2026/04/25 22:20:21 - mmengine - INFO - Iter(train) [ 9500/16000]  lr: 2.5163e-05  eta: 0:35:39  time: 0.3402  data_time: 0.0079  memory: 6053  loss: 2.9987  decode.loss_ce: 2.0603  decode.acc_seg: 56.1571  aux.loss_ce: 0.9384  aux.acc_seg: 41.0160
2026/04/25 22:20:28 - mmengine - INFO - Iter(train) [ 9520/16000]  lr: 2.5085e-05  eta: 0:35:33  time: 0.3413  data_time: 0.0074  memory: 6053  loss: 2.7016  decode.loss_ce: 1.8809  decode.acc_seg: 88.2999  aux.loss_ce: 0.8207  aux.acc_seg: 75.3637
2026/04/25 22:20:35 - mmengine - INFO - Iter(train) [ 9540/16000]  lr: 2.5008e-05  eta: 0:35:26  time: 0.3417  data_time: 0.0071  memory: 6053  loss: 2.7344  decode.loss_ce: 1.9001  decode.acc_seg: 79.0545  aux.loss_ce: 0.8343  aux.acc_seg: 71.2558
2026/04/25 22:20:41 - mmengine - INFO - Iter(train) [ 9560/16000]  lr: 2.4931e-05  eta: 0:35:20  time: 0.3284  data_time: 0.0060  memory: 6053  loss: 2.2795  decode.loss_ce: 1.5999  decode.acc_seg: 70.1360  aux.loss_ce: 0.6796  aux.acc_seg: 67.8346
2026/04/25 22:20:48 - mmengine - INFO - Iter(train) [ 9580/16000]  lr: 2.4853e-05  eta: 0:35:13  time: 0.3280  data_time: 0.0059  memory: 6053  loss: 2.0720  decode.loss_ce: 1.4209  decode.acc_seg: 35.3137  aux.loss_ce: 0.6511  aux.acc_seg: 44.3843
2026/04/25 22:20:55 - mmengine - INFO - Iter(train) [ 9600/16000]  lr: 2.4776e-05  eta: 0:35:07  time: 0.3259  data_time: 0.0060  memory: 6053  loss: 3.2501  decode.loss_ce: 2.2351  decode.acc_seg: 31.9685  aux.loss_ce: 1.0149  aux.acc_seg: 31.1325
2026/04/25 22:21:01 - mmengine - INFO - Iter(train) [ 9620/16000]  lr: 2.4698e-05  eta: 0:35:00  time: 0.3312  data_time: 0.0060  memory: 6053  loss: 2.5714  decode.loss_ce: 1.7655  decode.acc_seg: 60.6246  aux.loss_ce: 0.8059  aux.acc_seg: 56.0385
2026/04/25 22:21:08 - mmengine - INFO - Iter(train) [ 9640/16000]  lr: 2.4621e-05  eta: 0:34:54  time: 0.3284  data_time: 0.0062  memory: 6053  loss: 2.8854  decode.loss_ce: 1.9969  decode.acc_seg: 83.3054  aux.loss_ce: 0.8884  aux.acc_seg: 82.3557
2026/04/25 22:21:14 - mmengine - INFO - Iter(train) [ 9660/16000]  lr: 2.4544e-05  eta: 0:34:47  time: 0.3260  data_time: 0.0061  memory: 6053  loss: 2.5856  decode.loss_ce: 1.7721  decode.acc_seg: 57.9581  aux.loss_ce: 0.8134  aux.acc_seg: 52.3752
2026/04/25 22:21:21 - mmengine - INFO - Iter(train) [ 9680/16000]  lr: 2.4466e-05  eta: 0:34:40  time: 0.3447  data_time: 0.0060  memory: 6053  loss: 2.8488  decode.loss_ce: 1.9719  decode.acc_seg: 34.2998  aux.loss_ce: 0.8769  aux.acc_seg: 31.1429
2026/04/25 22:21:28 - mmengine - INFO - Iter(train) [ 9700/16000]  lr: 2.4389e-05  eta: 0:34:34  time: 0.3307  data_time: 0.0066  memory: 6053  loss: 2.4173  decode.loss_ce: 1.6533  decode.acc_seg: 59.0803  aux.loss_ce: 0.7639  aux.acc_seg: 39.4287
2026/04/25 22:21:34 - mmengine - INFO - Iter(train) [ 9720/16000]  lr: 2.4311e-05  eta: 0:34:27  time: 0.3322  data_time: 0.0067  memory: 6053  loss: 2.4835  decode.loss_ce: 1.7138  decode.acc_seg: 34.3536  aux.loss_ce: 0.7697  aux.acc_seg: 27.4771
2026/04/25 22:21:41 - mmengine - INFO - Iter(train) [ 9740/16000]  lr: 2.4234e-05  eta: 0:34:21  time: 0.3299  data_time: 0.0062  memory: 6053  loss: 3.1780  decode.loss_ce: 2.2109  decode.acc_seg: 40.5757  aux.loss_ce: 0.9670  aux.acc_seg: 38.6956
2026/04/25 22:21:47 - mmengine - INFO - Iter(train) [ 9760/16000]  lr: 2.4156e-05  eta: 0:34:14  time: 0.3298  data_time: 0.0063  memory: 6053  loss: 1.9480  decode.loss_ce: 1.3359  decode.acc_seg: 19.3804  aux.loss_ce: 0.6121  aux.acc_seg: 15.5900
2026/04/25 22:21:54 - mmengine - INFO - Iter(train) [ 9780/16000]  lr: 2.4079e-05  eta: 0:34:07  time: 0.3268  data_time: 0.0079  memory: 6053  loss: 2.7725  decode.loss_ce: 1.9176  decode.acc_seg: 63.9070  aux.loss_ce: 0.8549  aux.acc_seg: 59.6193
2026/04/25 22:22:00 - mmengine - INFO - Iter(train) [ 9800/16000]  lr: 2.4002e-05  eta: 0:34:01  time: 0.3330  data_time: 0.0079  memory: 6053  loss: 3.0706  decode.loss_ce: 2.1653  decode.acc_seg: 17.4172  aux.loss_ce: 0.9053  aux.acc_seg: 5.1223
2026/04/25 22:22:07 - mmengine - INFO - Iter(train) [ 9820/16000]  lr: 2.3924e-05  eta: 0:33:54  time: 0.3247  data_time: 0.0076  memory: 6053  loss: 2.3919  decode.loss_ce: 1.6438  decode.acc_seg: 70.1479  aux.loss_ce: 0.7481  aux.acc_seg: 60.8448
2026/04/25 22:22:13 - mmengine - INFO - Iter(train) [ 9840/16000]  lr: 2.3847e-05  eta: 0:33:48  time: 0.3332  data_time: 0.0076  memory: 6053  loss: 2.3940  decode.loss_ce: 1.6603  decode.acc_seg: 66.5551  aux.loss_ce: 0.7337  aux.acc_seg: 53.7118
2026/04/25 22:22:20 - mmengine - INFO - Iter(train) [ 9860/16000]  lr: 2.3769e-05  eta: 0:33:41  time: 0.3328  data_time: 0.0078  memory: 6053  loss: 2.0955  decode.loss_ce: 1.4776  decode.acc_seg: 78.8112  aux.loss_ce: 0.6178  aux.acc_seg: 82.4396
2026/04/25 22:22:27 - mmengine - INFO - Iter(train) [ 9880/16000]  lr: 2.3692e-05  eta: 0:33:34  time: 0.3254  data_time: 0.0077  memory: 6053  loss: 2.7516  decode.loss_ce: 1.9142  decode.acc_seg: 61.0052  aux.loss_ce: 0.8374  aux.acc_seg: 54.9837
2026/04/25 22:22:33 - mmengine - INFO - Iter(train) [ 9900/16000]  lr: 2.3614e-05  eta: 0:33:28  time: 0.3295  data_time: 0.0065  memory: 6053  loss: 2.6378  decode.loss_ce: 1.8382  decode.acc_seg: 48.6579  aux.loss_ce: 0.7996  aux.acc_seg: 48.0342
2026/04/25 22:22:40 - mmengine - INFO - Iter(train) [ 9920/16000]  lr: 2.3537e-05  eta: 0:33:21  time: 0.3278  data_time: 0.0059  memory: 6053  loss: 1.9065  decode.loss_ce: 1.2998  decode.acc_seg: 54.1485  aux.loss_ce: 0.6068  aux.acc_seg: 45.9567
2026/04/25 22:22:46 - mmengine - INFO - Iter(train) [ 9940/16000]  lr: 2.3460e-05  eta: 0:33:15  time: 0.3257  data_time: 0.0059  memory: 6053  loss: 2.7565  decode.loss_ce: 1.9062  decode.acc_seg: 64.1868  aux.loss_ce: 0.8503  aux.acc_seg: 58.9266
2026/04/25 22:22:53 - mmengine - INFO - Iter(train) [ 9960/16000]  lr: 2.3382e-05  eta: 0:33:08  time: 0.3266  data_time: 0.0062  memory: 6053  loss: 2.6007  decode.loss_ce: 1.7986  decode.acc_seg: 51.9055  aux.loss_ce: 0.8021  aux.acc_seg: 49.0376
2026/04/25 22:22:59 - mmengine - INFO - Iter(train) [ 9980/16000]  lr: 2.3305e-05  eta: 0:33:01  time: 0.3260  data_time: 0.0060  memory: 6053  loss: 2.5047  decode.loss_ce: 1.7137  decode.acc_seg: 54.2613  aux.loss_ce: 0.7910  aux.acc_seg: 45.4963
2026/04/25 22:23:06 - mmengine - INFO - Exp name: pvmamba_tiny_upernet_ade20k_v13_random_16000_fixrelu_20260425_212454
2026/04/25 22:23:06 - mmengine - INFO - Iter(train) [10000/16000]  lr: 2.3227e-05  eta: 0:32:55  time: 0.3262  data_time: 0.0061  memory: 6053  loss: 2.2103  decode.loss_ce: 1.5201  decode.acc_seg: 42.9726  aux.loss_ce: 0.6902  aux.acc_seg: 41.8038
2026/04/25 22:23:12 - mmengine - INFO - Iter(train) [10020/16000]  lr: 2.3150e-05  eta: 0:32:48  time: 0.3293  data_time: 0.0062  memory: 6053  loss: 2.7826  decode.loss_ce: 1.9364  decode.acc_seg: 20.2849  aux.loss_ce: 0.8463  aux.acc_seg: 16.7118
2026/04/25 22:23:19 - mmengine - INFO - Iter(train) [10040/16000]  lr: 2.3072e-05  eta: 0:32:42  time: 0.3268  data_time: 0.0060  memory: 6053  loss: 2.6855  decode.loss_ce: 1.8692  decode.acc_seg: 41.3523  aux.loss_ce: 0.8163  aux.acc_seg: 44.0920
2026/04/25 22:23:26 - mmengine - INFO - Iter(train) [10060/16000]  lr: 2.2995e-05  eta: 0:32:35  time: 0.3275  data_time: 0.0078  memory: 6053  loss: 2.8856  decode.loss_ce: 1.9751  decode.acc_seg: 83.1552  aux.loss_ce: 0.9106  aux.acc_seg: 82.1630
2026/04/25 22:23:32 - mmengine - INFO - Iter(train) [10080/16000]  lr: 2.2918e-05  eta: 0:32:28  time: 0.3293  data_time: 0.0077  memory: 6053  loss: 2.3339  decode.loss_ce: 1.6035  decode.acc_seg: 26.7577  aux.loss_ce: 0.7304  aux.acc_seg: 25.9526
2026/04/25 22:23:39 - mmengine - INFO - Iter(train) [10100/16000]  lr: 2.2840e-05  eta: 0:32:22  time: 0.3258  data_time: 0.0060  memory: 6053  loss: 2.9292  decode.loss_ce: 2.0088  decode.acc_seg: 24.1273  aux.loss_ce: 0.9204  aux.acc_seg: 27.0767
2026/04/25 22:23:40 - mmengine - INFO - Exp name: pvmamba_tiny_upernet_ade20k_v13_random_16000_fixrelu_20260425_212454
2026/04/25 22:23:45 - mmengine - INFO - Iter(train) [10120/16000]  lr: 2.2763e-05  eta: 0:32:15  time: 0.3249  data_time: 0.0059  memory: 6053  loss: 2.5430  decode.loss_ce: 1.7562  decode.acc_seg: 36.9253  aux.loss_ce: 0.7868  aux.acc_seg: 28.9515
2026/04/25 22:23:52 - mmengine - INFO - Iter(train) [10140/16000]  lr: 2.2685e-05  eta: 0:32:09  time: 0.3292  data_time: 0.0057  memory: 6053  loss: 2.5863  decode.loss_ce: 1.7911  decode.acc_seg: 46.4551  aux.loss_ce: 0.7952  aux.acc_seg: 42.0769
2026/04/25 22:23:59 - mmengine - INFO - Iter(train) [10160/16000]  lr: 2.2608e-05  eta: 0:32:02  time: 0.3278  data_time: 0.0058  memory: 6053  loss: 2.3810  decode.loss_ce: 1.6568  decode.acc_seg: 29.5671  aux.loss_ce: 0.7242  aux.acc_seg: 20.4356
2026/04/25 22:24:05 - mmengine - INFO - Iter(train) [10180/16000]  lr: 2.2530e-05  eta: 0:31:56  time: 0.3279  data_time: 0.0062  memory: 6053  loss: 2.1770  decode.loss_ce: 1.4925  decode.acc_seg: 39.6351  aux.loss_ce: 0.6845  aux.acc_seg: 34.8645
2026/04/25 22:24:12 - mmengine - INFO - Iter(train) [10200/16000]  lr: 2.2453e-05  eta: 0:31:49  time: 0.3279  data_time: 0.0057  memory: 6053  loss: 2.5933  decode.loss_ce: 1.7933  decode.acc_seg: 58.9936  aux.loss_ce: 0.8000  aux.acc_seg: 53.7804
2026/04/25 22:24:18 - mmengine - INFO - Iter(train) [10220/16000]  lr: 2.2376e-05  eta: 0:31:42  time: 0.3274  data_time: 0.0060  memory: 6053  loss: 2.2659  decode.loss_ce: 1.5493  decode.acc_seg: 27.1095  aux.loss_ce: 0.7166  aux.acc_seg: 26.8645
2026/04/25 22:24:25 - mmengine - INFO - Iter(train) [10240/16000]  lr: 2.2298e-05  eta: 0:31:36  time: 0.3269  data_time: 0.0061  memory: 6053  loss: 1.9191  decode.loss_ce: 1.3141  decode.acc_seg: 66.6192  aux.loss_ce: 0.6050  aux.acc_seg: 69.9043
2026/04/25 22:24:31 - mmengine - INFO - Iter(train) [10260/16000]  lr: 2.2221e-05  eta: 0:31:29  time: 0.3266  data_time: 0.0063  memory: 6053  loss: 2.3962  decode.loss_ce: 1.6531  decode.acc_seg: 85.7770  aux.loss_ce: 0.7431  aux.acc_seg: 76.0065
2026/04/25 22:24:38 - mmengine - INFO - Iter(train) [10280/16000]  lr: 2.2143e-05  eta: 0:31:22  time: 0.3261  data_time: 0.0065  memory: 6053  loss: 2.3561  decode.loss_ce: 1.6244  decode.acc_seg: 23.7058  aux.loss_ce: 0.7317  aux.acc_seg: 23.3772
2026/04/25 22:24:44 - mmengine - INFO - Iter(train) [10300/16000]  lr: 2.2066e-05  eta: 0:31:16  time: 0.3254  data_time: 0.0061  memory: 6053  loss: 1.8861  decode.loss_ce: 1.2902  decode.acc_seg: 64.8372  aux.loss_ce: 0.5959  aux.acc_seg: 59.5164
2026/04/25 22:24:51 - mmengine - INFO - Iter(train) [10320/16000]  lr: 2.1989e-05  eta: 0:31:09  time: 0.3313  data_time: 0.0071  memory: 6053  loss: 2.3209  decode.loss_ce: 1.6015  decode.acc_seg: 73.5868  aux.loss_ce: 0.7193  aux.acc_seg: 65.8122
2026/04/25 22:24:57 - mmengine - INFO - Iter(train) [10340/16000]  lr: 2.1911e-05  eta: 0:31:03  time: 0.3280  data_time: 0.0062  memory: 6053  loss: 2.0420  decode.loss_ce: 1.3946  decode.acc_seg: 13.4321  aux.loss_ce: 0.6474  aux.acc_seg: 5.5326
2026/04/25 22:25:04 - mmengine - INFO - Iter(train) [10360/16000]  lr: 2.1834e-05  eta: 0:30:56  time: 0.3250  data_time: 0.0075  memory: 6053  loss: 2.2854  decode.loss_ce: 1.5847  decode.acc_seg: 20.5218  aux.loss_ce: 0.7007  aux.acc_seg: 15.3011
2026/04/25 22:25:11 - mmengine - INFO - Iter(train) [10380/16000]  lr: 2.1756e-05  eta: 0:30:49  time: 0.3295  data_time: 0.0070  memory: 6053  loss: 2.1190  decode.loss_ce: 1.4692  decode.acc_seg: 46.2440  aux.loss_ce: 0.6499  aux.acc_seg: 41.5633
2026/04/25 22:25:17 - mmengine - INFO - Iter(train) [10400/16000]  lr: 2.1679e-05  eta: 0:30:43  time: 0.3266  data_time: 0.0077  memory: 6053  loss: 2.6249  decode.loss_ce: 1.8140  decode.acc_seg: 15.5788  aux.loss_ce: 0.8109  aux.acc_seg: 14.8896
2026/04/25 22:25:24 - mmengine - INFO - Iter(train) [10420/16000]  lr: 2.1601e-05  eta: 0:30:36  time: 0.3282  data_time: 0.0075  memory: 6053  loss: 2.5629  decode.loss_ce: 1.7782  decode.acc_seg: 24.6417  aux.loss_ce: 0.7847  aux.acc_seg: 21.1419
2026/04/25 22:25:30 - mmengine - INFO - Iter(train) [10440/16000]  lr: 2.1524e-05  eta: 0:30:30  time: 0.3371  data_time: 0.0064  memory: 6053  loss: 2.7577  decode.loss_ce: 1.9024  decode.acc_seg: 26.5928  aux.loss_ce: 0.8554  aux.acc_seg: 22.3316
2026/04/25 22:25:37 - mmengine - INFO - Iter(train) [10460/16000]  lr: 2.1447e-05  eta: 0:30:23  time: 0.3331  data_time: 0.0071  memory: 6053  loss: 2.5687  decode.loss_ce: 1.7570  decode.acc_seg: 46.3734  aux.loss_ce: 0.8116  aux.acc_seg: 21.5871
2026/04/25 22:25:44 - mmengine - INFO - Iter(train) [10480/16000]  lr: 2.1369e-05  eta: 0:30:17  time: 0.3293  data_time: 0.0065  memory: 6053  loss: 2.6122  decode.loss_ce: 1.8402  decode.acc_seg: 46.2044  aux.loss_ce: 0.7720  aux.acc_seg: 41.7420
2026/04/25 22:25:50 - mmengine - INFO - Iter(train) [10500/16000]  lr: 2.1292e-05  eta: 0:30:10  time: 0.3261  data_time: 0.0061  memory: 6053  loss: 2.2628  decode.loss_ce: 1.5672  decode.acc_seg: 46.4019  aux.loss_ce: 0.6956  aux.acc_seg: 47.5598
2026/04/25 22:25:57 - mmengine - INFO - Iter(train) [10520/16000]  lr: 2.1214e-05  eta: 0:30:03  time: 0.3261  data_time: 0.0067  memory: 6053  loss: 2.4539  decode.loss_ce: 1.6930  decode.acc_seg: 28.1462  aux.loss_ce: 0.7609  aux.acc_seg: 24.2354
2026/04/25 22:26:03 - mmengine - INFO - Iter(train) [10540/16000]  lr: 2.1137e-05  eta: 0:29:57  time: 0.3277  data_time: 0.0060  memory: 6053  loss: 2.6461  decode.loss_ce: 1.8050  decode.acc_seg: 52.7749  aux.loss_ce: 0.8411  aux.acc_seg: 48.0325
2026/04/25 22:26:10 - mmengine - INFO - Iter(train) [10560/16000]  lr: 2.1059e-05  eta: 0:29:50  time: 0.3279  data_time: 0.0057  memory: 6053  loss: 2.6126  decode.loss_ce: 1.8065  decode.acc_seg: 38.7499  aux.loss_ce: 0.8061  aux.acc_seg: 36.9487
2026/04/25 22:26:16 - mmengine - INFO - Iter(train) [10580/16000]  lr: 2.0982e-05  eta: 0:29:44  time: 0.3282  data_time: 0.0060  memory: 6053  loss: 2.4913  decode.loss_ce: 1.7119  decode.acc_seg: 44.1980  aux.loss_ce: 0.7794  aux.acc_seg: 41.6554
2026/04/25 22:26:23 - mmengine - INFO - Iter(train) [10600/16000]  lr: 2.0905e-05  eta: 0:29:37  time: 0.3471  data_time: 0.0076  memory: 6053  loss: 2.5798  decode.loss_ce: 1.8029  decode.acc_seg: 31.0440  aux.loss_ce: 0.7769  aux.acc_seg: 36.6633
2026/04/25 22:26:30 - mmengine - INFO - Iter(train) [10620/16000]  lr: 2.0827e-05  eta: 0:29:31  time: 0.3336  data_time: 0.0070  memory: 6053  loss: 2.3372  decode.loss_ce: 1.6165  decode.acc_seg: 66.0846  aux.loss_ce: 0.7207  aux.acc_seg: 52.8713
2026/04/25 22:26:37 - mmengine - INFO - Iter(train) [10640/16000]  lr: 2.0750e-05  eta: 0:29:24  time: 0.3283  data_time: 0.0056  memory: 6053  loss: 3.3022  decode.loss_ce: 2.3012  decode.acc_seg: 67.9857  aux.loss_ce: 1.0010  aux.acc_seg: 53.2090
2026/04/25 22:26:43 - mmengine - INFO - Iter(train) [10660/16000]  lr: 2.0672e-05  eta: 0:29:18  time: 0.3300  data_time: 0.0060  memory: 6053  loss: 2.2795  decode.loss_ce: 1.5841  decode.acc_seg: 51.0705  aux.loss_ce: 0.6954  aux.acc_seg: 47.0516
2026/04/25 22:26:50 - mmengine - INFO - Iter(train) [10680/16000]  lr: 2.0595e-05  eta: 0:29:11  time: 0.3256  data_time: 0.0063  memory: 6053  loss: 2.6505  decode.loss_ce: 1.8424  decode.acc_seg: 34.1377  aux.loss_ce: 0.8081  aux.acc_seg: 30.3983
2026/04/25 22:26:56 - mmengine - INFO - Iter(train) [10700/16000]  lr: 2.0517e-05  eta: 0:29:04  time: 0.3247  data_time: 0.0074  memory: 6053  loss: 1.9694  decode.loss_ce: 1.3291  decode.acc_seg: 64.1651  aux.loss_ce: 0.6403  aux.acc_seg: 59.6359
2026/04/25 22:27:03 - mmengine - INFO - Iter(train) [10720/16000]  lr: 2.0440e-05  eta: 0:28:58  time: 0.3340  data_time: 0.0062  memory: 6053  loss: 2.2249  decode.loss_ce: 1.5232  decode.acc_seg: 72.4560  aux.loss_ce: 0.7017  aux.acc_seg: 73.5113
2026/04/25 22:27:09 - mmengine - INFO - Iter(train) [10740/16000]  lr: 2.0363e-05  eta: 0:28:51  time: 0.3304  data_time: 0.0062  memory: 6053  loss: 2.1700  decode.loss_ce: 1.5220  decode.acc_seg: 14.4720  aux.loss_ce: 0.6480  aux.acc_seg: 18.7212
2026/04/25 22:27:16 - mmengine - INFO - Iter(train) [10760/16000]  lr: 2.0285e-05  eta: 0:28:45  time: 0.3313  data_time: 0.0074  memory: 6053  loss: 2.1081  decode.loss_ce: 1.4364  decode.acc_seg: 54.3488  aux.loss_ce: 0.6717  aux.acc_seg: 56.3490
2026/04/25 22:27:23 - mmengine - INFO - Iter(train) [10780/16000]  lr: 2.0208e-05  eta: 0:28:38  time: 0.3263  data_time: 0.0060  memory: 6053  loss: 2.1827  decode.loss_ce: 1.4962  decode.acc_seg: 59.3631  aux.loss_ce: 0.6865  aux.acc_seg: 57.6517
2026/04/25 22:27:29 - mmengine - INFO - Iter(train) [10800/16000]  lr: 2.0130e-05  eta: 0:28:31  time: 0.3281  data_time: 0.0060  memory: 6053  loss: 2.1971  decode.loss_ce: 1.5299  decode.acc_seg: 68.6229  aux.loss_ce: 0.6672  aux.acc_seg: 81.3161
2026/04/25 22:27:36 - mmengine - INFO - Iter(train) [10820/16000]  lr: 2.0053e-05  eta: 0:28:25  time: 0.3270  data_time: 0.0063  memory: 6053  loss: 2.8163  decode.loss_ce: 1.9459  decode.acc_seg: 40.0624  aux.loss_ce: 0.8703  aux.acc_seg: 36.4140
2026/04/25 22:27:42 - mmengine - INFO - Iter(train) [10840/16000]  lr: 1.9975e-05  eta: 0:28:18  time: 0.3334  data_time: 0.0060  memory: 6053  loss: 2.5686  decode.loss_ce: 1.7477  decode.acc_seg: 44.6523  aux.loss_ce: 0.8209  aux.acc_seg: 28.5800
2026/04/25 22:27:49 - mmengine - INFO - Iter(train) [10860/16000]  lr: 1.9898e-05  eta: 0:28:12  time: 0.3339  data_time: 0.0057  memory: 6053  loss: 2.7611  decode.loss_ce: 1.9272  decode.acc_seg: 71.2439  aux.loss_ce: 0.8340  aux.acc_seg: 64.9111
2026/04/25 22:27:56 - mmengine - INFO - Iter(train) [10880/16000]  lr: 1.9821e-05  eta: 0:28:05  time: 0.3406  data_time: 0.0070  memory: 6053  loss: 2.0721  decode.loss_ce: 1.4005  decode.acc_seg: 13.1056  aux.loss_ce: 0.6715  aux.acc_seg: 18.9955
2026/04/25 22:28:02 - mmengine - INFO - Iter(train) [10900/16000]  lr: 1.9743e-05  eta: 0:27:59  time: 0.3324  data_time: 0.0076  memory: 6053  loss: 3.0383  decode.loss_ce: 2.1150  decode.acc_seg: 27.9195  aux.loss_ce: 0.9234  aux.acc_seg: 33.1739
2026/04/25 22:28:09 - mmengine - INFO - Iter(train) [10920/16000]  lr: 1.9666e-05  eta: 0:27:52  time: 0.3442  data_time: 0.0076  memory: 6053  loss: 2.6594  decode.loss_ce: 1.8170  decode.acc_seg: 58.4718  aux.loss_ce: 0.8424  aux.acc_seg: 53.3192
2026/04/25 22:28:16 - mmengine - INFO - Iter(train) [10940/16000]  lr: 1.9588e-05  eta: 0:27:46  time: 0.3273  data_time: 0.0063  memory: 6053  loss: 2.4256  decode.loss_ce: 1.6835  decode.acc_seg: 79.3750  aux.loss_ce: 0.7421  aux.acc_seg: 69.1014
2026/04/25 22:28:22 - mmengine - INFO - Iter(train) [10960/16000]  lr: 1.9511e-05  eta: 0:27:39  time: 0.3264  data_time: 0.0061  memory: 6053  loss: 2.1463  decode.loss_ce: 1.4361  decode.acc_seg: 56.2877  aux.loss_ce: 0.7102  aux.acc_seg: 55.1959
2026/04/25 22:28:29 - mmengine - INFO - Iter(train) [10980/16000]  lr: 1.9434e-05  eta: 0:27:32  time: 0.3267  data_time: 0.0074  memory: 6053  loss: 2.5404  decode.loss_ce: 1.7590  decode.acc_seg: 69.9218  aux.loss_ce: 0.7815  aux.acc_seg: 57.8632
2026/04/25 22:28:35 - mmengine - INFO - Exp name: pvmamba_tiny_upernet_ade20k_v13_random_16000_fixrelu_20260425_212454
2026/04/25 22:28:35 - mmengine - INFO - Iter(train) [11000/16000]  lr: 1.9356e-05  eta: 0:27:26  time: 0.3316  data_time: 0.0073  memory: 6053  loss: 2.2369  decode.loss_ce: 1.5456  decode.acc_seg: 41.9393  aux.loss_ce: 0.6913  aux.acc_seg: 29.4487
2026/04/25 22:28:42 - mmengine - INFO - Iter(train) [11020/16000]  lr: 1.9279e-05  eta: 0:27:19  time: 0.3391  data_time: 0.0075  memory: 6053  loss: 2.2940  decode.loss_ce: 1.5734  decode.acc_seg: 65.8994  aux.loss_ce: 0.7205  aux.acc_seg: 58.0740
2026/04/25 22:28:49 - mmengine - INFO - Iter(train) [11040/16000]  lr: 1.9201e-05  eta: 0:27:13  time: 0.3258  data_time: 0.0059  memory: 6053  loss: 2.4233  decode.loss_ce: 1.6472  decode.acc_seg: 54.9482  aux.loss_ce: 0.7761  aux.acc_seg: 54.9403
2026/04/25 22:28:55 - mmengine - INFO - Iter(train) [11060/16000]  lr: 1.9124e-05  eta: 0:27:06  time: 0.3323  data_time: 0.0057  memory: 6053  loss: 2.0135  decode.loss_ce: 1.3781  decode.acc_seg: 73.4123  aux.loss_ce: 0.6354  aux.acc_seg: 68.0929
2026/04/25 22:29:02 - mmengine - INFO - Iter(train) [11080/16000]  lr: 1.9046e-05  eta: 0:26:59  time: 0.3278  data_time: 0.0060  memory: 6053  loss: 2.3682  decode.loss_ce: 1.6035  decode.acc_seg: 58.5486  aux.loss_ce: 0.7647  aux.acc_seg: 57.1677
2026/04/25 22:29:08 - mmengine - INFO - Iter(train) [11100/16000]  lr: 1.8969e-05  eta: 0:26:53  time: 0.3297  data_time: 0.0057  memory: 6053  loss: 2.6051  decode.loss_ce: 1.7731  decode.acc_seg: 54.6911  aux.loss_ce: 0.8321  aux.acc_seg: 43.1030
2026/04/25 22:29:15 - mmengine - INFO - Iter(train) [11120/16000]  lr: 1.8892e-05  eta: 0:26:46  time: 0.3281  data_time: 0.0057  memory: 6053  loss: 2.5260  decode.loss_ce: 1.7193  decode.acc_seg: 40.5958  aux.loss_ce: 0.8067  aux.acc_seg: 43.9230
2026/04/25 22:29:22 - mmengine - INFO - Iter(train) [11140/16000]  lr: 1.8814e-05  eta: 0:26:40  time: 0.3256  data_time: 0.0057  memory: 6053  loss: 2.8443  decode.loss_ce: 1.9628  decode.acc_seg: 24.2709  aux.loss_ce: 0.8815  aux.acc_seg: 24.7279
2026/04/25 22:29:28 - mmengine - INFO - Iter(train) [11160/16000]  lr: 1.8737e-05  eta: 0:26:33  time: 0.3241  data_time: 0.0063  memory: 6053  loss: 2.8935  decode.loss_ce: 1.9979  decode.acc_seg: 45.1061  aux.loss_ce: 0.8955  aux.acc_seg: 32.3564
2026/04/25 22:29:35 - mmengine - INFO - Iter(train) [11180/16000]  lr: 1.8659e-05  eta: 0:26:26  time: 0.3266  data_time: 0.0056  memory: 6053  loss: 2.9140  decode.loss_ce: 2.0293  decode.acc_seg: 37.8848  aux.loss_ce: 0.8848  aux.acc_seg: 37.7819
2026/04/25 22:29:41 - mmengine - INFO - Iter(train) [11200/16000]  lr: 1.8582e-05  eta: 0:26:20  time: 0.3375  data_time: 0.0067  memory: 6053  loss: 2.0728  decode.loss_ce: 1.4009  decode.acc_seg: 62.0874  aux.loss_ce: 0.6719  aux.acc_seg: 53.5130
2026/04/25 22:29:48 - mmengine - INFO - Iter(train) [11220/16000]  lr: 1.8504e-05  eta: 0:26:13  time: 0.3239  data_time: 0.0056  memory: 6053  loss: 2.4649  decode.loss_ce: 1.6806  decode.acc_seg: 68.0158  aux.loss_ce: 0.7844  aux.acc_seg: 62.5839
2026/04/25 22:29:54 - mmengine - INFO - Iter(train) [11240/16000]  lr: 1.8427e-05  eta: 0:26:07  time: 0.3298  data_time: 0.0060  memory: 6053  loss: 2.4911  decode.loss_ce: 1.7191  decode.acc_seg: 41.8339  aux.loss_ce: 0.7719  aux.acc_seg: 43.8739
2026/04/25 22:30:01 - mmengine - INFO - Iter(train) [11260/16000]  lr: 1.8350e-05  eta: 0:26:00  time: 0.3294  data_time: 0.0061  memory: 6053  loss: 2.0356  decode.loss_ce: 1.3954  decode.acc_seg: 78.7383  aux.loss_ce: 0.6402  aux.acc_seg: 57.8352
2026/04/25 22:30:07 - mmengine - INFO - Iter(train) [11280/16000]  lr: 1.8272e-05  eta: 0:25:53  time: 0.3288  data_time: 0.0060  memory: 6053  loss: 2.1588  decode.loss_ce: 1.4589  decode.acc_seg: 53.9911  aux.loss_ce: 0.6999  aux.acc_seg: 44.6654
2026/04/25 22:30:14 - mmengine - INFO - Iter(train) [11300/16000]  lr: 1.8195e-05  eta: 0:25:47  time: 0.3277  data_time: 0.0059  memory: 6053  loss: 2.6940  decode.loss_ce: 1.8634  decode.acc_seg: 23.5616  aux.loss_ce: 0.8305  aux.acc_seg: 20.6741
2026/04/25 22:30:21 - mmengine - INFO - Iter(train) [11320/16000]  lr: 1.8117e-05  eta: 0:25:40  time: 0.3274  data_time: 0.0062  memory: 6053  loss: 2.5541  decode.loss_ce: 1.7755  decode.acc_seg: 58.0813  aux.loss_ce: 0.7786  aux.acc_seg: 52.5826
2026/04/25 22:30:27 - mmengine - INFO - Iter(train) [11340/16000]  lr: 1.8040e-05  eta: 0:25:34  time: 0.3293  data_time: 0.0058  memory: 6053  loss: 2.0866  decode.loss_ce: 1.4106  decode.acc_seg: 25.3911  aux.loss_ce: 0.6760  aux.acc_seg: 24.8236
2026/04/25 22:30:34 - mmengine - INFO - Iter(train) [11360/16000]  lr: 1.7962e-05  eta: 0:25:27  time: 0.3381  data_time: 0.0059  memory: 6053  loss: 2.2386  decode.loss_ce: 1.5419  decode.acc_seg: 85.0040  aux.loss_ce: 0.6967  aux.acc_seg: 79.3217
2026/04/25 22:30:40 - mmengine - INFO - Iter(train) [11380/16000]  lr: 1.7885e-05  eta: 0:25:21  time: 0.3270  data_time: 0.0058  memory: 6053  loss: 2.7678  decode.loss_ce: 1.8953  decode.acc_seg: 85.8119  aux.loss_ce: 0.8725  aux.acc_seg: 83.9422
2026/04/25 22:30:47 - mmengine - INFO - Iter(train) [11400/16000]  lr: 1.7808e-05  eta: 0:25:14  time: 0.3265  data_time: 0.0059  memory: 6053  loss: 2.7437  decode.loss_ce: 1.9174  decode.acc_seg: 18.2364  aux.loss_ce: 0.8263  aux.acc_seg: 17.6837
2026/04/25 22:30:54 - mmengine - INFO - Iter(train) [11420/16000]  lr: 1.7730e-05  eta: 0:25:07  time: 0.3264  data_time: 0.0058  memory: 6053  loss: 2.4459  decode.loss_ce: 1.6795  decode.acc_seg: 25.3518  aux.loss_ce: 0.7664  aux.acc_seg: 24.4103
2026/04/25 22:31:00 - mmengine - INFO - Iter(train) [11440/16000]  lr: 1.7653e-05  eta: 0:25:01  time: 0.3319  data_time: 0.0060  memory: 6053  loss: 2.6431  decode.loss_ce: 1.8521  decode.acc_seg: 46.2832  aux.loss_ce: 0.7910  aux.acc_seg: 45.4605
2026/04/25 22:31:07 - mmengine - INFO - Iter(train) [11460/16000]  lr: 1.7575e-05  eta: 0:24:54  time: 0.3288  data_time: 0.0060  memory: 6053  loss: 2.4627  decode.loss_ce: 1.7274  decode.acc_seg: 84.4728  aux.loss_ce: 0.7353  aux.acc_seg: 83.8875
2026/04/25 22:31:13 - mmengine - INFO - Iter(train) [11480/16000]  lr: 1.7498e-05  eta: 0:24:48  time: 0.3276  data_time: 0.0060  memory: 6053  loss: 2.0044  decode.loss_ce: 1.3737  decode.acc_seg: 87.9522  aux.loss_ce: 0.6307  aux.acc_seg: 83.9770
2026/04/25 22:31:20 - mmengine - INFO - Iter(train) [11500/16000]  lr: 1.7420e-05  eta: 0:24:41  time: 0.3336  data_time: 0.0060  memory: 6053  loss: 2.7787  decode.loss_ce: 1.9355  decode.acc_seg: 35.9805  aux.loss_ce: 0.8432  aux.acc_seg: 25.1158
2026/04/25 22:31:27 - mmengine - INFO - Iter(train) [11520/16000]  lr: 1.7343e-05  eta: 0:24:34  time: 0.3266  data_time: 0.0062  memory: 6053  loss: 2.4385  decode.loss_ce: 1.6869  decode.acc_seg: 54.8355  aux.loss_ce: 0.7516  aux.acc_seg: 59.1007
2026/04/25 22:31:33 - mmengine - INFO - Iter(train) [11540/16000]  lr: 1.7266e-05  eta: 0:24:28  time: 0.3394  data_time: 0.0073  memory: 6053  loss: 2.9825  decode.loss_ce: 2.0832  decode.acc_seg: 79.7166  aux.loss_ce: 0.8994  aux.acc_seg: 75.8214
2026/04/25 22:31:40 - mmengine - INFO - Iter(train) [11560/16000]  lr: 1.7188e-05  eta: 0:24:21  time: 0.3276  data_time: 0.0061  memory: 6053  loss: 2.0911  decode.loss_ce: 1.4324  decode.acc_seg: 33.5642  aux.loss_ce: 0.6587  aux.acc_seg: 33.6745
2026/04/25 22:31:46 - mmengine - INFO - Iter(train) [11580/16000]  lr: 1.7111e-05  eta: 0:24:15  time: 0.3278  data_time: 0.0062  memory: 6053  loss: 2.5156  decode.loss_ce: 1.7766  decode.acc_seg: 26.7757  aux.loss_ce: 0.7390  aux.acc_seg: 23.8053
2026/04/25 22:31:53 - mmengine - INFO - Iter(train) [11600/16000]  lr: 1.7033e-05  eta: 0:24:08  time: 0.3252  data_time: 0.0059  memory: 6053  loss: 2.5526  decode.loss_ce: 1.7802  decode.acc_seg: 0.0116  aux.loss_ce: 0.7724  aux.acc_seg: 0.9607
2026/04/25 22:31:59 - mmengine - INFO - Iter(train) [11620/16000]  lr: 1.6956e-05  eta: 0:24:02  time: 0.3278  data_time: 0.0060  memory: 6053  loss: 2.7228  decode.loss_ce: 1.9018  decode.acc_seg: 47.7650  aux.loss_ce: 0.8210  aux.acc_seg: 43.4802
2026/04/25 22:32:06 - mmengine - INFO - Iter(train) [11640/16000]  lr: 1.6879e-05  eta: 0:23:55  time: 0.3328  data_time: 0.0063  memory: 6053  loss: 2.3188  decode.loss_ce: 1.6048  decode.acc_seg: 36.6975  aux.loss_ce: 0.7140  aux.acc_seg: 33.1623
2026/04/25 22:32:13 - mmengine - INFO - Iter(train) [11660/16000]  lr: 1.6801e-05  eta: 0:23:48  time: 0.3270  data_time: 0.0060  memory: 6053  loss: 2.9577  decode.loss_ce: 2.0626  decode.acc_seg: 62.2210  aux.loss_ce: 0.8951  aux.acc_seg: 49.6461
2026/04/25 22:32:19 - mmengine - INFO - Iter(train) [11680/16000]  lr: 1.6724e-05  eta: 0:23:42  time: 0.3380  data_time: 0.0063  memory: 6053  loss: 2.8886  decode.loss_ce: 2.0164  decode.acc_seg: 61.6731  aux.loss_ce: 0.8722  aux.acc_seg: 53.1724
2026/04/25 22:32:26 - mmengine - INFO - Iter(train) [11700/16000]  lr: 1.6646e-05  eta: 0:23:35  time: 0.3254  data_time: 0.0062  memory: 6053  loss: 2.3925  decode.loss_ce: 1.6173  decode.acc_seg: 51.1221  aux.loss_ce: 0.7752  aux.acc_seg: 47.4341
2026/04/25 22:32:32 - mmengine - INFO - Iter(train) [11720/16000]  lr: 1.6569e-05  eta: 0:23:29  time: 0.3247  data_time: 0.0077  memory: 6053  loss: 2.9818  decode.loss_ce: 2.0547  decode.acc_seg: 59.7958  aux.loss_ce: 0.9270  aux.acc_seg: 59.9958
2026/04/25 22:32:39 - mmengine - INFO - Iter(train) [11740/16000]  lr: 1.6491e-05  eta: 0:23:22  time: 0.3279  data_time: 0.0067  memory: 6053  loss: 2.5980  decode.loss_ce: 1.7992  decode.acc_seg: 34.7332  aux.loss_ce: 0.7988  aux.acc_seg: 17.3276
2026/04/25 22:32:45 - mmengine - INFO - Iter(train) [11760/16000]  lr: 1.6414e-05  eta: 0:23:15  time: 0.3284  data_time: 0.0068  memory: 6053  loss: 2.1821  decode.loss_ce: 1.4994  decode.acc_seg: 58.0864  aux.loss_ce: 0.6827  aux.acc_seg: 52.1728
2026/04/25 22:32:52 - mmengine - INFO - Iter(train) [11780/16000]  lr: 1.6337e-05  eta: 0:23:09  time: 0.3284  data_time: 0.0066  memory: 6053  loss: 2.0333  decode.loss_ce: 1.4071  decode.acc_seg: 56.3516  aux.loss_ce: 0.6262  aux.acc_seg: 59.8042
2026/04/25 22:32:59 - mmengine - INFO - Iter(train) [11800/16000]  lr: 1.6259e-05  eta: 0:23:02  time: 0.3264  data_time: 0.0065  memory: 6053  loss: 1.7730  decode.loss_ce: 1.2127  decode.acc_seg: 76.4871  aux.loss_ce: 0.5603  aux.acc_seg: 49.6563
2026/04/25 22:33:05 - mmengine - INFO - Iter(train) [11820/16000]  lr: 1.6182e-05  eta: 0:22:56  time: 0.3303  data_time: 0.0068  memory: 6053  loss: 2.6100  decode.loss_ce: 1.7897  decode.acc_seg: 27.0659  aux.loss_ce: 0.8203  aux.acc_seg: 9.5326
2026/04/25 22:33:12 - mmengine - INFO - Iter(train) [11840/16000]  lr: 1.6104e-05  eta: 0:22:49  time: 0.3285  data_time: 0.0063  memory: 6053  loss: 2.1346  decode.loss_ce: 1.4808  decode.acc_seg: 75.9786  aux.loss_ce: 0.6538  aux.acc_seg: 71.8984
2026/04/25 22:33:18 - mmengine - INFO - Iter(train) [11860/16000]  lr: 1.6027e-05  eta: 0:22:42  time: 0.3292  data_time: 0.0063  memory: 6053  loss: 3.1628  decode.loss_ce: 2.1899  decode.acc_seg: 0.0000  aux.loss_ce: 0.9729  aux.acc_seg: 0.0000
2026/04/25 22:33:25 - mmengine - INFO - Iter(train) [11880/16000]  lr: 1.5949e-05  eta: 0:22:36  time: 0.3288  data_time: 0.0063  memory: 6053  loss: 2.6027  decode.loss_ce: 1.7790  decode.acc_seg: 55.0850  aux.loss_ce: 0.8237  aux.acc_seg: 50.7385
2026/04/25 22:33:31 - mmengine - INFO - Iter(train) [11900/16000]  lr: 1.5872e-05  eta: 0:22:29  time: 0.3355  data_time: 0.0061  memory: 6053  loss: 2.4832  decode.loss_ce: 1.7366  decode.acc_seg: 30.7243  aux.loss_ce: 0.7466  aux.acc_seg: 25.9663
2026/04/25 22:33:38 - mmengine - INFO - Iter(train) [11920/16000]  lr: 1.5795e-05  eta: 0:22:23  time: 0.3263  data_time: 0.0063  memory: 6053  loss: 1.8979  decode.loss_ce: 1.2865  decode.acc_seg: 79.4572  aux.loss_ce: 0.6113  aux.acc_seg: 64.9860
2026/04/25 22:33:45 - mmengine - INFO - Iter(train) [11940/16000]  lr: 1.5717e-05  eta: 0:22:16  time: 0.3326  data_time: 0.0061  memory: 6053  loss: 3.1409  decode.loss_ce: 2.1846  decode.acc_seg: 35.7395  aux.loss_ce: 0.9563  aux.acc_seg: 18.1249
2026/04/25 22:33:51 - mmengine - INFO - Iter(train) [11960/16000]  lr: 1.5640e-05  eta: 0:22:10  time: 0.3282  data_time: 0.0077  memory: 6053  loss: 2.6587  decode.loss_ce: 1.8716  decode.acc_seg: 11.7423  aux.loss_ce: 0.7871  aux.acc_seg: 10.9039
2026/04/25 22:33:58 - mmengine - INFO - Iter(train) [11980/16000]  lr: 1.5562e-05  eta: 0:22:03  time: 0.3287  data_time: 0.0059  memory: 6053  loss: 2.4795  decode.loss_ce: 1.7102  decode.acc_seg: 36.1511  aux.loss_ce: 0.7693  aux.acc_seg: 32.6048
2026/04/25 22:34:04 - mmengine - INFO - Exp name: pvmamba_tiny_upernet_ade20k_v13_random_16000_fixrelu_20260425_212454
2026/04/25 22:34:04 - mmengine - INFO - Iter(train) [12000/16000]  lr: 1.5485e-05  eta: 0:21:56  time: 0.3274  data_time: 0.0056  memory: 6053  loss: 1.9977  decode.loss_ce: 1.4047  decode.acc_seg: 11.1050  aux.loss_ce: 0.5931  aux.acc_seg: 33.1490
2026/04/25 22:34:04 - mmengine - INFO - Saving checkpoint at 12000 iterations
2026/04/25 22:34:07 - mmengine - INFO - Iter(val) [  20/1000]    eta: 0:01:04  time: 0.0632  data_time: 0.0015  memory: 1560  
2026/04/25 22:34:09 - mmengine - INFO - Iter(val) [  40/1000]    eta: 0:01:03  time: 0.0658  data_time: 0.0013  memory: 1452  
2026/04/25 22:34:10 - mmengine - INFO - Iter(val) [  60/1000]    eta: 0:01:02  time: 0.0747  data_time: 0.0019  memory: 1463  
2026/04/25 22:34:11 - mmengine - INFO - Iter(val) [  80/1000]    eta: 0:01:04  time: 0.0783  data_time: 0.0021  memory: 1644  
2026/04/25 22:34:13 - mmengine - INFO - Iter(val) [ 100/1000]    eta: 0:01:03  time: 0.0699  data_time: 0.0018  memory: 1455  
2026/04/25 22:34:14 - mmengine - INFO - Iter(val) [ 120/1000]    eta: 0:01:01  time: 0.0670  data_time: 0.0018  memory: 1722  
2026/04/25 22:34:16 - mmengine - INFO - Iter(val) [ 140/1000]    eta: 0:00:59  time: 0.0733  data_time: 0.0017  memory: 1453  
2026/04/25 22:34:17 - mmengine - INFO - Iter(val) [ 160/1000]    eta: 0:00:57  time: 0.0611  data_time: 0.0011  memory: 1451  
2026/04/25 22:34:18 - mmengine - INFO - Iter(val) [ 180/1000]    eta: 0:00:56  time: 0.0625  data_time: 0.0012  memory: 1555  
2026/04/25 22:34:19 - mmengine - INFO - Iter(val) [ 200/1000]    eta: 0:00:54  time: 0.0661  data_time: 0.0014  memory: 1499  
2026/04/25 22:34:21 - mmengine - INFO - Iter(val) [ 220/1000]    eta: 0:00:53  time: 0.0749  data_time: 0.0016  memory: 1460  
2026/04/25 22:34:22 - mmengine - INFO - Iter(val) [ 240/1000]    eta: 0:00:51  time: 0.0689  data_time: 0.0016  memory: 1456  
2026/04/25 22:34:24 - mmengine - INFO - Iter(val) [ 260/1000]    eta: 0:00:50  time: 0.0656  data_time: 0.0016  memory: 1464  
2026/04/25 22:34:25 - mmengine - INFO - Iter(val) [ 280/1000]    eta: 0:00:48  time: 0.0633  data_time: 0.0015  memory: 1548  
2026/04/25 22:34:26 - mmengine - INFO - Iter(val) [ 300/1000]    eta: 0:00:47  time: 0.0652  data_time: 0.0016  memory: 1560  
2026/04/25 22:34:27 - mmengine - INFO - Iter(val) [ 320/1000]    eta: 0:00:45  time: 0.0643  data_time: 0.0014  memory: 1500  
2026/04/25 22:34:29 - mmengine - INFO - Iter(val) [ 340/1000]    eta: 0:00:44  time: 0.0626  data_time: 0.0015  memory: 1495  
2026/04/25 22:34:30 - mmengine - INFO - Iter(val) [ 360/1000]    eta: 0:00:42  time: 0.0650  data_time: 0.0015  memory: 1524  
2026/04/25 22:34:31 - mmengine - INFO - Iter(val) [ 380/1000]    eta: 0:00:41  time: 0.0607  data_time: 0.0015  memory: 1545  
2026/04/25 22:34:32 - mmengine - INFO - Iter(val) [ 400/1000]    eta: 0:00:39  time: 0.0641  data_time: 0.0016  memory: 1451  
2026/04/25 22:34:34 - mmengine - INFO - Iter(val) [ 420/1000]    eta: 0:00:38  time: 0.0647  data_time: 0.0015  memory: 1451  
2026/04/25 22:34:35 - mmengine - INFO - Iter(val) [ 440/1000]    eta: 0:00:37  time: 0.0553  data_time: 0.0014  memory: 1451  
2026/04/25 22:34:36 - mmengine - INFO - Iter(val) [ 460/1000]    eta: 0:00:35  time: 0.0670  data_time: 0.0015  memory: 1539  
2026/04/25 22:34:38 - mmengine - INFO - Iter(val) [ 480/1000]    eta: 0:00:34  time: 0.0612  data_time: 0.0014  memory: 1456  
2026/04/25 22:34:39 - mmengine - INFO - Iter(val) [ 500/1000]    eta: 0:00:32  time: 0.0619  data_time: 0.0015  memory: 1542  
2026/04/25 22:34:40 - mmengine - INFO - Iter(val) [ 520/1000]    eta: 0:00:31  time: 0.0648  data_time: 0.0016  memory: 1547  
2026/04/25 22:34:41 - mmengine - INFO - Iter(val) [ 540/1000]    eta: 0:00:30  time: 0.0649  data_time: 0.0015  memory: 1481  
2026/04/25 22:34:43 - mmengine - INFO - Iter(val) [ 560/1000]    eta: 0:00:28  time: 0.0617  data_time: 0.0015  memory: 1433  
2026/04/25 22:34:44 - mmengine - INFO - Iter(val) [ 580/1000]    eta: 0:00:27  time: 0.0637  data_time: 0.0017  memory: 2509  
2026/04/25 22:34:45 - mmengine - INFO - Iter(val) [ 600/1000]    eta: 0:00:26  time: 0.0645  data_time: 0.0015  memory: 1493  
2026/04/25 22:34:46 - mmengine - INFO - Iter(val) [ 620/1000]    eta: 0:00:24  time: 0.0631  data_time: 0.0016  memory: 1495  
2026/04/25 22:34:48 - mmengine - INFO - Iter(val) [ 640/1000]    eta: 0:00:23  time: 0.0613  data_time: 0.0015  memory: 1455  
2026/04/25 22:34:49 - mmengine - INFO - Iter(val) [ 660/1000]    eta: 0:00:22  time: 0.0608  data_time: 0.0015  memory: 1454  
2026/04/25 22:34:50 - mmengine - INFO - Iter(val) [ 680/1000]    eta: 0:00:20  time: 0.0616  data_time: 0.0015  memory: 1456  
2026/04/25 22:34:51 - mmengine - INFO - Iter(val) [ 700/1000]    eta: 0:00:19  time: 0.0636  data_time: 0.0015  memory: 1511  
2026/04/25 22:34:53 - mmengine - INFO - Iter(val) [ 720/1000]    eta: 0:00:18  time: 0.0637  data_time: 0.0015  memory: 1539  
2026/04/25 22:34:54 - mmengine - INFO - Iter(val) [ 740/1000]    eta: 0:00:16  time: 0.0642  data_time: 0.0015  memory: 1454  
2026/04/25 22:34:55 - mmengine - INFO - Iter(val) [ 760/1000]    eta: 0:00:15  time: 0.0672  data_time: 0.0016  memory: 1525  
2026/04/25 22:34:57 - mmengine - INFO - Iter(val) [ 780/1000]    eta: 0:00:14  time: 0.0602  data_time: 0.0015  memory: 1487  
2026/04/25 22:34:58 - mmengine - INFO - Iter(val) [ 800/1000]    eta: 0:00:12  time: 0.0635  data_time: 0.0016  memory: 1402  
2026/04/25 22:34:59 - mmengine - INFO - Iter(val) [ 820/1000]    eta: 0:00:11  time: 0.0636  data_time: 0.0015  memory: 1661  
2026/04/25 22:35:00 - mmengine - INFO - Iter(val) [ 840/1000]    eta: 0:00:10  time: 0.0653  data_time: 0.0015  memory: 1539  
2026/04/25 22:35:02 - mmengine - INFO - Iter(val) [ 860/1000]    eta: 0:00:09  time: 0.0643  data_time: 0.0015  memory: 1456  
2026/04/25 22:35:03 - mmengine - INFO - Iter(val) [ 880/1000]    eta: 0:00:07  time: 0.0597  data_time: 0.0014  memory: 1520  
2026/04/25 22:35:04 - mmengine - INFO - Iter(val) [ 900/1000]    eta: 0:00:06  time: 0.0657  data_time: 0.0016  memory: 1456  
2026/04/25 22:35:05 - mmengine - INFO - Iter(val) [ 920/1000]    eta: 0:00:05  time: 0.0651  data_time: 0.0016  memory: 1389  
2026/04/25 22:35:07 - mmengine - INFO - Iter(val) [ 940/1000]    eta: 0:00:03  time: 0.0561  data_time: 0.0014  memory: 1389  
2026/04/25 22:35:08 - mmengine - INFO - Iter(val) [ 960/1000]    eta: 0:00:02  time: 0.0670  data_time: 0.0014  memory: 1710  
2026/04/25 22:35:09 - mmengine - INFO - Iter(val) [ 980/1000]    eta: 0:00:01  time: 0.0605  data_time: 0.0015  memory: 1389  
2026/04/25 22:35:10 - mmengine - INFO - Iter(val) [1000/1000]    eta: 0:00:00  time: 0.0651  data_time: 0.0015  memory: 1536  
2026/04/25 22:35:12 - mmengine - INFO - per class results:
2026/04/25 22:35:12 - mmengine - INFO - 
+---------------------+-------+-------+
|        Class        |  IoU  |  Acc  |
+---------------------+-------+-------+
|         wall        | 45.76 |  75.2 |
|       building      | 60.61 | 83.79 |
|         sky         | 83.47 | 93.59 |
|        floor        | 42.91 | 71.78 |
|         tree        | 47.02 | 77.58 |
|       ceiling       | 52.36 | 75.46 |
|         road        | 52.75 | 80.45 |
|         bed         | 31.72 | 57.81 |
|      windowpane     |  31.3 | 61.21 |
|        grass        | 49.05 | 77.74 |
|       cabinet       | 11.93 |  14.7 |
|       sidewalk      |  22.8 | 32.57 |
|        person       | 21.21 | 47.35 |
|        earth        |  9.49 | 12.04 |
|         door        |  0.19 |  0.19 |
|        table        |  7.25 | 11.22 |
|       mountain      | 22.49 | 40.15 |
|        plant        | 16.74 | 24.82 |
|       curtain       |  9.08 |  9.5  |
|        chair        |  9.7  | 14.89 |
|         car         | 35.81 | 64.53 |
|        water        |  4.21 |  5.35 |
|       painting      |  17.8 | 24.29 |
|         sofa        |  1.43 |  1.48 |
|        shelf        |  2.12 |  2.2  |
|        house        |  0.0  |  0.0  |
|         sea         | 19.32 | 69.51 |
|        mirror       |  0.0  |  0.0  |
|         rug         |  0.1  |  0.1  |
|        field        |  7.7  | 15.95 |
|       armchair      |  0.0  |  0.0  |
|         seat        |  0.0  |  0.0  |
|        fence        |  0.0  |  0.0  |
|         desk        |  0.0  |  0.0  |
|         rock        |  0.16 |  0.16 |
|       wardrobe      |  0.0  |  0.0  |
|         lamp        |  0.0  |  0.0  |
|       bathtub       |  0.0  |  0.0  |
|       railing       |  0.0  |  0.0  |
|       cushion       |  0.11 |  0.11 |
|         base        |  0.0  |  0.0  |
|         box         |  0.0  |  0.0  |
|        column       |  0.0  |  0.0  |
|      signboard      |  0.0  |  0.0  |
|   chest of drawers  |  0.0  |  0.0  |
|       counter       |  0.0  |  0.0  |
|         sand        |  1.47 |  1.5  |
|         sink        |  0.0  |  0.0  |
|      skyscraper     | 28.11 | 39.25 |
|      fireplace      |  0.0  |  0.0  |
|     refrigerator    |  0.0  |  0.0  |
|      grandstand     |  0.0  |  0.0  |
|         path        |  0.0  |  0.0  |
|        stairs       |  0.0  |  0.0  |
|        runway       |  0.0  |  0.0  |
|         case        |  0.0  |  0.0  |
|      pool table     |  0.26 |  0.26 |
|        pillow       |  0.0  |  0.0  |
|     screen door     |  0.0  |  0.0  |
|       stairway      |  0.0  |  0.0  |
|        river        |  0.0  |  0.0  |
|        bridge       |  0.0  |  0.0  |
|       bookcase      |  0.0  |  0.0  |
|        blind        |  0.0  |  0.0  |
|     coffee table    |  0.0  |  0.0  |
|        toilet       |  0.0  |  0.0  |
|        flower       |  0.0  |  0.0  |
|         book        |  0.0  |  0.0  |
|         hill        |  0.0  |  0.0  |
|        bench        |  0.0  |  0.0  |
|      countertop     |  0.0  |  0.0  |
|        stove        |  0.0  |  0.0  |
|         palm        |  0.0  |  0.0  |
|    kitchen island   |  0.0  |  0.0  |
|       computer      |  0.0  |  0.0  |
|     swivel chair    |  0.0  |  0.0  |
|         boat        |  0.0  |  0.0  |
|         bar         |  0.0  |  0.0  |
|    arcade machine   |  0.0  |  0.0  |
|        hovel        |  0.0  |  0.0  |
|         bus         |  0.0  |  0.0  |
|        towel        |  0.0  |  0.0  |
|        light        |  0.0  |  0.0  |
|        truck        |  0.0  |  0.0  |
|        tower        |  0.0  |  0.0  |
|      chandelier     |  0.01 |  0.01 |
|        awning       |  0.0  |  0.0  |
|     streetlight     |  0.0  |  0.0  |
|        booth        |  0.0  |  0.0  |
| television receiver |  0.0  |  0.0  |
|       airplane      |  0.0  |  0.0  |
|      dirt track     |  0.0  |  0.0  |
|       apparel       |  0.0  |  0.0  |
|         pole        |  0.0  |  0.0  |
|         land        |  0.0  |  0.0  |
|      bannister      |  0.0  |  0.0  |
|      escalator      |  0.0  |  0.0  |
|       ottoman       |  0.0  |  0.0  |
|        bottle       |  0.0  |  0.0  |
|        buffet       |  0.0  |  0.0  |
|        poster       |  0.0  |  0.0  |
|        stage        |  0.0  |  0.0  |
|         van         |  0.0  |  0.0  |
|         ship        |  0.0  |  0.0  |
|       fountain      |  0.0  |  0.0  |
|    conveyer belt    |  0.0  |  0.0  |
|        canopy       |  0.0  |  0.0  |
|        washer       |  0.0  |  0.0  |
|      plaything      |  0.0  |  0.0  |
|    swimming pool    |  0.0  |  0.0  |
|        stool        |  0.0  |  0.0  |
|        barrel       |  0.0  |  0.0  |
|        basket       |  0.0  |  0.0  |
|      waterfall      |  0.0  |  0.0  |
|         tent        |  0.0  |  0.0  |
|         bag         |  0.0  |  0.0  |
|       minibike      |  0.0  |  0.0  |
|        cradle       |  0.0  |  0.0  |
|         oven        |  0.0  |  0.0  |
|         ball        |  0.0  |  0.0  |
|         food        |  0.0  |  0.0  |
|         step        |  0.0  |  0.0  |
|         tank        |  0.0  |  0.0  |
|      trade name     |  0.0  |  0.0  |
|      microwave      |  0.0  |  0.0  |
|         pot         |  0.0  |  0.0  |
|        animal       |  0.0  |  0.0  |
|       bicycle       |  0.0  |  0.0  |
|         lake        |  0.0  |  0.0  |
|      dishwasher     |  0.0  |  0.0  |
|        screen       |  0.0  |  0.0  |
|       blanket       |  0.0  |  0.0  |
|      sculpture      |  0.0  |  0.0  |
|         hood        |  0.0  |  0.0  |
|        sconce       |  0.0  |  0.0  |
|         vase        |  0.0  |  0.0  |
|    traffic light    |  0.0  |  0.0  |
|         tray        |  0.0  |  0.0  |
|        ashcan       |  0.0  |  0.0  |
|         fan         |  0.0  |  0.0  |
|         pier        |  0.0  |  0.0  |
|      crt screen     |  0.0  |  0.0  |
|        plate        |  0.0  |  0.0  |
|       monitor       |  0.0  |  0.0  |
|    bulletin board   |  0.0  |  0.0  |
|        shower       |  0.0  |  0.0  |
|       radiator      |  0.0  |  0.0  |
|        glass        |  0.0  |  0.0  |
|        clock        |  0.0  |  0.0  |
|         flag        |  0.0  |  0.0  |
+---------------------+-------+-------+
2026/04/25 22:35:12 - mmengine - INFO - Iter(val) [1000/1000]    aAcc: 55.8300  mIoU: 4.9800  mAcc: 7.9100  data_time: 0.0016  time: 0.0645
2026/04/25 22:35:12 - mmengine - INFO - The previous best checkpoint /home/jlx_75/PVMamba_cifar10_sparse_v13_stage3_latesparse/segmentation/work_dirs/v13_ade20k_random_16000_fixrelu/best_mIoU_iter_8000.pth is removed
2026/04/25 22:35:12 - mmengine - INFO - The best checkpoint with 4.9800 mIoU at 12000 iter is saved to best_mIoU_iter_12000.pth.
2026/04/25 22:35:22 - mmengine - INFO - Iter(train) [12020/16000]  lr: 1.5407e-05  eta: 0:21:51  time: 0.3214  data_time: 0.0059  memory: 6053  loss: 2.3511  decode.loss_ce: 1.6241  decode.acc_seg: 60.7363  aux.loss_ce: 0.7270  aux.acc_seg: 46.3034
2026/04/25 22:35:28 - mmengine - INFO - Iter(train) [12040/16000]  lr: 1.5330e-05  eta: 0:21:45  time: 0.3375  data_time: 0.0056  memory: 6053  loss: 2.6245  decode.loss_ce: 1.7982  decode.acc_seg: 38.8171  aux.loss_ce: 0.8264  aux.acc_seg: 44.3223
2026/04/25 22:35:35 - mmengine - INFO - Iter(train) [12060/16000]  lr: 1.5253e-05  eta: 0:21:38  time: 0.3332  data_time: 0.0066  memory: 6053  loss: 2.3803  decode.loss_ce: 1.6147  decode.acc_seg: 70.8904  aux.loss_ce: 0.7655  aux.acc_seg: 68.7358
2026/04/25 22:35:41 - mmengine - INFO - Iter(train) [12080/16000]  lr: 1.5175e-05  eta: 0:21:32  time: 0.3325  data_time: 0.0058  memory: 6053  loss: 2.3029  decode.loss_ce: 1.5901  decode.acc_seg: 84.4211  aux.loss_ce: 0.7128  aux.acc_seg: 91.2749
2026/04/25 22:35:48 - mmengine - INFO - Iter(train) [12100/16000]  lr: 1.5098e-05  eta: 0:21:25  time: 0.3242  data_time: 0.0058  memory: 6053  loss: 1.8598  decode.loss_ce: 1.2676  decode.acc_seg: 43.8303  aux.loss_ce: 0.5922  aux.acc_seg: 42.5199
2026/04/25 22:35:54 - mmengine - INFO - Iter(train) [12120/16000]  lr: 1.5020e-05  eta: 0:21:18  time: 0.3262  data_time: 0.0056  memory: 6053  loss: 1.9521  decode.loss_ce: 1.3193  decode.acc_seg: 22.7415  aux.loss_ce: 0.6329  aux.acc_seg: 17.0735
2026/04/25 22:36:01 - mmengine - INFO - Iter(train) [12140/16000]  lr: 1.4943e-05  eta: 0:21:12  time: 0.3264  data_time: 0.0060  memory: 6053  loss: 2.2551  decode.loss_ce: 1.5485  decode.acc_seg: 56.6018  aux.loss_ce: 0.7066  aux.acc_seg: 57.5371
2026/04/25 22:36:08 - mmengine - INFO - Iter(train) [12160/16000]  lr: 1.4865e-05  eta: 0:21:05  time: 0.3284  data_time: 0.0063  memory: 6053  loss: 2.2778  decode.loss_ce: 1.5634  decode.acc_seg: 44.9928  aux.loss_ce: 0.7144  aux.acc_seg: 37.4422
2026/04/25 22:36:14 - mmengine - INFO - Iter(train) [12180/16000]  lr: 1.4788e-05  eta: 0:20:59  time: 0.3250  data_time: 0.0062  memory: 6053  loss: 2.6082  decode.loss_ce: 1.8148  decode.acc_seg: 70.4524  aux.loss_ce: 0.7935  aux.acc_seg: 52.3862
2026/04/25 22:36:21 - mmengine - INFO - Iter(train) [12200/16000]  lr: 1.4711e-05  eta: 0:20:52  time: 0.3262  data_time: 0.0060  memory: 6053  loss: 2.4649  decode.loss_ce: 1.7082  decode.acc_seg: 50.8583  aux.loss_ce: 0.7566  aux.acc_seg: 51.4685
2026/04/25 22:36:27 - mmengine - INFO - Iter(train) [12220/16000]  lr: 1.4633e-05  eta: 0:20:45  time: 0.3261  data_time: 0.0063  memory: 6053  loss: 2.2497  decode.loss_ce: 1.5393  decode.acc_seg: 39.5548  aux.loss_ce: 0.7104  aux.acc_seg: 48.8493
2026/04/25 22:36:34 - mmengine - INFO - Iter(train) [12240/16000]  lr: 1.4556e-05  eta: 0:20:39  time: 0.3249  data_time: 0.0064  memory: 6053  loss: 2.3420  decode.loss_ce: 1.5931  decode.acc_seg: 56.7809  aux.loss_ce: 0.7489  aux.acc_seg: 57.9099
2026/04/25 22:36:40 - mmengine - INFO - Iter(train) [12260/16000]  lr: 1.4478e-05  eta: 0:20:32  time: 0.3271  data_time: 0.0061  memory: 6053  loss: 2.0890  decode.loss_ce: 1.4394  decode.acc_seg: 48.1390  aux.loss_ce: 0.6496  aux.acc_seg: 48.1086
2026/04/25 22:36:47 - mmengine - INFO - Iter(train) [12280/16000]  lr: 1.4401e-05  eta: 0:20:26  time: 0.3312  data_time: 0.0065  memory: 6053  loss: 2.7411  decode.loss_ce: 1.8862  decode.acc_seg: 38.8819  aux.loss_ce: 0.8548  aux.acc_seg: 35.7033
2026/04/25 22:36:54 - mmengine - INFO - Iter(train) [12300/16000]  lr: 1.4324e-05  eta: 0:20:19  time: 0.3304  data_time: 0.0059  memory: 6053  loss: 3.1555  decode.loss_ce: 2.2126  decode.acc_seg: 36.9193  aux.loss_ce: 0.9429  aux.acc_seg: 36.4686
2026/04/25 22:37:00 - mmengine - INFO - Iter(train) [12320/16000]  lr: 1.4246e-05  eta: 0:20:12  time: 0.3280  data_time: 0.0059  memory: 6053  loss: 1.8693  decode.loss_ce: 1.2698  decode.acc_seg: 57.2375  aux.loss_ce: 0.5994  aux.acc_seg: 57.2844
2026/04/25 22:37:07 - mmengine - INFO - Iter(train) [12340/16000]  lr: 1.4169e-05  eta: 0:20:06  time: 0.3256  data_time: 0.0063  memory: 6053  loss: 2.4493  decode.loss_ce: 1.7180  decode.acc_seg: 33.9874  aux.loss_ce: 0.7313  aux.acc_seg: 50.8332
2026/04/25 22:37:13 - mmengine - INFO - Iter(train) [12360/16000]  lr: 1.4091e-05  eta: 0:19:59  time: 0.3285  data_time: 0.0060  memory: 6053  loss: 2.4454  decode.loss_ce: 1.7180  decode.acc_seg: 40.6343  aux.loss_ce: 0.7273  aux.acc_seg: 38.8450
2026/04/25 22:37:20 - mmengine - INFO - Iter(train) [12380/16000]  lr: 1.4014e-05  eta: 0:19:53  time: 0.3270  data_time: 0.0062  memory: 6053  loss: 2.3277  decode.loss_ce: 1.6039  decode.acc_seg: 86.8234  aux.loss_ce: 0.7238  aux.acc_seg: 86.5096
2026/04/25 22:37:26 - mmengine - INFO - Iter(train) [12400/16000]  lr: 1.3936e-05  eta: 0:19:46  time: 0.3371  data_time: 0.0064  memory: 6053  loss: 2.7729  decode.loss_ce: 1.9051  decode.acc_seg: 32.8292  aux.loss_ce: 0.8677  aux.acc_seg: 32.9694
2026/04/25 22:37:33 - mmengine - INFO - Iter(train) [12420/16000]  lr: 1.3859e-05  eta: 0:19:39  time: 0.3285  data_time: 0.0057  memory: 6053  loss: 2.1306  decode.loss_ce: 1.4533  decode.acc_seg: 49.4276  aux.loss_ce: 0.6773  aux.acc_seg: 47.4403
2026/04/25 22:37:40 - mmengine - INFO - Iter(train) [12440/16000]  lr: 1.3782e-05  eta: 0:19:33  time: 0.3253  data_time: 0.0055  memory: 6053  loss: 2.3117  decode.loss_ce: 1.5590  decode.acc_seg: 58.7276  aux.loss_ce: 0.7527  aux.acc_seg: 50.3838
2026/04/25 22:37:46 - mmengine - INFO - Iter(train) [12460/16000]  lr: 1.3704e-05  eta: 0:19:26  time: 0.3341  data_time: 0.0065  memory: 6053  loss: 2.4402  decode.loss_ce: 1.6788  decode.acc_seg: 57.1302  aux.loss_ce: 0.7614  aux.acc_seg: 53.6674
2026/04/25 22:37:53 - mmengine - INFO - Iter(train) [12480/16000]  lr: 1.3627e-05  eta: 0:19:20  time: 0.3257  data_time: 0.0058  memory: 6053  loss: 2.3572  decode.loss_ce: 1.6063  decode.acc_seg: 48.6028  aux.loss_ce: 0.7509  aux.acc_seg: 33.0822
2026/04/25 22:38:00 - mmengine - INFO - Iter(train) [12500/16000]  lr: 1.3549e-05  eta: 0:19:13  time: 0.3377  data_time: 0.0059  memory: 6053  loss: 2.3076  decode.loss_ce: 1.5881  decode.acc_seg: 64.2134  aux.loss_ce: 0.7196  aux.acc_seg: 70.8164
2026/04/25 22:38:06 - mmengine - INFO - Iter(train) [12520/16000]  lr: 1.3472e-05  eta: 0:19:07  time: 0.3394  data_time: 0.0063  memory: 6053  loss: 2.3101  decode.loss_ce: 1.6064  decode.acc_seg: 10.3717  aux.loss_ce: 0.7038  aux.acc_seg: 8.6843
2026/04/25 22:38:13 - mmengine - INFO - Iter(train) [12540/16000]  lr: 1.3394e-05  eta: 0:19:00  time: 0.3357  data_time: 0.0068  memory: 6053  loss: 2.4629  decode.loss_ce: 1.7058  decode.acc_seg: 0.4010  aux.loss_ce: 0.7571  aux.acc_seg: 3.9092
2026/04/25 22:38:20 - mmengine - INFO - Iter(train) [12560/16000]  lr: 1.3317e-05  eta: 0:18:53  time: 0.3277  data_time: 0.0058  memory: 6053  loss: 2.5956  decode.loss_ce: 1.7772  decode.acc_seg: 66.8005  aux.loss_ce: 0.8184  aux.acc_seg: 63.2385
2026/04/25 22:38:26 - mmengine - INFO - Iter(train) [12580/16000]  lr: 1.3240e-05  eta: 0:18:47  time: 0.3396  data_time: 0.0073  memory: 6053  loss: 2.4535  decode.loss_ce: 1.6735  decode.acc_seg: 78.3033  aux.loss_ce: 0.7801  aux.acc_seg: 69.7459
2026/04/25 22:38:33 - mmengine - INFO - Iter(train) [12600/16000]  lr: 1.3162e-05  eta: 0:18:40  time: 0.3391  data_time: 0.0057  memory: 6053  loss: 2.6705  decode.loss_ce: 1.8281  decode.acc_seg: 50.3642  aux.loss_ce: 0.8424  aux.acc_seg: 36.7026
2026/04/25 22:38:40 - mmengine - INFO - Iter(train) [12620/16000]  lr: 1.3085e-05  eta: 0:18:34  time: 0.3291  data_time: 0.0059  memory: 6053  loss: 2.7952  decode.loss_ce: 1.9452  decode.acc_seg: 38.1912  aux.loss_ce: 0.8499  aux.acc_seg: 27.9511
2026/04/25 22:38:46 - mmengine - INFO - Iter(train) [12640/16000]  lr: 1.3007e-05  eta: 0:18:27  time: 0.3292  data_time: 0.0077  memory: 6053  loss: 2.3435  decode.loss_ce: 1.6155  decode.acc_seg: 45.1871  aux.loss_ce: 0.7280  aux.acc_seg: 55.3196
2026/04/25 22:38:53 - mmengine - INFO - Iter(train) [12660/16000]  lr: 1.2930e-05  eta: 0:18:20  time: 0.3324  data_time: 0.0064  memory: 6053  loss: 2.6996  decode.loss_ce: 1.8462  decode.acc_seg: 90.6672  aux.loss_ce: 0.8534  aux.acc_seg: 71.0180
2026/04/25 22:38:59 - mmengine - INFO - Iter(train) [12680/16000]  lr: 1.2852e-05  eta: 0:18:14  time: 0.3303  data_time: 0.0057  memory: 6053  loss: 2.1235  decode.loss_ce: 1.4235  decode.acc_seg: 48.0711  aux.loss_ce: 0.7000  aux.acc_seg: 24.7954
2026/04/25 22:39:06 - mmengine - INFO - Iter(train) [12700/16000]  lr: 1.2775e-05  eta: 0:18:07  time: 0.3356  data_time: 0.0063  memory: 6053  loss: 2.4061  decode.loss_ce: 1.6694  decode.acc_seg: 40.2534  aux.loss_ce: 0.7367  aux.acc_seg: 44.1289
2026/04/25 22:39:13 - mmengine - INFO - Iter(train) [12720/16000]  lr: 1.2698e-05  eta: 0:18:01  time: 0.3268  data_time: 0.0059  memory: 6053  loss: 2.3178  decode.loss_ce: 1.6179  decode.acc_seg: 7.0971  aux.loss_ce: 0.6999  aux.acc_seg: 11.0220
2026/04/25 22:39:19 - mmengine - INFO - Iter(train) [12740/16000]  lr: 1.2620e-05  eta: 0:17:54  time: 0.3291  data_time: 0.0061  memory: 6053  loss: 3.6861  decode.loss_ce: 2.5794  decode.acc_seg: 54.1388  aux.loss_ce: 1.1068  aux.acc_seg: 50.4509
2026/04/25 22:39:26 - mmengine - INFO - Iter(train) [12760/16000]  lr: 1.2543e-05  eta: 0:17:47  time: 0.3223  data_time: 0.0057  memory: 6053  loss: 2.5640  decode.loss_ce: 1.7703  decode.acc_seg: 33.5941  aux.loss_ce: 0.7937  aux.acc_seg: 27.9752
2026/04/25 22:39:32 - mmengine - INFO - Iter(train) [12780/16000]  lr: 1.2465e-05  eta: 0:17:41  time: 0.3229  data_time: 0.0077  memory: 6053  loss: 2.3429  decode.loss_ce: 1.6527  decode.acc_seg: 51.6089  aux.loss_ce: 0.6903  aux.acc_seg: 50.5314
2026/04/25 22:39:39 - mmengine - INFO - Iter(train) [12800/16000]  lr: 1.2388e-05  eta: 0:17:34  time: 0.3279  data_time: 0.0072  memory: 6053  loss: 1.8522  decode.loss_ce: 1.2807  decode.acc_seg: 67.0458  aux.loss_ce: 0.5715  aux.acc_seg: 81.9483
2026/04/25 22:39:45 - mmengine - INFO - Iter(train) [12820/16000]  lr: 1.2310e-05  eta: 0:17:28  time: 0.3328  data_time: 0.0056  memory: 6053  loss: 2.8841  decode.loss_ce: 1.9827  decode.acc_seg: 17.7893  aux.loss_ce: 0.9014  aux.acc_seg: 18.7685
2026/04/25 22:39:52 - mmengine - INFO - Iter(train) [12840/16000]  lr: 1.2233e-05  eta: 0:17:21  time: 0.3259  data_time: 0.0077  memory: 6053  loss: 2.6185  decode.loss_ce: 1.8323  decode.acc_seg: 50.2104  aux.loss_ce: 0.7863  aux.acc_seg: 49.5966
2026/04/25 22:39:58 - mmengine - INFO - Iter(train) [12860/16000]  lr: 1.2156e-05  eta: 0:17:14  time: 0.3285  data_time: 0.0059  memory: 6053  loss: 2.5500  decode.loss_ce: 1.7656  decode.acc_seg: 71.2082  aux.loss_ce: 0.7844  aux.acc_seg: 69.6644
2026/04/25 22:40:05 - mmengine - INFO - Iter(train) [12880/16000]  lr: 1.2078e-05  eta: 0:17:08  time: 0.3287  data_time: 0.0063  memory: 6053  loss: 2.6523  decode.loss_ce: 1.8551  decode.acc_seg: 46.4087  aux.loss_ce: 0.7972  aux.acc_seg: 48.6474
2026/04/25 22:40:12 - mmengine - INFO - Iter(train) [12900/16000]  lr: 1.2001e-05  eta: 0:17:01  time: 0.3275  data_time: 0.0076  memory: 6053  loss: 2.0760  decode.loss_ce: 1.3990  decode.acc_seg: 38.9022  aux.loss_ce: 0.6770  aux.acc_seg: 37.4820
2026/04/25 22:40:18 - mmengine - INFO - Iter(train) [12920/16000]  lr: 1.1923e-05  eta: 0:16:55  time: 0.3369  data_time: 0.0061  memory: 6053  loss: 2.7561  decode.loss_ce: 1.8971  decode.acc_seg: 62.1410  aux.loss_ce: 0.8590  aux.acc_seg: 57.0319
2026/04/25 22:40:25 - mmengine - INFO - Iter(train) [12940/16000]  lr: 1.1846e-05  eta: 0:16:48  time: 0.3261  data_time: 0.0061  memory: 6053  loss: 2.5626  decode.loss_ce: 1.7412  decode.acc_seg: 64.8822  aux.loss_ce: 0.8214  aux.acc_seg: 58.3575
2026/04/25 22:40:32 - mmengine - INFO - Iter(train) [12960/16000]  lr: 1.1769e-05  eta: 0:16:42  time: 0.3393  data_time: 0.0073  memory: 6053  loss: 2.4768  decode.loss_ce: 1.7136  decode.acc_seg: 54.9836  aux.loss_ce: 0.7632  aux.acc_seg: 51.4719
2026/04/25 22:40:38 - mmengine - INFO - Iter(train) [12980/16000]  lr: 1.1691e-05  eta: 0:16:35  time: 0.3275  data_time: 0.0062  memory: 6053  loss: 2.0906  decode.loss_ce: 1.4069  decode.acc_seg: 61.2253  aux.loss_ce: 0.6836  aux.acc_seg: 50.3025
2026/04/25 22:40:45 - mmengine - INFO - Exp name: pvmamba_tiny_upernet_ade20k_v13_random_16000_fixrelu_20260425_212454
2026/04/25 22:40:45 - mmengine - INFO - Iter(train) [13000/16000]  lr: 1.1614e-05  eta: 0:16:28  time: 0.3298  data_time: 0.0060  memory: 6053  loss: 2.3778  decode.loss_ce: 1.6327  decode.acc_seg: 41.3747  aux.loss_ce: 0.7451  aux.acc_seg: 30.3521
2026/04/25 22:40:51 - mmengine - INFO - Iter(train) [13020/16000]  lr: 1.1536e-05  eta: 0:16:22  time: 0.3241  data_time: 0.0060  memory: 6053  loss: 2.3918  decode.loss_ce: 1.6678  decode.acc_seg: 55.1549  aux.loss_ce: 0.7240  aux.acc_seg: 58.1045
2026/04/25 22:40:58 - mmengine - INFO - Iter(train) [13040/16000]  lr: 1.1459e-05  eta: 0:16:15  time: 0.3266  data_time: 0.0059  memory: 6053  loss: 2.5749  decode.loss_ce: 1.7823  decode.acc_seg: 49.4658  aux.loss_ce: 0.7926  aux.acc_seg: 33.8337
2026/04/25 22:41:04 - mmengine - INFO - Iter(train) [13060/16000]  lr: 1.1381e-05  eta: 0:16:09  time: 0.3267  data_time: 0.0062  memory: 6053  loss: 2.7727  decode.loss_ce: 1.9186  decode.acc_seg: 37.0424  aux.loss_ce: 0.8541  aux.acc_seg: 41.1143
2026/04/25 22:41:11 - mmengine - INFO - Iter(train) [13080/16000]  lr: 1.1304e-05  eta: 0:16:02  time: 0.3301  data_time: 0.0058  memory: 6053  loss: 2.3359  decode.loss_ce: 1.6037  decode.acc_seg: 60.5473  aux.loss_ce: 0.7323  aux.acc_seg: 37.3275
2026/04/25 22:41:17 - mmengine - INFO - Iter(train) [13100/16000]  lr: 1.1227e-05  eta: 0:15:55  time: 0.3270  data_time: 0.0058  memory: 6053  loss: 2.4563  decode.loss_ce: 1.6801  decode.acc_seg: 87.4064  aux.loss_ce: 0.7762  aux.acc_seg: 82.9745
2026/04/25 22:41:24 - mmengine - INFO - Iter(train) [13120/16000]  lr: 1.1149e-05  eta: 0:15:49  time: 0.3262  data_time: 0.0057  memory: 6053  loss: 2.4187  decode.loss_ce: 1.6579  decode.acc_seg: 21.6262  aux.loss_ce: 0.7609  aux.acc_seg: 23.3246
2026/04/25 22:41:31 - mmengine - INFO - Iter(train) [13140/16000]  lr: 1.1072e-05  eta: 0:15:42  time: 0.3281  data_time: 0.0058  memory: 6053  loss: 1.9339  decode.loss_ce: 1.3251  decode.acc_seg: 64.3158  aux.loss_ce: 0.6088  aux.acc_seg: 56.7270
2026/04/25 22:41:37 - mmengine - INFO - Iter(train) [13160/16000]  lr: 1.0994e-05  eta: 0:15:36  time: 0.3267  data_time: 0.0062  memory: 6053  loss: 2.3084  decode.loss_ce: 1.5963  decode.acc_seg: 65.6104  aux.loss_ce: 0.7121  aux.acc_seg: 64.1166
2026/04/25 22:41:44 - mmengine - INFO - Iter(train) [13180/16000]  lr: 1.0917e-05  eta: 0:15:29  time: 0.3289  data_time: 0.0058  memory: 6053  loss: 2.3575  decode.loss_ce: 1.6129  decode.acc_seg: 55.0481  aux.loss_ce: 0.7446  aux.acc_seg: 48.2250
2026/04/25 22:41:50 - mmengine - INFO - Iter(train) [13200/16000]  lr: 1.0839e-05  eta: 0:15:22  time: 0.3283  data_time: 0.0058  memory: 6053  loss: 2.6417  decode.loss_ce: 1.8438  decode.acc_seg: 56.2867  aux.loss_ce: 0.7979  aux.acc_seg: 71.6121
2026/04/25 22:41:57 - mmengine - INFO - Iter(train) [13220/16000]  lr: 1.0762e-05  eta: 0:15:16  time: 0.3291  data_time: 0.0063  memory: 6053  loss: 2.1498  decode.loss_ce: 1.4495  decode.acc_seg: 42.3740  aux.loss_ce: 0.7003  aux.acc_seg: 27.9753
2026/04/25 22:42:03 - mmengine - INFO - Iter(train) [13240/16000]  lr: 1.0685e-05  eta: 0:15:09  time: 0.3274  data_time: 0.0056  memory: 6053  loss: 2.6123  decode.loss_ce: 1.8323  decode.acc_seg: 49.7097  aux.loss_ce: 0.7799  aux.acc_seg: 52.4276
2026/04/25 22:42:10 - mmengine - INFO - Iter(train) [13260/16000]  lr: 1.0607e-05  eta: 0:15:03  time: 0.3238  data_time: 0.0058  memory: 6053  loss: 3.0627  decode.loss_ce: 2.1110  decode.acc_seg: 24.3388  aux.loss_ce: 0.9516  aux.acc_seg: 19.6178
2026/04/25 22:42:16 - mmengine - INFO - Iter(train) [13280/16000]  lr: 1.0530e-05  eta: 0:14:56  time: 0.3257  data_time: 0.0068  memory: 6053  loss: 2.9286  decode.loss_ce: 2.0592  decode.acc_seg: 25.3176  aux.loss_ce: 0.8694  aux.acc_seg: 20.5475
2026/04/25 22:42:23 - mmengine - INFO - Iter(train) [13300/16000]  lr: 1.0452e-05  eta: 0:14:49  time: 0.3336  data_time: 0.0078  memory: 6053  loss: 2.3121  decode.loss_ce: 1.5916  decode.acc_seg: 41.7775  aux.loss_ce: 0.7205  aux.acc_seg: 45.3925
2026/04/25 22:42:30 - mmengine - INFO - Iter(train) [13320/16000]  lr: 1.0375e-05  eta: 0:14:43  time: 0.3262  data_time: 0.0064  memory: 6053  loss: 2.7944  decode.loss_ce: 1.9286  decode.acc_seg: 62.4471  aux.loss_ce: 0.8658  aux.acc_seg: 46.9437
2026/04/25 22:42:36 - mmengine - INFO - Iter(train) [13340/16000]  lr: 1.0297e-05  eta: 0:14:36  time: 0.3274  data_time: 0.0064  memory: 6053  loss: 2.3066  decode.loss_ce: 1.5780  decode.acc_seg: 73.3865  aux.loss_ce: 0.7286  aux.acc_seg: 72.3418
2026/04/25 22:42:43 - mmengine - INFO - Iter(train) [13360/16000]  lr: 1.0220e-05  eta: 0:14:30  time: 0.3383  data_time: 0.0067  memory: 6053  loss: 2.3308  decode.loss_ce: 1.5968  decode.acc_seg: 76.6960  aux.loss_ce: 0.7339  aux.acc_seg: 73.5687
2026/04/25 22:42:49 - mmengine - INFO - Iter(train) [13380/16000]  lr: 1.0143e-05  eta: 0:14:23  time: 0.3314  data_time: 0.0063  memory: 6053  loss: 2.1261  decode.loss_ce: 1.4924  decode.acc_seg: 58.4053  aux.loss_ce: 0.6337  aux.acc_seg: 62.9639
2026/04/25 22:42:56 - mmengine - INFO - Iter(train) [13400/16000]  lr: 1.0065e-05  eta: 0:14:16  time: 0.3273  data_time: 0.0065  memory: 6053  loss: 1.9194  decode.loss_ce: 1.3037  decode.acc_seg: 65.6034  aux.loss_ce: 0.6157  aux.acc_seg: 78.9824
2026/04/25 22:43:03 - mmengine - INFO - Iter(train) [13420/16000]  lr: 9.9877e-06  eta: 0:14:10  time: 0.3257  data_time: 0.0062  memory: 6053  loss: 2.3015  decode.loss_ce: 1.6038  decode.acc_seg: 54.8174  aux.loss_ce: 0.6977  aux.acc_seg: 54.0864
2026/04/25 22:43:09 - mmengine - INFO - Iter(train) [13440/16000]  lr: 9.9103e-06  eta: 0:14:03  time: 0.3294  data_time: 0.0075  memory: 6053  loss: 2.1361  decode.loss_ce: 1.4643  decode.acc_seg: 44.7459  aux.loss_ce: 0.6718  aux.acc_seg: 38.8232
2026/04/25 22:43:16 - mmengine - INFO - Iter(train) [13460/16000]  lr: 9.8329e-06  eta: 0:13:57  time: 0.3386  data_time: 0.0074  memory: 6053  loss: 2.7353  decode.loss_ce: 1.9060  decode.acc_seg: 65.4747  aux.loss_ce: 0.8294  aux.acc_seg: 63.9161
2026/04/25 22:43:22 - mmengine - INFO - Iter(train) [13480/16000]  lr: 9.7555e-06  eta: 0:13:50  time: 0.3279  data_time: 0.0063  memory: 6053  loss: 2.6315  decode.loss_ce: 1.8343  decode.acc_seg: 29.4567  aux.loss_ce: 0.7972  aux.acc_seg: 45.9957
2026/04/25 22:43:29 - mmengine - INFO - Iter(train) [13500/16000]  lr: 9.6780e-06  eta: 0:13:43  time: 0.3245  data_time: 0.0061  memory: 6053  loss: 2.4358  decode.loss_ce: 1.6851  decode.acc_seg: 60.1006  aux.loss_ce: 0.7507  aux.acc_seg: 61.4221
2026/04/25 22:43:35 - mmengine - INFO - Iter(train) [13520/16000]  lr: 9.6006e-06  eta: 0:13:37  time: 0.3280  data_time: 0.0063  memory: 6053  loss: 2.1487  decode.loss_ce: 1.4806  decode.acc_seg: 69.6944  aux.loss_ce: 0.6681  aux.acc_seg: 64.9653
2026/04/25 22:43:42 - mmengine - INFO - Iter(train) [13540/16000]  lr: 9.5232e-06  eta: 0:13:30  time: 0.3252  data_time: 0.0058  memory: 6053  loss: 2.6793  decode.loss_ce: 1.8484  decode.acc_seg: 71.9219  aux.loss_ce: 0.8308  aux.acc_seg: 49.2558
2026/04/25 22:43:48 - mmengine - INFO - Iter(train) [13560/16000]  lr: 9.4458e-06  eta: 0:13:24  time: 0.3250  data_time: 0.0064  memory: 6053  loss: 2.6426  decode.loss_ce: 1.8682  decode.acc_seg: 51.4574  aux.loss_ce: 0.7744  aux.acc_seg: 46.6940
2026/04/25 22:43:55 - mmengine - INFO - Iter(train) [13580/16000]  lr: 9.3683e-06  eta: 0:13:17  time: 0.3282  data_time: 0.0076  memory: 6053  loss: 2.0983  decode.loss_ce: 1.4540  decode.acc_seg: 38.7595  aux.loss_ce: 0.6443  aux.acc_seg: 36.9562
2026/04/25 22:44:02 - mmengine - INFO - Iter(train) [13600/16000]  lr: 9.2909e-06  eta: 0:13:10  time: 0.3269  data_time: 0.0076  memory: 6053  loss: 2.7619  decode.loss_ce: 1.9131  decode.acc_seg: 46.7798  aux.loss_ce: 0.8489  aux.acc_seg: 43.8549
2026/04/25 22:44:08 - mmengine - INFO - Iter(train) [13620/16000]  lr: 9.2135e-06  eta: 0:13:04  time: 0.3336  data_time: 0.0077  memory: 6053  loss: 3.2527  decode.loss_ce: 2.2748  decode.acc_seg: 58.4428  aux.loss_ce: 0.9779  aux.acc_seg: 58.5632
2026/04/25 22:44:15 - mmengine - INFO - Iter(train) [13640/16000]  lr: 9.1361e-06  eta: 0:12:57  time: 0.3255  data_time: 0.0078  memory: 6053  loss: 1.8124  decode.loss_ce: 1.2172  decode.acc_seg: 84.6462  aux.loss_ce: 0.5951  aux.acc_seg: 82.6027
2026/04/25 22:44:21 - mmengine - INFO - Iter(train) [13660/16000]  lr: 9.0586e-06  eta: 0:12:51  time: 0.3310  data_time: 0.0079  memory: 6053  loss: 2.5948  decode.loss_ce: 1.7458  decode.acc_seg: 77.1490  aux.loss_ce: 0.8490  aux.acc_seg: 43.5422
2026/04/25 22:44:28 - mmengine - INFO - Iter(train) [13680/16000]  lr: 8.9812e-06  eta: 0:12:44  time: 0.3271  data_time: 0.0080  memory: 6053  loss: 2.3871  decode.loss_ce: 1.6489  decode.acc_seg: 78.0731  aux.loss_ce: 0.7382  aux.acc_seg: 74.5961
2026/04/25 22:44:34 - mmengine - INFO - Iter(train) [13700/16000]  lr: 8.9038e-06  eta: 0:12:37  time: 0.3282  data_time: 0.0077  memory: 6053  loss: 2.6625  decode.loss_ce: 1.8499  decode.acc_seg: 48.7450  aux.loss_ce: 0.8125  aux.acc_seg: 51.7632
2026/04/25 22:44:41 - mmengine - INFO - Iter(train) [13720/16000]  lr: 8.8264e-06  eta: 0:12:31  time: 0.3247  data_time: 0.0078  memory: 6053  loss: 3.0674  decode.loss_ce: 2.1391  decode.acc_seg: 55.1088  aux.loss_ce: 0.9283  aux.acc_seg: 46.8461
2026/04/25 22:44:47 - mmengine - INFO - Iter(train) [13740/16000]  lr: 8.7490e-06  eta: 0:12:24  time: 0.3297  data_time: 0.0078  memory: 6053  loss: 2.0305  decode.loss_ce: 1.3866  decode.acc_seg: 75.8193  aux.loss_ce: 0.6439  aux.acc_seg: 66.6218
2026/04/25 22:44:54 - mmengine - INFO - Iter(train) [13760/16000]  lr: 8.6715e-06  eta: 0:12:18  time: 0.3282  data_time: 0.0079  memory: 6053  loss: 2.4992  decode.loss_ce: 1.7163  decode.acc_seg: 53.8496  aux.loss_ce: 0.7829  aux.acc_seg: 52.0396
2026/04/25 22:45:01 - mmengine - INFO - Iter(train) [13780/16000]  lr: 8.5941e-06  eta: 0:12:11  time: 0.3277  data_time: 0.0077  memory: 6053  loss: 2.3729  decode.loss_ce: 1.6165  decode.acc_seg: 83.5649  aux.loss_ce: 0.7564  aux.acc_seg: 79.5511
2026/04/25 22:45:07 - mmengine - INFO - Iter(train) [13800/16000]  lr: 8.5167e-06  eta: 0:12:04  time: 0.3392  data_time: 0.0079  memory: 6053  loss: 2.2959  decode.loss_ce: 1.5676  decode.acc_seg: 75.2570  aux.loss_ce: 0.7283  aux.acc_seg: 72.8296
2026/04/25 22:45:14 - mmengine - INFO - Iter(train) [13820/16000]  lr: 8.4393e-06  eta: 0:11:58  time: 0.3369  data_time: 0.0076  memory: 6053  loss: 2.1468  decode.loss_ce: 1.4820  decode.acc_seg: 76.1053  aux.loss_ce: 0.6647  aux.acc_seg: 73.7859
2026/04/25 22:45:21 - mmengine - INFO - Iter(train) [13840/16000]  lr: 8.3618e-06  eta: 0:11:51  time: 0.3290  data_time: 0.0059  memory: 6053  loss: 2.3954  decode.loss_ce: 1.6518  decode.acc_seg: 50.0603  aux.loss_ce: 0.7436  aux.acc_seg: 34.6229
2026/04/25 22:45:28 - mmengine - INFO - Iter(train) [13860/16000]  lr: 8.2844e-06  eta: 0:11:45  time: 0.3498  data_time: 0.0074  memory: 6053  loss: 2.5052  decode.loss_ce: 1.6932  decode.acc_seg: 78.5287  aux.loss_ce: 0.8121  aux.acc_seg: 73.6359
2026/04/25 22:45:34 - mmengine - INFO - Iter(train) [13880/16000]  lr: 8.2070e-06  eta: 0:11:38  time: 0.3368  data_time: 0.0073  memory: 6053  loss: 2.6823  decode.loss_ce: 1.8616  decode.acc_seg: 65.2466  aux.loss_ce: 0.8207  aux.acc_seg: 62.0977
2026/04/25 22:45:41 - mmengine - INFO - Iter(train) [13900/16000]  lr: 8.1296e-06  eta: 0:11:32  time: 0.3271  data_time: 0.0059  memory: 6053  loss: 2.8314  decode.loss_ce: 1.9826  decode.acc_seg: 28.9977  aux.loss_ce: 0.8487  aux.acc_seg: 24.9605
2026/04/25 22:45:48 - mmengine - INFO - Iter(train) [13920/16000]  lr: 8.0521e-06  eta: 0:11:25  time: 0.3298  data_time: 0.0060  memory: 6053  loss: 2.3314  decode.loss_ce: 1.6058  decode.acc_seg: 40.5281  aux.loss_ce: 0.7256  aux.acc_seg: 36.6483
2026/04/25 22:45:54 - mmengine - INFO - Iter(train) [13940/16000]  lr: 7.9747e-06  eta: 0:11:18  time: 0.3272  data_time: 0.0058  memory: 6053  loss: 2.2174  decode.loss_ce: 1.5098  decode.acc_seg: 10.5094  aux.loss_ce: 0.7076  aux.acc_seg: 11.7589
2026/04/25 22:46:01 - mmengine - INFO - Iter(train) [13960/16000]  lr: 7.8973e-06  eta: 0:11:12  time: 0.3244  data_time: 0.0077  memory: 6053  loss: 2.5918  decode.loss_ce: 1.7378  decode.acc_seg: 38.5633  aux.loss_ce: 0.8541  aux.acc_seg: 25.5489
2026/04/25 22:46:07 - mmengine - INFO - Iter(train) [13980/16000]  lr: 7.8199e-06  eta: 0:11:05  time: 0.3258  data_time: 0.0073  memory: 6053  loss: 2.5266  decode.loss_ce: 1.7423  decode.acc_seg: 34.1855  aux.loss_ce: 0.7844  aux.acc_seg: 1.6780
2026/04/25 22:46:14 - mmengine - INFO - Exp name: pvmamba_tiny_upernet_ade20k_v13_random_16000_fixrelu_20260425_212454
2026/04/25 22:46:14 - mmengine - INFO - Iter(train) [14000/16000]  lr: 7.7424e-06  eta: 0:10:59  time: 0.3374  data_time: 0.0063  memory: 6053  loss: 2.1945  decode.loss_ce: 1.5062  decode.acc_seg: 75.7573  aux.loss_ce: 0.6884  aux.acc_seg: 71.3109
2026/04/25 22:46:21 - mmengine - INFO - Iter(train) [14020/16000]  lr: 7.6650e-06  eta: 0:10:52  time: 0.3244  data_time: 0.0058  memory: 6053  loss: 2.7948  decode.loss_ce: 1.9420  decode.acc_seg: 64.8264  aux.loss_ce: 0.8528  aux.acc_seg: 62.4032
2026/04/25 22:46:27 - mmengine - INFO - Iter(train) [14040/16000]  lr: 7.5876e-06  eta: 0:10:46  time: 0.3316  data_time: 0.0058  memory: 6053  loss: 2.4989  decode.loss_ce: 1.7063  decode.acc_seg: 79.9878  aux.loss_ce: 0.7925  aux.acc_seg: 73.9412
2026/04/25 22:46:34 - mmengine - INFO - Iter(train) [14060/16000]  lr: 7.5102e-06  eta: 0:10:39  time: 0.3264  data_time: 0.0062  memory: 6053  loss: 2.4128  decode.loss_ce: 1.6807  decode.acc_seg: 53.5231  aux.loss_ce: 0.7321  aux.acc_seg: 45.5371
2026/04/25 22:46:40 - mmengine - INFO - Iter(train) [14080/16000]  lr: 7.4327e-06  eta: 0:10:32  time: 0.3247  data_time: 0.0074  memory: 6053  loss: 2.6530  decode.loss_ce: 1.8242  decode.acc_seg: 22.7061  aux.loss_ce: 0.8288  aux.acc_seg: 20.1441
2026/04/25 22:46:47 - mmengine - INFO - Iter(train) [14100/16000]  lr: 7.3553e-06  eta: 0:10:26  time: 0.3256  data_time: 0.0075  memory: 6053  loss: 2.7802  decode.loss_ce: 1.9195  decode.acc_seg: 64.6584  aux.loss_ce: 0.8607  aux.acc_seg: 58.3003
2026/04/25 22:46:53 - mmengine - INFO - Iter(train) [14120/16000]  lr: 7.2779e-06  eta: 0:10:19  time: 0.3413  data_time: 0.0075  memory: 6053  loss: 2.4333  decode.loss_ce: 1.6657  decode.acc_seg: 67.5135  aux.loss_ce: 0.7676  aux.acc_seg: 62.5944
2026/04/25 22:47:00 - mmengine - INFO - Iter(train) [14140/16000]  lr: 7.2005e-06  eta: 0:10:13  time: 0.3284  data_time: 0.0068  memory: 6053  loss: 2.2672  decode.loss_ce: 1.5592  decode.acc_seg: 66.2574  aux.loss_ce: 0.7080  aux.acc_seg: 67.1303
2026/04/25 22:47:07 - mmengine - INFO - Iter(train) [14160/16000]  lr: 7.1230e-06  eta: 0:10:06  time: 0.3253  data_time: 0.0060  memory: 6053  loss: 2.3130  decode.loss_ce: 1.5818  decode.acc_seg: 38.4137  aux.loss_ce: 0.7312  aux.acc_seg: 38.6130
2026/04/25 22:47:13 - mmengine - INFO - Iter(train) [14180/16000]  lr: 7.0456e-06  eta: 0:09:59  time: 0.3341  data_time: 0.0055  memory: 6053  loss: 1.9198  decode.loss_ce: 1.3205  decode.acc_seg: 61.7849  aux.loss_ce: 0.5993  aux.acc_seg: 37.1087
2026/04/25 22:47:20 - mmengine - INFO - Iter(train) [14200/16000]  lr: 6.9682e-06  eta: 0:09:53  time: 0.3252  data_time: 0.0065  memory: 6053  loss: 2.7217  decode.loss_ce: 1.8971  decode.acc_seg: 46.8430  aux.loss_ce: 0.8246  aux.acc_seg: 34.3942
2026/04/25 22:47:26 - mmengine - INFO - Iter(train) [14220/16000]  lr: 6.8908e-06  eta: 0:09:46  time: 0.3298  data_time: 0.0065  memory: 6053  loss: 2.6854  decode.loss_ce: 1.8363  decode.acc_seg: 48.3634  aux.loss_ce: 0.8490  aux.acc_seg: 44.7244
2026/04/25 22:47:33 - mmengine - INFO - Iter(train) [14240/16000]  lr: 6.8133e-06  eta: 0:09:40  time: 0.3346  data_time: 0.0078  memory: 6053  loss: 2.0400  decode.loss_ce: 1.4109  decode.acc_seg: 71.7178  aux.loss_ce: 0.6291  aux.acc_seg: 58.5912
2026/04/25 22:47:40 - mmengine - INFO - Iter(train) [14260/16000]  lr: 6.7359e-06  eta: 0:09:33  time: 0.3361  data_time: 0.0064  memory: 6053  loss: 3.1214  decode.loss_ce: 2.1701  decode.acc_seg: 54.1281  aux.loss_ce: 0.9513  aux.acc_seg: 52.7525
2026/04/25 22:47:46 - mmengine - INFO - Iter(train) [14280/16000]  lr: 6.6585e-06  eta: 0:09:26  time: 0.3273  data_time: 0.0063  memory: 6053  loss: 2.5917  decode.loss_ce: 1.7649  decode.acc_seg: 64.1891  aux.loss_ce: 0.8268  aux.acc_seg: 63.5060
2026/04/25 22:47:53 - mmengine - INFO - Iter(train) [14300/16000]  lr: 6.5811e-06  eta: 0:09:20  time: 0.3253  data_time: 0.0065  memory: 6053  loss: 1.9759  decode.loss_ce: 1.3334  decode.acc_seg: 63.1690  aux.loss_ce: 0.6425  aux.acc_seg: 55.9137
2026/04/25 22:47:59 - mmengine - INFO - Iter(train) [14320/16000]  lr: 6.5036e-06  eta: 0:09:13  time: 0.3296  data_time: 0.0061  memory: 6053  loss: 2.4697  decode.loss_ce: 1.7152  decode.acc_seg: 55.5463  aux.loss_ce: 0.7545  aux.acc_seg: 32.7295
2026/04/25 22:48:06 - mmengine - INFO - Iter(train) [14340/16000]  lr: 6.4262e-06  eta: 0:09:07  time: 0.3270  data_time: 0.0061  memory: 6053  loss: 2.6399  decode.loss_ce: 1.8361  decode.acc_seg: 34.5519  aux.loss_ce: 0.8038  aux.acc_seg: 34.6991
2026/04/25 22:48:12 - mmengine - INFO - Iter(train) [14360/16000]  lr: 6.3488e-06  eta: 0:09:00  time: 0.3275  data_time: 0.0058  memory: 6053  loss: 2.2849  decode.loss_ce: 1.5632  decode.acc_seg: 65.4379  aux.loss_ce: 0.7217  aux.acc_seg: 52.6164
2026/04/25 22:48:19 - mmengine - INFO - Iter(train) [14380/16000]  lr: 6.2714e-06  eta: 0:08:53  time: 0.3289  data_time: 0.0061  memory: 6053  loss: 2.2992  decode.loss_ce: 1.5995  decode.acc_seg: 74.2508  aux.loss_ce: 0.6997  aux.acc_seg: 69.3856
2026/04/25 22:48:26 - mmengine - INFO - Iter(train) [14400/16000]  lr: 6.1939e-06  eta: 0:08:47  time: 0.3307  data_time: 0.0061  memory: 6053  loss: 2.1454  decode.loss_ce: 1.4662  decode.acc_seg: 87.5651  aux.loss_ce: 0.6792  aux.acc_seg: 87.9143
2026/04/25 22:48:32 - mmengine - INFO - Iter(train) [14420/16000]  lr: 6.1165e-06  eta: 0:08:40  time: 0.3251  data_time: 0.0058  memory: 6053  loss: 1.7825  decode.loss_ce: 1.2113  decode.acc_seg: 71.2194  aux.loss_ce: 0.5712  aux.acc_seg: 73.8343
2026/04/25 22:48:39 - mmengine - INFO - Iter(train) [14440/16000]  lr: 6.0391e-06  eta: 0:08:34  time: 0.3335  data_time: 0.0059  memory: 6053  loss: 2.7964  decode.loss_ce: 1.9264  decode.acc_seg: 15.9950  aux.loss_ce: 0.8701  aux.acc_seg: 12.5612
2026/04/25 22:48:45 - mmengine - INFO - Iter(train) [14460/16000]  lr: 5.9617e-06  eta: 0:08:27  time: 0.3309  data_time: 0.0060  memory: 6053  loss: 2.4269  decode.loss_ce: 1.7150  decode.acc_seg: 24.2828  aux.loss_ce: 0.7119  aux.acc_seg: 21.6502
2026/04/25 22:48:52 - mmengine - INFO - Iter(train) [14480/16000]  lr: 5.8843e-06  eta: 0:08:20  time: 0.3313  data_time: 0.0066  memory: 6053  loss: 2.2590  decode.loss_ce: 1.5383  decode.acc_seg: 59.1285  aux.loss_ce: 0.7207  aux.acc_seg: 59.6863
2026/04/25 22:48:59 - mmengine - INFO - Iter(train) [14500/16000]  lr: 5.8068e-06  eta: 0:08:14  time: 0.3358  data_time: 0.0068  memory: 6053  loss: 2.6052  decode.loss_ce: 1.7994  decode.acc_seg: 13.7635  aux.loss_ce: 0.8058  aux.acc_seg: 13.7901
2026/04/25 22:49:05 - mmengine - INFO - Iter(train) [14520/16000]  lr: 5.7294e-06  eta: 0:08:07  time: 0.3244  data_time: 0.0077  memory: 6053  loss: 1.8197  decode.loss_ce: 1.2290  decode.acc_seg: 54.9434  aux.loss_ce: 0.5906  aux.acc_seg: 43.1182
2026/04/25 22:49:12 - mmengine - INFO - Iter(train) [14540/16000]  lr: 5.6520e-06  eta: 0:08:01  time: 0.3283  data_time: 0.0079  memory: 6053  loss: 2.3319  decode.loss_ce: 1.6170  decode.acc_seg: 57.3227  aux.loss_ce: 0.7149  aux.acc_seg: 56.8891
2026/04/25 22:49:18 - mmengine - INFO - Iter(train) [14560/16000]  lr: 5.5746e-06  eta: 0:07:54  time: 0.3342  data_time: 0.0066  memory: 6053  loss: 2.6402  decode.loss_ce: 1.8230  decode.acc_seg: 39.9158  aux.loss_ce: 0.8172  aux.acc_seg: 39.8444
2026/04/25 22:49:25 - mmengine - INFO - Iter(train) [14580/16000]  lr: 5.4971e-06  eta: 0:07:47  time: 0.3243  data_time: 0.0076  memory: 6053  loss: 2.4903  decode.loss_ce: 1.7096  decode.acc_seg: 59.8424  aux.loss_ce: 0.7806  aux.acc_seg: 75.0621
2026/04/25 22:49:31 - mmengine - INFO - Iter(train) [14600/16000]  lr: 5.4197e-06  eta: 0:07:41  time: 0.3250  data_time: 0.0076  memory: 6053  loss: 2.6984  decode.loss_ce: 1.8875  decode.acc_seg: 73.1643  aux.loss_ce: 0.8109  aux.acc_seg: 61.0012
2026/04/25 22:49:38 - mmengine - INFO - Iter(train) [14620/16000]  lr: 5.3423e-06  eta: 0:07:34  time: 0.3303  data_time: 0.0075  memory: 6053  loss: 2.2818  decode.loss_ce: 1.5671  decode.acc_seg: 48.7392  aux.loss_ce: 0.7147  aux.acc_seg: 49.3856
2026/04/25 22:49:45 - mmengine - INFO - Iter(train) [14640/16000]  lr: 5.2649e-06  eta: 0:07:28  time: 0.3267  data_time: 0.0062  memory: 6053  loss: 2.6701  decode.loss_ce: 1.8416  decode.acc_seg: 51.0770  aux.loss_ce: 0.8285  aux.acc_seg: 49.2166
2026/04/25 22:49:51 - mmengine - INFO - Iter(train) [14660/16000]  lr: 5.1874e-06  eta: 0:07:21  time: 0.3299  data_time: 0.0064  memory: 6053  loss: 2.3821  decode.loss_ce: 1.6163  decode.acc_seg: 60.7111  aux.loss_ce: 0.7658  aux.acc_seg: 41.8096
2026/04/25 22:49:58 - mmengine - INFO - Iter(train) [14680/16000]  lr: 5.1100e-06  eta: 0:07:15  time: 0.3354  data_time: 0.0064  memory: 6053  loss: 2.2271  decode.loss_ce: 1.5159  decode.acc_seg: 32.5726  aux.loss_ce: 0.7112  aux.acc_seg: 30.9966
2026/04/25 22:50:04 - mmengine - INFO - Iter(train) [14700/16000]  lr: 5.0326e-06  eta: 0:07:08  time: 0.3265  data_time: 0.0078  memory: 6053  loss: 2.8148  decode.loss_ce: 1.9321  decode.acc_seg: 13.2444  aux.loss_ce: 0.8827  aux.acc_seg: 13.3321
2026/04/25 22:50:11 - mmengine - INFO - Iter(train) [14720/16000]  lr: 4.9552e-06  eta: 0:07:01  time: 0.3288  data_time: 0.0070  memory: 6053  loss: 2.2599  decode.loss_ce: 1.5340  decode.acc_seg: 41.0489  aux.loss_ce: 0.7259  aux.acc_seg: 24.1879
2026/04/25 22:50:18 - mmengine - INFO - Iter(train) [14740/16000]  lr: 4.8777e-06  eta: 0:06:55  time: 0.3263  data_time: 0.0076  memory: 6053  loss: 1.9830  decode.loss_ce: 1.3487  decode.acc_seg: 68.0752  aux.loss_ce: 0.6343  aux.acc_seg: 64.4121
2026/04/25 22:50:24 - mmengine - INFO - Iter(train) [14760/16000]  lr: 4.8003e-06  eta: 0:06:48  time: 0.3272  data_time: 0.0076  memory: 6053  loss: 3.3875  decode.loss_ce: 2.3667  decode.acc_seg: 36.2725  aux.loss_ce: 1.0209  aux.acc_seg: 26.8579
2026/04/25 22:50:31 - mmengine - INFO - Iter(train) [14780/16000]  lr: 4.7229e-06  eta: 0:06:42  time: 0.3266  data_time: 0.0062  memory: 6053  loss: 1.9274  decode.loss_ce: 1.3030  decode.acc_seg: 70.7640  aux.loss_ce: 0.6244  aux.acc_seg: 64.8421
2026/04/25 22:50:37 - mmengine - INFO - Iter(train) [14800/16000]  lr: 4.6455e-06  eta: 0:06:35  time: 0.3258  data_time: 0.0063  memory: 6053  loss: 2.7232  decode.loss_ce: 1.9027  decode.acc_seg: 70.2208  aux.loss_ce: 0.8205  aux.acc_seg: 70.0043
2026/04/25 22:50:44 - mmengine - INFO - Iter(train) [14820/16000]  lr: 4.5680e-06  eta: 0:06:28  time: 0.3267  data_time: 0.0065  memory: 6053  loss: 2.3281  decode.loss_ce: 1.6085  decode.acc_seg: 57.2363  aux.loss_ce: 0.7196  aux.acc_seg: 57.6797
2026/04/25 22:50:50 - mmengine - INFO - Iter(train) [14840/16000]  lr: 4.4906e-06  eta: 0:06:22  time: 0.3251  data_time: 0.0067  memory: 6053  loss: 2.3348  decode.loss_ce: 1.6230  decode.acc_seg: 68.0593  aux.loss_ce: 0.7118  aux.acc_seg: 59.7509
2026/04/25 22:50:57 - mmengine - INFO - Iter(train) [14860/16000]  lr: 4.4132e-06  eta: 0:06:15  time: 0.3270  data_time: 0.0076  memory: 6053  loss: 2.2260  decode.loss_ce: 1.5104  decode.acc_seg: 26.0495  aux.loss_ce: 0.7157  aux.acc_seg: 28.0554
2026/04/25 22:51:04 - mmengine - INFO - Iter(train) [14880/16000]  lr: 4.3358e-06  eta: 0:06:09  time: 0.3374  data_time: 0.0064  memory: 6053  loss: 2.5174  decode.loss_ce: 1.7445  decode.acc_seg: 48.7854  aux.loss_ce: 0.7729  aux.acc_seg: 43.7688
2026/04/25 22:51:10 - mmengine - INFO - Iter(train) [14900/16000]  lr: 4.2583e-06  eta: 0:06:02  time: 0.3254  data_time: 0.0062  memory: 6053  loss: 2.2847  decode.loss_ce: 1.5630  decode.acc_seg: 70.0845  aux.loss_ce: 0.7217  aux.acc_seg: 59.4794
2026/04/25 22:51:17 - mmengine - INFO - Iter(train) [14920/16000]  lr: 4.1809e-06  eta: 0:05:55  time: 0.3258  data_time: 0.0065  memory: 6053  loss: 2.7467  decode.loss_ce: 1.8874  decode.acc_seg: 55.6806  aux.loss_ce: 0.8592  aux.acc_seg: 43.7541
2026/04/25 22:51:23 - mmengine - INFO - Iter(train) [14940/16000]  lr: 4.1035e-06  eta: 0:05:49  time: 0.3321  data_time: 0.0059  memory: 6053  loss: 2.2397  decode.loss_ce: 1.5121  decode.acc_seg: 80.4823  aux.loss_ce: 0.7277  aux.acc_seg: 64.0787
2026/04/25 22:51:30 - mmengine - INFO - Iter(train) [14960/16000]  lr: 4.0261e-06  eta: 0:05:42  time: 0.3278  data_time: 0.0060  memory: 6053  loss: 2.8163  decode.loss_ce: 1.9382  decode.acc_seg: 55.0941  aux.loss_ce: 0.8781  aux.acc_seg: 63.1967
2026/04/25 22:51:36 - mmengine - INFO - Iter(train) [14980/16000]  lr: 3.9486e-06  eta: 0:05:36  time: 0.3293  data_time: 0.0066  memory: 6053  loss: 2.5772  decode.loss_ce: 1.7893  decode.acc_seg: 57.5566  aux.loss_ce: 0.7879  aux.acc_seg: 53.8505
2026/04/25 22:51:43 - mmengine - INFO - Exp name: pvmamba_tiny_upernet_ade20k_v13_random_16000_fixrelu_20260425_212454
2026/04/25 22:51:43 - mmengine - INFO - Iter(train) [15000/16000]  lr: 3.8712e-06  eta: 0:05:29  time: 0.3305  data_time: 0.0065  memory: 6053  loss: 1.9612  decode.loss_ce: 1.3401  decode.acc_seg: 55.5529  aux.loss_ce: 0.6211  aux.acc_seg: 45.3967
2026/04/25 22:51:50 - mmengine - INFO - Iter(train) [15020/16000]  lr: 3.7938e-06  eta: 0:05:22  time: 0.3319  data_time: 0.0062  memory: 6053  loss: 2.3711  decode.loss_ce: 1.6196  decode.acc_seg: 62.3140  aux.loss_ce: 0.7515  aux.acc_seg: 64.2384
2026/04/25 22:51:56 - mmengine - INFO - Iter(train) [15040/16000]  lr: 3.7164e-06  eta: 0:05:16  time: 0.3277  data_time: 0.0062  memory: 6053  loss: 2.6755  decode.loss_ce: 1.8408  decode.acc_seg: 33.3992  aux.loss_ce: 0.8347  aux.acc_seg: 25.8308
2026/04/25 22:52:03 - mmengine - INFO - Iter(train) [15060/16000]  lr: 3.6389e-06  eta: 0:05:09  time: 0.3237  data_time: 0.0062  memory: 6053  loss: 2.7378  decode.loss_ce: 1.8823  decode.acc_seg: 65.7125  aux.loss_ce: 0.8555  aux.acc_seg: 70.5860
2026/04/25 22:52:09 - mmengine - INFO - Iter(train) [15080/16000]  lr: 3.5615e-06  eta: 0:05:03  time: 0.3296  data_time: 0.0063  memory: 6053  loss: 2.0990  decode.loss_ce: 1.4374  decode.acc_seg: 75.2715  aux.loss_ce: 0.6616  aux.acc_seg: 88.1280
2026/04/25 22:52:16 - mmengine - INFO - Iter(train) [15100/16000]  lr: 3.4841e-06  eta: 0:04:56  time: 0.3256  data_time: 0.0061  memory: 6053  loss: 2.1597  decode.loss_ce: 1.4808  decode.acc_seg: 62.1925  aux.loss_ce: 0.6788  aux.acc_seg: 58.5206
2026/04/25 22:52:22 - mmengine - INFO - Iter(train) [15120/16000]  lr: 3.4067e-06  eta: 0:04:49  time: 0.3289  data_time: 0.0061  memory: 6053  loss: 2.2939  decode.loss_ce: 1.5358  decode.acc_seg: 60.6381  aux.loss_ce: 0.7580  aux.acc_seg: 46.7911
2026/04/25 22:52:29 - mmengine - INFO - Iter(train) [15140/16000]  lr: 3.3292e-06  eta: 0:04:43  time: 0.3263  data_time: 0.0060  memory: 6053  loss: 2.6512  decode.loss_ce: 1.8360  decode.acc_seg: 50.2620  aux.loss_ce: 0.8153  aux.acc_seg: 49.7886
2026/04/25 22:52:35 - mmengine - INFO - Iter(train) [15160/16000]  lr: 3.2518e-06  eta: 0:04:36  time: 0.3251  data_time: 0.0062  memory: 6053  loss: 2.7765  decode.loss_ce: 1.9250  decode.acc_seg: 63.0047  aux.loss_ce: 0.8515  aux.acc_seg: 63.5391
2026/04/25 22:52:42 - mmengine - INFO - Iter(train) [15180/16000]  lr: 3.1744e-06  eta: 0:04:30  time: 0.3310  data_time: 0.0063  memory: 6053  loss: 2.2036  decode.loss_ce: 1.5466  decode.acc_seg: 68.9824  aux.loss_ce: 0.6569  aux.acc_seg: 64.0911
2026/04/25 22:52:48 - mmengine - INFO - Iter(train) [15200/16000]  lr: 3.0970e-06  eta: 0:04:23  time: 0.3294  data_time: 0.0063  memory: 6053  loss: 2.5713  decode.loss_ce: 1.7791  decode.acc_seg: 47.1452  aux.loss_ce: 0.7922  aux.acc_seg: 47.1537
2026/04/25 22:52:55 - mmengine - INFO - Iter(train) [15220/16000]  lr: 3.0195e-06  eta: 0:04:17  time: 0.3247  data_time: 0.0078  memory: 6053  loss: 2.1655  decode.loss_ce: 1.5024  decode.acc_seg: 64.1072  aux.loss_ce: 0.6630  aux.acc_seg: 61.9394
2026/04/25 22:53:02 - mmengine - INFO - Iter(train) [15240/16000]  lr: 2.9421e-06  eta: 0:04:10  time: 0.3403  data_time: 0.0077  memory: 6053  loss: 2.7086  decode.loss_ce: 1.8723  decode.acc_seg: 29.6321  aux.loss_ce: 0.8364  aux.acc_seg: 36.4702
2026/04/25 22:53:08 - mmengine - INFO - Iter(train) [15260/16000]  lr: 2.8647e-06  eta: 0:04:03  time: 0.3414  data_time: 0.0076  memory: 6053  loss: 2.6361  decode.loss_ce: 1.8430  decode.acc_seg: 46.0097  aux.loss_ce: 0.7931  aux.acc_seg: 45.3098
2026/04/25 22:53:15 - mmengine - INFO - Iter(train) [15280/16000]  lr: 2.7873e-06  eta: 0:03:57  time: 0.3257  data_time: 0.0076  memory: 6053  loss: 2.2600  decode.loss_ce: 1.5503  decode.acc_seg: 24.9309  aux.loss_ce: 0.7097  aux.acc_seg: 42.1792
2026/04/25 22:53:22 - mmengine - INFO - Iter(train) [15300/16000]  lr: 2.7099e-06  eta: 0:03:50  time: 0.3398  data_time: 0.0074  memory: 6053  loss: 2.3905  decode.loss_ce: 1.6515  decode.acc_seg: 28.7976  aux.loss_ce: 0.7390  aux.acc_seg: 45.7655
2026/04/25 22:53:29 - mmengine - INFO - Iter(train) [15320/16000]  lr: 2.6324e-06  eta: 0:03:44  time: 0.3348  data_time: 0.0072  memory: 6053  loss: 2.1498  decode.loss_ce: 1.4732  decode.acc_seg: 84.3648  aux.loss_ce: 0.6766  aux.acc_seg: 74.3290
2026/04/25 22:53:35 - mmengine - INFO - Iter(train) [15340/16000]  lr: 2.5550e-06  eta: 0:03:37  time: 0.3271  data_time: 0.0063  memory: 6053  loss: 2.1597  decode.loss_ce: 1.4579  decode.acc_seg: 70.5477  aux.loss_ce: 0.7018  aux.acc_seg: 64.9079
2026/04/25 22:53:42 - mmengine - INFO - Iter(train) [15360/16000]  lr: 2.4776e-06  eta: 0:03:30  time: 0.3286  data_time: 0.0078  memory: 6053  loss: 2.1037  decode.loss_ce: 1.4420  decode.acc_seg: 41.4391  aux.loss_ce: 0.6618  aux.acc_seg: 42.9451
2026/04/25 22:53:48 - mmengine - INFO - Iter(train) [15380/16000]  lr: 2.4002e-06  eta: 0:03:24  time: 0.3264  data_time: 0.0063  memory: 6053  loss: 2.3356  decode.loss_ce: 1.6180  decode.acc_seg: 39.7481  aux.loss_ce: 0.7176  aux.acc_seg: 35.9375
2026/04/25 22:53:55 - mmengine - INFO - Iter(train) [15400/16000]  lr: 2.3227e-06  eta: 0:03:17  time: 0.3305  data_time: 0.0061  memory: 6053  loss: 2.1377  decode.loss_ce: 1.4568  decode.acc_seg: 64.8744  aux.loss_ce: 0.6808  aux.acc_seg: 57.2059
2026/04/25 22:54:01 - mmengine - INFO - Iter(train) [15420/16000]  lr: 2.2453e-06  eta: 0:03:11  time: 0.3277  data_time: 0.0062  memory: 6053  loss: 2.6737  decode.loss_ce: 1.8586  decode.acc_seg: 38.1650  aux.loss_ce: 0.8151  aux.acc_seg: 30.4421
2026/04/25 22:54:08 - mmengine - INFO - Iter(train) [15440/16000]  lr: 2.1679e-06  eta: 0:03:04  time: 0.3263  data_time: 0.0063  memory: 6053  loss: 2.6421  decode.loss_ce: 1.8551  decode.acc_seg: 57.2267  aux.loss_ce: 0.7870  aux.acc_seg: 43.0621
2026/04/25 22:54:14 - mmengine - INFO - Iter(train) [15460/16000]  lr: 2.0905e-06  eta: 0:02:57  time: 0.3255  data_time: 0.0061  memory: 6053  loss: 2.3673  decode.loss_ce: 1.6270  decode.acc_seg: 39.6367  aux.loss_ce: 0.7403  aux.acc_seg: 36.9149
2026/04/25 22:54:21 - mmengine - INFO - Iter(train) [15480/16000]  lr: 2.0130e-06  eta: 0:02:51  time: 0.3258  data_time: 0.0060  memory: 6053  loss: 1.8671  decode.loss_ce: 1.2690  decode.acc_seg: 51.2890  aux.loss_ce: 0.5981  aux.acc_seg: 34.5694
2026/04/25 22:54:28 - mmengine - INFO - Iter(train) [15500/16000]  lr: 1.9356e-06  eta: 0:02:44  time: 0.3285  data_time: 0.0065  memory: 6053  loss: 3.2592  decode.loss_ce: 2.2519  decode.acc_seg: 53.1830  aux.loss_ce: 1.0073  aux.acc_seg: 50.8389
2026/04/25 22:54:34 - mmengine - INFO - Iter(train) [15520/16000]  lr: 1.8582e-06  eta: 0:02:38  time: 0.3289  data_time: 0.0064  memory: 6053  loss: 1.9989  decode.loss_ce: 1.3742  decode.acc_seg: 21.3856  aux.loss_ce: 0.6247  aux.acc_seg: 13.1323
2026/04/25 22:54:41 - mmengine - INFO - Iter(train) [15540/16000]  lr: 1.7808e-06  eta: 0:02:31  time: 0.3276  data_time: 0.0060  memory: 6053  loss: 2.6026  decode.loss_ce: 1.7856  decode.acc_seg: 20.5397  aux.loss_ce: 0.8169  aux.acc_seg: 21.5684
2026/04/25 22:54:47 - mmengine - INFO - Iter(train) [15560/16000]  lr: 1.7033e-06  eta: 0:02:24  time: 0.3311  data_time: 0.0062  memory: 6053  loss: 2.5677  decode.loss_ce: 1.7868  decode.acc_seg: 43.0039  aux.loss_ce: 0.7808  aux.acc_seg: 35.2202
2026/04/25 22:54:54 - mmengine - INFO - Iter(train) [15580/16000]  lr: 1.6259e-06  eta: 0:02:18  time: 0.3247  data_time: 0.0062  memory: 6053  loss: 2.3459  decode.loss_ce: 1.6234  decode.acc_seg: 57.3501  aux.loss_ce: 0.7225  aux.acc_seg: 22.8013
2026/04/25 22:55:00 - mmengine - INFO - Iter(train) [15600/16000]  lr: 1.5485e-06  eta: 0:02:11  time: 0.3301  data_time: 0.0069  memory: 6053  loss: 2.3283  decode.loss_ce: 1.6052  decode.acc_seg: 79.9084  aux.loss_ce: 0.7231  aux.acc_seg: 78.0475
2026/04/25 22:55:07 - mmengine - INFO - Iter(train) [15620/16000]  lr: 1.4711e-06  eta: 0:02:05  time: 0.3339  data_time: 0.0065  memory: 6053  loss: 2.2492  decode.loss_ce: 1.5194  decode.acc_seg: 77.8554  aux.loss_ce: 0.7298  aux.acc_seg: 71.8851
2026/04/25 22:55:14 - mmengine - INFO - Iter(train) [15640/16000]  lr: 1.3936e-06  eta: 0:01:58  time: 0.3320  data_time: 0.0061  memory: 6053  loss: 2.1254  decode.loss_ce: 1.4249  decode.acc_seg: 55.8428  aux.loss_ce: 0.7005  aux.acc_seg: 47.6626
2026/04/25 22:55:20 - mmengine - INFO - Iter(train) [15660/16000]  lr: 1.3162e-06  eta: 0:01:52  time: 0.3265  data_time: 0.0063  memory: 6053  loss: 2.6668  decode.loss_ce: 1.8406  decode.acc_seg: 63.4664  aux.loss_ce: 0.8261  aux.acc_seg: 58.1749
2026/04/25 22:55:27 - mmengine - INFO - Iter(train) [15680/16000]  lr: 1.2388e-06  eta: 0:01:45  time: 0.3257  data_time: 0.0065  memory: 6053  loss: 2.2956  decode.loss_ce: 1.5909  decode.acc_seg: 56.3343  aux.loss_ce: 0.7047  aux.acc_seg: 31.0765
2026/04/25 22:55:33 - mmengine - INFO - Iter(train) [15700/16000]  lr: 1.1614e-06  eta: 0:01:38  time: 0.3259  data_time: 0.0061  memory: 6053  loss: 2.5976  decode.loss_ce: 1.7777  decode.acc_seg: 54.9135  aux.loss_ce: 0.8200  aux.acc_seg: 46.4606
2026/04/25 22:55:40 - mmengine - INFO - Iter(train) [15720/16000]  lr: 1.0839e-06  eta: 0:01:32  time: 0.3281  data_time: 0.0062  memory: 6053  loss: 2.2369  decode.loss_ce: 1.5658  decode.acc_seg: 48.8863  aux.loss_ce: 0.6710  aux.acc_seg: 59.2880
2026/04/25 22:55:46 - mmengine - INFO - Iter(train) [15740/16000]  lr: 1.0065e-06  eta: 0:01:25  time: 0.3255  data_time: 0.0062  memory: 6053  loss: 2.7186  decode.loss_ce: 1.8419  decode.acc_seg: 85.2386  aux.loss_ce: 0.8767  aux.acc_seg: 69.7171
2026/04/25 22:55:53 - mmengine - INFO - Iter(train) [15760/16000]  lr: 9.2909e-07  eta: 0:01:19  time: 0.3251  data_time: 0.0061  memory: 6053  loss: 2.7619  decode.loss_ce: 1.9105  decode.acc_seg: 41.3665  aux.loss_ce: 0.8514  aux.acc_seg: 39.5205
2026/04/25 22:56:00 - mmengine - INFO - Iter(train) [15780/16000]  lr: 8.5167e-07  eta: 0:01:12  time: 0.3409  data_time: 0.0076  memory: 6053  loss: 2.4815  decode.loss_ce: 1.6967  decode.acc_seg: 34.4265  aux.loss_ce: 0.7848  aux.acc_seg: 29.6625
2026/04/25 22:56:06 - mmengine - INFO - Iter(train) [15800/16000]  lr: 7.7424e-07  eta: 0:01:05  time: 0.3278  data_time: 0.0062  memory: 6053  loss: 2.6999  decode.loss_ce: 1.8855  decode.acc_seg: 56.8701  aux.loss_ce: 0.8144  aux.acc_seg: 59.6916
2026/04/25 22:56:13 - mmengine - INFO - Iter(train) [15820/16000]  lr: 6.9682e-07  eta: 0:00:59  time: 0.3273  data_time: 0.0069  memory: 6053  loss: 2.1219  decode.loss_ce: 1.4733  decode.acc_seg: 63.5993  aux.loss_ce: 0.6486  aux.acc_seg: 54.5102
2026/04/25 22:56:19 - mmengine - INFO - Iter(train) [15840/16000]  lr: 6.1939e-07  eta: 0:00:52  time: 0.3264  data_time: 0.0079  memory: 6053  loss: 2.2923  decode.loss_ce: 1.5525  decode.acc_seg: 53.3447  aux.loss_ce: 0.7398  aux.acc_seg: 30.9283
2026/04/25 22:56:26 - mmengine - INFO - Iter(train) [15860/16000]  lr: 5.4197e-07  eta: 0:00:46  time: 0.3299  data_time: 0.0082  memory: 6053  loss: 2.4142  decode.loss_ce: 1.6278  decode.acc_seg: 38.5024  aux.loss_ce: 0.7864  aux.acc_seg: 36.3623
2026/04/25 22:56:32 - mmengine - INFO - Iter(train) [15880/16000]  lr: 4.6455e-07  eta: 0:00:39  time: 0.3283  data_time: 0.0078  memory: 6053  loss: 2.4514  decode.loss_ce: 1.6888  decode.acc_seg: 38.8900  aux.loss_ce: 0.7626  aux.acc_seg: 36.2979
2026/04/25 22:56:39 - mmengine - INFO - Iter(train) [15900/16000]  lr: 3.8712e-07  eta: 0:00:32  time: 0.3261  data_time: 0.0077  memory: 6053  loss: 2.0885  decode.loss_ce: 1.4327  decode.acc_seg: 76.5789  aux.loss_ce: 0.6558  aux.acc_seg: 75.4205
2026/04/25 22:56:46 - mmengine - INFO - Iter(train) [15920/16000]  lr: 3.0970e-07  eta: 0:00:26  time: 0.3321  data_time: 0.0078  memory: 6053  loss: 2.5014  decode.loss_ce: 1.6781  decode.acc_seg: 18.7127  aux.loss_ce: 0.8233  aux.acc_seg: 23.4016
2026/04/25 22:56:52 - mmengine - INFO - Iter(train) [15940/16000]  lr: 2.3227e-07  eta: 0:00:19  time: 0.3258  data_time: 0.0062  memory: 6053  loss: 2.1172  decode.loss_ce: 1.4620  decode.acc_seg: 14.2919  aux.loss_ce: 0.6552  aux.acc_seg: 12.9943
2026/04/25 22:56:59 - mmengine - INFO - Iter(train) [15960/16000]  lr: 1.5485e-07  eta: 0:00:13  time: 0.3245  data_time: 0.0065  memory: 6053  loss: 2.4743  decode.loss_ce: 1.6949  decode.acc_seg: 53.9491  aux.loss_ce: 0.7794  aux.acc_seg: 52.1668
2026/04/25 22:57:05 - mmengine - INFO - Iter(train) [15980/16000]  lr: 7.7424e-08  eta: 0:00:06  time: 0.3265  data_time: 0.0061  memory: 6053  loss: 2.1287  decode.loss_ce: 1.4788  decode.acc_seg: 80.1897  aux.loss_ce: 0.6498  aux.acc_seg: 71.5806
2026/04/25 22:57:12 - mmengine - INFO - Exp name: pvmamba_tiny_upernet_ade20k_v13_random_16000_fixrelu_20260425_212454
2026/04/25 22:57:12 - mmengine - INFO - Iter(train) [16000/16000]  lr: 0.0000e+00  eta: 0:00:00  time: 0.3259  data_time: 0.0064  memory: 6053  loss: 2.4767  decode.loss_ce: 1.7394  decode.acc_seg: 74.4238  aux.loss_ce: 0.7373  aux.acc_seg: 67.2877
2026/04/25 22:57:12 - mmengine - INFO - Saving checkpoint at 16000 iterations
2026/04/25 22:57:15 - mmengine - INFO - Iter(val) [  20/1000]    eta: 0:01:05  time: 0.0636  data_time: 0.0015  memory: 1560  
2026/04/25 22:57:16 - mmengine - INFO - Iter(val) [  40/1000]    eta: 0:01:03  time: 0.0651  data_time: 0.0015  memory: 1452  
2026/04/25 22:57:17 - mmengine - INFO - Iter(val) [  60/1000]    eta: 0:01:01  time: 0.0646  data_time: 0.0016  memory: 1463  
2026/04/25 22:57:18 - mmengine - INFO - Iter(val) [  80/1000]    eta: 0:01:00  time: 0.0674  data_time: 0.0017  memory: 1644  
2026/04/25 22:57:20 - mmengine - INFO - Iter(val) [ 100/1000]    eta: 0:00:59  time: 0.0641  data_time: 0.0015  memory: 1455  
2026/04/25 22:57:21 - mmengine - INFO - Iter(val) [ 120/1000]    eta: 0:00:57  time: 0.0669  data_time: 0.0016  memory: 1722  
2026/04/25 22:57:22 - mmengine - INFO - Iter(val) [ 140/1000]    eta: 0:00:56  time: 0.0624  data_time: 0.0015  memory: 1453  
2026/04/25 22:57:24 - mmengine - INFO - Iter(val) [ 160/1000]    eta: 0:00:54  time: 0.0618  data_time: 0.0016  memory: 1451  
2026/04/25 22:57:25 - mmengine - INFO - Iter(val) [ 180/1000]    eta: 0:00:53  time: 0.0623  data_time: 0.0015  memory: 1555  
2026/04/25 22:57:26 - mmengine - INFO - Iter(val) [ 200/1000]    eta: 0:00:51  time: 0.0650  data_time: 0.0015  memory: 1499  
2026/04/25 22:57:27 - mmengine - INFO - Iter(val) [ 220/1000]    eta: 0:00:50  time: 0.0649  data_time: 0.0016  memory: 1460  
2026/04/25 22:57:29 - mmengine - INFO - Iter(val) [ 240/1000]    eta: 0:00:48  time: 0.0670  data_time: 0.0017  memory: 1456  
2026/04/25 22:57:30 - mmengine - INFO - Iter(val) [ 260/1000]    eta: 0:00:47  time: 0.0658  data_time: 0.0015  memory: 1464  
2026/04/25 22:57:31 - mmengine - INFO - Iter(val) [ 280/1000]    eta: 0:00:46  time: 0.0622  data_time: 0.0015  memory: 1548  
2026/04/25 22:57:33 - mmengine - INFO - Iter(val) [ 300/1000]    eta: 0:00:45  time: 0.0656  data_time: 0.0016  memory: 1560  
2026/04/25 22:57:34 - mmengine - INFO - Iter(val) [ 320/1000]    eta: 0:00:43  time: 0.0643  data_time: 0.0014  memory: 1500  
2026/04/25 22:57:35 - mmengine - INFO - Iter(val) [ 340/1000]    eta: 0:00:42  time: 0.0634  data_time: 0.0015  memory: 1495  
2026/04/25 22:57:37 - mmengine - INFO - Iter(val) [ 360/1000]    eta: 0:00:41  time: 0.0764  data_time: 0.0022  memory: 1524  
2026/04/25 22:57:38 - mmengine - INFO - Iter(val) [ 380/1000]    eta: 0:00:40  time: 0.0622  data_time: 0.0015  memory: 1545  
2026/04/25 22:57:39 - mmengine - INFO - Iter(val) [ 400/1000]    eta: 0:00:38  time: 0.0655  data_time: 0.0016  memory: 1451  
2026/04/25 22:57:40 - mmengine - INFO - Iter(val) [ 420/1000]    eta: 0:00:37  time: 0.0651  data_time: 0.0016  memory: 1451  
2026/04/25 22:57:42 - mmengine - INFO - Iter(val) [ 440/1000]    eta: 0:00:36  time: 0.0563  data_time: 0.0013  memory: 1451  
2026/04/25 22:57:43 - mmengine - INFO - Iter(val) [ 460/1000]    eta: 0:00:34  time: 0.0650  data_time: 0.0015  memory: 1539  
2026/04/25 22:57:44 - mmengine - INFO - Iter(val) [ 480/1000]    eta: 0:00:33  time: 0.0614  data_time: 0.0015  memory: 1456  
2026/04/25 22:57:45 - mmengine - INFO - Iter(val) [ 500/1000]    eta: 0:00:32  time: 0.0614  data_time: 0.0015  memory: 1542  
2026/04/25 22:57:47 - mmengine - INFO - Iter(val) [ 520/1000]    eta: 0:00:30  time: 0.0654  data_time: 0.0016  memory: 1547  
2026/04/25 22:57:48 - mmengine - INFO - Iter(val) [ 540/1000]    eta: 0:00:29  time: 0.0665  data_time: 0.0014  memory: 1481  
2026/04/25 22:57:49 - mmengine - INFO - Iter(val) [ 560/1000]    eta: 0:00:28  time: 0.0618  data_time: 0.0013  memory: 1433  
2026/04/25 22:57:51 - mmengine - INFO - Iter(val) [ 580/1000]    eta: 0:00:27  time: 0.0640  data_time: 0.0016  memory: 2509  
2026/04/25 22:57:52 - mmengine - INFO - Iter(val) [ 600/1000]    eta: 0:00:25  time: 0.0656  data_time: 0.0014  memory: 1493  
2026/04/25 22:57:53 - mmengine - INFO - Iter(val) [ 620/1000]    eta: 0:00:24  time: 0.0653  data_time: 0.0016  memory: 1495  
2026/04/25 22:57:54 - mmengine - INFO - Iter(val) [ 640/1000]    eta: 0:00:23  time: 0.0612  data_time: 0.0016  memory: 1455  
2026/04/25 22:57:56 - mmengine - INFO - Iter(val) [ 660/1000]    eta: 0:00:21  time: 0.0621  data_time: 0.0015  memory: 1454  
2026/04/25 22:57:57 - mmengine - INFO - Iter(val) [ 680/1000]    eta: 0:00:20  time: 0.0628  data_time: 0.0016  memory: 1456  
2026/04/25 22:57:58 - mmengine - INFO - Iter(val) [ 700/1000]    eta: 0:00:19  time: 0.0660  data_time: 0.0016  memory: 1511  
2026/04/25 22:57:59 - mmengine - INFO - Iter(val) [ 720/1000]    eta: 0:00:17  time: 0.0655  data_time: 0.0016  memory: 1539  
2026/04/25 22:58:01 - mmengine - INFO - Iter(val) [ 740/1000]    eta: 0:00:16  time: 0.0654  data_time: 0.0016  memory: 1454  
2026/04/25 22:58:02 - mmengine - INFO - Iter(val) [ 760/1000]    eta: 0:00:15  time: 0.0684  data_time: 0.0018  memory: 1525  
2026/04/25 22:58:03 - mmengine - INFO - Iter(val) [ 780/1000]    eta: 0:00:14  time: 0.0601  data_time: 0.0016  memory: 1487  
2026/04/25 22:58:05 - mmengine - INFO - Iter(val) [ 800/1000]    eta: 0:00:12  time: 0.0647  data_time: 0.0016  memory: 1402  
2026/04/25 22:58:06 - mmengine - INFO - Iter(val) [ 820/1000]    eta: 0:00:11  time: 0.0644  data_time: 0.0015  memory: 1661  
2026/04/25 22:58:07 - mmengine - INFO - Iter(val) [ 840/1000]    eta: 0:00:10  time: 0.0674  data_time: 0.0016  memory: 1539  
2026/04/25 22:58:08 - mmengine - INFO - Iter(val) [ 860/1000]    eta: 0:00:08  time: 0.0645  data_time: 0.0013  memory: 1456  
2026/04/25 22:58:10 - mmengine - INFO - Iter(val) [ 880/1000]    eta: 0:00:07  time: 0.0589  data_time: 0.0012  memory: 1520  
2026/04/25 22:58:11 - mmengine - INFO - Iter(val) [ 900/1000]    eta: 0:00:06  time: 0.0648  data_time: 0.0015  memory: 1456  
2026/04/25 22:58:12 - mmengine - INFO - Iter(val) [ 920/1000]    eta: 0:00:05  time: 0.0638  data_time: 0.0014  memory: 1389  
2026/04/25 22:58:14 - mmengine - INFO - Iter(val) [ 940/1000]    eta: 0:00:03  time: 0.0562  data_time: 0.0012  memory: 1389  
2026/04/25 22:58:15 - mmengine - INFO - Iter(val) [ 960/1000]    eta: 0:00:02  time: 0.0673  data_time: 0.0015  memory: 1710  
2026/04/25 22:58:16 - mmengine - INFO - Iter(val) [ 980/1000]    eta: 0:00:01  time: 0.0619  data_time: 0.0015  memory: 1389  
2026/04/25 22:58:17 - mmengine - INFO - Iter(val) [1000/1000]    eta: 0:00:00  time: 0.0653  data_time: 0.0015  memory: 1536  
2026/04/25 22:58:18 - mmengine - INFO - per class results:
2026/04/25 22:58:18 - mmengine - INFO - 
+---------------------+-------+-------+
|        Class        |  IoU  |  Acc  |
+---------------------+-------+-------+
|         wall        | 46.49 | 76.87 |
|       building      | 61.39 | 85.52 |
|         sky         | 85.71 | 93.92 |
|        floor        |  43.7 | 69.97 |
|         tree        | 49.12 | 75.49 |
|       ceiling       | 54.43 | 76.72 |
|         road        | 54.56 | 81.44 |
|         bed         | 30.49 | 67.58 |
|      windowpane     | 32.99 | 55.11 |
|        grass        | 52.33 | 77.82 |
|       cabinet       | 14.57 | 18.03 |
|       sidewalk      |  24.4 | 34.36 |
|        person       | 20.65 | 47.33 |
|        earth        |  8.6  | 10.98 |
|         door        |  0.74 |  0.77 |
|        table        |  6.17 |  8.28 |
|       mountain      | 24.94 | 55.36 |
|        plant        | 13.22 | 14.95 |
|       curtain       | 16.52 |  20.0 |
|        chair        |  9.24 | 13.31 |
|         car         | 36.43 | 64.25 |
|        water        |  6.79 |  8.77 |
|       painting      | 20.52 | 32.21 |
|         sofa        |  1.57 |  1.61 |
|        shelf        |  1.7  |  1.74 |
|        house        |  0.0  |  0.0  |
|         sea         | 22.26 | 68.01 |
|        mirror       |  0.0  |  0.0  |
|         rug         |  0.04 |  0.04 |
|        field        | 10.49 | 21.92 |
|       armchair      |  0.0  |  0.0  |
|         seat        |  0.0  |  0.0  |
|        fence        |  0.0  |  0.0  |
|         desk        |  0.0  |  0.0  |
|         rock        |  0.4  |  0.41 |
|       wardrobe      |  0.0  |  0.0  |
|         lamp        |  0.0  |  0.0  |
|       bathtub       |  0.0  |  0.0  |
|       railing       |  0.0  |  0.0  |
|       cushion       |  0.93 |  0.99 |
|         base        |  0.0  |  0.0  |
|         box         |  0.0  |  0.0  |
|        column       |  0.0  |  0.0  |
|      signboard      |  0.0  |  0.0  |
|   chest of drawers  |  0.0  |  0.0  |
|       counter       |  0.0  |  0.0  |
|         sand        |  5.82 |  6.62 |
|         sink        |  0.0  |  0.0  |
|      skyscraper     | 31.94 | 59.04 |
|      fireplace      |  0.0  |  0.0  |
|     refrigerator    |  0.0  |  0.0  |
|      grandstand     |  0.0  |  0.0  |
|         path        |  0.0  |  0.0  |
|        stairs       |  0.0  |  0.0  |
|        runway       |  0.0  |  0.0  |
|         case        |  0.0  |  0.0  |
|      pool table     |  0.21 |  0.21 |
|        pillow       |  0.0  |  0.0  |
|     screen door     |  0.0  |  0.0  |
|       stairway      |  0.0  |  0.0  |
|        river        |  0.0  |  0.0  |
|        bridge       |  0.0  |  0.0  |
|       bookcase      |  0.0  |  0.0  |
|        blind        |  0.0  |  0.0  |
|     coffee table    |  0.0  |  0.0  |
|        toilet       |  0.0  |  0.0  |
|        flower       |  0.0  |  0.0  |
|         book        |  0.0  |  0.0  |
|         hill        |  0.0  |  0.0  |
|        bench        |  0.0  |  0.0  |
|      countertop     |  0.0  |  0.0  |
|        stove        |  0.0  |  0.0  |
|         palm        |  0.0  |  0.0  |
|    kitchen island   |  0.0  |  0.0  |
|       computer      |  0.0  |  0.0  |
|     swivel chair    |  0.0  |  0.0  |
|         boat        |  0.0  |  0.0  |
|         bar         |  0.0  |  0.0  |
|    arcade machine   |  0.0  |  0.0  |
|        hovel        |  0.0  |  0.0  |
|         bus         |  0.0  |  0.0  |
|        towel        |  0.0  |  0.0  |
|        light        |  0.0  |  0.0  |
|        truck        |  0.0  |  0.0  |
|        tower        |  0.0  |  0.0  |
|      chandelier     |  0.35 |  0.35 |
|        awning       |  0.0  |  0.0  |
|     streetlight     |  0.0  |  0.0  |
|        booth        |  0.0  |  0.0  |
| television receiver |  0.0  |  0.0  |
|       airplane      |  0.0  |  0.0  |
|      dirt track     |  0.0  |  0.0  |
|       apparel       |  0.0  |  0.0  |
|         pole        |  0.0  |  0.0  |
|         land        |  0.0  |  0.0  |
|      bannister      |  0.0  |  0.0  |
|      escalator      |  0.0  |  0.0  |
|       ottoman       |  0.0  |  0.0  |
|        bottle       |  0.0  |  0.0  |
|        buffet       |  0.0  |  0.0  |
|        poster       |  0.0  |  0.0  |
|        stage        |  0.0  |  0.0  |
|         van         |  0.0  |  0.0  |
|         ship        |  0.0  |  0.0  |
|       fountain      |  0.0  |  0.0  |
|    conveyer belt    |  0.0  |  0.0  |
|        canopy       |  0.0  |  0.0  |
|        washer       |  0.0  |  0.0  |
|      plaything      |  0.0  |  0.0  |
|    swimming pool    |  0.0  |  0.0  |
|        stool        |  0.0  |  0.0  |
|        barrel       |  0.0  |  0.0  |
|        basket       |  0.0  |  0.0  |
|      waterfall      |  0.0  |  0.0  |
|         tent        |  0.0  |  0.0  |
|         bag         |  0.0  |  0.0  |
|       minibike      |  0.0  |  0.0  |
|        cradle       |  0.0  |  0.0  |
|         oven        |  0.0  |  0.0  |
|         ball        |  0.0  |  0.0  |
|         food        |  0.0  |  0.0  |
|         step        |  0.0  |  0.0  |
|         tank        |  0.0  |  0.0  |
|      trade name     |  0.0  |  0.0  |
|      microwave      |  0.0  |  0.0  |
|         pot         |  0.0  |  0.0  |
|        animal       |  0.0  |  0.0  |
|       bicycle       |  0.0  |  0.0  |
|         lake        |  0.0  |  0.0  |
|      dishwasher     |  0.0  |  0.0  |
|        screen       |  0.0  |  0.0  |
|       blanket       |  0.0  |  0.0  |
|      sculpture      |  0.0  |  0.0  |
|         hood        |  0.0  |  0.0  |
|        sconce       |  0.0  |  0.0  |
|         vase        |  0.0  |  0.0  |
|    traffic light    |  0.0  |  0.0  |
|         tray        |  0.0  |  0.0  |
|        ashcan       |  0.0  |  0.0  |
|         fan         |  0.0  |  0.0  |
|         pier        |  0.0  |  0.0  |
|      crt screen     |  0.0  |  0.0  |
|        plate        |  0.0  |  0.0  |
|       monitor       |  0.0  |  0.0  |
|    bulletin board   |  0.0  |  0.0  |
|        shower       |  0.0  |  0.0  |
|       radiator      |  0.0  |  0.0  |
|        glass        |  0.0  |  0.0  |
|        clock        |  0.0  |  0.0  |
|         flag        |  0.0  |  0.0  |
+---------------------+-------+-------+
2026/04/25 22:58:18 - mmengine - INFO - Iter(val) [1000/1000]    aAcc: 56.7300  mIoU: 5.2600  mAcc: 8.3300  data_time: 0.0016  time: 0.0642
2026/04/25 22:58:18 - mmengine - INFO - The previous best checkpoint /home/jlx_75/PVMamba_cifar10_sparse_v13_stage3_latesparse/segmentation/work_dirs/v13_ade20k_random_16000_fixrelu/best_mIoU_iter_12000.pth is removed
2026/04/25 22:58:19 - mmengine - INFO - The best checkpoint with 5.2600 mIoU at 16000 iter is saved to best_mIoU_iter_16000.pth.
