2026/04/24 14:29:01 - mmengine - INFO - 
------------------------------------------------------------
System environment:
    sys.platform: linux
    Python: 3.10.20 (main, Mar 11 2026, 17:46:40) [GCC 14.3.0]
    CUDA available: True
    MUSA available: False
    numpy_random_seed: 1526585533
    GPU 0: NVIDIA GeForce RTX 3080 Ti
    CUDA_HOME: /usr/local/cuda
    NVCC: Cuda compilation tools, release 12.8, V12.8.93
    GCC: gcc (Ubuntu 13.3.0-6ubuntu2~24.04.1) 13.3.0
    PyTorch: 2.1.2+cu118
    PyTorch compiling details: PyTorch built with:
  - GCC 9.3
  - C++ Version: 201703
  - Intel(R) oneAPI Math Kernel Library Version 2022.2-Product Build 20220804 for Intel(R) 64 architecture applications
  - Intel(R) MKL-DNN v3.1.1 (Git Hash 64f6bcbcbab628e96f33a62c3e975f8535a7bde4)
  - OpenMP 201511 (a.k.a. OpenMP 4.5)
  - LAPACK is enabled (usually provided by MKL)
  - NNPACK is enabled
  - CPU capability usage: AVX512
  - CUDA Runtime 11.8
  - NVCC architecture flags: -gencode;arch=compute_50,code=sm_50;-gencode;arch=compute_60,code=sm_60;-gencode;arch=compute_70,code=sm_70;-gencode;arch=compute_75,code=sm_75;-gencode;arch=compute_80,code=sm_80;-gencode;arch=compute_86,code=sm_86;-gencode;arch=compute_37,code=sm_37;-gencode;arch=compute_90,code=sm_90
  - CuDNN 8.7
  - Magma 2.6.1
  - Build settings: BLAS_INFO=mkl, BUILD_TYPE=Release, CUDA_VERSION=11.8, CUDNN_VERSION=8.7.0, CXX_COMPILER=/opt/rh/devtoolset-9/root/usr/bin/c++, CXX_FLAGS= -D_GLIBCXX_USE_CXX11_ABI=0 -fabi-version=11 -fvisibility-inlines-hidden -DUSE_PTHREADPOOL -DNDEBUG -DUSE_KINETO -DLIBKINETO_NOROCTRACER -DUSE_FBGEMM -DUSE_QNNPACK -DUSE_PYTORCH_QNNPACK -DUSE_XNNPACK -DSYMBOLICATE_MOBILE_DEBUG_HANDLE -O2 -fPIC -Wall -Wextra -Werror=return-type -Werror=non-virtual-dtor -Werror=bool-operation -Wnarrowing -Wno-missing-field-initializers -Wno-type-limits -Wno-array-bounds -Wno-unknown-pragmas -Wno-unused-parameter -Wno-unused-function -Wno-unused-result -Wno-strict-overflow -Wno-strict-aliasing -Wno-stringop-overflow -Wno-psabi -Wno-error=pedantic -Wno-error=old-style-cast -Wno-invalid-partial-specialization -Wno-unused-private-field -Wno-aligned-allocation-unavailable -Wno-missing-braces -fdiagnostics-color=always -faligned-new -Wno-unused-but-set-variable -Wno-maybe-uninitialized -fno-math-errno -fno-trapping-math -Werror=format -Werror=cast-function-type -Wno-stringop-overflow, LAPACK_INFO=mkl, PERF_WITH_AVX=1, PERF_WITH_AVX2=1, PERF_WITH_AVX512=1, TORCH_DISABLE_GPU_ASSERTS=ON, TORCH_VERSION=2.1.2, USE_CUDA=ON, USE_CUDNN=ON, USE_EXCEPTION_PTR=1, USE_GFLAGS=OFF, USE_GLOG=OFF, USE_MKL=ON, USE_MKLDNN=ON, USE_MPI=OFF, USE_NCCL=1, USE_NNPACK=ON, USE_OPENMP=ON, USE_ROCM=OFF, 

    TorchVision: 0.16.2+cu118
    OpenCV: 4.13.0
    MMEngine: 0.10.7

Runtime environment:
    cudnn_benchmark: True
    mp_cfg: {'mp_start_method': 'fork', 'opencv_num_threads': 0}
    dist_cfg: {'backend': 'nccl'}
    seed: 1526585533
    Distributed launcher: none
    Distributed training: False
    GPU number: 1
------------------------------------------------------------

2026/04/24 14:29:01 - mmengine - INFO - Config:
crop_size = (
    512,
    512,
)
custom_imports = dict(
    allow_failed_imports=False, imports=[
        'model',
    ])
data_preprocessor = dict(
    bgr_to_rgb=True,
    mean=[
        123.675,
        116.28,
        103.53,
    ],
    pad_val=0,
    seg_pad_val=255,
    size=(
        512,
        512,
    ),
    std=[
        58.395,
        57.12,
        57.375,
    ],
    type='SegDataPreProcessor')
data_root = '/home/jlx_75/datasets/ADE20K/ADEChallengeData2016'
dataset_type = 'ADE20KDataset'
default_hooks = dict(
    checkpoint=dict(
        by_epoch=False, interval=1000, save_best='mIoU',
        type='CheckpointHook'),
    logger=dict(interval=20, log_metric_by_epoch=False, type='LoggerHook'),
    param_scheduler=dict(type='ParamSchedulerHook'),
    sampler_seed=dict(type='DistSamplerSeedHook'),
    timer=dict(type='IterTimerHook'),
    visualization=dict(type='SegVisualizationHook'))
default_scope = 'mmseg'
env_cfg = dict(
    cudnn_benchmark=True,
    dist_cfg=dict(backend='nccl'),
    mp_cfg=dict(mp_start_method='fork', opencv_num_threads=0))
launcher = 'none'
load_from = None
log_level = 'INFO'
log_processor = dict(by_epoch=False)
model = dict(
    auxiliary_head=dict(
        align_corners=False,
        channels=256,
        concat_input=False,
        dropout_ratio=0.1,
        in_channels=256,
        in_index=2,
        loss_decode=dict(
            loss_weight=0.4, type='CrossEntropyLoss', use_sigmoid=False),
        norm_cfg=dict(requires_grad=True, type='SyncBN'),
        num_classes=150,
        num_convs=1,
        type='FCNHead'),
    backbone=dict(
        d_state=64,
        depths=[
            2,
            4,
            8,
            4,
        ],
        drop_path_rate=0.2,
        drop_rate=0.0,
        embed_dim=64,
        img_size=224,
        in_chans=3,
        mlp_ratio=4.0,
        num_heads=[
            2,
            4,
            8,
            16,
        ],
        out_indices=(
            0,
            1,
            2,
            3,
        ),
        patch_size=4,
        pretrained=None,
        spatial_flag=[
            [],
            [],
            [
                0,
                2,
                2,
                1,
                2,
                2,
                1,
                2,
            ],
            [
                0,
                2,
                2,
                1,
            ],
        ],
        token_mixer_types=[
            'LoDSA',
            'LoDSA',
            'SaDSA',
            'attention',
        ],
        type='MM_PVMAMBA'),
    data_preprocessor=dict(
        bgr_to_rgb=True,
        mean=[
            123.675,
            116.28,
            103.53,
        ],
        pad_val=0,
        seg_pad_val=255,
        size=(
            512,
            512,
        ),
        std=[
            58.395,
            57.12,
            57.375,
        ],
        type='SegDataPreProcessor'),
    decode_head=dict(
        align_corners=False,
        channels=512,
        dropout_ratio=0.1,
        in_channels=[
            64,
            128,
            256,
            512,
        ],
        in_index=[
            0,
            1,
            2,
            3,
        ],
        loss_decode=dict(
            loss_weight=1.0, type='CrossEntropyLoss', use_sigmoid=False),
        norm_cfg=dict(requires_grad=True, type='SyncBN'),
        num_classes=150,
        pool_scales=(
            1,
            2,
            3,
            6,
        ),
        type='UPerHead'),
    pretrained=None,
    test_cfg=dict(mode='whole'),
    train_cfg=dict(),
    type='EncoderDecoder')
norm_cfg = dict(requires_grad=True, type='SyncBN')
optim_wrapper = dict(
    clip_grad=None,
    optimizer=dict(
        betas=(
            0.9,
            0.999,
        ), lr=6e-05, type='AdamW', weight_decay=0.01),
    type='OptimWrapper')
param_scheduler = [
    dict(
        begin=0, by_epoch=False, end=500, start_factor=1e-06, type='LinearLR'),
    dict(
        begin=500,
        by_epoch=False,
        end=8000,
        eta_min=0.0,
        power=1.0,
        type='PolyLR'),
]
resume = False
test_cfg = dict(type='TestLoop')
test_dataloader = dict(
    batch_size=1,
    dataset=dict(
        data_prefix=dict(
            img_path='images/validation',
            seg_map_path='annotations/validation'),
        data_root='/home/jlx_75/datasets/ADE20K/ADEChallengeData2016',
        pipeline=[
            dict(type='LoadImageFromFile'),
            dict(keep_ratio=True, scale=(
                2048,
                512,
            ), type='Resize'),
            dict(reduce_zero_label=True, type='LoadAnnotations'),
            dict(type='PackSegInputs'),
        ],
        type='ADE20KDataset'),
    num_workers=2,
    persistent_workers=True,
    sampler=dict(shuffle=False, type='DefaultSampler'))
test_evaluator = dict(
    iou_metrics=[
        'mIoU',
    ], type='IoUMetric')
test_pipeline = [
    dict(type='LoadImageFromFile'),
    dict(keep_ratio=True, scale=(
        2048,
        512,
    ), type='Resize'),
    dict(reduce_zero_label=True, type='LoadAnnotations'),
    dict(type='PackSegInputs'),
]
train_cfg = dict(max_iters=8000, type='IterBasedTrainLoop', val_interval=1000)
train_dataloader = dict(
    batch_size=2,
    dataset=dict(
        data_prefix=dict(
            img_path='images/training', seg_map_path='annotations/training'),
        data_root='/home/jlx_75/datasets/ADE20K/ADEChallengeData2016',
        pipeline=[
            dict(type='LoadImageFromFile'),
            dict(reduce_zero_label=True, type='LoadAnnotations'),
            dict(
                keep_ratio=True,
                ratio_range=(
                    0.5,
                    2.0,
                ),
                scale=(
                    2048,
                    512,
                ),
                type='RandomResize'),
            dict(
                cat_max_ratio=0.75, crop_size=(
                    512,
                    512,
                ), type='RandomCrop'),
            dict(prob=0.5, type='RandomFlip'),
            dict(type='PhotoMetricDistortion'),
            dict(type='PackSegInputs'),
        ],
        type='ADE20KDataset'),
    num_workers=2,
    persistent_workers=True,
    sampler=dict(shuffle=True, type='InfiniteSampler'))
train_pipeline = [
    dict(type='LoadImageFromFile'),
    dict(reduce_zero_label=True, type='LoadAnnotations'),
    dict(
        keep_ratio=True,
        ratio_range=(
            0.5,
            2.0,
        ),
        scale=(
            2048,
            512,
        ),
        type='RandomResize'),
    dict(cat_max_ratio=0.75, crop_size=(
        512,
        512,
    ), type='RandomCrop'),
    dict(prob=0.5, type='RandomFlip'),
    dict(type='PhotoMetricDistortion'),
    dict(type='PackSegInputs'),
]
val_cfg = dict(type='ValLoop')
val_dataloader = dict(
    batch_size=1,
    dataset=dict(
        data_prefix=dict(
            img_path='images/validation',
            seg_map_path='annotations/validation'),
        data_root='/home/jlx_75/datasets/ADE20K/ADEChallengeData2016',
        pipeline=[
            dict(type='LoadImageFromFile'),
            dict(keep_ratio=True, scale=(
                2048,
                512,
            ), type='Resize'),
            dict(reduce_zero_label=True, type='LoadAnnotations'),
            dict(type='PackSegInputs'),
        ],
        type='ADE20KDataset'),
    num_workers=2,
    persistent_workers=True,
    sampler=dict(shuffle=False, type='DefaultSampler'))
val_evaluator = dict(
    iou_metrics=[
        'mIoU',
    ], type='IoUMetric')
vis_backends = [
    dict(type='LocalVisBackend'),
]
visualizer = dict(
    name='visualizer',
    type='SegLocalVisualizer',
    vis_backends=[
        dict(type='LocalVisBackend'),
    ])
work_dir = './work_dirs/pvmamba_tiny_upernet_ade20k_smoke'

2026/04/24 14:29:03 - mmengine - INFO - Distributed training is not used, all SyncBatchNorm (SyncBN) layers in the model will be automatically reverted to BatchNormXd layers if they are used.
2026/04/24 14:29:03 - mmengine - INFO - Hooks will be executed in the following order:
before_run:
(VERY_HIGH   ) RuntimeInfoHook                    
(BELOW_NORMAL) LoggerHook                         
 -------------------- 
before_train:
(VERY_HIGH   ) RuntimeInfoHook                    
(NORMAL      ) IterTimerHook                      
(VERY_LOW    ) CheckpointHook                     
 -------------------- 
before_train_epoch:
(VERY_HIGH   ) RuntimeInfoHook                    
(NORMAL      ) IterTimerHook                      
(NORMAL      ) DistSamplerSeedHook                
 -------------------- 
before_train_iter:
(VERY_HIGH   ) RuntimeInfoHook                    
(NORMAL      ) IterTimerHook                      
 -------------------- 
after_train_iter:
(VERY_HIGH   ) RuntimeInfoHook                    
(NORMAL      ) IterTimerHook                      
(NORMAL      ) SegVisualizationHook               
(BELOW_NORMAL) LoggerHook                         
(LOW         ) ParamSchedulerHook                 
(VERY_LOW    ) CheckpointHook                     
 -------------------- 
after_train_epoch:
(NORMAL      ) IterTimerHook                      
(LOW         ) ParamSchedulerHook                 
(VERY_LOW    ) CheckpointHook                     
 -------------------- 
before_val:
(VERY_HIGH   ) RuntimeInfoHook                    
 -------------------- 
before_val_epoch:
(NORMAL      ) IterTimerHook                      
 -------------------- 
before_val_iter:
(NORMAL      ) IterTimerHook                      
 -------------------- 
after_val_iter:
(NORMAL      ) IterTimerHook                      
(NORMAL      ) SegVisualizationHook               
(BELOW_NORMAL) LoggerHook                         
 -------------------- 
after_val_epoch:
(VERY_HIGH   ) RuntimeInfoHook                    
(NORMAL      ) IterTimerHook                      
(BELOW_NORMAL) LoggerHook                         
(LOW         ) ParamSchedulerHook                 
(VERY_LOW    ) CheckpointHook                     
 -------------------- 
after_val:
(VERY_HIGH   ) RuntimeInfoHook                    
 -------------------- 
after_train:
(VERY_HIGH   ) RuntimeInfoHook                    
(VERY_LOW    ) CheckpointHook                     
 -------------------- 
before_test:
(VERY_HIGH   ) RuntimeInfoHook                    
 -------------------- 
before_test_epoch:
(NORMAL      ) IterTimerHook                      
 -------------------- 
before_test_iter:
(NORMAL      ) IterTimerHook                      
 -------------------- 
after_test_iter:
(NORMAL      ) IterTimerHook                      
(NORMAL      ) SegVisualizationHook               
(BELOW_NORMAL) LoggerHook                         
 -------------------- 
after_test_epoch:
(VERY_HIGH   ) RuntimeInfoHook                    
(NORMAL      ) IterTimerHook                      
(BELOW_NORMAL) LoggerHook                         
 -------------------- 
after_test:
(VERY_HIGH   ) RuntimeInfoHook                    
 -------------------- 
after_run:
(BELOW_NORMAL) LoggerHook                         
 -------------------- 
2026/04/24 14:29:04 - mmengine - WARNING - The prefix is not set in metric class IoUMetric.
Name of parameter - Initialization information

backbone.patch_embed.conv1.conv.weight - torch.Size([32, 3, 3, 3]): 
The value is the same before and after calling `init_weights` of EncoderDecoder  

backbone.patch_embed.conv1.norm.weight - torch.Size([32]): 
The value is the same before and after calling `init_weights` of EncoderDecoder  

backbone.patch_embed.conv1.norm.bias - torch.Size([32]): 
The value is the same before and after calling `init_weights` of EncoderDecoder  

backbone.patch_embed.conv2.0.conv.weight - torch.Size([32, 32, 3, 3]): 
The value is the same before and after calling `init_weights` of EncoderDecoder  

backbone.patch_embed.conv2.0.norm.weight - torch.Size([32]): 
The value is the same before and after calling `init_weights` of EncoderDecoder  

backbone.patch_embed.conv2.0.norm.bias - torch.Size([32]): 
The value is the same before and after calling `init_weights` of EncoderDecoder  

backbone.patch_embed.conv2.1.conv.weight - torch.Size([32, 32, 3, 3]): 
The value is the same before and after calling `init_weights` of EncoderDecoder  

backbone.patch_embed.conv2.1.norm.weight - torch.Size([32]): 
The value is the same before and after calling `init_weights` of EncoderDecoder  

backbone.patch_embed.conv2.1.norm.bias - torch.Size([32]): 
The value is the same before and after calling `init_weights` of EncoderDecoder  

backbone.patch_embed.conv3.0.conv.weight - torch.Size([256, 32, 3, 3]): 
The value is the same before and after calling `init_weights` of EncoderDecoder  

backbone.patch_embed.conv3.0.norm.weight - torch.Size([256]): 
The value is the same before and after calling `init_weights` of EncoderDecoder  

backbone.patch_embed.conv3.0.norm.bias - torch.Size([256]): 
The value is the same before and after calling `init_weights` of EncoderDecoder  

backbone.patch_embed.conv3.1.conv.weight - torch.Size([64, 256, 1, 1]): 
The value is the same before and after calling `init_weights` of EncoderDecoder  

backbone.patch_embed.conv3.1.norm.weight - torch.Size([64]): 
The value is the same before and after calling `init_weights` of EncoderDecoder  

backbone.patch_embed.conv3.1.norm.bias - torch.Size([64]): 
The value is the same before and after calling `init_weights` of EncoderDecoder  

backbone.layers.0.blocks.0.cpe1.weight - torch.Size([64, 1, 3, 3]): 
The value is the same before and after calling `init_weights` of EncoderDecoder  

backbone.layers.0.blocks.0.cpe1.bias - torch.Size([64]): 
The value is the same before and after calling `init_weights` of EncoderDecoder  

backbone.layers.0.blocks.0.norm1.weight - torch.Size([64]): 
The value is the same before and after calling `init_weights` of EncoderDecoder  

backbone.layers.0.blocks.0.norm1.bias - torch.Size([64]): 
The value is the same before and after calling `init_weights` of EncoderDecoder  

backbone.layers.0.blocks.0.token_mixer.dt_bias - torch.Size([2]): 
The value is the same before and after calling `init_weights` of EncoderDecoder  

backbone.layers.0.blocks.0.token_mixer.A_log - torch.Size([128]): 
The value is the same before and after calling `init_weights` of EncoderDecoder  

backbone.layers.0.blocks.0.token_mixer.D - torch.Size([2]): 
The value is the same before and after calling `init_weights` of EncoderDecoder  

backbone.layers.0.blocks.0.token_mixer.in_proj.weight - torch.Size([386, 64]): 
The value is the same before and after calling `init_weights` of EncoderDecoder  

backbone.layers.0.blocks.0.token_mixer.conv2d.weight - torch.Size([256, 1, 3, 3]): 
The value is the same before and after calling `init_weights` of EncoderDecoder  

backbone.layers.0.blocks.0.token_mixer.conv2d.bias - torch.Size([256]): 
The value is the same before and after calling `init_weights` of EncoderDecoder  

backbone.layers.0.blocks.0.token_mixer.norm.weight - torch.Size([128]): 
The value is the same before and after calling `init_weights` of EncoderDecoder  

backbone.layers.0.blocks.0.token_mixer.norm.bias - torch.Size([128]): 
The value is the same before and after calling `init_weights` of EncoderDecoder  

backbone.layers.0.blocks.0.token_mixer.out_proj.weight - torch.Size([64, 128]): 
The value is the same before and after calling `init_weights` of EncoderDecoder  

backbone.layers.0.blocks.0.cpe2.weight - torch.Size([64, 1, 3, 3]): 
The value is the same before and after calling `init_weights` of EncoderDecoder  

backbone.layers.0.blocks.0.cpe2.bias - torch.Size([64]): 
The value is the same before and after calling `init_weights` of EncoderDecoder  

backbone.layers.0.blocks.0.norm2.weight - torch.Size([64]): 
The value is the same before and after calling `init_weights` of EncoderDecoder  

backbone.layers.0.blocks.0.norm2.bias - torch.Size([64]): 
The value is the same before and after calling `init_weights` of EncoderDecoder  

backbone.layers.0.blocks.0.mlp.fc1.weight - torch.Size([256, 64]): 
The value is the same before and after calling `init_weights` of EncoderDecoder  

backbone.layers.0.blocks.0.mlp.fc1.bias - torch.Size([256]): 
The value is the same before and after calling `init_weights` of EncoderDecoder  

backbone.layers.0.blocks.0.mlp.fc2.weight - torch.Size([64, 256]): 
The value is the same before and after calling `init_weights` of EncoderDecoder  

backbone.layers.0.blocks.0.mlp.fc2.bias - torch.Size([64]): 
The value is the same before and after calling `init_weights` of EncoderDecoder  

backbone.layers.0.blocks.1.cpe1.weight - torch.Size([64, 1, 3, 3]): 
The value is the same before and after calling `init_weights` of EncoderDecoder  

backbone.layers.0.blocks.1.cpe1.bias - torch.Size([64]): 
The value is the same before and after calling `init_weights` of EncoderDecoder  

backbone.layers.0.blocks.1.norm1.weight - torch.Size([64]): 
The value is the same before and after calling `init_weights` of EncoderDecoder  

backbone.layers.0.blocks.1.norm1.bias - torch.Size([64]): 
The value is the same before and after calling `init_weights` of EncoderDecoder  

backbone.layers.0.blocks.1.token_mixer.dt_bias - torch.Size([2]): 
The value is the same before and after calling `init_weights` of EncoderDecoder  

backbone.layers.0.blocks.1.token_mixer.A_log - torch.Size([128]): 
The value is the same before and after calling `init_weights` of EncoderDecoder  

backbone.layers.0.blocks.1.token_mixer.D - torch.Size([2]): 
The value is the same before and after calling `init_weights` of EncoderDecoder  

backbone.layers.0.blocks.1.token_mixer.in_proj.weight - torch.Size([386, 64]): 
The value is the same before and after calling `init_weights` of EncoderDecoder  

backbone.layers.0.blocks.1.token_mixer.conv2d.weight - torch.Size([256, 1, 3, 3]): 
The value is the same before and after calling `init_weights` of EncoderDecoder  

backbone.layers.0.blocks.1.token_mixer.conv2d.bias - torch.Size([256]): 
The value is the same before and after calling `init_weights` of EncoderDecoder  

backbone.layers.0.blocks.1.token_mixer.norm.weight - torch.Size([128]): 
The value is the same before and after calling `init_weights` of EncoderDecoder  

backbone.layers.0.blocks.1.token_mixer.norm.bias - torch.Size([128]): 
The value is the same before and after calling `init_weights` of EncoderDecoder  

backbone.layers.0.blocks.1.token_mixer.out_proj.weight - torch.Size([64, 128]): 
The value is the same before and after calling `init_weights` of EncoderDecoder  

backbone.layers.0.blocks.1.cpe2.weight - torch.Size([64, 1, 3, 3]): 
The value is the same before and after calling `init_weights` of EncoderDecoder  

backbone.layers.0.blocks.1.cpe2.bias - torch.Size([64]): 
The value is the same before and after calling `init_weights` of EncoderDecoder  

backbone.layers.0.blocks.1.norm2.weight - torch.Size([64]): 
The value is the same before and after calling `init_weights` of EncoderDecoder  

backbone.layers.0.blocks.1.norm2.bias - torch.Size([64]): 
The value is the same before and after calling `init_weights` of EncoderDecoder  

backbone.layers.0.blocks.1.mlp.fc1.weight - torch.Size([256, 64]): 
The value is the same before and after calling `init_weights` of EncoderDecoder  

backbone.layers.0.blocks.1.mlp.fc1.bias - torch.Size([256]): 
The value is the same before and after calling `init_weights` of EncoderDecoder  

backbone.layers.0.blocks.1.mlp.fc2.weight - torch.Size([64, 256]): 
The value is the same before and after calling `init_weights` of EncoderDecoder  

backbone.layers.0.blocks.1.mlp.fc2.bias - torch.Size([64]): 
The value is the same before and after calling `init_weights` of EncoderDecoder  

backbone.layers.0.downsample.conv.0.conv.weight - torch.Size([512, 64, 1, 1]): 
The value is the same before and after calling `init_weights` of EncoderDecoder  

backbone.layers.0.downsample.conv.0.conv.bias - torch.Size([512]): 
The value is the same before and after calling `init_weights` of EncoderDecoder  

backbone.layers.0.downsample.conv.1.conv.weight - torch.Size([512, 1, 3, 3]): 
The value is the same before and after calling `init_weights` of EncoderDecoder  

backbone.layers.0.downsample.conv.1.conv.bias - torch.Size([512]): 
The value is the same before and after calling `init_weights` of EncoderDecoder  

backbone.layers.0.downsample.conv.2.conv.weight - torch.Size([128, 512, 1, 1]): 
The value is the same before and after calling `init_weights` of EncoderDecoder  

backbone.layers.0.downsample.conv.2.conv.bias - torch.Size([128]): 
The value is the same before and after calling `init_weights` of EncoderDecoder  

backbone.layers.0.downsample.conv.2.norm.weight - torch.Size([128]): 
The value is the same before and after calling `init_weights` of EncoderDecoder  

backbone.layers.0.downsample.conv.2.norm.bias - torch.Size([128]): 
The value is the same before and after calling `init_weights` of EncoderDecoder  

backbone.layers.1.blocks.0.cpe1.weight - torch.Size([128, 1, 3, 3]): 
The value is the same before and after calling `init_weights` of EncoderDecoder  

backbone.layers.1.blocks.0.cpe1.bias - torch.Size([128]): 
The value is the same before and after calling `init_weights` of EncoderDecoder  

backbone.layers.1.blocks.0.norm1.weight - torch.Size([128]): 
The value is the same before and after calling `init_weights` of EncoderDecoder  

backbone.layers.1.blocks.0.norm1.bias - torch.Size([128]): 
The value is the same before and after calling `init_weights` of EncoderDecoder  

backbone.layers.1.blocks.0.token_mixer.dt_bias - torch.Size([4]): 
The value is the same before and after calling `init_weights` of EncoderDecoder  

backbone.layers.1.blocks.0.token_mixer.A_log - torch.Size([256]): 
The value is the same before and after calling `init_weights` of EncoderDecoder  

backbone.layers.1.blocks.0.token_mixer.D - torch.Size([4]): 
The value is the same before and after calling `init_weights` of EncoderDecoder  

backbone.layers.1.blocks.0.token_mixer.in_proj.weight - torch.Size([644, 128]): 
The value is the same before and after calling `init_weights` of EncoderDecoder  

backbone.layers.1.blocks.0.token_mixer.conv2d.weight - torch.Size([384, 1, 3, 3]): 
The value is the same before and after calling `init_weights` of EncoderDecoder  

backbone.layers.1.blocks.0.token_mixer.conv2d.bias - torch.Size([384]): 
The value is the same before and after calling `init_weights` of EncoderDecoder  

backbone.layers.1.blocks.0.token_mixer.norm.weight - torch.Size([256]): 
The value is the same before and after calling `init_weights` of EncoderDecoder  

backbone.layers.1.blocks.0.token_mixer.norm.bias - torch.Size([256]): 
The value is the same before and after calling `init_weights` of EncoderDecoder  

backbone.layers.1.blocks.0.token_mixer.out_proj.weight - torch.Size([128, 256]): 
The value is the same before and after calling `init_weights` of EncoderDecoder  

backbone.layers.1.blocks.0.cpe2.weight - torch.Size([128, 1, 3, 3]): 
The value is the same before and after calling `init_weights` of EncoderDecoder  

backbone.layers.1.blocks.0.cpe2.bias - torch.Size([128]): 
The value is the same before and after calling `init_weights` of EncoderDecoder  

backbone.layers.1.blocks.0.norm2.weight - torch.Size([128]): 
The value is the same before and after calling `init_weights` of EncoderDecoder  

backbone.layers.1.blocks.0.norm2.bias - torch.Size([128]): 
The value is the same before and after calling `init_weights` of EncoderDecoder  

backbone.layers.1.blocks.0.mlp.fc1.weight - torch.Size([512, 128]): 
The value is the same before and after calling `init_weights` of EncoderDecoder  

backbone.layers.1.blocks.0.mlp.fc1.bias - torch.Size([512]): 
The value is the same before and after calling `init_weights` of EncoderDecoder  

backbone.layers.1.blocks.0.mlp.fc2.weight - torch.Size([128, 512]): 
The value is the same before and after calling `init_weights` of EncoderDecoder  

backbone.layers.1.blocks.0.mlp.fc2.bias - torch.Size([128]): 
The value is the same before and after calling `init_weights` of EncoderDecoder  

backbone.layers.1.blocks.1.cpe1.weight - torch.Size([128, 1, 3, 3]): 
The value is the same before and after calling `init_weights` of EncoderDecoder  

backbone.layers.1.blocks.1.cpe1.bias - torch.Size([128]): 
The value is the same before and after calling `init_weights` of EncoderDecoder  

backbone.layers.1.blocks.1.norm1.weight - torch.Size([128]): 
The value is the same before and after calling `init_weights` of EncoderDecoder  

backbone.layers.1.blocks.1.norm1.bias - torch.Size([128]): 
The value is the same before and after calling `init_weights` of EncoderDecoder  

backbone.layers.1.blocks.1.token_mixer.dt_bias - torch.Size([4]): 
The value is the same before and after calling `init_weights` of EncoderDecoder  

backbone.layers.1.blocks.1.token_mixer.A_log - torch.Size([256]): 
The value is the same before and after calling `init_weights` of EncoderDecoder  

backbone.layers.1.blocks.1.token_mixer.D - torch.Size([4]): 
The value is the same before and after calling `init_weights` of EncoderDecoder  

backbone.layers.1.blocks.1.token_mixer.in_proj.weight - torch.Size([644, 128]): 
The value is the same before and after calling `init_weights` of EncoderDecoder  

backbone.layers.1.blocks.1.token_mixer.conv2d.weight - torch.Size([384, 1, 3, 3]): 
The value is the same before and after calling `init_weights` of EncoderDecoder  

backbone.layers.1.blocks.1.token_mixer.conv2d.bias - torch.Size([384]): 
The value is the same before and after calling `init_weights` of EncoderDecoder  

backbone.layers.1.blocks.1.token_mixer.norm.weight - torch.Size([256]): 
The value is the same before and after calling `init_weights` of EncoderDecoder  

backbone.layers.1.blocks.1.token_mixer.norm.bias - torch.Size([256]): 
The value is the same before and after calling `init_weights` of EncoderDecoder  

backbone.layers.1.blocks.1.token_mixer.out_proj.weight - torch.Size([128, 256]): 
The value is the same before and after calling `init_weights` of EncoderDecoder  

backbone.layers.1.blocks.1.cpe2.weight - torch.Size([128, 1, 3, 3]): 
The value is the same before and after calling `init_weights` of EncoderDecoder  

backbone.layers.1.blocks.1.cpe2.bias - torch.Size([128]): 
The value is the same before and after calling `init_weights` of EncoderDecoder  

backbone.layers.1.blocks.1.norm2.weight - torch.Size([128]): 
The value is the same before and after calling `init_weights` of EncoderDecoder  

backbone.layers.1.blocks.1.norm2.bias - torch.Size([128]): 
The value is the same before and after calling `init_weights` of EncoderDecoder  

backbone.layers.1.blocks.1.mlp.fc1.weight - torch.Size([512, 128]): 
The value is the same before and after calling `init_weights` of EncoderDecoder  

backbone.layers.1.blocks.1.mlp.fc1.bias - torch.Size([512]): 
The value is the same before and after calling `init_weights` of EncoderDecoder  

backbone.layers.1.blocks.1.mlp.fc2.weight - torch.Size([128, 512]): 
The value is the same before and after calling `init_weights` of EncoderDecoder  

backbone.layers.1.blocks.1.mlp.fc2.bias - torch.Size([128]): 
The value is the same before and after calling `init_weights` of EncoderDecoder  

backbone.layers.1.blocks.2.cpe1.weight - torch.Size([128, 1, 3, 3]): 
The value is the same before and after calling `init_weights` of EncoderDecoder  

backbone.layers.1.blocks.2.cpe1.bias - torch.Size([128]): 
The value is the same before and after calling `init_weights` of EncoderDecoder  

backbone.layers.1.blocks.2.norm1.weight - torch.Size([128]): 
The value is the same before and after calling `init_weights` of EncoderDecoder  

backbone.layers.1.blocks.2.norm1.bias - torch.Size([128]): 
The value is the same before and after calling `init_weights` of EncoderDecoder  

backbone.layers.1.blocks.2.token_mixer.dt_bias - torch.Size([4]): 
The value is the same before and after calling `init_weights` of EncoderDecoder  

backbone.layers.1.blocks.2.token_mixer.A_log - torch.Size([256]): 
The value is the same before and after calling `init_weights` of EncoderDecoder  

backbone.layers.1.blocks.2.token_mixer.D - torch.Size([4]): 
The value is the same before and after calling `init_weights` of EncoderDecoder  

backbone.layers.1.blocks.2.token_mixer.in_proj.weight - torch.Size([644, 128]): 
The value is the same before and after calling `init_weights` of EncoderDecoder  

backbone.layers.1.blocks.2.token_mixer.conv2d.weight - torch.Size([384, 1, 3, 3]): 
The value is the same before and after calling `init_weights` of EncoderDecoder  

backbone.layers.1.blocks.2.token_mixer.conv2d.bias - torch.Size([384]): 
The value is the same before and after calling `init_weights` of EncoderDecoder  

backbone.layers.1.blocks.2.token_mixer.norm.weight - torch.Size([256]): 
The value is the same before and after calling `init_weights` of EncoderDecoder  

backbone.layers.1.blocks.2.token_mixer.norm.bias - torch.Size([256]): 
The value is the same before and after calling `init_weights` of EncoderDecoder  

backbone.layers.1.blocks.2.token_mixer.out_proj.weight - torch.Size([128, 256]): 
The value is the same before and after calling `init_weights` of EncoderDecoder  

backbone.layers.1.blocks.2.cpe2.weight - torch.Size([128, 1, 3, 3]): 
The value is the same before and after calling `init_weights` of EncoderDecoder  

backbone.layers.1.blocks.2.cpe2.bias - torch.Size([128]): 
The value is the same before and after calling `init_weights` of EncoderDecoder  

backbone.layers.1.blocks.2.norm2.weight - torch.Size([128]): 
The value is the same before and after calling `init_weights` of EncoderDecoder  

backbone.layers.1.blocks.2.norm2.bias - torch.Size([128]): 
The value is the same before and after calling `init_weights` of EncoderDecoder  

backbone.layers.1.blocks.2.mlp.fc1.weight - torch.Size([512, 128]): 
The value is the same before and after calling `init_weights` of EncoderDecoder  

backbone.layers.1.blocks.2.mlp.fc1.bias - torch.Size([512]): 
The value is the same before and after calling `init_weights` of EncoderDecoder  

backbone.layers.1.blocks.2.mlp.fc2.weight - torch.Size([128, 512]): 
The value is the same before and after calling `init_weights` of EncoderDecoder  

backbone.layers.1.blocks.2.mlp.fc2.bias - torch.Size([128]): 
The value is the same before and after calling `init_weights` of EncoderDecoder  

backbone.layers.1.blocks.3.cpe1.weight - torch.Size([128, 1, 3, 3]): 
The value is the same before and after calling `init_weights` of EncoderDecoder  

backbone.layers.1.blocks.3.cpe1.bias - torch.Size([128]): 
The value is the same before and after calling `init_weights` of EncoderDecoder  

backbone.layers.1.blocks.3.norm1.weight - torch.Size([128]): 
The value is the same before and after calling `init_weights` of EncoderDecoder  

backbone.layers.1.blocks.3.norm1.bias - torch.Size([128]): 
The value is the same before and after calling `init_weights` of EncoderDecoder  

backbone.layers.1.blocks.3.token_mixer.dt_bias - torch.Size([4]): 
The value is the same before and after calling `init_weights` of EncoderDecoder  

backbone.layers.1.blocks.3.token_mixer.A_log - torch.Size([256]): 
The value is the same before and after calling `init_weights` of EncoderDecoder  

backbone.layers.1.blocks.3.token_mixer.D - torch.Size([4]): 
The value is the same before and after calling `init_weights` of EncoderDecoder  

backbone.layers.1.blocks.3.token_mixer.in_proj.weight - torch.Size([644, 128]): 
The value is the same before and after calling `init_weights` of EncoderDecoder  

backbone.layers.1.blocks.3.token_mixer.conv2d.weight - torch.Size([384, 1, 3, 3]): 
The value is the same before and after calling `init_weights` of EncoderDecoder  

backbone.layers.1.blocks.3.token_mixer.conv2d.bias - torch.Size([384]): 
The value is the same before and after calling `init_weights` of EncoderDecoder  

backbone.layers.1.blocks.3.token_mixer.norm.weight - torch.Size([256]): 
The value is the same before and after calling `init_weights` of EncoderDecoder  

backbone.layers.1.blocks.3.token_mixer.norm.bias - torch.Size([256]): 
The value is the same before and after calling `init_weights` of EncoderDecoder  

backbone.layers.1.blocks.3.token_mixer.out_proj.weight - torch.Size([128, 256]): 
The value is the same before and after calling `init_weights` of EncoderDecoder  

backbone.layers.1.blocks.3.cpe2.weight - torch.Size([128, 1, 3, 3]): 
The value is the same before and after calling `init_weights` of EncoderDecoder  

backbone.layers.1.blocks.3.cpe2.bias - torch.Size([128]): 
The value is the same before and after calling `init_weights` of EncoderDecoder  

backbone.layers.1.blocks.3.norm2.weight - torch.Size([128]): 
The value is the same before and after calling `init_weights` of EncoderDecoder  

backbone.layers.1.blocks.3.norm2.bias - torch.Size([128]): 
The value is the same before and after calling `init_weights` of EncoderDecoder  

backbone.layers.1.blocks.3.mlp.fc1.weight - torch.Size([512, 128]): 
The value is the same before and after calling `init_weights` of EncoderDecoder  

backbone.layers.1.blocks.3.mlp.fc1.bias - torch.Size([512]): 
The value is the same before and after calling `init_weights` of EncoderDecoder  

backbone.layers.1.blocks.3.mlp.fc2.weight - torch.Size([128, 512]): 
The value is the same before and after calling `init_weights` of EncoderDecoder  

backbone.layers.1.blocks.3.mlp.fc2.bias - torch.Size([128]): 
The value is the same before and after calling `init_weights` of EncoderDecoder  

backbone.layers.1.downsample.conv.0.conv.weight - torch.Size([1024, 128, 1, 1]): 
The value is the same before and after calling `init_weights` of EncoderDecoder  

backbone.layers.1.downsample.conv.0.conv.bias - torch.Size([1024]): 
The value is the same before and after calling `init_weights` of EncoderDecoder  

backbone.layers.1.downsample.conv.1.conv.weight - torch.Size([1024, 1, 3, 3]): 
The value is the same before and after calling `init_weights` of EncoderDecoder  

backbone.layers.1.downsample.conv.1.conv.bias - torch.Size([1024]): 
The value is the same before and after calling `init_weights` of EncoderDecoder  

backbone.layers.1.downsample.conv.2.conv.weight - torch.Size([256, 1024, 1, 1]): 
The value is the same before and after calling `init_weights` of EncoderDecoder  

backbone.layers.1.downsample.conv.2.conv.bias - torch.Size([256]): 
The value is the same before and after calling `init_weights` of EncoderDecoder  

backbone.layers.1.downsample.conv.2.norm.weight - torch.Size([256]): 
The value is the same before and after calling `init_weights` of EncoderDecoder  

backbone.layers.1.downsample.conv.2.norm.bias - torch.Size([256]): 
The value is the same before and after calling `init_weights` of EncoderDecoder  

backbone.layers.2.blocks.0.cpe1.weight - torch.Size([256, 1, 3, 3]): 
The value is the same before and after calling `init_weights` of EncoderDecoder  

backbone.layers.2.blocks.0.cpe1.bias - torch.Size([256]): 
The value is the same before and after calling `init_weights` of EncoderDecoder  

backbone.layers.2.blocks.0.norm1.weight - torch.Size([256]): 
The value is the same before and after calling `init_weights` of EncoderDecoder  

backbone.layers.2.blocks.0.norm1.bias - torch.Size([256]): 
The value is the same before and after calling `init_weights` of EncoderDecoder  

backbone.layers.2.blocks.0.token_mixer.dt_bias - torch.Size([8]): 
The value is the same before and after calling `init_weights` of EncoderDecoder  

backbone.layers.2.blocks.0.token_mixer.A_log - torch.Size([512]): 
The value is the same before and after calling `init_weights` of EncoderDecoder  

backbone.layers.2.blocks.0.token_mixer.D - torch.Size([8]): 
The value is the same before and after calling `init_weights` of EncoderDecoder  

backbone.layers.2.blocks.0.token_mixer.in_proj.weight - torch.Size([1160, 256]): 
The value is the same before and after calling `init_weights` of EncoderDecoder  

backbone.layers.2.blocks.0.token_mixer.conv2d.weight - torch.Size([640, 1, 3, 3]): 
The value is the same before and after calling `init_weights` of EncoderDecoder  

backbone.layers.2.blocks.0.token_mixer.conv2d.bias - torch.Size([640]): 
The value is the same before and after calling `init_weights` of EncoderDecoder  

backbone.layers.2.blocks.0.token_mixer.norm.weight - torch.Size([512]): 
The value is the same before and after calling `init_weights` of EncoderDecoder  

backbone.layers.2.blocks.0.token_mixer.norm.bias - torch.Size([512]): 
The value is the same before and after calling `init_weights` of EncoderDecoder  

backbone.layers.2.blocks.0.token_mixer.out_proj.weight - torch.Size([256, 512]): 
The value is the same before and after calling `init_weights` of EncoderDecoder  

backbone.layers.2.blocks.0.token_mixer.sa_op.sampling_offsets.weight - torch.Size([8, 512]): 
The value is the same before and after calling `init_weights` of EncoderDecoder  

backbone.layers.2.blocks.0.token_mixer.sa_op.sampling_offsets.bias - torch.Size([8]): 
The value is the same before and after calling `init_weights` of EncoderDecoder  

backbone.layers.2.blocks.0.cpe2.weight - torch.Size([256, 1, 3, 3]): 
The value is the same before and after calling `init_weights` of EncoderDecoder  

backbone.layers.2.blocks.0.cpe2.bias - torch.Size([256]): 
The value is the same before and after calling `init_weights` of EncoderDecoder  

backbone.layers.2.blocks.0.norm2.weight - torch.Size([256]): 
The value is the same before and after calling `init_weights` of EncoderDecoder  

backbone.layers.2.blocks.0.norm2.bias - torch.Size([256]): 
The value is the same before and after calling `init_weights` of EncoderDecoder  

backbone.layers.2.blocks.0.mlp.fc1.weight - torch.Size([1024, 256]): 
The value is the same before and after calling `init_weights` of EncoderDecoder  

backbone.layers.2.blocks.0.mlp.fc1.bias - torch.Size([1024]): 
The value is the same before and after calling `init_weights` of EncoderDecoder  

backbone.layers.2.blocks.0.mlp.fc2.weight - torch.Size([256, 1024]): 
The value is the same before and after calling `init_weights` of EncoderDecoder  

backbone.layers.2.blocks.0.mlp.fc2.bias - torch.Size([256]): 
The value is the same before and after calling `init_weights` of EncoderDecoder  

backbone.layers.2.blocks.1.cpe1.weight - torch.Size([256, 1, 3, 3]): 
The value is the same before and after calling `init_weights` of EncoderDecoder  

backbone.layers.2.blocks.1.cpe1.bias - torch.Size([256]): 
The value is the same before and after calling `init_weights` of EncoderDecoder  

backbone.layers.2.blocks.1.norm1.weight - torch.Size([256]): 
The value is the same before and after calling `init_weights` of EncoderDecoder  

backbone.layers.2.blocks.1.norm1.bias - torch.Size([256]): 
The value is the same before and after calling `init_weights` of EncoderDecoder  

backbone.layers.2.blocks.1.token_mixer.dt_bias - torch.Size([8]): 
The value is the same before and after calling `init_weights` of EncoderDecoder  

backbone.layers.2.blocks.1.token_mixer.A_log - torch.Size([512]): 
The value is the same before and after calling `init_weights` of EncoderDecoder  

backbone.layers.2.blocks.1.token_mixer.D - torch.Size([8]): 
The value is the same before and after calling `init_weights` of EncoderDecoder  

backbone.layers.2.blocks.1.token_mixer.in_proj.weight - torch.Size([1160, 256]): 
The value is the same before and after calling `init_weights` of EncoderDecoder  

backbone.layers.2.blocks.1.token_mixer.conv2d.weight - torch.Size([640, 1, 3, 3]): 
The value is the same before and after calling `init_weights` of EncoderDecoder  

backbone.layers.2.blocks.1.token_mixer.conv2d.bias - torch.Size([640]): 
The value is the same before and after calling `init_weights` of EncoderDecoder  

backbone.layers.2.blocks.1.token_mixer.norm.weight - torch.Size([512]): 
The value is the same before and after calling `init_weights` of EncoderDecoder  

backbone.layers.2.blocks.1.token_mixer.norm.bias - torch.Size([512]): 
The value is the same before and after calling `init_weights` of EncoderDecoder  

backbone.layers.2.blocks.1.token_mixer.out_proj.weight - torch.Size([256, 512]): 
The value is the same before and after calling `init_weights` of EncoderDecoder  

backbone.layers.2.blocks.1.cpe2.weight - torch.Size([256, 1, 3, 3]): 
The value is the same before and after calling `init_weights` of EncoderDecoder  

backbone.layers.2.blocks.1.cpe2.bias - torch.Size([256]): 
The value is the same before and after calling `init_weights` of EncoderDecoder  

backbone.layers.2.blocks.1.norm2.weight - torch.Size([256]): 
The value is the same before and after calling `init_weights` of EncoderDecoder  

backbone.layers.2.blocks.1.norm2.bias - torch.Size([256]): 
The value is the same before and after calling `init_weights` of EncoderDecoder  

backbone.layers.2.blocks.1.mlp.fc1.weight - torch.Size([1024, 256]): 
The value is the same before and after calling `init_weights` of EncoderDecoder  

backbone.layers.2.blocks.1.mlp.fc1.bias - torch.Size([1024]): 
The value is the same before and after calling `init_weights` of EncoderDecoder  

backbone.layers.2.blocks.1.mlp.fc2.weight - torch.Size([256, 1024]): 
The value is the same before and after calling `init_weights` of EncoderDecoder  

backbone.layers.2.blocks.1.mlp.fc2.bias - torch.Size([256]): 
The value is the same before and after calling `init_weights` of EncoderDecoder  

backbone.layers.2.blocks.2.cpe1.weight - torch.Size([256, 1, 3, 3]): 
The value is the same before and after calling `init_weights` of EncoderDecoder  

backbone.layers.2.blocks.2.cpe1.bias - torch.Size([256]): 
The value is the same before and after calling `init_weights` of EncoderDecoder  

backbone.layers.2.blocks.2.norm1.weight - torch.Size([256]): 
The value is the same before and after calling `init_weights` of EncoderDecoder  

backbone.layers.2.blocks.2.norm1.bias - torch.Size([256]): 
The value is the same before and after calling `init_weights` of EncoderDecoder  

backbone.layers.2.blocks.2.token_mixer.dt_bias - torch.Size([8]): 
The value is the same before and after calling `init_weights` of EncoderDecoder  

backbone.layers.2.blocks.2.token_mixer.A_log - torch.Size([512]): 
The value is the same before and after calling `init_weights` of EncoderDecoder  

backbone.layers.2.blocks.2.token_mixer.D - torch.Size([8]): 
The value is the same before and after calling `init_weights` of EncoderDecoder  

backbone.layers.2.blocks.2.token_mixer.in_proj.weight - torch.Size([1160, 256]): 
The value is the same before and after calling `init_weights` of EncoderDecoder  

backbone.layers.2.blocks.2.token_mixer.conv2d.weight - torch.Size([640, 1, 3, 3]): 
The value is the same before and after calling `init_weights` of EncoderDecoder  

backbone.layers.2.blocks.2.token_mixer.conv2d.bias - torch.Size([640]): 
The value is the same before and after calling `init_weights` of EncoderDecoder  

backbone.layers.2.blocks.2.token_mixer.norm.weight - torch.Size([512]): 
The value is the same before and after calling `init_weights` of EncoderDecoder  

backbone.layers.2.blocks.2.token_mixer.norm.bias - torch.Size([512]): 
The value is the same before and after calling `init_weights` of EncoderDecoder  

backbone.layers.2.blocks.2.token_mixer.out_proj.weight - torch.Size([256, 512]): 
The value is the same before and after calling `init_weights` of EncoderDecoder  

backbone.layers.2.blocks.2.cpe2.weight - torch.Size([256, 1, 3, 3]): 
The value is the same before and after calling `init_weights` of EncoderDecoder  

backbone.layers.2.blocks.2.cpe2.bias - torch.Size([256]): 
The value is the same before and after calling `init_weights` of EncoderDecoder  

backbone.layers.2.blocks.2.norm2.weight - torch.Size([256]): 
The value is the same before and after calling `init_weights` of EncoderDecoder  

backbone.layers.2.blocks.2.norm2.bias - torch.Size([256]): 
The value is the same before and after calling `init_weights` of EncoderDecoder  

backbone.layers.2.blocks.2.mlp.fc1.weight - torch.Size([1024, 256]): 
The value is the same before and after calling `init_weights` of EncoderDecoder  

backbone.layers.2.blocks.2.mlp.fc1.bias - torch.Size([1024]): 
The value is the same before and after calling `init_weights` of EncoderDecoder  

backbone.layers.2.blocks.2.mlp.fc2.weight - torch.Size([256, 1024]): 
The value is the same before and after calling `init_weights` of EncoderDecoder  

backbone.layers.2.blocks.2.mlp.fc2.bias - torch.Size([256]): 
The value is the same before and after calling `init_weights` of EncoderDecoder  

backbone.layers.2.blocks.3.cpe1.weight - torch.Size([256, 1, 3, 3]): 
The value is the same before and after calling `init_weights` of EncoderDecoder  

backbone.layers.2.blocks.3.cpe1.bias - torch.Size([256]): 
The value is the same before and after calling `init_weights` of EncoderDecoder  

backbone.layers.2.blocks.3.norm1.weight - torch.Size([256]): 
The value is the same before and after calling `init_weights` of EncoderDecoder  

backbone.layers.2.blocks.3.norm1.bias - torch.Size([256]): 
The value is the same before and after calling `init_weights` of EncoderDecoder  

backbone.layers.2.blocks.3.token_mixer.dt_bias - torch.Size([8]): 
The value is the same before and after calling `init_weights` of EncoderDecoder  

backbone.layers.2.blocks.3.token_mixer.A_log - torch.Size([512]): 
The value is the same before and after calling `init_weights` of EncoderDecoder  

backbone.layers.2.blocks.3.token_mixer.D - torch.Size([8]): 
The value is the same before and after calling `init_weights` of EncoderDecoder  

backbone.layers.2.blocks.3.token_mixer.in_proj.weight - torch.Size([1160, 256]): 
The value is the same before and after calling `init_weights` of EncoderDecoder  

backbone.layers.2.blocks.3.token_mixer.conv2d.weight - torch.Size([640, 1, 3, 3]): 
The value is the same before and after calling `init_weights` of EncoderDecoder  

backbone.layers.2.blocks.3.token_mixer.conv2d.bias - torch.Size([640]): 
The value is the same before and after calling `init_weights` of EncoderDecoder  

backbone.layers.2.blocks.3.token_mixer.norm.weight - torch.Size([512]): 
The value is the same before and after calling `init_weights` of EncoderDecoder  

backbone.layers.2.blocks.3.token_mixer.norm.bias - torch.Size([512]): 
The value is the same before and after calling `init_weights` of EncoderDecoder  

backbone.layers.2.blocks.3.token_mixer.out_proj.weight - torch.Size([256, 512]): 
The value is the same before and after calling `init_weights` of EncoderDecoder  

backbone.layers.2.blocks.3.token_mixer.sa_op.sampling_offsets.weight - torch.Size([8, 512]): 
The value is the same before and after calling `init_weights` of EncoderDecoder  

backbone.layers.2.blocks.3.token_mixer.sa_op.sampling_offsets.bias - torch.Size([8]): 
The value is the same before and after calling `init_weights` of EncoderDecoder  

backbone.layers.2.blocks.3.cpe2.weight - torch.Size([256, 1, 3, 3]): 
The value is the same before and after calling `init_weights` of EncoderDecoder  

backbone.layers.2.blocks.3.cpe2.bias - torch.Size([256]): 
The value is the same before and after calling `init_weights` of EncoderDecoder  

backbone.layers.2.blocks.3.norm2.weight - torch.Size([256]): 
The value is the same before and after calling `init_weights` of EncoderDecoder  

backbone.layers.2.blocks.3.norm2.bias - torch.Size([256]): 
The value is the same before and after calling `init_weights` of EncoderDecoder  

backbone.layers.2.blocks.3.mlp.fc1.weight - torch.Size([1024, 256]): 
The value is the same before and after calling `init_weights` of EncoderDecoder  

backbone.layers.2.blocks.3.mlp.fc1.bias - torch.Size([1024]): 
The value is the same before and after calling `init_weights` of EncoderDecoder  

backbone.layers.2.blocks.3.mlp.fc2.weight - torch.Size([256, 1024]): 
The value is the same before and after calling `init_weights` of EncoderDecoder  

backbone.layers.2.blocks.3.mlp.fc2.bias - torch.Size([256]): 
The value is the same before and after calling `init_weights` of EncoderDecoder  

backbone.layers.2.blocks.4.cpe1.weight - torch.Size([256, 1, 3, 3]): 
The value is the same before and after calling `init_weights` of EncoderDecoder  

backbone.layers.2.blocks.4.cpe1.bias - torch.Size([256]): 
The value is the same before and after calling `init_weights` of EncoderDecoder  

backbone.layers.2.blocks.4.norm1.weight - torch.Size([256]): 
The value is the same before and after calling `init_weights` of EncoderDecoder  

backbone.layers.2.blocks.4.norm1.bias - torch.Size([256]): 
The value is the same before and after calling `init_weights` of EncoderDecoder  

backbone.layers.2.blocks.4.token_mixer.dt_bias - torch.Size([8]): 
The value is the same before and after calling `init_weights` of EncoderDecoder  

backbone.layers.2.blocks.4.token_mixer.A_log - torch.Size([512]): 
The value is the same before and after calling `init_weights` of EncoderDecoder  

backbone.layers.2.blocks.4.token_mixer.D - torch.Size([8]): 
The value is the same before and after calling `init_weights` of EncoderDecoder  

backbone.layers.2.blocks.4.token_mixer.in_proj.weight - torch.Size([1160, 256]): 
The value is the same before and after calling `init_weights` of EncoderDecoder  

backbone.layers.2.blocks.4.token_mixer.conv2d.weight - torch.Size([640, 1, 3, 3]): 
The value is the same before and after calling `init_weights` of EncoderDecoder  

backbone.layers.2.blocks.4.token_mixer.conv2d.bias - torch.Size([640]): 
The value is the same before and after calling `init_weights` of EncoderDecoder  

backbone.layers.2.blocks.4.token_mixer.norm.weight - torch.Size([512]): 
The value is the same before and after calling `init_weights` of EncoderDecoder  

backbone.layers.2.blocks.4.token_mixer.norm.bias - torch.Size([512]): 
The value is the same before and after calling `init_weights` of EncoderDecoder  

backbone.layers.2.blocks.4.token_mixer.out_proj.weight - torch.Size([256, 512]): 
The value is the same before and after calling `init_weights` of EncoderDecoder  

backbone.layers.2.blocks.4.cpe2.weight - torch.Size([256, 1, 3, 3]): 
The value is the same before and after calling `init_weights` of EncoderDecoder  

backbone.layers.2.blocks.4.cpe2.bias - torch.Size([256]): 
The value is the same before and after calling `init_weights` of EncoderDecoder  

backbone.layers.2.blocks.4.norm2.weight - torch.Size([256]): 
The value is the same before and after calling `init_weights` of EncoderDecoder  

backbone.layers.2.blocks.4.norm2.bias - torch.Size([256]): 
The value is the same before and after calling `init_weights` of EncoderDecoder  

backbone.layers.2.blocks.4.mlp.fc1.weight - torch.Size([1024, 256]): 
The value is the same before and after calling `init_weights` of EncoderDecoder  

backbone.layers.2.blocks.4.mlp.fc1.bias - torch.Size([1024]): 
The value is the same before and after calling `init_weights` of EncoderDecoder  

backbone.layers.2.blocks.4.mlp.fc2.weight - torch.Size([256, 1024]): 
The value is the same before and after calling `init_weights` of EncoderDecoder  

backbone.layers.2.blocks.4.mlp.fc2.bias - torch.Size([256]): 
The value is the same before and after calling `init_weights` of EncoderDecoder  

backbone.layers.2.blocks.5.cpe1.weight - torch.Size([256, 1, 3, 3]): 
The value is the same before and after calling `init_weights` of EncoderDecoder  

backbone.layers.2.blocks.5.cpe1.bias - torch.Size([256]): 
The value is the same before and after calling `init_weights` of EncoderDecoder  

backbone.layers.2.blocks.5.norm1.weight - torch.Size([256]): 
The value is the same before and after calling `init_weights` of EncoderDecoder  

backbone.layers.2.blocks.5.norm1.bias - torch.Size([256]): 
The value is the same before and after calling `init_weights` of EncoderDecoder  

backbone.layers.2.blocks.5.token_mixer.dt_bias - torch.Size([8]): 
The value is the same before and after calling `init_weights` of EncoderDecoder  

backbone.layers.2.blocks.5.token_mixer.A_log - torch.Size([512]): 
The value is the same before and after calling `init_weights` of EncoderDecoder  

backbone.layers.2.blocks.5.token_mixer.D - torch.Size([8]): 
The value is the same before and after calling `init_weights` of EncoderDecoder  

backbone.layers.2.blocks.5.token_mixer.in_proj.weight - torch.Size([1160, 256]): 
The value is the same before and after calling `init_weights` of EncoderDecoder  

backbone.layers.2.blocks.5.token_mixer.conv2d.weight - torch.Size([640, 1, 3, 3]): 
The value is the same before and after calling `init_weights` of EncoderDecoder  

backbone.layers.2.blocks.5.token_mixer.conv2d.bias - torch.Size([640]): 
The value is the same before and after calling `init_weights` of EncoderDecoder  

backbone.layers.2.blocks.5.token_mixer.norm.weight - torch.Size([512]): 
The value is the same before and after calling `init_weights` of EncoderDecoder  

backbone.layers.2.blocks.5.token_mixer.norm.bias - torch.Size([512]): 
The value is the same before and after calling `init_weights` of EncoderDecoder  

backbone.layers.2.blocks.5.token_mixer.out_proj.weight - torch.Size([256, 512]): 
The value is the same before and after calling `init_weights` of EncoderDecoder  

backbone.layers.2.blocks.5.cpe2.weight - torch.Size([256, 1, 3, 3]): 
The value is the same before and after calling `init_weights` of EncoderDecoder  

backbone.layers.2.blocks.5.cpe2.bias - torch.Size([256]): 
The value is the same before and after calling `init_weights` of EncoderDecoder  

backbone.layers.2.blocks.5.norm2.weight - torch.Size([256]): 
The value is the same before and after calling `init_weights` of EncoderDecoder  

backbone.layers.2.blocks.5.norm2.bias - torch.Size([256]): 
The value is the same before and after calling `init_weights` of EncoderDecoder  

backbone.layers.2.blocks.5.mlp.fc1.weight - torch.Size([1024, 256]): 
The value is the same before and after calling `init_weights` of EncoderDecoder  

backbone.layers.2.blocks.5.mlp.fc1.bias - torch.Size([1024]): 
The value is the same before and after calling `init_weights` of EncoderDecoder  

backbone.layers.2.blocks.5.mlp.fc2.weight - torch.Size([256, 1024]): 
The value is the same before and after calling `init_weights` of EncoderDecoder  

backbone.layers.2.blocks.5.mlp.fc2.bias - torch.Size([256]): 
The value is the same before and after calling `init_weights` of EncoderDecoder  

backbone.layers.2.blocks.6.cpe1.weight - torch.Size([256, 1, 3, 3]): 
The value is the same before and after calling `init_weights` of EncoderDecoder  

backbone.layers.2.blocks.6.cpe1.bias - torch.Size([256]): 
The value is the same before and after calling `init_weights` of EncoderDecoder  

backbone.layers.2.blocks.6.norm1.weight - torch.Size([256]): 
The value is the same before and after calling `init_weights` of EncoderDecoder  

backbone.layers.2.blocks.6.norm1.bias - torch.Size([256]): 
The value is the same before and after calling `init_weights` of EncoderDecoder  

backbone.layers.2.blocks.6.token_mixer.dt_bias - torch.Size([8]): 
The value is the same before and after calling `init_weights` of EncoderDecoder  

backbone.layers.2.blocks.6.token_mixer.A_log - torch.Size([512]): 
The value is the same before and after calling `init_weights` of EncoderDecoder  

backbone.layers.2.blocks.6.token_mixer.D - torch.Size([8]): 
The value is the same before and after calling `init_weights` of EncoderDecoder  

backbone.layers.2.blocks.6.token_mixer.in_proj.weight - torch.Size([1160, 256]): 
The value is the same before and after calling `init_weights` of EncoderDecoder  

backbone.layers.2.blocks.6.token_mixer.conv2d.weight - torch.Size([640, 1, 3, 3]): 
The value is the same before and after calling `init_weights` of EncoderDecoder  

backbone.layers.2.blocks.6.token_mixer.conv2d.bias - torch.Size([640]): 
The value is the same before and after calling `init_weights` of EncoderDecoder  

backbone.layers.2.blocks.6.token_mixer.norm.weight - torch.Size([512]): 
The value is the same before and after calling `init_weights` of EncoderDecoder  

backbone.layers.2.blocks.6.token_mixer.norm.bias - torch.Size([512]): 
The value is the same before and after calling `init_weights` of EncoderDecoder  

backbone.layers.2.blocks.6.token_mixer.out_proj.weight - torch.Size([256, 512]): 
The value is the same before and after calling `init_weights` of EncoderDecoder  

backbone.layers.2.blocks.6.token_mixer.sa_op.sampling_offsets.weight - torch.Size([8, 512]): 
The value is the same before and after calling `init_weights` of EncoderDecoder  

backbone.layers.2.blocks.6.token_mixer.sa_op.sampling_offsets.bias - torch.Size([8]): 
The value is the same before and after calling `init_weights` of EncoderDecoder  

backbone.layers.2.blocks.6.cpe2.weight - torch.Size([256, 1, 3, 3]): 
The value is the same before and after calling `init_weights` of EncoderDecoder  

backbone.layers.2.blocks.6.cpe2.bias - torch.Size([256]): 
The value is the same before and after calling `init_weights` of EncoderDecoder  

backbone.layers.2.blocks.6.norm2.weight - torch.Size([256]): 
The value is the same before and after calling `init_weights` of EncoderDecoder  

backbone.layers.2.blocks.6.norm2.bias - torch.Size([256]): 
The value is the same before and after calling `init_weights` of EncoderDecoder  

backbone.layers.2.blocks.6.mlp.fc1.weight - torch.Size([1024, 256]): 
The value is the same before and after calling `init_weights` of EncoderDecoder  

backbone.layers.2.blocks.6.mlp.fc1.bias - torch.Size([1024]): 
The value is the same before and after calling `init_weights` of EncoderDecoder  

backbone.layers.2.blocks.6.mlp.fc2.weight - torch.Size([256, 1024]): 
The value is the same before and after calling `init_weights` of EncoderDecoder  

backbone.layers.2.blocks.6.mlp.fc2.bias - torch.Size([256]): 
The value is the same before and after calling `init_weights` of EncoderDecoder  

backbone.layers.2.blocks.7.cpe1.weight - torch.Size([256, 1, 3, 3]): 
The value is the same before and after calling `init_weights` of EncoderDecoder  

backbone.layers.2.blocks.7.cpe1.bias - torch.Size([256]): 
The value is the same before and after calling `init_weights` of EncoderDecoder  

backbone.layers.2.blocks.7.norm1.weight - torch.Size([256]): 
The value is the same before and after calling `init_weights` of EncoderDecoder  

backbone.layers.2.blocks.7.norm1.bias - torch.Size([256]): 
The value is the same before and after calling `init_weights` of EncoderDecoder  

backbone.layers.2.blocks.7.token_mixer.dt_bias - torch.Size([8]): 
The value is the same before and after calling `init_weights` of EncoderDecoder  

backbone.layers.2.blocks.7.token_mixer.A_log - torch.Size([512]): 
The value is the same before and after calling `init_weights` of EncoderDecoder  

backbone.layers.2.blocks.7.token_mixer.D - torch.Size([8]): 
The value is the same before and after calling `init_weights` of EncoderDecoder  

backbone.layers.2.blocks.7.token_mixer.in_proj.weight - torch.Size([1160, 256]): 
The value is the same before and after calling `init_weights` of EncoderDecoder  

backbone.layers.2.blocks.7.token_mixer.conv2d.weight - torch.Size([640, 1, 3, 3]): 
The value is the same before and after calling `init_weights` of EncoderDecoder  

backbone.layers.2.blocks.7.token_mixer.conv2d.bias - torch.Size([640]): 
The value is the same before and after calling `init_weights` of EncoderDecoder  

backbone.layers.2.blocks.7.token_mixer.norm.weight - torch.Size([512]): 
The value is the same before and after calling `init_weights` of EncoderDecoder  

backbone.layers.2.blocks.7.token_mixer.norm.bias - torch.Size([512]): 
The value is the same before and after calling `init_weights` of EncoderDecoder  

backbone.layers.2.blocks.7.token_mixer.out_proj.weight - torch.Size([256, 512]): 
The value is the same before and after calling `init_weights` of EncoderDecoder  

backbone.layers.2.blocks.7.cpe2.weight - torch.Size([256, 1, 3, 3]): 
The value is the same before and after calling `init_weights` of EncoderDecoder  

backbone.layers.2.blocks.7.cpe2.bias - torch.Size([256]): 
The value is the same before and after calling `init_weights` of EncoderDecoder  

backbone.layers.2.blocks.7.norm2.weight - torch.Size([256]): 
The value is the same before and after calling `init_weights` of EncoderDecoder  

backbone.layers.2.blocks.7.norm2.bias - torch.Size([256]): 
The value is the same before and after calling `init_weights` of EncoderDecoder  

backbone.layers.2.blocks.7.mlp.fc1.weight - torch.Size([1024, 256]): 
The value is the same before and after calling `init_weights` of EncoderDecoder  

backbone.layers.2.blocks.7.mlp.fc1.bias - torch.Size([1024]): 
The value is the same before and after calling `init_weights` of EncoderDecoder  

backbone.layers.2.blocks.7.mlp.fc2.weight - torch.Size([256, 1024]): 
The value is the same before and after calling `init_weights` of EncoderDecoder  

backbone.layers.2.blocks.7.mlp.fc2.bias - torch.Size([256]): 
The value is the same before and after calling `init_weights` of EncoderDecoder  

backbone.layers.2.downsample.conv.0.conv.weight - torch.Size([2048, 256, 1, 1]): 
The value is the same before and after calling `init_weights` of EncoderDecoder  

backbone.layers.2.downsample.conv.0.conv.bias - torch.Size([2048]): 
The value is the same before and after calling `init_weights` of EncoderDecoder  

backbone.layers.2.downsample.conv.1.conv.weight - torch.Size([2048, 1, 3, 3]): 
The value is the same before and after calling `init_weights` of EncoderDecoder  

backbone.layers.2.downsample.conv.1.conv.bias - torch.Size([2048]): 
The value is the same before and after calling `init_weights` of EncoderDecoder  

backbone.layers.2.downsample.conv.2.conv.weight - torch.Size([512, 2048, 1, 1]): 
The value is the same before and after calling `init_weights` of EncoderDecoder  

backbone.layers.2.downsample.conv.2.conv.bias - torch.Size([512]): 
The value is the same before and after calling `init_weights` of EncoderDecoder  

backbone.layers.2.downsample.conv.2.norm.weight - torch.Size([512]): 
The value is the same before and after calling `init_weights` of EncoderDecoder  

backbone.layers.2.downsample.conv.2.norm.bias - torch.Size([512]): 
The value is the same before and after calling `init_weights` of EncoderDecoder  

backbone.layers.3.blocks.0.cpe1.weight - torch.Size([512, 1, 3, 3]): 
The value is the same before and after calling `init_weights` of EncoderDecoder  

backbone.layers.3.blocks.0.cpe1.bias - torch.Size([512]): 
The value is the same before and after calling `init_weights` of EncoderDecoder  

backbone.layers.3.blocks.0.norm1.weight - torch.Size([512]): 
The value is the same before and after calling `init_weights` of EncoderDecoder  

backbone.layers.3.blocks.0.norm1.bias - torch.Size([512]): 
The value is the same before and after calling `init_weights` of EncoderDecoder  

backbone.layers.3.blocks.0.token_mixer.to_qkv.weight - torch.Size([1536, 512]): 
The value is the same before and after calling `init_weights` of EncoderDecoder  

backbone.layers.3.blocks.0.token_mixer.to_out.weight - torch.Size([512, 512]): 
The value is the same before and after calling `init_weights` of EncoderDecoder  

backbone.layers.3.blocks.0.token_mixer.to_out.bias - torch.Size([512]): 
The value is the same before and after calling `init_weights` of EncoderDecoder  

backbone.layers.3.blocks.0.cpe2.weight - torch.Size([512, 1, 3, 3]): 
The value is the same before and after calling `init_weights` of EncoderDecoder  

backbone.layers.3.blocks.0.cpe2.bias - torch.Size([512]): 
The value is the same before and after calling `init_weights` of EncoderDecoder  

backbone.layers.3.blocks.0.norm2.weight - torch.Size([512]): 
The value is the same before and after calling `init_weights` of EncoderDecoder  

backbone.layers.3.blocks.0.norm2.bias - torch.Size([512]): 
The value is the same before and after calling `init_weights` of EncoderDecoder  

backbone.layers.3.blocks.0.mlp.fc1.weight - torch.Size([2048, 512]): 
The value is the same before and after calling `init_weights` of EncoderDecoder  

backbone.layers.3.blocks.0.mlp.fc1.bias - torch.Size([2048]): 
The value is the same before and after calling `init_weights` of EncoderDecoder  

backbone.layers.3.blocks.0.mlp.fc2.weight - torch.Size([512, 2048]): 
The value is the same before and after calling `init_weights` of EncoderDecoder  

backbone.layers.3.blocks.0.mlp.fc2.bias - torch.Size([512]): 
The value is the same before and after calling `init_weights` of EncoderDecoder  

backbone.layers.3.blocks.1.cpe1.weight - torch.Size([512, 1, 3, 3]): 
The value is the same before and after calling `init_weights` of EncoderDecoder  

backbone.layers.3.blocks.1.cpe1.bias - torch.Size([512]): 
The value is the same before and after calling `init_weights` of EncoderDecoder  

backbone.layers.3.blocks.1.norm1.weight - torch.Size([512]): 
The value is the same before and after calling `init_weights` of EncoderDecoder  

backbone.layers.3.blocks.1.norm1.bias - torch.Size([512]): 
The value is the same before and after calling `init_weights` of EncoderDecoder  

backbone.layers.3.blocks.1.token_mixer.to_qkv.weight - torch.Size([1536, 512]): 
The value is the same before and after calling `init_weights` of EncoderDecoder  

backbone.layers.3.blocks.1.token_mixer.to_out.weight - torch.Size([512, 512]): 
The value is the same before and after calling `init_weights` of EncoderDecoder  

backbone.layers.3.blocks.1.token_mixer.to_out.bias - torch.Size([512]): 
The value is the same before and after calling `init_weights` of EncoderDecoder  

backbone.layers.3.blocks.1.cpe2.weight - torch.Size([512, 1, 3, 3]): 
The value is the same before and after calling `init_weights` of EncoderDecoder  

backbone.layers.3.blocks.1.cpe2.bias - torch.Size([512]): 
The value is the same before and after calling `init_weights` of EncoderDecoder  

backbone.layers.3.blocks.1.norm2.weight - torch.Size([512]): 
The value is the same before and after calling `init_weights` of EncoderDecoder  

backbone.layers.3.blocks.1.norm2.bias - torch.Size([512]): 
The value is the same before and after calling `init_weights` of EncoderDecoder  

backbone.layers.3.blocks.1.mlp.fc1.weight - torch.Size([2048, 512]): 
The value is the same before and after calling `init_weights` of EncoderDecoder  

backbone.layers.3.blocks.1.mlp.fc1.bias - torch.Size([2048]): 
The value is the same before and after calling `init_weights` of EncoderDecoder  

backbone.layers.3.blocks.1.mlp.fc2.weight - torch.Size([512, 2048]): 
The value is the same before and after calling `init_weights` of EncoderDecoder  

backbone.layers.3.blocks.1.mlp.fc2.bias - torch.Size([512]): 
The value is the same before and after calling `init_weights` of EncoderDecoder  

backbone.layers.3.blocks.2.cpe1.weight - torch.Size([512, 1, 3, 3]): 
The value is the same before and after calling `init_weights` of EncoderDecoder  

backbone.layers.3.blocks.2.cpe1.bias - torch.Size([512]): 
The value is the same before and after calling `init_weights` of EncoderDecoder  

backbone.layers.3.blocks.2.norm1.weight - torch.Size([512]): 
The value is the same before and after calling `init_weights` of EncoderDecoder  

backbone.layers.3.blocks.2.norm1.bias - torch.Size([512]): 
The value is the same before and after calling `init_weights` of EncoderDecoder  

backbone.layers.3.blocks.2.token_mixer.to_qkv.weight - torch.Size([1536, 512]): 
The value is the same before and after calling `init_weights` of EncoderDecoder  

backbone.layers.3.blocks.2.token_mixer.to_out.weight - torch.Size([512, 512]): 
The value is the same before and after calling `init_weights` of EncoderDecoder  

backbone.layers.3.blocks.2.token_mixer.to_out.bias - torch.Size([512]): 
The value is the same before and after calling `init_weights` of EncoderDecoder  

backbone.layers.3.blocks.2.cpe2.weight - torch.Size([512, 1, 3, 3]): 
The value is the same before and after calling `init_weights` of EncoderDecoder  

backbone.layers.3.blocks.2.cpe2.bias - torch.Size([512]): 
The value is the same before and after calling `init_weights` of EncoderDecoder  

backbone.layers.3.blocks.2.norm2.weight - torch.Size([512]): 
The value is the same before and after calling `init_weights` of EncoderDecoder  

backbone.layers.3.blocks.2.norm2.bias - torch.Size([512]): 
The value is the same before and after calling `init_weights` of EncoderDecoder  

backbone.layers.3.blocks.2.mlp.fc1.weight - torch.Size([2048, 512]): 
The value is the same before and after calling `init_weights` of EncoderDecoder  

backbone.layers.3.blocks.2.mlp.fc1.bias - torch.Size([2048]): 
The value is the same before and after calling `init_weights` of EncoderDecoder  

backbone.layers.3.blocks.2.mlp.fc2.weight - torch.Size([512, 2048]): 
The value is the same before and after calling `init_weights` of EncoderDecoder  

backbone.layers.3.blocks.2.mlp.fc2.bias - torch.Size([512]): 
The value is the same before and after calling `init_weights` of EncoderDecoder  

backbone.layers.3.blocks.3.cpe1.weight - torch.Size([512, 1, 3, 3]): 
The value is the same before and after calling `init_weights` of EncoderDecoder  

backbone.layers.3.blocks.3.cpe1.bias - torch.Size([512]): 
The value is the same before and after calling `init_weights` of EncoderDecoder  

backbone.layers.3.blocks.3.norm1.weight - torch.Size([512]): 
The value is the same before and after calling `init_weights` of EncoderDecoder  

backbone.layers.3.blocks.3.norm1.bias - torch.Size([512]): 
The value is the same before and after calling `init_weights` of EncoderDecoder  

backbone.layers.3.blocks.3.token_mixer.to_qkv.weight - torch.Size([1536, 512]): 
The value is the same before and after calling `init_weights` of EncoderDecoder  

backbone.layers.3.blocks.3.token_mixer.to_out.weight - torch.Size([512, 512]): 
The value is the same before and after calling `init_weights` of EncoderDecoder  

backbone.layers.3.blocks.3.token_mixer.to_out.bias - torch.Size([512]): 
The value is the same before and after calling `init_weights` of EncoderDecoder  

backbone.layers.3.blocks.3.cpe2.weight - torch.Size([512, 1, 3, 3]): 
The value is the same before and after calling `init_weights` of EncoderDecoder  

backbone.layers.3.blocks.3.cpe2.bias - torch.Size([512]): 
The value is the same before and after calling `init_weights` of EncoderDecoder  

backbone.layers.3.blocks.3.norm2.weight - torch.Size([512]): 
The value is the same before and after calling `init_weights` of EncoderDecoder  

backbone.layers.3.blocks.3.norm2.bias - torch.Size([512]): 
The value is the same before and after calling `init_weights` of EncoderDecoder  

backbone.layers.3.blocks.3.mlp.fc1.weight - torch.Size([2048, 512]): 
The value is the same before and after calling `init_weights` of EncoderDecoder  

backbone.layers.3.blocks.3.mlp.fc1.bias - torch.Size([2048]): 
The value is the same before and after calling `init_weights` of EncoderDecoder  

backbone.layers.3.blocks.3.mlp.fc2.weight - torch.Size([512, 2048]): 
The value is the same before and after calling `init_weights` of EncoderDecoder  

backbone.layers.3.blocks.3.mlp.fc2.bias - torch.Size([512]): 
The value is the same before and after calling `init_weights` of EncoderDecoder  

backbone.outnorm0.weight - torch.Size([64]): 
The value is the same before and after calling `init_weights` of EncoderDecoder  

backbone.outnorm0.bias - torch.Size([64]): 
The value is the same before and after calling `init_weights` of EncoderDecoder  

backbone.outnorm1.weight - torch.Size([128]): 
The value is the same before and after calling `init_weights` of EncoderDecoder  

backbone.outnorm1.bias - torch.Size([128]): 
The value is the same before and after calling `init_weights` of EncoderDecoder  

backbone.outnorm2.weight - torch.Size([256]): 
The value is the same before and after calling `init_weights` of EncoderDecoder  

backbone.outnorm2.bias - torch.Size([256]): 
The value is the same before and after calling `init_weights` of EncoderDecoder  

backbone.outnorm3.weight - torch.Size([512]): 
The value is the same before and after calling `init_weights` of EncoderDecoder  

backbone.outnorm3.bias - torch.Size([512]): 
The value is the same before and after calling `init_weights` of EncoderDecoder  

decode_head.conv_seg.weight - torch.Size([150, 512, 1, 1]): 
NormalInit: mean=0, std=0.01, bias=0 

decode_head.conv_seg.bias - torch.Size([150]): 
NormalInit: mean=0, std=0.01, bias=0 

decode_head.psp_modules.0.1.conv.weight - torch.Size([512, 512, 1, 1]): 
The value is the same before and after calling `init_weights` of EncoderDecoder  

decode_head.psp_modules.0.1.bn.weight - torch.Size([512]): 
The value is the same before and after calling `init_weights` of EncoderDecoder  

decode_head.psp_modules.0.1.bn.bias - torch.Size([512]): 
The value is the same before and after calling `init_weights` of EncoderDecoder  

decode_head.psp_modules.1.1.conv.weight - torch.Size([512, 512, 1, 1]): 
The value is the same before and after calling `init_weights` of EncoderDecoder  

decode_head.psp_modules.1.1.bn.weight - torch.Size([512]): 
The value is the same before and after calling `init_weights` of EncoderDecoder  

decode_head.psp_modules.1.1.bn.bias - torch.Size([512]): 
The value is the same before and after calling `init_weights` of EncoderDecoder  

decode_head.psp_modules.2.1.conv.weight - torch.Size([512, 512, 1, 1]): 
The value is the same before and after calling `init_weights` of EncoderDecoder  

decode_head.psp_modules.2.1.bn.weight - torch.Size([512]): 
The value is the same before and after calling `init_weights` of EncoderDecoder  

decode_head.psp_modules.2.1.bn.bias - torch.Size([512]): 
The value is the same before and after calling `init_weights` of EncoderDecoder  

decode_head.psp_modules.3.1.conv.weight - torch.Size([512, 512, 1, 1]): 
The value is the same before and after calling `init_weights` of EncoderDecoder  

decode_head.psp_modules.3.1.bn.weight - torch.Size([512]): 
The value is the same before and after calling `init_weights` of EncoderDecoder  

decode_head.psp_modules.3.1.bn.bias - torch.Size([512]): 
The value is the same before and after calling `init_weights` of EncoderDecoder  

decode_head.bottleneck.conv.weight - torch.Size([512, 2560, 3, 3]): 
Initialized by user-defined `init_weights` in ConvModule  

decode_head.bottleneck.bn.weight - torch.Size([512]): 
The value is the same before and after calling `init_weights` of EncoderDecoder  

decode_head.bottleneck.bn.bias - torch.Size([512]): 
The value is the same before and after calling `init_weights` of EncoderDecoder  

decode_head.lateral_convs.0.conv.weight - torch.Size([512, 64, 1, 1]): 
The value is the same before and after calling `init_weights` of EncoderDecoder  

decode_head.lateral_convs.0.bn.weight - torch.Size([512]): 
The value is the same before and after calling `init_weights` of EncoderDecoder  

decode_head.lateral_convs.0.bn.bias - torch.Size([512]): 
The value is the same before and after calling `init_weights` of EncoderDecoder  

decode_head.lateral_convs.1.conv.weight - torch.Size([512, 128, 1, 1]): 
The value is the same before and after calling `init_weights` of EncoderDecoder  

decode_head.lateral_convs.1.bn.weight - torch.Size([512]): 
The value is the same before and after calling `init_weights` of EncoderDecoder  

decode_head.lateral_convs.1.bn.bias - torch.Size([512]): 
The value is the same before and after calling `init_weights` of EncoderDecoder  

decode_head.lateral_convs.2.conv.weight - torch.Size([512, 256, 1, 1]): 
The value is the same before and after calling `init_weights` of EncoderDecoder  

decode_head.lateral_convs.2.bn.weight - torch.Size([512]): 
The value is the same before and after calling `init_weights` of EncoderDecoder  

decode_head.lateral_convs.2.bn.bias - torch.Size([512]): 
The value is the same before and after calling `init_weights` of EncoderDecoder  

decode_head.fpn_convs.0.conv.weight - torch.Size([512, 512, 3, 3]): 
The value is the same before and after calling `init_weights` of EncoderDecoder  

decode_head.fpn_convs.0.bn.weight - torch.Size([512]): 
The value is the same before and after calling `init_weights` of EncoderDecoder  

decode_head.fpn_convs.0.bn.bias - torch.Size([512]): 
The value is the same before and after calling `init_weights` of EncoderDecoder  

decode_head.fpn_convs.1.conv.weight - torch.Size([512, 512, 3, 3]): 
The value is the same before and after calling `init_weights` of EncoderDecoder  

decode_head.fpn_convs.1.bn.weight - torch.Size([512]): 
The value is the same before and after calling `init_weights` of EncoderDecoder  

decode_head.fpn_convs.1.bn.bias - torch.Size([512]): 
The value is the same before and after calling `init_weights` of EncoderDecoder  

decode_head.fpn_convs.2.conv.weight - torch.Size([512, 512, 3, 3]): 
The value is the same before and after calling `init_weights` of EncoderDecoder  

decode_head.fpn_convs.2.bn.weight - torch.Size([512]): 
The value is the same before and after calling `init_weights` of EncoderDecoder  

decode_head.fpn_convs.2.bn.bias - torch.Size([512]): 
The value is the same before and after calling `init_weights` of EncoderDecoder  

decode_head.fpn_bottleneck.conv.weight - torch.Size([512, 2048, 3, 3]): 
Initialized by user-defined `init_weights` in ConvModule  

decode_head.fpn_bottleneck.bn.weight - torch.Size([512]): 
The value is the same before and after calling `init_weights` of EncoderDecoder  

decode_head.fpn_bottleneck.bn.bias - torch.Size([512]): 
The value is the same before and after calling `init_weights` of EncoderDecoder  

auxiliary_head.conv_seg.weight - torch.Size([150, 256, 1, 1]): 
NormalInit: mean=0, std=0.01, bias=0 

auxiliary_head.conv_seg.bias - torch.Size([150]): 
NormalInit: mean=0, std=0.01, bias=0 

auxiliary_head.convs.0.conv.weight - torch.Size([256, 256, 3, 3]): 
The value is the same before and after calling `init_weights` of EncoderDecoder  

auxiliary_head.convs.0.bn.weight - torch.Size([256]): 
The value is the same before and after calling `init_weights` of EncoderDecoder  

auxiliary_head.convs.0.bn.bias - torch.Size([256]): 
The value is the same before and after calling `init_weights` of EncoderDecoder  
2026/04/24 14:29:05 - mmengine - WARNING - "FileClient" will be deprecated in future. Please use io functions in https://mmengine.readthedocs.io/en/latest/api/fileio.html#file-io
2026/04/24 14:29:05 - mmengine - WARNING - "HardDiskBackend" is the alias of "LocalBackend" and the former will be deprecated in future.
2026/04/24 14:29:05 - mmengine - INFO - Checkpoints will be saved to /home/jlx_75/PVMamba_cifar10_sparse_v13_stage3_latesparse/segmentation/work_dirs/pvmamba_tiny_upernet_ade20k_smoke.
2026/04/24 14:29:13 - mmengine - INFO - Iter(train) [  20/8000]  lr: 2.2846e-06  eta: 0:55:35  time: 0.2790  data_time: 0.0067  memory: 10241  loss: 5.4486  decode.loss_ce: 3.8922  decode.acc_seg: 0.0492  aux.loss_ce: 1.5564  aux.acc_seg: 2.2805
2026/04/24 14:29:18 - mmengine - INFO - Iter(train) [  40/8000]  lr: 4.6894e-06  eta: 0:46:20  time: 0.2781  data_time: 0.0051  memory: 5848  loss: 5.4974  decode.loss_ce: 3.9176  decode.acc_seg: 0.3080  aux.loss_ce: 1.5797  aux.acc_seg: 0.0827
2026/04/24 14:29:24 - mmengine - INFO - Iter(train) [  60/8000]  lr: 7.0942e-06  eta: 0:43:06  time: 0.2788  data_time: 0.0049  memory: 5848  loss: 5.8454  decode.loss_ce: 4.1572  decode.acc_seg: 7.8713  aux.loss_ce: 1.6882  aux.acc_seg: 0.7569
2026/04/24 14:29:30 - mmengine - INFO - Iter(train) [  80/8000]  lr: 9.4990e-06  eta: 0:41:27  time: 0.2786  data_time: 0.0050  memory: 5848  loss: 5.4590  decode.loss_ce: 3.8761  decode.acc_seg: 2.9794  aux.loss_ce: 1.5830  aux.acc_seg: 0.1496
2026/04/24 14:29:35 - mmengine - INFO - Iter(train) [ 100/8000]  lr: 1.1904e-05  eta: 0:40:26  time: 0.2794  data_time: 0.0050  memory: 5848  loss: 5.9417  decode.loss_ce: 4.2137  decode.acc_seg: 19.5365  aux.loss_ce: 1.7281  aux.acc_seg: 0.9653
2026/04/24 14:29:41 - mmengine - INFO - Iter(train) [ 120/8000]  lr: 1.4309e-05  eta: 0:39:44  time: 0.2798  data_time: 0.0049  memory: 5848  loss: 5.3917  decode.loss_ce: 3.8020  decode.acc_seg: 5.0416  aux.loss_ce: 1.5897  aux.acc_seg: 1.9905
2026/04/24 14:29:46 - mmengine - INFO - Iter(train) [ 140/8000]  lr: 1.6713e-05  eta: 0:39:12  time: 0.2796  data_time: 0.0049  memory: 5848  loss: 5.2078  decode.loss_ce: 3.6767  decode.acc_seg: 40.0209  aux.loss_ce: 1.5312  aux.acc_seg: 0.0811
2026/04/24 14:29:52 - mmengine - INFO - Iter(train) [ 160/8000]  lr: 1.9118e-05  eta: 0:38:47  time: 0.2803  data_time: 0.0052  memory: 5848  loss: 5.8323  decode.loss_ce: 4.0881  decode.acc_seg: 9.2393  aux.loss_ce: 1.7441  aux.acc_seg: 1.1047
2026/04/24 14:29:58 - mmengine - INFO - Iter(train) [ 180/8000]  lr: 2.1523e-05  eta: 0:38:28  time: 0.2823  data_time: 0.0048  memory: 5848  loss: 5.4775  decode.loss_ce: 3.7813  decode.acc_seg: 29.4516  aux.loss_ce: 1.6962  aux.acc_seg: 4.9100
2026/04/24 14:30:03 - mmengine - INFO - Iter(train) [ 200/8000]  lr: 2.3928e-05  eta: 0:38:14  time: 0.2861  data_time: 0.0048  memory: 5848  loss: 5.2102  decode.loss_ce: 3.6085  decode.acc_seg: 30.3225  aux.loss_ce: 1.6017  aux.acc_seg: 7.4537
2026/04/24 14:30:09 - mmengine - INFO - Iter(train) [ 220/8000]  lr: 2.6333e-05  eta: 0:38:05  time: 0.2893  data_time: 0.0051  memory: 5848  loss: 5.0479  decode.loss_ce: 3.4876  decode.acc_seg: 39.4802  aux.loss_ce: 1.5603  aux.acc_seg: 23.5390
2026/04/24 14:30:15 - mmengine - INFO - Iter(train) [ 240/8000]  lr: 2.8738e-05  eta: 0:37:57  time: 0.2913  data_time: 0.0049  memory: 5848  loss: 5.0354  decode.loss_ce: 3.4463  decode.acc_seg: 32.5235  aux.loss_ce: 1.5890  aux.acc_seg: 13.5736
2026/04/24 14:30:21 - mmengine - INFO - Iter(train) [ 260/8000]  lr: 3.1142e-05  eta: 0:37:52  time: 0.2948  data_time: 0.0049  memory: 5848  loss: 4.7659  decode.loss_ce: 3.2808  decode.acc_seg: 21.7460  aux.loss_ce: 1.4851  aux.acc_seg: 13.8292
2026/04/24 14:30:27 - mmengine - INFO - Iter(train) [ 280/8000]  lr: 3.3547e-05  eta: 0:37:48  time: 0.2972  data_time: 0.0048  memory: 5848  loss: 4.3304  decode.loss_ce: 2.9166  decode.acc_seg: 34.3135  aux.loss_ce: 1.4138  aux.acc_seg: 26.3619
2026/04/24 14:30:33 - mmengine - INFO - Iter(train) [ 300/8000]  lr: 3.5952e-05  eta: 0:37:43  time: 0.2931  data_time: 0.0049  memory: 5848  loss: 4.6050  decode.loss_ce: 3.1216  decode.acc_seg: 17.3785  aux.loss_ce: 1.4834  aux.acc_seg: 17.8249
2026/04/24 14:30:39 - mmengine - INFO - Iter(train) [ 320/8000]  lr: 3.8357e-05  eta: 0:37:40  time: 0.3095  data_time: 0.0049  memory: 5848  loss: 5.0730  decode.loss_ce: 3.5133  decode.acc_seg: 30.6644  aux.loss_ce: 1.5597  aux.acc_seg: 33.3467
2026/04/24 14:30:45 - mmengine - INFO - Iter(train) [ 340/8000]  lr: 4.0762e-05  eta: 0:37:36  time: 0.2952  data_time: 0.0046  memory: 5848  loss: 4.6544  decode.loss_ce: 3.1842  decode.acc_seg: 7.0967  aux.loss_ce: 1.4702  aux.acc_seg: 12.9262
2026/04/24 14:30:51 - mmengine - INFO - Iter(train) [ 360/8000]  lr: 4.3166e-05  eta: 0:37:33  time: 0.3085  data_time: 0.0045  memory: 5848  loss: 4.3364  decode.loss_ce: 2.9057  decode.acc_seg: 19.5749  aux.loss_ce: 1.4307  aux.acc_seg: 10.6341
2026/04/24 14:30:57 - mmengine - INFO - Iter(train) [ 380/8000]  lr: 4.5571e-05  eta: 0:37:28  time: 0.3006  data_time: 0.0048  memory: 5848  loss: 4.1527  decode.loss_ce: 2.8042  decode.acc_seg: 14.0622  aux.loss_ce: 1.3485  aux.acc_seg: 19.4325
2026/04/24 14:31:03 - mmengine - INFO - Iter(train) [ 400/8000]  lr: 4.7976e-05  eta: 0:37:24  time: 0.2984  data_time: 0.0050  memory: 5848  loss: 4.4261  decode.loss_ce: 3.0169  decode.acc_seg: 20.9660  aux.loss_ce: 1.4091  aux.acc_seg: 14.0590
2026/04/24 14:31:09 - mmengine - INFO - Iter(train) [ 420/8000]  lr: 5.0381e-05  eta: 0:37:23  time: 0.3074  data_time: 0.0060  memory: 5848  loss: 3.4118  decode.loss_ce: 2.3043  decode.acc_seg: 33.4075  aux.loss_ce: 1.1075  aux.acc_seg: 18.2030
2026/04/24 14:31:15 - mmengine - INFO - Iter(train) [ 440/8000]  lr: 5.2786e-05  eta: 0:37:18  time: 0.3002  data_time: 0.0044  memory: 5848  loss: 4.2768  decode.loss_ce: 2.9013  decode.acc_seg: 35.1039  aux.loss_ce: 1.3754  aux.acc_seg: 38.5824
2026/04/24 14:31:21 - mmengine - INFO - Iter(train) [ 460/8000]  lr: 5.5190e-05  eta: 0:37:17  time: 0.3072  data_time: 0.0049  memory: 5848  loss: 4.4676  decode.loss_ce: 2.9985  decode.acc_seg: 32.9128  aux.loss_ce: 1.4692  aux.acc_seg: 32.3871
2026/04/24 14:31:27 - mmengine - INFO - Iter(train) [ 480/8000]  lr: 5.7595e-05  eta: 0:37:15  time: 0.3071  data_time: 0.0045  memory: 5848  loss: 3.7074  decode.loss_ce: 2.5053  decode.acc_seg: 36.7829  aux.loss_ce: 1.2020  aux.acc_seg: 24.6356
2026/04/24 14:31:33 - mmengine - INFO - Iter(train) [ 500/8000]  lr: 6.0000e-05  eta: 0:37:11  time: 0.3025  data_time: 0.0046  memory: 5848  loss: 4.1459  decode.loss_ce: 2.7689  decode.acc_seg: 26.4536  aux.loss_ce: 1.3770  aux.acc_seg: 16.8446
2026/04/24 14:31:39 - mmengine - INFO - Iter(train) [ 520/8000]  lr: 5.9848e-05  eta: 0:37:09  time: 0.3129  data_time: 0.0046  memory: 5848  loss: 4.4848  decode.loss_ce: 3.0545  decode.acc_seg: 40.3393  aux.loss_ce: 1.4303  aux.acc_seg: 28.4864
2026/04/24 14:31:46 - mmengine - INFO - Iter(train) [ 540/8000]  lr: 5.9688e-05  eta: 0:37:06  time: 0.3079  data_time: 0.0044  memory: 5848  loss: 3.5928  decode.loss_ce: 2.4419  decode.acc_seg: 19.8721  aux.loss_ce: 1.1510  aux.acc_seg: 15.0900
2026/04/24 14:31:52 - mmengine - INFO - Iter(train) [ 560/8000]  lr: 5.9528e-05  eta: 0:37:02  time: 0.3060  data_time: 0.0047  memory: 5848  loss: 4.1011  decode.loss_ce: 2.7983  decode.acc_seg: 34.8652  aux.loss_ce: 1.3029  aux.acc_seg: 25.8821
2026/04/24 14:31:58 - mmengine - INFO - Iter(train) [ 580/8000]  lr: 5.9368e-05  eta: 0:36:58  time: 0.3068  data_time: 0.0045  memory: 5848  loss: 3.8977  decode.loss_ce: 2.6462  decode.acc_seg: 20.9453  aux.loss_ce: 1.2516  aux.acc_seg: 16.5044
2026/04/24 14:32:04 - mmengine - INFO - Iter(train) [ 600/8000]  lr: 5.9208e-05  eta: 0:36:54  time: 0.3068  data_time: 0.0045  memory: 5848  loss: 3.8679  decode.loss_ce: 2.6502  decode.acc_seg: 52.8998  aux.loss_ce: 1.2177  aux.acc_seg: 39.7069
2026/04/24 14:32:10 - mmengine - INFO - Iter(train) [ 620/8000]  lr: 5.9048e-05  eta: 0:36:51  time: 0.3129  data_time: 0.0046  memory: 5848  loss: 3.6953  decode.loss_ce: 2.5382  decode.acc_seg: 17.4944  aux.loss_ce: 1.1570  aux.acc_seg: 9.4663
2026/04/24 14:32:16 - mmengine - INFO - Iter(train) [ 640/8000]  lr: 5.8888e-05  eta: 0:36:47  time: 0.3015  data_time: 0.0046  memory: 5848  loss: 4.5168  decode.loss_ce: 3.1278  decode.acc_seg: 6.7921  aux.loss_ce: 1.3890  aux.acc_seg: 1.7352
2026/04/24 14:32:23 - mmengine - INFO - Iter(train) [ 660/8000]  lr: 5.8728e-05  eta: 0:36:42  time: 0.3009  data_time: 0.0045  memory: 5848  loss: 4.2648  decode.loss_ce: 2.9821  decode.acc_seg: 23.9505  aux.loss_ce: 1.2827  aux.acc_seg: 36.1262
2026/04/24 14:32:29 - mmengine - INFO - Iter(train) [ 680/8000]  lr: 5.8568e-05  eta: 0:36:37  time: 0.3066  data_time: 0.0044  memory: 5848  loss: 3.7440  decode.loss_ce: 2.5605  decode.acc_seg: 17.2319  aux.loss_ce: 1.1835  aux.acc_seg: 16.0983
2026/04/24 14:32:35 - mmengine - INFO - Iter(train) [ 700/8000]  lr: 5.8408e-05  eta: 0:36:33  time: 0.3109  data_time: 0.0046  memory: 5848  loss: 3.8172  decode.loss_ce: 2.6203  decode.acc_seg: 27.6011  aux.loss_ce: 1.1969  aux.acc_seg: 16.2087
2026/04/24 14:32:41 - mmengine - INFO - Iter(train) [ 720/8000]  lr: 5.8248e-05  eta: 0:36:28  time: 0.3026  data_time: 0.0048  memory: 5848  loss: 3.9663  decode.loss_ce: 2.6860  decode.acc_seg: 13.5096  aux.loss_ce: 1.2804  aux.acc_seg: 14.4706
2026/04/24 14:32:47 - mmengine - INFO - Iter(train) [ 740/8000]  lr: 5.8088e-05  eta: 0:36:23  time: 0.3048  data_time: 0.0049  memory: 5848  loss: 3.8666  decode.loss_ce: 2.6900  decode.acc_seg: 11.1981  aux.loss_ce: 1.1765  aux.acc_seg: 10.7694
2026/04/24 14:32:53 - mmengine - INFO - Iter(train) [ 760/8000]  lr: 5.7928e-05  eta: 0:36:18  time: 0.3038  data_time: 0.0047  memory: 5848  loss: 3.7073  decode.loss_ce: 2.5752  decode.acc_seg: 41.6496  aux.loss_ce: 1.1321  aux.acc_seg: 19.7209
2026/04/24 14:32:59 - mmengine - INFO - Iter(train) [ 780/8000]  lr: 5.7768e-05  eta: 0:36:13  time: 0.3048  data_time: 0.0047  memory: 5848  loss: 3.5017  decode.loss_ce: 2.4408  decode.acc_seg: 33.2477  aux.loss_ce: 1.0609  aux.acc_seg: 33.0094
2026/04/24 14:33:05 - mmengine - INFO - Iter(train) [ 800/8000]  lr: 5.7608e-05  eta: 0:36:08  time: 0.3067  data_time: 0.0047  memory: 5848  loss: 3.3332  decode.loss_ce: 2.3135  decode.acc_seg: 60.3669  aux.loss_ce: 1.0197  aux.acc_seg: 55.4216
2026/04/24 14:33:12 - mmengine - INFO - Iter(train) [ 820/8000]  lr: 5.7448e-05  eta: 0:36:04  time: 0.3075  data_time: 0.0047  memory: 5848  loss: 3.5927  decode.loss_ce: 2.4688  decode.acc_seg: 15.7249  aux.loss_ce: 1.1239  aux.acc_seg: 11.6235
2026/04/24 14:33:18 - mmengine - INFO - Iter(train) [ 840/8000]  lr: 5.7288e-05  eta: 0:35:59  time: 0.3096  data_time: 0.0047  memory: 5848  loss: 3.6661  decode.loss_ce: 2.5394  decode.acc_seg: 11.4165  aux.loss_ce: 1.1267  aux.acc_seg: 2.8271
2026/04/24 14:33:24 - mmengine - INFO - Iter(train) [ 860/8000]  lr: 5.7128e-05  eta: 0:35:54  time: 0.3038  data_time: 0.0048  memory: 5848  loss: 3.2500  decode.loss_ce: 2.2382  decode.acc_seg: 19.1326  aux.loss_ce: 1.0118  aux.acc_seg: 11.8754
2026/04/24 14:33:30 - mmengine - INFO - Iter(train) [ 880/8000]  lr: 5.6968e-05  eta: 0:35:50  time: 0.3111  data_time: 0.0050  memory: 5848  loss: 3.9793  decode.loss_ce: 2.7530  decode.acc_seg: 35.7479  aux.loss_ce: 1.2263  aux.acc_seg: 24.1874
2026/04/24 14:33:36 - mmengine - INFO - Iter(train) [ 900/8000]  lr: 5.6808e-05  eta: 0:35:44  time: 0.3076  data_time: 0.0049  memory: 5848  loss: 3.6872  decode.loss_ce: 2.5411  decode.acc_seg: 2.8344  aux.loss_ce: 1.1461  aux.acc_seg: 3.6144
2026/04/24 14:33:43 - mmengine - INFO - Iter(train) [ 920/8000]  lr: 5.6648e-05  eta: 0:35:39  time: 0.3070  data_time: 0.0049  memory: 5848  loss: 3.3222  decode.loss_ce: 2.2902  decode.acc_seg: 22.7636  aux.loss_ce: 1.0321  aux.acc_seg: 11.6182
2026/04/24 14:33:49 - mmengine - INFO - Iter(train) [ 940/8000]  lr: 5.6488e-05  eta: 0:35:34  time: 0.3102  data_time: 0.0049  memory: 5848  loss: 3.2199  decode.loss_ce: 2.2007  decode.acc_seg: 60.5498  aux.loss_ce: 1.0193  aux.acc_seg: 41.5168
2026/04/24 14:33:55 - mmengine - INFO - Iter(train) [ 960/8000]  lr: 5.6328e-05  eta: 0:35:30  time: 0.3157  data_time: 0.0049  memory: 5848  loss: 3.9136  decode.loss_ce: 2.7277  decode.acc_seg: 28.4819  aux.loss_ce: 1.1859  aux.acc_seg: 18.0327
2026/04/24 14:34:01 - mmengine - INFO - Iter(train) [ 980/8000]  lr: 5.6167e-05  eta: 0:35:25  time: 0.3049  data_time: 0.0050  memory: 5848  loss: 3.8479  decode.loss_ce: 2.6879  decode.acc_seg: 8.5031  aux.loss_ce: 1.1600  aux.acc_seg: 5.7745
2026/04/24 14:34:07 - mmengine - INFO - Exp name: pvmamba_tiny_upernet_ade20k_20260424_142901
2026/04/24 14:34:07 - mmengine - INFO - Iter(train) [1000/8000]  lr: 5.6007e-05  eta: 0:35:19  time: 0.3103  data_time: 0.0050  memory: 5848  loss: 3.1191  decode.loss_ce: 2.1785  decode.acc_seg: 26.6443  aux.loss_ce: 0.9406  aux.acc_seg: 22.5957
2026/04/24 14:34:07 - mmengine - INFO - Saving checkpoint at 1000 iterations
2026/04/24 14:34:17 - mmengine - INFO - Iter(val) [  20/2000]    eta: 0:10:52  time: 0.2707  data_time: 0.0013  memory: 9754  
2026/04/24 14:34:23 - mmengine - INFO - Iter(val) [  40/2000]    eta: 0:10:36  time: 0.3454  data_time: 0.0017  memory: 10124  
2026/04/24 14:34:27 - mmengine - INFO - Iter(val) [  60/2000]    eta: 0:08:53  time: 0.1560  data_time: 0.0016  memory: 8816  
2026/04/24 14:34:30 - mmengine - INFO - Iter(val) [  80/2000]    eta: 0:08:02  time: 0.1949  data_time: 0.0016  memory: 9934  
2026/04/24 14:34:35 - mmengine - INFO - Iter(val) [ 100/2000]    eta: 0:07:45  time: 0.2202  data_time: 0.0016  memory: 9937  
2026/04/24 14:34:38 - mmengine - INFO - Iter(val) [ 120/2000]    eta: 0:07:07  time: 0.0656  data_time: 0.0014  memory: 9941  
2026/04/24 14:34:40 - mmengine - INFO - Iter(val) [ 140/2000]    eta: 0:06:33  time: 0.0677  data_time: 0.0015  memory: 10124  
2026/04/24 14:34:43 - mmengine - INFO - Iter(val) [ 160/2000]    eta: 0:06:17  time: 0.2048  data_time: 0.0015  memory: 9941  
2026/04/24 14:34:46 - mmengine - INFO - Iter(val) [ 180/2000]    eta: 0:05:58  time: 0.1061  data_time: 0.0016  memory: 9566  
2026/04/24 14:34:50 - mmengine - INFO - Iter(val) [ 200/2000]    eta: 0:05:54  time: 0.1540  data_time: 0.0016  memory: 10310  
2026/04/24 14:34:54 - mmengine - INFO - Iter(val) [ 220/2000]    eta: 0:05:50  time: 0.2513  data_time: 0.0015  memory: 10127  
2026/04/24 14:34:57 - mmengine - INFO - Iter(val) [ 240/2000]    eta: 0:05:44  time: 0.2506  data_time: 0.0016  memory: 9563  
2026/04/24 14:35:01 - mmengine - INFO - Iter(val) [ 260/2000]    eta: 0:05:38  time: 0.2522  data_time: 0.0016  memory: 10683  
2026/04/24 14:35:03 - mmengine - INFO - Iter(val) [ 280/2000]    eta: 0:05:20  time: 0.1050  data_time: 0.0017  memory: 7325  
2026/04/24 14:35:06 - mmengine - INFO - Iter(val) [ 300/2000]    eta: 0:05:12  time: 0.0682  data_time: 0.0016  memory: 8067  
2026/04/24 14:35:09 - mmengine - INFO - Iter(val) [ 320/2000]    eta: 0:05:07  time: 0.1553  data_time: 0.0016  memory: 10687  
2026/04/24 14:35:12 - mmengine - INFO - Iter(val) [ 340/2000]    eta: 0:05:01  time: 0.1715  data_time: 0.0015  memory: 9192  
2026/04/24 14:35:15 - mmengine - INFO - Iter(val) [ 360/2000]    eta: 0:04:53  time: 0.1499  data_time: 0.0015  memory: 9377  
2026/04/24 14:35:17 - mmengine - INFO - Iter(val) [ 380/2000]    eta: 0:04:44  time: 0.1070  data_time: 0.0017  memory: 8445  
2026/04/24 14:35:20 - mmengine - INFO - Iter(val) [ 400/2000]    eta: 0:04:38  time: 0.1232  data_time: 0.0014  memory: 10874  
2026/04/24 14:35:21 - mmengine - INFO - Iter(val) [ 420/2000]    eta: 0:04:26  time: 0.0532  data_time: 0.0014  memory: 1189  
2026/04/24 14:35:23 - mmengine - INFO - Iter(val) [ 440/2000]    eta: 0:04:18  time: 0.0686  data_time: 0.0015  memory: 9940  
2026/04/24 14:35:25 - mmengine - INFO - Iter(val) [ 460/2000]    eta: 0:04:09  time: 0.0664  data_time: 0.0015  memory: 1258  
2026/04/24 14:35:27 - mmengine - INFO - Iter(val) [ 480/2000]    eta: 0:04:02  time: 0.1083  data_time: 0.0016  memory: 7885  
2026/04/24 14:35:28 - mmengine - INFO - Iter(val) [ 500/2000]    eta: 0:03:53  time: 0.0643  data_time: 0.0015  memory: 1260  
2026/04/24 14:35:30 - mmengine - INFO - Iter(val) [ 520/2000]    eta: 0:03:45  time: 0.0644  data_time: 0.0015  memory: 1254  
2026/04/24 14:35:32 - mmengine - INFO - Iter(val) [ 540/2000]    eta: 0:03:39  time: 0.1229  data_time: 0.0016  memory: 10312  
2026/04/24 14:35:33 - mmengine - INFO - Iter(val) [ 560/2000]    eta: 0:03:33  time: 0.0578  data_time: 0.0014  memory: 1895  
2026/04/24 14:35:35 - mmengine - INFO - Iter(val) [ 580/2000]    eta: 0:03:27  time: 0.0636  data_time: 0.0015  memory: 1414  
2026/04/24 14:35:37 - mmengine - INFO - Iter(val) [ 600/2000]    eta: 0:03:21  time: 0.1092  data_time: 0.0016  memory: 10121  
2026/04/24 14:35:39 - mmengine - INFO - Iter(val) [ 620/2000]    eta: 0:03:17  time: 0.0630  data_time: 0.0014  memory: 10126  
2026/04/24 14:35:41 - mmengine - INFO - Iter(val) [ 640/2000]    eta: 0:03:12  time: 0.0642  data_time: 0.0014  memory: 9749  
2026/04/24 14:35:43 - mmengine - INFO - Iter(val) [ 660/2000]    eta: 0:03:08  time: 0.0718  data_time: 0.0015  memory: 5425  
2026/04/24 14:35:46 - mmengine - INFO - Iter(val) [ 680/2000]    eta: 0:03:06  time: 0.1213  data_time: 0.0015  memory: 10872  
2026/04/24 14:35:49 - mmengine - INFO - Iter(val) [ 700/2000]    eta: 0:03:02  time: 0.0677  data_time: 0.0015  memory: 7326  
2026/04/24 14:35:51 - mmengine - INFO - Iter(val) [ 720/2000]    eta: 0:02:58  time: 0.1596  data_time: 0.0015  memory: 10307  
2026/04/24 14:35:53 - mmengine - INFO - Iter(val) [ 740/2000]    eta: 0:02:54  time: 0.1316  data_time: 0.0014  memory: 5433  
2026/04/24 14:35:56 - mmengine - INFO - Iter(val) [ 760/2000]    eta: 0:02:52  time: 0.1118  data_time: 0.0015  memory: 10124  
2026/04/24 14:35:57 - mmengine - INFO - Iter(val) [ 780/2000]    eta: 0:02:47  time: 0.0635  data_time: 0.0014  memory: 1246  
2026/04/24 14:35:59 - mmengine - INFO - Iter(val) [ 800/2000]    eta: 0:02:42  time: 0.0648  data_time: 0.0015  memory: 1246  
2026/04/24 14:36:00 - mmengine - INFO - Iter(val) [ 820/2000]    eta: 0:02:37  time: 0.0633  data_time: 0.0016  memory: 1185  
2026/04/24 14:36:01 - mmengine - INFO - Iter(val) [ 840/2000]    eta: 0:02:33  time: 0.0635  data_time: 0.0015  memory: 1246  
2026/04/24 14:36:02 - mmengine - INFO - Iter(val) [ 860/2000]    eta: 0:02:28  time: 0.0636  data_time: 0.0015  memory: 1246  
2026/04/24 14:36:04 - mmengine - INFO - Iter(val) [ 880/2000]    eta: 0:02:24  time: 0.0612  data_time: 0.0014  memory: 1244  
2026/04/24 14:36:06 - mmengine - INFO - Iter(val) [ 900/2000]    eta: 0:02:21  time: 0.0927  data_time: 0.0014  memory: 9379  
2026/04/24 14:36:09 - mmengine - INFO - Iter(val) [ 920/2000]    eta: 0:02:19  time: 0.1816  data_time: 0.0015  memory: 10494  
2026/04/24 14:36:11 - mmengine - INFO - Iter(val) [ 940/2000]    eta: 0:02:15  time: 0.1077  data_time: 0.0015  memory: 9191  
2026/04/24 14:36:13 - mmengine - INFO - Iter(val) [ 960/2000]    eta: 0:02:12  time: 0.0605  data_time: 0.0014  memory: 9007  
2026/04/24 14:36:14 - mmengine - INFO - Iter(val) [ 980/2000]    eta: 0:02:09  time: 0.0923  data_time: 0.0015  memory: 1246  
2026/04/24 14:36:17 - mmengine - INFO - Iter(val) [1000/2000]    eta: 0:02:06  time: 0.0613  data_time: 0.0014  memory: 9938  
2026/04/24 14:36:19 - mmengine - INFO - Iter(val) [1020/2000]    eta: 0:02:03  time: 0.1359  data_time: 0.0015  memory: 5436  
2026/04/24 14:36:20 - mmengine - INFO - Iter(val) [1040/2000]    eta: 0:02:00  time: 0.1220  data_time: 0.0015  memory: 5434  
2026/04/24 14:36:23 - mmengine - INFO - Iter(val) [1060/2000]    eta: 0:01:57  time: 0.0630  data_time: 0.0014  memory: 11054  
2026/04/24 14:36:25 - mmengine - INFO - Iter(val) [1080/2000]    eta: 0:01:54  time: 0.0678  data_time: 0.0015  memory: 10310  
2026/04/24 14:36:27 - mmengine - INFO - Iter(val) [1100/2000]    eta: 0:01:52  time: 0.0629  data_time: 0.0015  memory: 9379  
2026/04/24 14:36:29 - mmengine - INFO - Iter(val) [1120/2000]    eta: 0:01:48  time: 0.0623  data_time: 0.0014  memory: 8253  
2026/04/24 14:36:30 - mmengine - INFO - Iter(val) [1140/2000]    eta: 0:01:45  time: 0.0616  data_time: 0.0015  memory: 1246  
2026/04/24 14:36:32 - mmengine - INFO - Iter(val) [1160/2000]    eta: 0:01:42  time: 0.0675  data_time: 0.0016  memory: 8633  
2026/04/24 14:36:33 - mmengine - INFO - Iter(val) [1180/2000]    eta: 0:01:39  time: 0.0640  data_time: 0.0014  memory: 1246  
2026/04/24 14:36:35 - mmengine - INFO - Iter(val) [1200/2000]    eta: 0:01:36  time: 0.0637  data_time: 0.0014  memory: 1358  
2026/04/24 14:36:36 - mmengine - INFO - Iter(val) [1220/2000]    eta: 0:01:33  time: 0.0683  data_time: 0.0014  memory: 1284  
2026/04/24 14:36:38 - mmengine - INFO - Iter(val) [1240/2000]    eta: 0:01:30  time: 0.1256  data_time: 0.0015  memory: 10497  
2026/04/24 14:36:39 - mmengine - INFO - Iter(val) [1260/2000]    eta: 0:01:27  time: 0.0620  data_time: 0.0014  memory: 8072  
2026/04/24 14:36:41 - mmengine - INFO - Iter(val) [1280/2000]    eta: 0:01:24  time: 0.0625  data_time: 0.0015  memory: 1246  
2026/04/24 14:36:42 - mmengine - INFO - Iter(val) [1300/2000]    eta: 0:01:21  time: 0.0617  data_time: 0.0014  memory: 1244  
2026/04/24 14:36:43 - mmengine - INFO - Iter(val) [1320/2000]    eta: 0:01:18  time: 0.0601  data_time: 0.0014  memory: 1246  
2026/04/24 14:36:45 - mmengine - INFO - Iter(val) [1340/2000]    eta: 0:01:16  time: 0.0657  data_time: 0.0015  memory: 7696  
2026/04/24 14:36:47 - mmengine - INFO - Iter(val) [1360/2000]    eta: 0:01:13  time: 0.1549  data_time: 0.0014  memory: 9374  
2026/04/24 14:36:49 - mmengine - INFO - Iter(val) [1380/2000]    eta: 0:01:11  time: 0.0693  data_time: 0.0015  memory: 10312  
2026/04/24 14:36:51 - mmengine - INFO - Iter(val) [1400/2000]    eta: 0:01:08  time: 0.1231  data_time: 0.0015  memory: 10869  
2026/04/24 14:36:52 - mmengine - INFO - Iter(val) [1420/2000]    eta: 0:01:06  time: 0.0547  data_time: 0.0013  memory: 1246  
2026/04/24 14:36:54 - mmengine - INFO - Iter(val) [1440/2000]    eta: 0:01:03  time: 0.0677  data_time: 0.0015  memory: 9379  
2026/04/24 14:36:56 - mmengine - INFO - Iter(val) [1460/2000]    eta: 0:01:01  time: 0.0621  data_time: 0.0015  memory: 9004  
2026/04/24 14:36:57 - mmengine - INFO - Iter(val) [1480/2000]    eta: 0:00:58  time: 0.0624  data_time: 0.0015  memory: 1246  
2026/04/24 14:36:58 - mmengine - INFO - Iter(val) [1500/2000]    eta: 0:00:55  time: 0.0600  data_time: 0.0014  memory: 1209  
2026/04/24 14:37:00 - mmengine - INFO - Iter(val) [1520/2000]    eta: 0:00:53  time: 0.0692  data_time: 0.0015  memory: 11057  
2026/04/24 14:37:01 - mmengine - INFO - Iter(val) [1540/2000]    eta: 0:00:51  time: 0.0661  data_time: 0.0014  memory: 1282  
2026/04/24 14:37:02 - mmengine - INFO - Iter(val) [1560/2000]    eta: 0:00:48  time: 0.0570  data_time: 0.0014  memory: 1261  
2026/04/24 14:37:04 - mmengine - INFO - Iter(val) [1580/2000]    eta: 0:00:46  time: 0.0677  data_time: 0.0015  memory: 1246  
2026/04/24 14:37:05 - mmengine - INFO - Iter(val) [1600/2000]    eta: 0:00:43  time: 0.0628  data_time: 0.0015  memory: 1236  
2026/04/24 14:37:07 - mmengine - INFO - Iter(val) [1620/2000]    eta: 0:00:41  time: 0.1866  data_time: 0.0015  memory: 9936  
2026/04/24 14:37:09 - mmengine - INFO - Iter(val) [1640/2000]    eta: 0:00:39  time: 0.1299  data_time: 0.0015  memory: 1858  
2026/04/24 14:37:11 - mmengine - INFO - Iter(val) [1660/2000]    eta: 0:00:37  time: 0.1031  data_time: 0.0015  memory: 7882  
2026/04/24 14:37:13 - mmengine - INFO - Iter(val) [1680/2000]    eta: 0:00:34  time: 0.0682  data_time: 0.0014  memory: 8254  
2026/04/24 14:37:15 - mmengine - INFO - Iter(val) [1700/2000]    eta: 0:00:32  time: 0.0632  data_time: 0.0015  memory: 9566  
2026/04/24 14:37:16 - mmengine - INFO - Iter(val) [1720/2000]    eta: 0:00:30  time: 0.1050  data_time: 0.0015  memory: 7881  
2026/04/24 14:37:18 - mmengine - INFO - Iter(val) [1740/2000]    eta: 0:00:28  time: 0.1177  data_time: 0.0015  memory: 10686  
2026/04/24 14:37:19 - mmengine - INFO - Iter(val) [1760/2000]    eta: 0:00:25  time: 0.0565  data_time: 0.0014  memory: 1246  
2026/04/24 14:37:21 - mmengine - INFO - Iter(val) [1780/2000]    eta: 0:00:23  time: 0.1043  data_time: 0.0015  memory: 8066  
2026/04/24 14:37:22 - mmengine - INFO - Iter(val) [1800/2000]    eta: 0:00:21  time: 0.0646  data_time: 0.0015  memory: 1246  
2026/04/24 14:37:23 - mmengine - INFO - Iter(val) [1820/2000]    eta: 0:00:19  time: 0.0641  data_time: 0.0016  memory: 1185  
2026/04/24 14:37:25 - mmengine - INFO - Iter(val) [1840/2000]    eta: 0:00:16  time: 0.0633  data_time: 0.0015  memory: 1185  
2026/04/24 14:37:26 - mmengine - INFO - Iter(val) [1860/2000]    eta: 0:00:14  time: 0.0626  data_time: 0.0015  memory: 1185  
2026/04/24 14:37:27 - mmengine - INFO - Iter(val) [1880/2000]    eta: 0:00:12  time: 0.0591  data_time: 0.0014  memory: 1246  
2026/04/24 14:37:29 - mmengine - INFO - Iter(val) [1900/2000]    eta: 0:00:10  time: 0.0660  data_time: 0.0015  memory: 5420  
2026/04/24 14:37:31 - mmengine - INFO - Iter(val) [1920/2000]    eta: 0:00:08  time: 0.1443  data_time: 0.0015  memory: 5536  
2026/04/24 14:37:33 - mmengine - INFO - Iter(val) [1940/2000]    eta: 0:00:06  time: 0.0643  data_time: 0.0015  memory: 8443  
2026/04/24 14:37:35 - mmengine - INFO - Iter(val) [1960/2000]    eta: 0:00:04  time: 0.1012  data_time: 0.0015  memory: 9005  
2026/04/24 14:37:36 - mmengine - INFO - Iter(val) [1980/2000]    eta: 0:00:02  time: 0.0605  data_time: 0.0014  memory: 1246  
2026/04/24 14:37:38 - mmengine - INFO - Iter(val) [2000/2000]    eta: 0:00:00  time: 0.0604  data_time: 0.0014  memory: 7693  
2026/04/24 14:37:38 - mmengine - INFO - per class results:
2026/04/24 14:37:38 - mmengine - INFO - 
+---------------------+-------+-------+
|        Class        |  IoU  |  Acc  |
+---------------------+-------+-------+
|         wall        | 28.08 | 70.84 |
|       building      | 27.48 | 52.27 |
|         sky         | 60.11 | 87.66 |
|        floor        | 22.38 | 58.23 |
|         tree        | 22.31 | 43.15 |
|       ceiling       | 21.22 | 28.34 |
|         road        | 36.94 | 71.38 |
|         bed         |  0.37 |  0.37 |
|      windowpane     |  9.81 | 12.97 |
|        grass        |  0.0  |  0.0  |
|       cabinet       |  0.0  |  0.0  |
|       sidewalk      |  0.0  |  0.0  |
|        person       |  0.0  |  0.0  |
|        earth        |  0.0  |  0.0  |
|         door        |  0.0  |  0.0  |
|        table        |  0.0  |  0.0  |
|       mountain      |  0.0  |  0.0  |
|        plant        |  0.0  |  0.0  |
|       curtain       |  0.0  |  0.0  |
|        chair        |  0.0  |  0.0  |
|         car         |  0.0  |  0.0  |
|        water        |  0.0  |  0.0  |
|       painting      |  0.0  |  0.0  |
|         sofa        |  0.0  |  0.0  |
|        shelf        |  0.0  |  0.0  |
|        house        |  0.0  |  0.0  |
|         sea         |  0.01 |  0.01 |
|        mirror       |  0.0  |  0.0  |
|         rug         |  0.0  |  0.0  |
|        field        |  0.0  |  0.0  |
|       armchair      |  0.0  |  0.0  |
|         seat        |  0.0  |  0.0  |
|        fence        |  0.0  |  0.0  |
|         desk        |  0.0  |  0.0  |
|         rock        |  0.0  |  0.0  |
|       wardrobe      |  0.0  |  0.0  |
|         lamp        |  0.0  |  0.0  |
|       bathtub       |  0.0  |  0.0  |
|       railing       |  0.0  |  0.0  |
|       cushion       |  0.0  |  0.0  |
|         base        |  0.0  |  0.0  |
|         box         |  0.0  |  0.0  |
|        column       |  0.0  |  0.0  |
|      signboard      |  0.0  |  0.0  |
|   chest of drawers  |  0.0  |  0.0  |
|       counter       |  0.0  |  0.0  |
|         sand        |  0.0  |  0.0  |
|         sink        |  0.0  |  0.0  |
|      skyscraper     |  0.0  |  0.0  |
|      fireplace      |  0.0  |  0.0  |
|     refrigerator    |  0.0  |  0.0  |
|      grandstand     |  0.0  |  0.0  |
|         path        |  0.0  |  0.0  |
|        stairs       |  0.0  |  0.0  |
|        runway       |  0.0  |  0.0  |
|         case        |  0.0  |  0.0  |
|      pool table     |  0.0  |  0.0  |
|        pillow       |  0.0  |  0.0  |
|     screen door     |  0.0  |  0.0  |
|       stairway      |  0.0  |  0.0  |
|        river        |  0.0  |  0.0  |
|        bridge       |  0.0  |  0.0  |
|       bookcase      |  0.0  |  0.0  |
|        blind        |  0.0  |  0.0  |
|     coffee table    |  0.0  |  0.0  |
|        toilet       |  0.0  |  0.0  |
|        flower       |  0.0  |  0.0  |
|         book        |  0.0  |  0.0  |
|         hill        |  0.0  |  0.0  |
|        bench        |  0.0  |  0.0  |
|      countertop     |  0.0  |  0.0  |
|        stove        |  0.0  |  0.0  |
|         palm        |  0.0  |  0.0  |
|    kitchen island   |  0.0  |  0.0  |
|       computer      |  0.0  |  0.0  |
|     swivel chair    |  0.0  |  0.0  |
|         boat        |  0.0  |  0.0  |
|         bar         |  0.0  |  0.0  |
|    arcade machine   |  0.0  |  0.0  |
|        hovel        |  0.0  |  0.0  |
|         bus         |  0.0  |  0.0  |
|        towel        |  0.0  |  0.0  |
|        light        |  0.0  |  0.0  |
|        truck        |  0.0  |  0.0  |
|        tower        |  0.0  |  0.0  |
|      chandelier     |  0.0  |  0.0  |
|        awning       |  0.0  |  0.0  |
|     streetlight     |  0.0  |  0.0  |
|        booth        |  0.0  |  0.0  |
| television receiver |  0.0  |  0.0  |
|       airplane      |  0.0  |  0.0  |
|      dirt track     |  0.0  |  0.0  |
|       apparel       |  0.0  |  0.0  |
|         pole        |  0.0  |  0.0  |
|         land        |  0.0  |  0.0  |
|      bannister      |  0.0  |  0.0  |
|      escalator      |  0.0  |  0.0  |
|       ottoman       |  0.0  |  0.0  |
|        bottle       |  0.0  |  0.0  |
|        buffet       |  0.0  |  0.0  |
|        poster       |  0.0  |  0.0  |
|        stage        |  0.0  |  0.0  |
|         van         |  0.0  |  0.0  |
|         ship        |  0.0  |  0.0  |
|       fountain      |  0.0  |  0.0  |
|    conveyer belt    |  0.0  |  0.0  |
|        canopy       |  0.0  |  0.0  |
|        washer       |  0.0  |  0.0  |
|      plaything      |  0.0  |  0.0  |
|    swimming pool    |  0.0  |  0.0  |
|        stool        |  0.0  |  0.0  |
|        barrel       |  0.0  |  0.0  |
|        basket       |  0.0  |  0.0  |
|      waterfall      |  0.0  |  0.0  |
|         tent        |  0.0  |  0.0  |
|         bag         |  0.0  |  0.0  |
|       minibike      |  0.0  |  0.0  |
|        cradle       |  0.0  |  0.0  |
|         oven        |  0.0  |  0.0  |
|         ball        |  0.0  |  0.0  |
|         food        |  0.0  |  0.0  |
|         step        |  0.0  |  0.0  |
|         tank        |  0.0  |  0.0  |
|      trade name     |  0.0  |  0.0  |
|      microwave      |  0.0  |  0.0  |
|         pot         |  0.0  |  0.0  |
|        animal       |  0.0  |  0.0  |
|       bicycle       |  0.0  |  0.0  |
|         lake        |  0.0  |  0.0  |
|      dishwasher     |  0.0  |  0.0  |
|        screen       |  0.0  |  0.0  |
|       blanket       |  0.0  |  0.0  |
|      sculpture      |  0.0  |  0.0  |
|         hood        |  0.0  |  0.0  |
|        sconce       |  0.0  |  0.0  |
|         vase        |  0.0  |  0.0  |
|    traffic light    |  0.0  |  0.0  |
|         tray        |  0.0  |  0.0  |
|        ashcan       |  0.0  |  0.0  |
|         fan         |  0.0  |  0.0  |
|         pier        |  0.0  |  0.0  |
|      crt screen     |  0.0  |  0.0  |
|        plate        |  0.0  |  0.0  |
|       monitor       |  0.0  |  0.0  |
|    bulletin board   |  0.0  |  0.0  |
|        shower       |  0.0  |  0.0  |
|       radiator      |  0.0  |  0.0  |
|        glass        |  0.0  |  0.0  |
|        clock        |  0.0  |  0.0  |
|         flag        |  0.0  |  0.0  |
+---------------------+-------+-------+
2026/04/24 14:37:38 - mmengine - INFO - Iter(val) [2000/2000]    aAcc: 37.0200  mIoU: 1.5200  mAcc: 2.8300  data_time: 0.0016  time: 0.1038
2026/04/24 14:37:39 - mmengine - INFO - The best checkpoint with 1.5200 mIoU at 1000 iter is saved to best_mIoU_iter_1000.pth.
2026/04/24 14:37:48 - mmengine - INFO - Iter(train) [1020/8000]  lr: 5.5847e-05  eta: 0:35:38  time: 0.2954  data_time: 0.0053  memory: 5848  loss: 3.5737  decode.loss_ce: 2.4917  decode.acc_seg: 42.9708  aux.loss_ce: 1.0819  aux.acc_seg: 35.4960
2026/04/24 14:37:54 - mmengine - INFO - Iter(train) [1040/8000]  lr: 5.5687e-05  eta: 0:35:31  time: 0.3001  data_time: 0.0052  memory: 5847  loss: 3.0351  decode.loss_ce: 2.0990  decode.acc_seg: 7.2158  aux.loss_ce: 0.9361  aux.acc_seg: 13.6621
2026/04/24 14:38:00 - mmengine - INFO - Iter(train) [1060/8000]  lr: 5.5527e-05  eta: 0:35:24  time: 0.3028  data_time: 0.0053  memory: 5847  loss: 3.8400  decode.loss_ce: 2.6751  decode.acc_seg: 18.0337  aux.loss_ce: 1.1649  aux.acc_seg: 0.0000
2026/04/24 14:38:06 - mmengine - INFO - Iter(train) [1080/8000]  lr: 5.5367e-05  eta: 0:35:18  time: 0.3046  data_time: 0.0052  memory: 5847  loss: 3.7434  decode.loss_ce: 2.6233  decode.acc_seg: 15.9829  aux.loss_ce: 1.1200  aux.acc_seg: 21.7173
2026/04/24 14:38:12 - mmengine - INFO - Iter(train) [1100/8000]  lr: 5.5207e-05  eta: 0:35:12  time: 0.3031  data_time: 0.0052  memory: 5847  loss: 3.3510  decode.loss_ce: 2.3359  decode.acc_seg: 21.2931  aux.loss_ce: 1.0151  aux.acc_seg: 17.9534
2026/04/24 14:38:18 - mmengine - INFO - Iter(train) [1120/8000]  lr: 5.5047e-05  eta: 0:35:05  time: 0.3070  data_time: 0.0052  memory: 5847  loss: 3.6134  decode.loss_ce: 2.5008  decode.acc_seg: 26.4609  aux.loss_ce: 1.1126  aux.acc_seg: 23.9139
2026/04/24 14:38:24 - mmengine - INFO - Iter(train) [1140/8000]  lr: 5.4887e-05  eta: 0:34:59  time: 0.3037  data_time: 0.0054  memory: 5847  loss: 3.3874  decode.loss_ce: 2.3320  decode.acc_seg: 34.3622  aux.loss_ce: 1.0554  aux.acc_seg: 27.0630
2026/04/24 14:38:30 - mmengine - INFO - Iter(train) [1160/8000]  lr: 5.4727e-05  eta: 0:34:53  time: 0.3084  data_time: 0.0054  memory: 5847  loss: 3.4239  decode.loss_ce: 2.3758  decode.acc_seg: 3.4360  aux.loss_ce: 1.0482  aux.acc_seg: 4.0223
2026/04/24 14:38:36 - mmengine - INFO - Iter(train) [1180/8000]  lr: 5.4567e-05  eta: 0:34:46  time: 0.3029  data_time: 0.0054  memory: 5847  loss: 3.6532  decode.loss_ce: 2.5566  decode.acc_seg: 11.4382  aux.loss_ce: 1.0966  aux.acc_seg: 20.0559
2026/04/24 14:38:42 - mmengine - INFO - Iter(train) [1200/8000]  lr: 5.4407e-05  eta: 0:34:40  time: 0.3071  data_time: 0.0054  memory: 5847  loss: 3.1829  decode.loss_ce: 2.2260  decode.acc_seg: 13.5240  aux.loss_ce: 0.9569  aux.acc_seg: 8.5538
2026/04/24 14:38:49 - mmengine - INFO - Iter(train) [1220/8000]  lr: 5.4247e-05  eta: 0:34:35  time: 0.3080  data_time: 0.0054  memory: 5847  loss: 3.3988  decode.loss_ce: 2.3616  decode.acc_seg: 48.9321  aux.loss_ce: 1.0372  aux.acc_seg: 37.5179
2026/04/24 14:38:55 - mmengine - INFO - Iter(train) [1240/8000]  lr: 5.4087e-05  eta: 0:34:29  time: 0.3065  data_time: 0.0053  memory: 5847  loss: 3.3070  decode.loss_ce: 2.3059  decode.acc_seg: 39.9237  aux.loss_ce: 1.0012  aux.acc_seg: 37.7667
2026/04/24 14:39:01 - mmengine - INFO - Iter(train) [1260/8000]  lr: 5.3927e-05  eta: 0:34:23  time: 0.3085  data_time: 0.0051  memory: 5847  loss: 3.5185  decode.loss_ce: 2.4262  decode.acc_seg: 17.9745  aux.loss_ce: 1.0923  aux.acc_seg: 17.5906
2026/04/24 14:39:07 - mmengine - INFO - Iter(train) [1280/8000]  lr: 5.3767e-05  eta: 0:34:17  time: 0.3118  data_time: 0.0051  memory: 5847  loss: 3.8296  decode.loss_ce: 2.6809  decode.acc_seg: 21.4629  aux.loss_ce: 1.1488  aux.acc_seg: 26.5727
2026/04/24 14:39:13 - mmengine - INFO - Iter(train) [1300/8000]  lr: 5.3607e-05  eta: 0:34:11  time: 0.3055  data_time: 0.0050  memory: 5847  loss: 3.4760  decode.loss_ce: 2.4267  decode.acc_seg: 46.8966  aux.loss_ce: 1.0493  aux.acc_seg: 32.1809
2026/04/24 14:39:19 - mmengine - INFO - Iter(train) [1320/8000]  lr: 5.3447e-05  eta: 0:34:05  time: 0.3063  data_time: 0.0051  memory: 5847  loss: 3.7553  decode.loss_ce: 2.6211  decode.acc_seg: 13.4597  aux.loss_ce: 1.1342  aux.acc_seg: 3.4597
2026/04/24 14:39:26 - mmengine - INFO - Iter(train) [1340/8000]  lr: 5.3287e-05  eta: 0:33:59  time: 0.3081  data_time: 0.0051  memory: 5847  loss: 3.8882  decode.loss_ce: 2.7347  decode.acc_seg: 39.5225  aux.loss_ce: 1.1535  aux.acc_seg: 38.0384
2026/04/24 14:39:32 - mmengine - INFO - Iter(train) [1360/8000]  lr: 5.3127e-05  eta: 0:33:53  time: 0.3065  data_time: 0.0050  memory: 5847  loss: 3.4107  decode.loss_ce: 2.3670  decode.acc_seg: 12.0660  aux.loss_ce: 1.0438  aux.acc_seg: 8.2454
2026/04/24 14:39:38 - mmengine - INFO - Iter(train) [1380/8000]  lr: 5.2967e-05  eta: 0:33:47  time: 0.3063  data_time: 0.0051  memory: 5847  loss: 3.7576  decode.loss_ce: 2.6384  decode.acc_seg: 31.4649  aux.loss_ce: 1.1192  aux.acc_seg: 16.8232
2026/04/24 14:39:44 - mmengine - INFO - Iter(train) [1400/8000]  lr: 5.2807e-05  eta: 0:33:41  time: 0.3093  data_time: 0.0050  memory: 5847  loss: 2.6776  decode.loss_ce: 1.8479  decode.acc_seg: 33.0551  aux.loss_ce: 0.8296  aux.acc_seg: 29.0810
2026/04/24 14:39:50 - mmengine - INFO - Iter(train) [1420/8000]  lr: 5.2647e-05  eta: 0:33:35  time: 0.3051  data_time: 0.0050  memory: 5847  loss: 3.4052  decode.loss_ce: 2.3563  decode.acc_seg: 12.5072  aux.loss_ce: 1.0489  aux.acc_seg: 24.3915
2026/04/24 14:39:56 - mmengine - INFO - Iter(train) [1440/8000]  lr: 5.2487e-05  eta: 0:33:29  time: 0.3068  data_time: 0.0051  memory: 5847  loss: 3.8494  decode.loss_ce: 2.7093  decode.acc_seg: 33.6162  aux.loss_ce: 1.1402  aux.acc_seg: 35.2488
2026/04/24 14:40:03 - mmengine - INFO - Iter(train) [1460/8000]  lr: 5.2327e-05  eta: 0:33:23  time: 0.3063  data_time: 0.0049  memory: 5847  loss: 3.2209  decode.loss_ce: 2.2387  decode.acc_seg: 9.8287  aux.loss_ce: 0.9822  aux.acc_seg: 3.3605
2026/04/24 14:40:09 - mmengine - INFO - Iter(train) [1480/8000]  lr: 5.2167e-05  eta: 0:33:17  time: 0.3082  data_time: 0.0051  memory: 5847  loss: 3.7271  decode.loss_ce: 2.5836  decode.acc_seg: 11.9379  aux.loss_ce: 1.1435  aux.acc_seg: 10.3537
2026/04/24 14:40:15 - mmengine - INFO - Iter(train) [1500/8000]  lr: 5.2007e-05  eta: 0:33:11  time: 0.3082  data_time: 0.0051  memory: 5847  loss: 2.7607  decode.loss_ce: 1.9133  decode.acc_seg: 52.6690  aux.loss_ce: 0.8474  aux.acc_seg: 44.3028
2026/04/24 14:40:21 - mmengine - INFO - Iter(train) [1520/8000]  lr: 5.1847e-05  eta: 0:33:06  time: 0.3207  data_time: 0.0051  memory: 5847  loss: 3.3527  decode.loss_ce: 2.3471  decode.acc_seg: 46.6014  aux.loss_ce: 1.0056  aux.acc_seg: 31.6416
2026/04/24 14:40:27 - mmengine - INFO - Iter(train) [1540/8000]  lr: 5.1687e-05  eta: 0:33:00  time: 0.3080  data_time: 0.0050  memory: 5847  loss: 3.3934  decode.loss_ce: 2.3457  decode.acc_seg: 47.1441  aux.loss_ce: 1.0477  aux.acc_seg: 34.1469
2026/04/24 14:40:33 - mmengine - INFO - Iter(train) [1560/8000]  lr: 5.1527e-05  eta: 0:32:54  time: 0.3094  data_time: 0.0050  memory: 5847  loss: 3.3148  decode.loss_ce: 2.2858  decode.acc_seg: 13.3293  aux.loss_ce: 1.0290  aux.acc_seg: 17.6997
2026/04/24 14:40:40 - mmengine - INFO - Iter(train) [1580/8000]  lr: 5.1367e-05  eta: 0:32:48  time: 0.3087  data_time: 0.0051  memory: 5847  loss: 3.8764  decode.loss_ce: 2.7250  decode.acc_seg: 3.2225  aux.loss_ce: 1.1514  aux.acc_seg: 5.0442
2026/04/24 14:40:46 - mmengine - INFO - Iter(train) [1600/8000]  lr: 5.1207e-05  eta: 0:32:42  time: 0.3063  data_time: 0.0050  memory: 5847  loss: 2.9126  decode.loss_ce: 2.0331  decode.acc_seg: 17.4231  aux.loss_ce: 0.8794  aux.acc_seg: 15.3282
2026/04/24 14:40:52 - mmengine - INFO - Iter(train) [1620/8000]  lr: 5.1047e-05  eta: 0:32:36  time: 0.3066  data_time: 0.0050  memory: 5847  loss: 3.3013  decode.loss_ce: 2.2978  decode.acc_seg: 41.5598  aux.loss_ce: 1.0034  aux.acc_seg: 42.3073
2026/04/24 14:40:58 - mmengine - INFO - Iter(train) [1640/8000]  lr: 5.0887e-05  eta: 0:32:30  time: 0.3101  data_time: 0.0051  memory: 5847  loss: 3.4222  decode.loss_ce: 2.3888  decode.acc_seg: 32.9682  aux.loss_ce: 1.0334  aux.acc_seg: 23.6518
2026/04/24 14:41:04 - mmengine - INFO - Iter(train) [1660/8000]  lr: 5.0727e-05  eta: 0:32:24  time: 0.3052  data_time: 0.0050  memory: 5847  loss: 3.3374  decode.loss_ce: 2.3447  decode.acc_seg: 14.5724  aux.loss_ce: 0.9926  aux.acc_seg: 19.4975
2026/04/24 14:41:10 - mmengine - INFO - Iter(train) [1680/8000]  lr: 5.0567e-05  eta: 0:32:17  time: 0.3070  data_time: 0.0050  memory: 5847  loss: 2.9862  decode.loss_ce: 2.0685  decode.acc_seg: 30.8941  aux.loss_ce: 0.9177  aux.acc_seg: 25.7721
2026/04/24 14:41:16 - mmengine - INFO - Iter(train) [1700/8000]  lr: 5.0407e-05  eta: 0:32:11  time: 0.3062  data_time: 0.0050  memory: 5847  loss: 3.7815  decode.loss_ce: 2.6695  decode.acc_seg: 17.7695  aux.loss_ce: 1.1121  aux.acc_seg: 13.9647
2026/04/24 14:41:23 - mmengine - INFO - Iter(train) [1720/8000]  lr: 5.0247e-05  eta: 0:32:05  time: 0.3072  data_time: 0.0050  memory: 5847  loss: 3.2121  decode.loss_ce: 2.2122  decode.acc_seg: 33.5838  aux.loss_ce: 0.9999  aux.acc_seg: 33.1461
2026/04/24 14:41:29 - mmengine - INFO - Iter(train) [1740/8000]  lr: 5.0087e-05  eta: 0:32:00  time: 0.3079  data_time: 0.0051  memory: 5847  loss: 3.6534  decode.loss_ce: 2.5739  decode.acc_seg: 19.6402  aux.loss_ce: 1.0795  aux.acc_seg: 16.8733
2026/04/24 14:41:35 - mmengine - INFO - Iter(train) [1760/8000]  lr: 4.9927e-05  eta: 0:31:53  time: 0.3064  data_time: 0.0051  memory: 5847  loss: 3.4248  decode.loss_ce: 2.3876  decode.acc_seg: 20.3928  aux.loss_ce: 1.0373  aux.acc_seg: 19.4310
2026/04/24 14:41:41 - mmengine - INFO - Iter(train) [1780/8000]  lr: 4.9767e-05  eta: 0:31:47  time: 0.3075  data_time: 0.0050  memory: 5847  loss: 4.1018  decode.loss_ce: 2.8797  decode.acc_seg: 16.5907  aux.loss_ce: 1.2220  aux.acc_seg: 2.3406
2026/04/24 14:41:47 - mmengine - INFO - Iter(train) [1800/8000]  lr: 4.9607e-05  eta: 0:31:41  time: 0.3073  data_time: 0.0049  memory: 5847  loss: 3.0824  decode.loss_ce: 2.1617  decode.acc_seg: 30.0826  aux.loss_ce: 0.9207  aux.acc_seg: 22.6811
2026/04/24 14:41:54 - mmengine - INFO - Iter(train) [1820/8000]  lr: 4.9447e-05  eta: 0:31:35  time: 0.3083  data_time: 0.0052  memory: 5847  loss: 3.1417  decode.loss_ce: 2.2148  decode.acc_seg: 16.3715  aux.loss_ce: 0.9269  aux.acc_seg: 6.8929
2026/04/24 14:42:00 - mmengine - INFO - Iter(train) [1840/8000]  lr: 4.9287e-05  eta: 0:31:29  time: 0.3077  data_time: 0.0052  memory: 5847  loss: 2.8305  decode.loss_ce: 1.9600  decode.acc_seg: 40.8798  aux.loss_ce: 0.8705  aux.acc_seg: 29.6371
2026/04/24 14:42:06 - mmengine - INFO - Iter(train) [1860/8000]  lr: 4.9127e-05  eta: 0:31:23  time: 0.3077  data_time: 0.0050  memory: 5847  loss: 3.2226  decode.loss_ce: 2.2593  decode.acc_seg: 18.6123  aux.loss_ce: 0.9632  aux.acc_seg: 13.5206
2026/04/24 14:42:12 - mmengine - INFO - Iter(train) [1880/8000]  lr: 4.8967e-05  eta: 0:31:17  time: 0.3175  data_time: 0.0050  memory: 5847  loss: 2.7088  decode.loss_ce: 1.8946  decode.acc_seg: 16.5485  aux.loss_ce: 0.8142  aux.acc_seg: 11.0174
2026/04/24 14:42:18 - mmengine - INFO - Iter(train) [1900/8000]  lr: 4.8807e-05  eta: 0:31:11  time: 0.3078  data_time: 0.0052  memory: 5847  loss: 3.3830  decode.loss_ce: 2.3871  decode.acc_seg: 8.6241  aux.loss_ce: 0.9959  aux.acc_seg: 23.2277
2026/04/24 14:42:24 - mmengine - INFO - Iter(train) [1920/8000]  lr: 4.8646e-05  eta: 0:31:05  time: 0.3067  data_time: 0.0051  memory: 5847  loss: 2.8774  decode.loss_ce: 1.9896  decode.acc_seg: 26.9259  aux.loss_ce: 0.8878  aux.acc_seg: 12.7347
2026/04/24 14:42:31 - mmengine - INFO - Iter(train) [1940/8000]  lr: 4.8486e-05  eta: 0:30:59  time: 0.3076  data_time: 0.0051  memory: 5847  loss: 3.8639  decode.loss_ce: 2.7278  decode.acc_seg: 7.9196  aux.loss_ce: 1.1361  aux.acc_seg: 7.1569
2026/04/24 14:42:37 - mmengine - INFO - Iter(train) [1960/8000]  lr: 4.8326e-05  eta: 0:30:53  time: 0.3093  data_time: 0.0050  memory: 5847  loss: 2.6886  decode.loss_ce: 1.8841  decode.acc_seg: 34.8579  aux.loss_ce: 0.8045  aux.acc_seg: 41.6945
2026/04/24 14:42:43 - mmengine - INFO - Iter(train) [1980/8000]  lr: 4.8166e-05  eta: 0:30:47  time: 0.3056  data_time: 0.0051  memory: 5847  loss: 3.6242  decode.loss_ce: 2.5326  decode.acc_seg: 41.4094  aux.loss_ce: 1.0916  aux.acc_seg: 50.4094
2026/04/24 14:42:49 - mmengine - INFO - Exp name: pvmamba_tiny_upernet_ade20k_20260424_142901
2026/04/24 14:42:49 - mmengine - INFO - Iter(train) [2000/8000]  lr: 4.8006e-05  eta: 0:30:41  time: 0.3062  data_time: 0.0051  memory: 5847  loss: 2.7592  decode.loss_ce: 1.9189  decode.acc_seg: 19.0510  aux.loss_ce: 0.8403  aux.acc_seg: 13.0283
2026/04/24 14:42:49 - mmengine - INFO - Saving checkpoint at 2000 iterations
2026/04/24 14:42:52 - mmengine - INFO - Iter(val) [  20/2000]    eta: 0:02:06  time: 0.0634  data_time: 0.0015  memory: 1321  
2026/04/24 14:42:53 - mmengine - INFO - Iter(val) [  40/2000]    eta: 0:02:04  time: 0.0649  data_time: 0.0015  memory: 1354  
2026/04/24 14:42:54 - mmengine - INFO - Iter(val) [  60/2000]    eta: 0:02:04  time: 0.0644  data_time: 0.0015  memory: 1323  
2026/04/24 14:42:55 - mmengine - INFO - Iter(val) [  80/2000]    eta: 0:02:02  time: 0.0641  data_time: 0.0015  memory: 1246  
2026/04/24 14:42:57 - mmengine - INFO - Iter(val) [ 100/2000]    eta: 0:02:01  time: 0.0659  data_time: 0.0016  memory: 1364  
2026/04/24 14:42:58 - mmengine - INFO - Iter(val) [ 120/2000]    eta: 0:01:59  time: 0.0612  data_time: 0.0015  memory: 1258  
2026/04/24 14:42:59 - mmengine - INFO - Iter(val) [ 140/2000]    eta: 0:01:58  time: 0.0643  data_time: 0.0015  memory: 1261  
2026/04/24 14:43:01 - mmengine - INFO - Iter(val) [ 160/2000]    eta: 0:01:57  time: 0.0671  data_time: 0.0016  memory: 1440  
2026/04/24 14:43:02 - mmengine - INFO - Iter(val) [ 180/2000]    eta: 0:01:56  time: 0.0640  data_time: 0.0016  memory: 1246  
2026/04/24 14:43:03 - mmengine - INFO - Iter(val) [ 200/2000]    eta: 0:01:55  time: 0.0630  data_time: 0.0015  memory: 1354  
2026/04/24 14:43:04 - mmengine - INFO - Iter(val) [ 220/2000]    eta: 0:01:53  time: 0.0603  data_time: 0.0014  memory: 1518  
2026/04/24 14:43:06 - mmengine - INFO - Iter(val) [ 240/2000]    eta: 0:01:52  time: 0.0673  data_time: 0.0015  memory: 1471  
2026/04/24 14:43:07 - mmengine - INFO - Iter(val) [ 260/2000]    eta: 0:01:50  time: 0.0611  data_time: 0.0015  memory: 1297  
2026/04/24 14:43:08 - mmengine - INFO - Iter(val) [ 280/2000]    eta: 0:01:49  time: 0.0627  data_time: 0.0015  memory: 1246  
2026/04/24 14:43:09 - mmengine - INFO - Iter(val) [ 300/2000]    eta: 0:01:48  time: 0.0646  data_time: 0.0016  memory: 1349  
2026/04/24 14:43:11 - mmengine - INFO - Iter(val) [ 320/2000]    eta: 0:01:46  time: 0.0634  data_time: 0.0016  memory: 1303  
2026/04/24 14:43:12 - mmengine - INFO - Iter(val) [ 340/2000]    eta: 0:01:45  time: 0.0654  data_time: 0.0015  memory: 1351  
2026/04/24 14:43:13 - mmengine - INFO - Iter(val) [ 360/2000]    eta: 0:01:44  time: 0.0624  data_time: 0.0015  memory: 1246  
2026/04/24 14:43:14 - mmengine - INFO - Iter(val) [ 380/2000]    eta: 0:01:42  time: 0.0634  data_time: 0.0015  memory: 1357  
2026/04/24 14:43:16 - mmengine - INFO - Iter(val) [ 400/2000]    eta: 0:01:41  time: 0.0641  data_time: 0.0014  memory: 1340  
2026/04/24 14:43:17 - mmengine - INFO - Iter(val) [ 420/2000]    eta: 0:01:39  time: 0.0550  data_time: 0.0014  memory: 1187  
2026/04/24 14:43:18 - mmengine - INFO - Iter(val) [ 440/2000]    eta: 0:01:38  time: 0.0664  data_time: 0.0015  memory: 1358  
2026/04/24 14:43:19 - mmengine - INFO - Iter(val) [ 460/2000]    eta: 0:01:37  time: 0.0637  data_time: 0.0015  memory: 1258  
2026/04/24 14:43:21 - mmengine - INFO - Iter(val) [ 480/2000]    eta: 0:01:36  time: 0.0648  data_time: 0.0016  memory: 1246  
2026/04/24 14:43:22 - mmengine - INFO - Iter(val) [ 500/2000]    eta: 0:01:34  time: 0.0610  data_time: 0.0015  memory: 1259  
2026/04/24 14:43:23 - mmengine - INFO - Iter(val) [ 520/2000]    eta: 0:01:33  time: 0.0676  data_time: 0.0015  memory: 1253  
2026/04/24 14:43:25 - mmengine - INFO - Iter(val) [ 540/2000]    eta: 0:01:32  time: 0.0672  data_time: 0.0015  memory: 1280  
2026/04/24 14:43:26 - mmengine - INFO - Iter(val) [ 560/2000]    eta: 0:01:31  time: 0.0635  data_time: 0.0015  memory: 1343  
2026/04/24 14:43:27 - mmengine - INFO - Iter(val) [ 580/2000]    eta: 0:01:30  time: 0.0650  data_time: 0.0016  memory: 1355  
2026/04/24 14:43:28 - mmengine - INFO - Iter(val) [ 600/2000]    eta: 0:01:28  time: 0.0663  data_time: 0.0016  memory: 1261  
2026/04/24 14:43:30 - mmengine - INFO - Iter(val) [ 620/2000]    eta: 0:01:27  time: 0.0615  data_time: 0.0014  memory: 1295  
2026/04/24 14:43:31 - mmengine - INFO - Iter(val) [ 640/2000]    eta: 0:01:26  time: 0.0640  data_time: 0.0015  memory: 1296  
2026/04/24 14:43:32 - mmengine - INFO - Iter(val) [ 660/2000]    eta: 0:01:25  time: 0.0655  data_time: 0.0015  memory: 1327  
2026/04/24 14:43:34 - mmengine - INFO - Iter(val) [ 680/2000]    eta: 0:01:23  time: 0.0637  data_time: 0.0015  memory: 1339  
2026/04/24 14:43:35 - mmengine - INFO - Iter(val) [ 700/2000]    eta: 0:01:22  time: 0.0646  data_time: 0.0015  memory: 1321  
2026/04/24 14:43:36 - mmengine - INFO - Iter(val) [ 720/2000]    eta: 0:01:21  time: 0.0660  data_time: 0.0014  memory: 1272  
2026/04/24 14:43:37 - mmengine - INFO - Iter(val) [ 740/2000]    eta: 0:01:20  time: 0.0655  data_time: 0.0014  memory: 1339  
2026/04/24 14:43:39 - mmengine - INFO - Iter(val) [ 760/2000]    eta: 0:01:18  time: 0.0577  data_time: 0.0014  memory: 1264  
2026/04/24 14:43:40 - mmengine - INFO - Iter(val) [ 780/2000]    eta: 0:01:17  time: 0.0618  data_time: 0.0015  memory: 1246  
2026/04/24 14:43:41 - mmengine - INFO - Iter(val) [ 800/2000]    eta: 0:01:16  time: 0.0651  data_time: 0.0016  memory: 1246  
2026/04/24 14:43:42 - mmengine - INFO - Iter(val) [ 820/2000]    eta: 0:01:14  time: 0.0640  data_time: 0.0016  memory: 1184  
2026/04/24 14:43:44 - mmengine - INFO - Iter(val) [ 840/2000]    eta: 0:01:13  time: 0.0636  data_time: 0.0016  memory: 1246  
2026/04/24 14:43:45 - mmengine - INFO - Iter(val) [ 860/2000]    eta: 0:01:12  time: 0.0636  data_time: 0.0015  memory: 1246  
2026/04/24 14:43:46 - mmengine - INFO - Iter(val) [ 880/2000]    eta: 0:01:10  time: 0.0603  data_time: 0.0014  memory: 1245  
2026/04/24 14:43:47 - mmengine - INFO - Iter(val) [ 900/2000]    eta: 0:01:09  time: 0.0595  data_time: 0.0015  memory: 1296  
2026/04/24 14:43:49 - mmengine - INFO - Iter(val) [ 920/2000]    eta: 0:01:08  time: 0.0640  data_time: 0.0015  memory: 1333  
2026/04/24 14:43:50 - mmengine - INFO - Iter(val) [ 940/2000]    eta: 0:01:07  time: 0.0653  data_time: 0.0015  memory: 1255  
2026/04/24 14:43:51 - mmengine - INFO - Iter(val) [ 960/2000]    eta: 0:01:05  time: 0.0599  data_time: 0.0014  memory: 1245  
2026/04/24 14:43:52 - mmengine - INFO - Iter(val) [ 980/2000]    eta: 0:01:04  time: 0.0582  data_time: 0.0015  memory: 1246  
2026/04/24 14:43:54 - mmengine - INFO - Iter(val) [1000/2000]    eta: 0:01:03  time: 0.0618  data_time: 0.0015  memory: 1336  
2026/04/24 14:43:55 - mmengine - INFO - Iter(val) [1020/2000]    eta: 0:01:01  time: 0.0646  data_time: 0.0015  memory: 1348  
2026/04/24 14:43:56 - mmengine - INFO - Iter(val) [1040/2000]    eta: 0:01:00  time: 0.0663  data_time: 0.0016  memory: 1342  
2026/04/24 14:43:57 - mmengine - INFO - Iter(val) [1060/2000]    eta: 0:00:59  time: 0.0614  data_time: 0.0015  memory: 1264  
2026/04/24 14:43:59 - mmengine - INFO - Iter(val) [1080/2000]    eta: 0:00:58  time: 0.0633  data_time: 0.0015  memory: 1275  
2026/04/24 14:44:00 - mmengine - INFO - Iter(val) [1100/2000]    eta: 0:00:56  time: 0.0618  data_time: 0.0015  memory: 1246  
2026/04/24 14:44:01 - mmengine - INFO - Iter(val) [1120/2000]    eta: 0:00:55  time: 0.0632  data_time: 0.0015  memory: 1310  
2026/04/24 14:44:02 - mmengine - INFO - Iter(val) [1140/2000]    eta: 0:00:54  time: 0.0625  data_time: 0.0015  memory: 1246  
2026/04/24 14:44:04 - mmengine - INFO - Iter(val) [1160/2000]    eta: 0:00:53  time: 0.0641  data_time: 0.0017  memory: 2303  
2026/04/24 14:44:05 - mmengine - INFO - Iter(val) [1180/2000]    eta: 0:00:51  time: 0.0640  data_time: 0.0015  memory: 1246  
2026/04/24 14:44:06 - mmengine - INFO - Iter(val) [1200/2000]    eta: 0:00:50  time: 0.0625  data_time: 0.0014  memory: 1357  
2026/04/24 14:44:07 - mmengine - INFO - Iter(val) [1220/2000]    eta: 0:00:49  time: 0.0645  data_time: 0.0014  memory: 1284  
2026/04/24 14:44:09 - mmengine - INFO - Iter(val) [1240/2000]    eta: 0:00:48  time: 0.0644  data_time: 0.0014  memory: 1289  
2026/04/24 14:44:10 - mmengine - INFO - Iter(val) [1260/2000]    eta: 0:00:46  time: 0.0587  data_time: 0.0014  memory: 1238  
2026/04/24 14:44:11 - mmengine - INFO - Iter(val) [1280/2000]    eta: 0:00:45  time: 0.0616  data_time: 0.0015  memory: 1246  
2026/04/24 14:44:12 - mmengine - INFO - Iter(val) [1300/2000]    eta: 0:00:44  time: 0.0637  data_time: 0.0015  memory: 1245  
2026/04/24 14:44:14 - mmengine - INFO - Iter(val) [1320/2000]    eta: 0:00:42  time: 0.0605  data_time: 0.0014  memory: 1246  
2026/04/24 14:44:15 - mmengine - INFO - Iter(val) [1340/2000]    eta: 0:00:41  time: 0.0645  data_time: 0.0015  memory: 1251  
2026/04/24 14:44:16 - mmengine - INFO - Iter(val) [1360/2000]    eta: 0:00:40  time: 0.0597  data_time: 0.0014  memory: 1214  
2026/04/24 14:44:17 - mmengine - INFO - Iter(val) [1380/2000]    eta: 0:00:39  time: 0.0649  data_time: 0.0015  memory: 1277  
2026/04/24 14:44:19 - mmengine - INFO - Iter(val) [1400/2000]    eta: 0:00:37  time: 0.0636  data_time: 0.0014  memory: 1337  
2026/04/24 14:44:20 - mmengine - INFO - Iter(val) [1420/2000]    eta: 0:00:36  time: 0.0556  data_time: 0.0014  memory: 1246  
2026/04/24 14:44:21 - mmengine - INFO - Iter(val) [1440/2000]    eta: 0:00:35  time: 0.0644  data_time: 0.0015  memory: 1333  
2026/04/24 14:44:22 - mmengine - INFO - Iter(val) [1460/2000]    eta: 0:00:34  time: 0.0616  data_time: 0.0015  memory: 1259  
2026/04/24 14:44:24 - mmengine - INFO - Iter(val) [1480/2000]    eta: 0:00:32  time: 0.0635  data_time: 0.0015  memory: 1246  
2026/04/24 14:44:25 - mmengine - INFO - Iter(val) [1500/2000]    eta: 0:00:31  time: 0.0604  data_time: 0.0015  memory: 1210  
2026/04/24 14:44:26 - mmengine - INFO - Iter(val) [1520/2000]    eta: 0:00:30  time: 0.0659  data_time: 0.0016  memory: 1319  
2026/04/24 14:44:27 - mmengine - INFO - Iter(val) [1540/2000]    eta: 0:00:29  time: 0.0645  data_time: 0.0015  memory: 1282  
2026/04/24 14:44:29 - mmengine - INFO - Iter(val) [1560/2000]    eta: 0:00:27  time: 0.0576  data_time: 0.0014  memory: 1261  
2026/04/24 14:44:30 - mmengine - INFO - Iter(val) [1580/2000]    eta: 0:00:26  time: 0.0638  data_time: 0.0016  memory: 1246  
2026/04/24 14:44:31 - mmengine - INFO - Iter(val) [1600/2000]    eta: 0:00:25  time: 0.0676  data_time: 0.0015  memory: 1236  
2026/04/24 14:44:33 - mmengine - INFO - Iter(val) [1620/2000]    eta: 0:00:23  time: 0.0643  data_time: 0.0014  memory: 1456  
2026/04/24 14:44:34 - mmengine - INFO - Iter(val) [1640/2000]    eta: 0:00:22  time: 0.0655  data_time: 0.0015  memory: 1357  
2026/04/24 14:44:35 - mmengine - INFO - Iter(val) [1660/2000]    eta: 0:00:21  time: 0.0626  data_time: 0.0014  memory: 1265  
2026/04/24 14:44:36 - mmengine - INFO - Iter(val) [1680/2000]    eta: 0:00:20  time: 0.0660  data_time: 0.0014  memory: 1333  
2026/04/24 14:44:38 - mmengine - INFO - Iter(val) [1700/2000]    eta: 0:00:18  time: 0.0628  data_time: 0.0016  memory: 1259  
2026/04/24 14:44:39 - mmengine - INFO - Iter(val) [1720/2000]    eta: 0:00:17  time: 0.0712  data_time: 0.0015  memory: 1252  
2026/04/24 14:44:40 - mmengine - INFO - Iter(val) [1740/2000]    eta: 0:00:16  time: 0.0729  data_time: 0.0015  memory: 1346  
2026/04/24 14:44:41 - mmengine - INFO - Iter(val) [1760/2000]    eta: 0:00:15  time: 0.0549  data_time: 0.0014  memory: 1246  
2026/04/24 14:44:43 - mmengine - INFO - Iter(val) [1780/2000]    eta: 0:00:13  time: 0.0631  data_time: 0.0015  memory: 1258  
2026/04/24 14:44:44 - mmengine - INFO - Iter(val) [1800/2000]    eta: 0:00:12  time: 0.0647  data_time: 0.0016  memory: 1246  
2026/04/24 14:44:45 - mmengine - INFO - Iter(val) [1820/2000]    eta: 0:00:11  time: 0.0636  data_time: 0.0016  memory: 1184  
2026/04/24 14:44:47 - mmengine - INFO - Iter(val) [1840/2000]    eta: 0:00:10  time: 0.0644  data_time: 0.0016  memory: 1184  
2026/04/24 14:44:48 - mmengine - INFO - Iter(val) [1860/2000]    eta: 0:00:08  time: 0.0626  data_time: 0.0016  memory: 1184  
2026/04/24 14:44:49 - mmengine - INFO - Iter(val) [1880/2000]    eta: 0:00:07  time: 0.0601  data_time: 0.0015  memory: 1246  
2026/04/24 14:44:50 - mmengine - INFO - Iter(val) [1900/2000]    eta: 0:00:06  time: 0.0617  data_time: 0.0014  memory: 1336  
2026/04/24 14:44:52 - mmengine - INFO - Iter(val) [1920/2000]    eta: 0:00:05  time: 0.0644  data_time: 0.0014  memory: 1506  
2026/04/24 14:44:53 - mmengine - INFO - Iter(val) [1940/2000]    eta: 0:00:03  time: 0.0636  data_time: 0.0015  memory: 1353  
2026/04/24 14:44:54 - mmengine - INFO - Iter(val) [1960/2000]    eta: 0:00:02  time: 0.0588  data_time: 0.0014  memory: 1251  
2026/04/24 14:44:55 - mmengine - INFO - Iter(val) [1980/2000]    eta: 0:00:01  time: 0.0607  data_time: 0.0015  memory: 1246  
2026/04/24 14:44:57 - mmengine - INFO - Iter(val) [2000/2000]    eta: 0:00:00  time: 0.0597  data_time: 0.0014  memory: 1331  
2026/04/24 14:44:57 - mmengine - INFO - per class results:
2026/04/24 14:44:57 - mmengine - INFO - 
+---------------------+-------+-------+
|        Class        |  IoU  |  Acc  |
+---------------------+-------+-------+
|         wall        | 32.58 | 72.75 |
|       building      | 35.11 | 73.66 |
|         sky         |  60.1 | 91.63 |
|        floor        | 27.26 | 48.19 |
|         tree        | 29.44 |  73.2 |
|       ceiling       | 13.01 | 14.18 |
|         road        | 38.99 | 84.49 |
|         bed         |  4.77 |  5.32 |
|      windowpane     |  2.42 |  2.46 |
|        grass        | 36.33 | 52.84 |
|       cabinet       |  0.0  |  0.0  |
|       sidewalk      |  0.01 |  0.01 |
|        person       |  0.11 |  0.12 |
|        earth        |  0.0  |  0.0  |
|         door        |  0.0  |  0.0  |
|        table        |  0.0  |  0.0  |
|       mountain      |  0.21 |  0.22 |
|        plant        |  0.0  |  0.0  |
|       curtain       |  0.0  |  0.0  |
|        chair        |  0.0  |  0.0  |
|         car         |  0.18 |  0.18 |
|        water        |  0.0  |  0.0  |
|       painting      |  0.0  |  0.0  |
|         sofa        |  0.0  |  0.0  |
|        shelf        |  0.0  |  0.0  |
|        house        |  0.0  |  0.0  |
|         sea         |  0.0  |  0.0  |
|        mirror       |  0.0  |  0.0  |
|         rug         |  0.0  |  0.0  |
|        field        |  0.0  |  0.0  |
|       armchair      |  0.0  |  0.0  |
|         seat        |  0.0  |  0.0  |
|        fence        |  0.0  |  0.0  |
|         desk        |  0.0  |  0.0  |
|         rock        |  0.0  |  0.0  |
|       wardrobe      |  0.0  |  0.0  |
|         lamp        |  0.0  |  0.0  |
|       bathtub       |  0.0  |  0.0  |
|       railing       |  0.0  |  0.0  |
|       cushion       |  0.0  |  0.0  |
|         base        |  0.0  |  0.0  |
|         box         |  0.0  |  0.0  |
|        column       |  0.0  |  0.0  |
|      signboard      |  0.0  |  0.0  |
|   chest of drawers  |  0.0  |  0.0  |
|       counter       |  0.0  |  0.0  |
|         sand        |  0.0  |  0.0  |
|         sink        |  0.0  |  0.0  |
|      skyscraper     |  0.0  |  0.0  |
|      fireplace      |  0.0  |  0.0  |
|     refrigerator    |  0.0  |  0.0  |
|      grandstand     |  0.0  |  0.0  |
|         path        |  0.0  |  0.0  |
|        stairs       |  0.0  |  0.0  |
|        runway       |  0.0  |  0.0  |
|         case        |  0.0  |  0.0  |
|      pool table     |  0.0  |  0.0  |
|        pillow       |  0.0  |  0.0  |
|     screen door     |  0.0  |  0.0  |
|       stairway      |  0.0  |  0.0  |
|        river        |  0.0  |  0.0  |
|        bridge       |  0.0  |  0.0  |
|       bookcase      |  0.0  |  0.0  |
|        blind        |  0.0  |  0.0  |
|     coffee table    |  0.0  |  0.0  |
|        toilet       |  0.0  |  0.0  |
|        flower       |  0.0  |  0.0  |
|         book        |  0.0  |  0.0  |
|         hill        |  0.0  |  0.0  |
|        bench        |  0.0  |  0.0  |
|      countertop     |  0.0  |  0.0  |
|        stove        |  0.0  |  0.0  |
|         palm        |  0.0  |  0.0  |
|    kitchen island   |  0.0  |  0.0  |
|       computer      |  0.0  |  0.0  |
|     swivel chair    |  0.0  |  0.0  |
|         boat        |  0.0  |  0.0  |
|         bar         |  0.0  |  0.0  |
|    arcade machine   |  0.0  |  0.0  |
|        hovel        |  0.0  |  0.0  |
|         bus         |  0.0  |  0.0  |
|        towel        |  0.0  |  0.0  |
|        light        |  0.0  |  0.0  |
|        truck        |  0.0  |  0.0  |
|        tower        |  0.0  |  0.0  |
|      chandelier     |  0.0  |  0.0  |
|        awning       |  0.0  |  0.0  |
|     streetlight     |  0.0  |  0.0  |
|        booth        |  0.0  |  0.0  |
| television receiver |  0.0  |  0.0  |
|       airplane      |  0.0  |  0.0  |
|      dirt track     |  0.0  |  0.0  |
|       apparel       |  0.0  |  0.0  |
|         pole        |  0.0  |  0.0  |
|         land        |  0.0  |  0.0  |
|      bannister      |  0.0  |  0.0  |
|      escalator      |  0.0  |  0.0  |
|       ottoman       |  0.0  |  0.0  |
|        bottle       |  0.0  |  0.0  |
|        buffet       |  0.0  |  0.0  |
|        poster       |  0.0  |  0.0  |
|        stage        |  0.0  |  0.0  |
|         van         |  0.0  |  0.0  |
|         ship        |  0.0  |  0.0  |
|       fountain      |  0.0  |  0.0  |
|    conveyer belt    |  0.0  |  0.0  |
|        canopy       |  0.0  |  0.0  |
|        washer       |  0.0  |  0.0  |
|      plaything      |  0.0  |  0.0  |
|    swimming pool    |  0.0  |  0.0  |
|        stool        |  0.0  |  0.0  |
|        barrel       |  0.0  |  0.0  |
|        basket       |  0.0  |  0.0  |
|      waterfall      |  0.0  |  0.0  |
|         tent        |  0.0  |  0.0  |
|         bag         |  0.0  |  0.0  |
|       minibike      |  0.0  |  0.0  |
|        cradle       |  0.0  |  0.0  |
|         oven        |  0.0  |  0.0  |
|         ball        |  0.0  |  0.0  |
|         food        |  0.0  |  0.0  |
|         step        |  0.0  |  0.0  |
|         tank        |  0.0  |  0.0  |
|      trade name     |  0.0  |  0.0  |
|      microwave      |  0.0  |  0.0  |
|         pot         |  0.0  |  0.0  |
|        animal       |  0.0  |  0.0  |
|       bicycle       |  0.0  |  0.0  |
|         lake        |  0.0  |  0.0  |
|      dishwasher     |  0.0  |  0.0  |
|        screen       |  0.0  |  0.0  |
|       blanket       |  0.0  |  0.0  |
|      sculpture      |  0.0  |  0.0  |
|         hood        |  0.0  |  0.0  |
|        sconce       |  0.0  |  0.0  |
|         vase        |  0.0  |  0.0  |
|    traffic light    |  0.0  |  0.0  |
|         tray        |  0.0  |  0.0  |
|        ashcan       |  0.0  |  0.0  |
|         fan         |  0.0  |  0.0  |
|         pier        |  0.0  |  0.0  |
|      crt screen     |  0.0  |  0.0  |
|        plate        |  0.0  |  0.0  |
|       monitor       |  0.0  |  0.0  |
|    bulletin board   |  0.0  |  0.0  |
|        shower       |  0.0  |  0.0  |
|       radiator      |  0.0  |  0.0  |
|        glass        |  0.0  |  0.0  |
|        clock        |  0.0  |  0.0  |
|         flag        |  0.0  |  0.0  |
+---------------------+-------+-------+
2026/04/24 14:44:57 - mmengine - INFO - Iter(val) [2000/2000]    aAcc: 41.8300  mIoU: 1.8700  mAcc: 3.4600  data_time: 0.0015  time: 0.0631
2026/04/24 14:44:57 - mmengine - INFO - The previous best checkpoint /home/jlx_75/PVMamba_cifar10_sparse_v13_stage3_latesparse/segmentation/work_dirs/pvmamba_tiny_upernet_ade20k_smoke/best_mIoU_iter_1000.pth is removed
2026/04/24 14:44:57 - mmengine - INFO - The best checkpoint with 1.8700 mIoU at 2000 iter is saved to best_mIoU_iter_2000.pth.
2026/04/24 14:45:06 - mmengine - INFO - Iter(train) [2020/8000]  lr: 4.7846e-05  eta: 0:30:45  time: 0.2982  data_time: 0.0050  memory: 5847  loss: 2.9362  decode.loss_ce: 2.0714  decode.acc_seg: 23.9955  aux.loss_ce: 0.8648  aux.acc_seg: 54.9823
2026/04/24 14:45:12 - mmengine - INFO - Iter(train) [2040/8000]  lr: 4.7686e-05  eta: 0:30:38  time: 0.3006  data_time: 0.0051  memory: 5847  loss: 3.7171  decode.loss_ce: 2.6133  decode.acc_seg: 42.6259  aux.loss_ce: 1.1038  aux.acc_seg: 23.1877
2026/04/24 14:45:18 - mmengine - INFO - Iter(train) [2060/8000]  lr: 4.7526e-05  eta: 0:30:32  time: 0.3084  data_time: 0.0051  memory: 5847  loss: 3.2216  decode.loss_ce: 2.2851  decode.acc_seg: 31.9507  aux.loss_ce: 0.9365  aux.acc_seg: 23.3588
2026/04/24 14:45:24 - mmengine - INFO - Iter(train) [2080/8000]  lr: 4.7366e-05  eta: 0:30:25  time: 0.3035  data_time: 0.0051  memory: 5847  loss: 3.5719  decode.loss_ce: 2.5244  decode.acc_seg: 20.2367  aux.loss_ce: 1.0475  aux.acc_seg: 23.4181
2026/04/24 14:45:30 - mmengine - INFO - Iter(train) [2100/8000]  lr: 4.7206e-05  eta: 0:30:19  time: 0.3033  data_time: 0.0051  memory: 5847  loss: 3.7093  decode.loss_ce: 2.5893  decode.acc_seg: 25.9486  aux.loss_ce: 1.1200  aux.acc_seg: 23.6675
2026/04/24 14:45:36 - mmengine - INFO - Iter(train) [2120/8000]  lr: 4.7046e-05  eta: 0:30:12  time: 0.3060  data_time: 0.0051  memory: 5847  loss: 3.3409  decode.loss_ce: 2.3305  decode.acc_seg: 54.8504  aux.loss_ce: 1.0104  aux.acc_seg: 39.7447
2026/04/24 14:45:42 - mmengine - INFO - Iter(train) [2140/8000]  lr: 4.6886e-05  eta: 0:30:06  time: 0.3050  data_time: 0.0051  memory: 5847  loss: 3.1640  decode.loss_ce: 2.1771  decode.acc_seg: 51.4775  aux.loss_ce: 0.9869  aux.acc_seg: 16.2733
2026/04/24 14:45:49 - mmengine - INFO - Iter(train) [2160/8000]  lr: 4.6726e-05  eta: 0:30:00  time: 0.3021  data_time: 0.0051  memory: 5847  loss: 3.3020  decode.loss_ce: 2.3024  decode.acc_seg: 34.3465  aux.loss_ce: 0.9996  aux.acc_seg: 24.8762
2026/04/24 14:45:55 - mmengine - INFO - Iter(train) [2180/8000]  lr: 4.6566e-05  eta: 0:29:53  time: 0.3056  data_time: 0.0051  memory: 5847  loss: 3.3959  decode.loss_ce: 2.3735  decode.acc_seg: 21.5800  aux.loss_ce: 1.0224  aux.acc_seg: 25.7265
2026/04/24 14:46:01 - mmengine - INFO - Iter(train) [2200/8000]  lr: 4.6406e-05  eta: 0:29:47  time: 0.3050  data_time: 0.0050  memory: 5847  loss: 3.5791  decode.loss_ce: 2.5215  decode.acc_seg: 23.4778  aux.loss_ce: 1.0577  aux.acc_seg: 15.9278
2026/04/24 14:46:07 - mmengine - INFO - Iter(train) [2220/8000]  lr: 4.6246e-05  eta: 0:29:41  time: 0.3049  data_time: 0.0052  memory: 5847  loss: 3.5252  decode.loss_ce: 2.4685  decode.acc_seg: 9.0389  aux.loss_ce: 1.0567  aux.acc_seg: 17.7389
2026/04/24 14:46:13 - mmengine - INFO - Iter(train) [2240/8000]  lr: 4.6086e-05  eta: 0:29:35  time: 0.3017  data_time: 0.0050  memory: 5847  loss: 3.0307  decode.loss_ce: 2.1254  decode.acc_seg: 30.0157  aux.loss_ce: 0.9053  aux.acc_seg: 32.9627
2026/04/24 14:46:19 - mmengine - INFO - Iter(train) [2260/8000]  lr: 4.5926e-05  eta: 0:29:28  time: 0.3063  data_time: 0.0050  memory: 5847  loss: 3.5978  decode.loss_ce: 2.5127  decode.acc_seg: 13.2381  aux.loss_ce: 1.0851  aux.acc_seg: 10.2417
2026/04/24 14:46:25 - mmengine - INFO - Iter(train) [2280/8000]  lr: 4.5766e-05  eta: 0:29:22  time: 0.3022  data_time: 0.0051  memory: 5847  loss: 2.9215  decode.loss_ce: 2.0340  decode.acc_seg: 77.3285  aux.loss_ce: 0.8875  aux.acc_seg: 67.1143
2026/04/24 14:46:31 - mmengine - INFO - Iter(train) [2300/8000]  lr: 4.5606e-05  eta: 0:29:16  time: 0.3065  data_time: 0.0055  memory: 5847  loss: 3.5305  decode.loss_ce: 2.4660  decode.acc_seg: 9.0038  aux.loss_ce: 1.0646  aux.acc_seg: 5.9419
2026/04/24 14:46:38 - mmengine - INFO - Iter(train) [2320/8000]  lr: 4.5446e-05  eta: 0:29:09  time: 0.3059  data_time: 0.0055  memory: 5847  loss: 2.8296  decode.loss_ce: 1.9625  decode.acc_seg: 29.4258  aux.loss_ce: 0.8671  aux.acc_seg: 25.9224
2026/04/24 14:46:44 - mmengine - INFO - Iter(train) [2340/8000]  lr: 4.5286e-05  eta: 0:29:03  time: 0.3081  data_time: 0.0056  memory: 5847  loss: 3.5614  decode.loss_ce: 2.5179  decode.acc_seg: 28.2546  aux.loss_ce: 1.0435  aux.acc_seg: 38.1797
2026/04/24 14:46:50 - mmengine - INFO - Iter(train) [2360/8000]  lr: 4.5126e-05  eta: 0:28:57  time: 0.3058  data_time: 0.0053  memory: 5847  loss: 3.5906  decode.loss_ce: 2.5440  decode.acc_seg: 35.3223  aux.loss_ce: 1.0466  aux.acc_seg: 22.1960
2026/04/24 14:46:56 - mmengine - INFO - Iter(train) [2380/8000]  lr: 4.4966e-05  eta: 0:28:51  time: 0.3060  data_time: 0.0051  memory: 5847  loss: 3.4844  decode.loss_ce: 2.4423  decode.acc_seg: 40.1203  aux.loss_ce: 1.0421  aux.acc_seg: 26.8087
2026/04/24 14:47:02 - mmengine - INFO - Iter(train) [2400/8000]  lr: 4.4806e-05  eta: 0:28:45  time: 0.3096  data_time: 0.0053  memory: 5847  loss: 3.6031  decode.loss_ce: 2.5474  decode.acc_seg: 19.6541  aux.loss_ce: 1.0557  aux.acc_seg: 25.7652
2026/04/24 14:47:08 - mmengine - INFO - Iter(train) [2420/8000]  lr: 4.4646e-05  eta: 0:28:38  time: 0.3071  data_time: 0.0052  memory: 5847  loss: 2.9515  decode.loss_ce: 2.0556  decode.acc_seg: 27.4538  aux.loss_ce: 0.8959  aux.acc_seg: 16.8902
2026/04/24 14:47:14 - mmengine - INFO - Iter(train) [2440/8000]  lr: 4.4486e-05  eta: 0:28:32  time: 0.3117  data_time: 0.0055  memory: 5847  loss: 3.5513  decode.loss_ce: 2.4987  decode.acc_seg: 48.5460  aux.loss_ce: 1.0526  aux.acc_seg: 48.6709
2026/04/24 14:47:21 - mmengine - INFO - Iter(train) [2460/8000]  lr: 4.4326e-05  eta: 0:28:26  time: 0.3101  data_time: 0.0055  memory: 5847  loss: 3.0909  decode.loss_ce: 2.1504  decode.acc_seg: 19.3596  aux.loss_ce: 0.9405  aux.acc_seg: 16.1952
2026/04/24 14:47:27 - mmengine - INFO - Iter(train) [2480/8000]  lr: 4.4166e-05  eta: 0:28:20  time: 0.3077  data_time: 0.0054  memory: 5847  loss: 3.3075  decode.loss_ce: 2.2952  decode.acc_seg: 35.3942  aux.loss_ce: 1.0123  aux.acc_seg: 29.0665
2026/04/24 14:47:33 - mmengine - INFO - Iter(train) [2500/8000]  lr: 4.4006e-05  eta: 0:28:14  time: 0.3068  data_time: 0.0055  memory: 5847  loss: 3.3432  decode.loss_ce: 2.3522  decode.acc_seg: 39.2795  aux.loss_ce: 0.9911  aux.acc_seg: 29.8710
2026/04/24 14:47:39 - mmengine - INFO - Iter(train) [2520/8000]  lr: 4.3846e-05  eta: 0:28:07  time: 0.3071  data_time: 0.0055  memory: 5847  loss: 3.2318  decode.loss_ce: 2.2616  decode.acc_seg: 28.8504  aux.loss_ce: 0.9702  aux.acc_seg: 21.5602
2026/04/24 14:47:45 - mmengine - INFO - Iter(train) [2540/8000]  lr: 4.3686e-05  eta: 0:28:01  time: 0.3065  data_time: 0.0055  memory: 5847  loss: 3.6971  decode.loss_ce: 2.5873  decode.acc_seg: 27.3016  aux.loss_ce: 1.1097  aux.acc_seg: 22.5563
2026/04/24 14:47:51 - mmengine - INFO - Iter(train) [2560/8000]  lr: 4.3526e-05  eta: 0:27:55  time: 0.3120  data_time: 0.0055  memory: 5847  loss: 3.1091  decode.loss_ce: 2.1655  decode.acc_seg: 69.3088  aux.loss_ce: 0.9437  aux.acc_seg: 53.7149
2026/04/24 14:47:57 - mmengine - INFO - Iter(train) [2580/8000]  lr: 4.3366e-05  eta: 0:27:49  time: 0.3125  data_time: 0.0056  memory: 5847  loss: 2.7543  decode.loss_ce: 1.9139  decode.acc_seg: 58.5467  aux.loss_ce: 0.8403  aux.acc_seg: 64.9395
2026/04/24 14:48:03 - mmengine - INFO - Iter(train) [2600/8000]  lr: 4.3206e-05  eta: 0:27:43  time: 0.3037  data_time: 0.0056  memory: 5847  loss: 3.4454  decode.loss_ce: 2.3871  decode.acc_seg: 33.3385  aux.loss_ce: 1.0583  aux.acc_seg: 12.6664
2026/04/24 14:48:10 - mmengine - INFO - Iter(train) [2620/8000]  lr: 4.3046e-05  eta: 0:27:36  time: 0.3076  data_time: 0.0055  memory: 5847  loss: 3.8886  decode.loss_ce: 2.7425  decode.acc_seg: 52.6919  aux.loss_ce: 1.1461  aux.acc_seg: 30.3342
2026/04/24 14:48:16 - mmengine - INFO - Iter(train) [2640/8000]  lr: 4.2886e-05  eta: 0:27:30  time: 0.3079  data_time: 0.0056  memory: 5847  loss: 3.2419  decode.loss_ce: 2.2454  decode.acc_seg: 46.1308  aux.loss_ce: 0.9965  aux.acc_seg: 38.1969
2026/04/24 14:48:22 - mmengine - INFO - Iter(train) [2660/8000]  lr: 4.2726e-05  eta: 0:27:24  time: 0.3063  data_time: 0.0059  memory: 5847  loss: 3.2441  decode.loss_ce: 2.2628  decode.acc_seg: 62.0449  aux.loss_ce: 0.9814  aux.acc_seg: 56.6183
2026/04/24 14:48:28 - mmengine - INFO - Iter(train) [2680/8000]  lr: 4.2566e-05  eta: 0:27:18  time: 0.3206  data_time: 0.0060  memory: 5847  loss: 3.6047  decode.loss_ce: 2.5299  decode.acc_seg: 8.7801  aux.loss_ce: 1.0748  aux.acc_seg: 12.1798
2026/04/24 14:48:34 - mmengine - INFO - Iter(train) [2700/8000]  lr: 4.2406e-05  eta: 0:27:12  time: 0.3076  data_time: 0.0058  memory: 5847  loss: 3.6878  decode.loss_ce: 2.5731  decode.acc_seg: 45.0495  aux.loss_ce: 1.1147  aux.acc_seg: 27.7295
2026/04/24 14:48:41 - mmengine - INFO - Iter(train) [2720/8000]  lr: 4.2246e-05  eta: 0:27:06  time: 0.3149  data_time: 0.0060  memory: 5847  loss: 3.4577  decode.loss_ce: 2.4258  decode.acc_seg: 19.0391  aux.loss_ce: 1.0319  aux.acc_seg: 16.4451
2026/04/24 14:48:47 - mmengine - INFO - Iter(train) [2740/8000]  lr: 4.2086e-05  eta: 0:27:00  time: 0.3050  data_time: 0.0059  memory: 5847  loss: 3.0573  decode.loss_ce: 2.1361  decode.acc_seg: 42.5323  aux.loss_ce: 0.9211  aux.acc_seg: 42.0939
2026/04/24 14:48:53 - mmengine - INFO - Iter(train) [2760/8000]  lr: 4.1926e-05  eta: 0:26:54  time: 0.3141  data_time: 0.0059  memory: 5847  loss: 3.2031  decode.loss_ce: 2.2494  decode.acc_seg: 12.5071  aux.loss_ce: 0.9537  aux.acc_seg: 3.4234
2026/04/24 14:48:59 - mmengine - INFO - Iter(train) [2780/8000]  lr: 4.1766e-05  eta: 0:26:47  time: 0.3051  data_time: 0.0058  memory: 5847  loss: 3.7471  decode.loss_ce: 2.6370  decode.acc_seg: 29.8936  aux.loss_ce: 1.1101  aux.acc_seg: 29.2311
2026/04/24 14:49:05 - mmengine - INFO - Iter(train) [2800/8000]  lr: 4.1606e-05  eta: 0:26:41  time: 0.3051  data_time: 0.0059  memory: 5847  loss: 3.0092  decode.loss_ce: 2.1022  decode.acc_seg: 31.0445  aux.loss_ce: 0.9070  aux.acc_seg: 24.0353
2026/04/24 14:49:11 - mmengine - INFO - Iter(train) [2820/8000]  lr: 4.1446e-05  eta: 0:26:35  time: 0.3081  data_time: 0.0058  memory: 5847  loss: 3.4497  decode.loss_ce: 2.4527  decode.acc_seg: 45.5650  aux.loss_ce: 0.9970  aux.acc_seg: 46.1215
2026/04/24 14:49:18 - mmengine - INFO - Iter(train) [2840/8000]  lr: 4.1286e-05  eta: 0:26:29  time: 0.3181  data_time: 0.0059  memory: 5847  loss: 2.8187  decode.loss_ce: 1.9561  decode.acc_seg: 40.3725  aux.loss_ce: 0.8626  aux.acc_seg: 39.7873
2026/04/24 14:49:24 - mmengine - INFO - Iter(train) [2860/8000]  lr: 4.1125e-05  eta: 0:26:23  time: 0.3347  data_time: 0.0060  memory: 5847  loss: 3.6104  decode.loss_ce: 2.5176  decode.acc_seg: 47.4700  aux.loss_ce: 1.0928  aux.acc_seg: 50.1442
2026/04/24 14:49:30 - mmengine - INFO - Iter(train) [2880/8000]  lr: 4.0965e-05  eta: 0:26:17  time: 0.3151  data_time: 0.0059  memory: 5847  loss: 3.3782  decode.loss_ce: 2.3640  decode.acc_seg: 42.4164  aux.loss_ce: 1.0142  aux.acc_seg: 41.2161
2026/04/24 14:49:36 - mmengine - INFO - Iter(train) [2900/8000]  lr: 4.0805e-05  eta: 0:26:11  time: 0.3031  data_time: 0.0058  memory: 5847  loss: 3.3724  decode.loss_ce: 2.3366  decode.acc_seg: 49.0464  aux.loss_ce: 1.0358  aux.acc_seg: 36.3039
2026/04/24 14:49:42 - mmengine - INFO - Iter(train) [2920/8000]  lr: 4.0645e-05  eta: 0:26:05  time: 0.3041  data_time: 0.0059  memory: 5847  loss: 3.3419  decode.loss_ce: 2.3476  decode.acc_seg: 30.8542  aux.loss_ce: 0.9942  aux.acc_seg: 45.1055
2026/04/24 14:49:49 - mmengine - INFO - Iter(train) [2940/8000]  lr: 4.0485e-05  eta: 0:25:59  time: 0.3050  data_time: 0.0058  memory: 5847  loss: 3.6192  decode.loss_ce: 2.5112  decode.acc_seg: 27.1153  aux.loss_ce: 1.1080  aux.acc_seg: 30.9660
2026/04/24 14:49:55 - mmengine - INFO - Iter(train) [2960/8000]  lr: 4.0325e-05  eta: 0:25:52  time: 0.3040  data_time: 0.0058  memory: 5847  loss: 2.8409  decode.loss_ce: 1.9818  decode.acc_seg: 58.4520  aux.loss_ce: 0.8592  aux.acc_seg: 57.2822
2026/04/24 14:50:01 - mmengine - INFO - Iter(train) [2980/8000]  lr: 4.0165e-05  eta: 0:25:46  time: 0.3051  data_time: 0.0060  memory: 5847  loss: 3.2176  decode.loss_ce: 2.2703  decode.acc_seg: 36.7048  aux.loss_ce: 0.9474  aux.acc_seg: 34.4459
2026/04/24 14:50:07 - mmengine - INFO - Exp name: pvmamba_tiny_upernet_ade20k_20260424_142901
2026/04/24 14:50:07 - mmengine - INFO - Iter(train) [3000/8000]  lr: 4.0005e-05  eta: 0:25:40  time: 0.3048  data_time: 0.0058  memory: 5847  loss: 3.1219  decode.loss_ce: 2.1691  decode.acc_seg: 57.5931  aux.loss_ce: 0.9528  aux.acc_seg: 43.7119
2026/04/24 14:50:07 - mmengine - INFO - Saving checkpoint at 3000 iterations
2026/04/24 14:50:10 - mmengine - INFO - Iter(val) [  20/2000]    eta: 0:02:08  time: 0.0630  data_time: 0.0015  memory: 1321  
2026/04/24 14:50:11 - mmengine - INFO - Iter(val) [  40/2000]    eta: 0:02:04  time: 0.0652  data_time: 0.0015  memory: 1354  
2026/04/24 14:50:12 - mmengine - INFO - Iter(val) [  60/2000]    eta: 0:02:04  time: 0.0642  data_time: 0.0015  memory: 1323  
2026/04/24 14:50:14 - mmengine - INFO - Iter(val) [  80/2000]    eta: 0:02:03  time: 0.0641  data_time: 0.0015  memory: 1246  
2026/04/24 14:50:15 - mmengine - INFO - Iter(val) [ 100/2000]    eta: 0:02:01  time: 0.0658  data_time: 0.0015  memory: 1364  
2026/04/24 14:50:16 - mmengine - INFO - Iter(val) [ 120/2000]    eta: 0:02:00  time: 0.0605  data_time: 0.0015  memory: 1258  
2026/04/24 14:50:17 - mmengine - INFO - Iter(val) [ 140/2000]    eta: 0:01:58  time: 0.0633  data_time: 0.0015  memory: 1261  
2026/04/24 14:50:19 - mmengine - INFO - Iter(val) [ 160/2000]    eta: 0:01:58  time: 0.0678  data_time: 0.0015  memory: 1440  
2026/04/24 14:50:20 - mmengine - INFO - Iter(val) [ 180/2000]    eta: 0:01:56  time: 0.0646  data_time: 0.0015  memory: 1246  
2026/04/24 14:50:21 - mmengine - INFO - Iter(val) [ 200/2000]    eta: 0:01:55  time: 0.0628  data_time: 0.0015  memory: 1354  
2026/04/24 14:50:22 - mmengine - INFO - Iter(val) [ 220/2000]    eta: 0:01:53  time: 0.0604  data_time: 0.0014  memory: 1518  
2026/04/24 14:50:24 - mmengine - INFO - Iter(val) [ 240/2000]    eta: 0:01:52  time: 0.0679  data_time: 0.0015  memory: 1471  
2026/04/24 14:50:25 - mmengine - INFO - Iter(val) [ 260/2000]    eta: 0:01:50  time: 0.0611  data_time: 0.0015  memory: 1297  
2026/04/24 14:50:26 - mmengine - INFO - Iter(val) [ 280/2000]    eta: 0:01:49  time: 0.0622  data_time: 0.0016  memory: 1246  
2026/04/24 14:50:27 - mmengine - INFO - Iter(val) [ 300/2000]    eta: 0:01:47  time: 0.0644  data_time: 0.0016  memory: 1349  
2026/04/24 14:50:29 - mmengine - INFO - Iter(val) [ 320/2000]    eta: 0:01:46  time: 0.0625  data_time: 0.0016  memory: 1303  
2026/04/24 14:50:30 - mmengine - INFO - Iter(val) [ 340/2000]    eta: 0:01:45  time: 0.0650  data_time: 0.0015  memory: 1351  
2026/04/24 14:50:31 - mmengine - INFO - Iter(val) [ 360/2000]    eta: 0:01:44  time: 0.0637  data_time: 0.0015  memory: 1246  
2026/04/24 14:50:32 - mmengine - INFO - Iter(val) [ 380/2000]    eta: 0:01:42  time: 0.0645  data_time: 0.0016  memory: 1357  
2026/04/24 14:50:34 - mmengine - INFO - Iter(val) [ 400/2000]    eta: 0:01:41  time: 0.0631  data_time: 0.0015  memory: 1340  
2026/04/24 14:50:35 - mmengine - INFO - Iter(val) [ 420/2000]    eta: 0:01:39  time: 0.0542  data_time: 0.0014  memory: 1187  
2026/04/24 14:50:36 - mmengine - INFO - Iter(val) [ 440/2000]    eta: 0:01:38  time: 0.0646  data_time: 0.0015  memory: 1358  
2026/04/24 14:50:37 - mmengine - INFO - Iter(val) [ 460/2000]    eta: 0:01:37  time: 0.0643  data_time: 0.0015  memory: 1258  
2026/04/24 14:50:39 - mmengine - INFO - Iter(val) [ 480/2000]    eta: 0:01:35  time: 0.0644  data_time: 0.0015  memory: 1246  
2026/04/24 14:50:40 - mmengine - INFO - Iter(val) [ 500/2000]    eta: 0:01:34  time: 0.0625  data_time: 0.0015  memory: 1259  
2026/04/24 14:50:41 - mmengine - INFO - Iter(val) [ 520/2000]    eta: 0:01:33  time: 0.0661  data_time: 0.0016  memory: 1253  
2026/04/24 14:50:43 - mmengine - INFO - Iter(val) [ 540/2000]    eta: 0:01:32  time: 0.0664  data_time: 0.0015  memory: 1280  
2026/04/24 14:50:44 - mmengine - INFO - Iter(val) [ 560/2000]    eta: 0:01:31  time: 0.0592  data_time: 0.0014  memory: 1343  
2026/04/24 14:50:45 - mmengine - INFO - Iter(val) [ 580/2000]    eta: 0:01:29  time: 0.0645  data_time: 0.0016  memory: 1355  
2026/04/24 14:50:46 - mmengine - INFO - Iter(val) [ 600/2000]    eta: 0:01:28  time: 0.0657  data_time: 0.0016  memory: 1261  
2026/04/24 14:50:48 - mmengine - INFO - Iter(val) [ 620/2000]    eta: 0:01:27  time: 0.0613  data_time: 0.0014  memory: 1295  
2026/04/24 14:50:49 - mmengine - INFO - Iter(val) [ 640/2000]    eta: 0:01:25  time: 0.0632  data_time: 0.0014  memory: 1296  
2026/04/24 14:50:50 - mmengine - INFO - Iter(val) [ 660/2000]    eta: 0:01:24  time: 0.0662  data_time: 0.0015  memory: 1327  
2026/04/24 14:50:51 - mmengine - INFO - Iter(val) [ 680/2000]    eta: 0:01:23  time: 0.0651  data_time: 0.0015  memory: 1339  
2026/04/24 14:50:53 - mmengine - INFO - Iter(val) [ 700/2000]    eta: 0:01:22  time: 0.0650  data_time: 0.0015  memory: 1321  
2026/04/24 14:50:54 - mmengine - INFO - Iter(val) [ 720/2000]    eta: 0:01:21  time: 0.0660  data_time: 0.0014  memory: 1272  
2026/04/24 14:50:55 - mmengine - INFO - Iter(val) [ 740/2000]    eta: 0:01:19  time: 0.0642  data_time: 0.0015  memory: 1339  
2026/04/24 14:50:56 - mmengine - INFO - Iter(val) [ 760/2000]    eta: 0:01:18  time: 0.0580  data_time: 0.0014  memory: 1264  
2026/04/24 14:50:58 - mmengine - INFO - Iter(val) [ 780/2000]    eta: 0:01:17  time: 0.0624  data_time: 0.0015  memory: 1246  
2026/04/24 14:50:59 - mmengine - INFO - Iter(val) [ 800/2000]    eta: 0:01:15  time: 0.0633  data_time: 0.0015  memory: 1246  
2026/04/24 14:51:00 - mmengine - INFO - Iter(val) [ 820/2000]    eta: 0:01:14  time: 0.0634  data_time: 0.0016  memory: 1184  
2026/04/24 14:51:02 - mmengine - INFO - Iter(val) [ 840/2000]    eta: 0:01:13  time: 0.0649  data_time: 0.0016  memory: 1246  
2026/04/24 14:51:03 - mmengine - INFO - Iter(val) [ 860/2000]    eta: 0:01:12  time: 0.0637  data_time: 0.0016  memory: 1246  
2026/04/24 14:51:04 - mmengine - INFO - Iter(val) [ 880/2000]    eta: 0:01:10  time: 0.0598  data_time: 0.0013  memory: 1245  
2026/04/24 14:51:05 - mmengine - INFO - Iter(val) [ 900/2000]    eta: 0:01:09  time: 0.0582  data_time: 0.0014  memory: 1296  
2026/04/24 14:51:06 - mmengine - INFO - Iter(val) [ 920/2000]    eta: 0:01:08  time: 0.0648  data_time: 0.0014  memory: 1333  
2026/04/24 14:51:08 - mmengine - INFO - Iter(val) [ 940/2000]    eta: 0:01:06  time: 0.0654  data_time: 0.0015  memory: 1255  
2026/04/24 14:51:09 - mmengine - INFO - Iter(val) [ 960/2000]    eta: 0:01:05  time: 0.0595  data_time: 0.0014  memory: 1245  
2026/04/24 14:51:10 - mmengine - INFO - Iter(val) [ 980/2000]    eta: 0:01:04  time: 0.0584  data_time: 0.0014  memory: 1246  
2026/04/24 14:51:11 - mmengine - INFO - Iter(val) [1000/2000]    eta: 0:01:03  time: 0.0617  data_time: 0.0015  memory: 1336  
2026/04/24 14:51:13 - mmengine - INFO - Iter(val) [1020/2000]    eta: 0:01:01  time: 0.0647  data_time: 0.0015  memory: 1348  
2026/04/24 14:51:14 - mmengine - INFO - Iter(val) [1040/2000]    eta: 0:01:00  time: 0.0657  data_time: 0.0015  memory: 1342  
2026/04/24 14:51:15 - mmengine - INFO - Iter(val) [1060/2000]    eta: 0:00:59  time: 0.0619  data_time: 0.0015  memory: 1264  
2026/04/24 14:51:17 - mmengine - INFO - Iter(val) [1080/2000]    eta: 0:00:58  time: 0.0638  data_time: 0.0015  memory: 1275  
2026/04/24 14:51:18 - mmengine - INFO - Iter(val) [1100/2000]    eta: 0:00:56  time: 0.0624  data_time: 0.0016  memory: 1246  
2026/04/24 14:51:19 - mmengine - INFO - Iter(val) [1120/2000]    eta: 0:00:55  time: 0.0627  data_time: 0.0015  memory: 1310  
2026/04/24 14:51:20 - mmengine - INFO - Iter(val) [1140/2000]    eta: 0:00:54  time: 0.0622  data_time: 0.0015  memory: 1246  
2026/04/24 14:51:22 - mmengine - INFO - Iter(val) [1160/2000]    eta: 0:00:53  time: 0.0631  data_time: 0.0017  memory: 2303  
2026/04/24 14:51:23 - mmengine - INFO - Iter(val) [1180/2000]    eta: 0:00:51  time: 0.0637  data_time: 0.0015  memory: 1246  
2026/04/24 14:51:24 - mmengine - INFO - Iter(val) [1200/2000]    eta: 0:00:50  time: 0.0626  data_time: 0.0015  memory: 1357  
2026/04/24 14:51:25 - mmengine - INFO - Iter(val) [1220/2000]    eta: 0:00:49  time: 0.0637  data_time: 0.0015  memory: 1284  
2026/04/24 14:51:27 - mmengine - INFO - Iter(val) [1240/2000]    eta: 0:00:47  time: 0.0634  data_time: 0.0014  memory: 1289  
2026/04/24 14:51:28 - mmengine - INFO - Iter(val) [1260/2000]    eta: 0:00:46  time: 0.0593  data_time: 0.0014  memory: 1238  
2026/04/24 14:51:29 - mmengine - INFO - Iter(val) [1280/2000]    eta: 0:00:45  time: 0.0623  data_time: 0.0015  memory: 1246  
2026/04/24 14:51:30 - mmengine - INFO - Iter(val) [1300/2000]    eta: 0:00:44  time: 0.0639  data_time: 0.0015  memory: 1245  
2026/04/24 14:51:32 - mmengine - INFO - Iter(val) [1320/2000]    eta: 0:00:42  time: 0.0603  data_time: 0.0015  memory: 1246  
2026/04/24 14:51:33 - mmengine - INFO - Iter(val) [1340/2000]    eta: 0:00:41  time: 0.0655  data_time: 0.0016  memory: 1251  
2026/04/24 14:51:34 - mmengine - INFO - Iter(val) [1360/2000]    eta: 0:00:40  time: 0.0608  data_time: 0.0014  memory: 1214  
2026/04/24 14:51:35 - mmengine - INFO - Iter(val) [1380/2000]    eta: 0:00:39  time: 0.0654  data_time: 0.0015  memory: 1277  
2026/04/24 14:51:37 - mmengine - INFO - Iter(val) [1400/2000]    eta: 0:00:37  time: 0.0644  data_time: 0.0015  memory: 1337  
2026/04/24 14:51:38 - mmengine - INFO - Iter(val) [1420/2000]    eta: 0:00:36  time: 0.0551  data_time: 0.0014  memory: 1246  
2026/04/24 14:51:39 - mmengine - INFO - Iter(val) [1440/2000]    eta: 0:00:35  time: 0.0647  data_time: 0.0015  memory: 1333  
2026/04/24 14:51:40 - mmengine - INFO - Iter(val) [1460/2000]    eta: 0:00:33  time: 0.0622  data_time: 0.0015  memory: 1259  
2026/04/24 14:51:41 - mmengine - INFO - Iter(val) [1480/2000]    eta: 0:00:32  time: 0.0621  data_time: 0.0015  memory: 1246  
2026/04/24 14:51:43 - mmengine - INFO - Iter(val) [1500/2000]    eta: 0:00:31  time: 0.0598  data_time: 0.0015  memory: 1210  
2026/04/24 14:51:44 - mmengine - INFO - Iter(val) [1520/2000]    eta: 0:00:30  time: 0.0692  data_time: 0.0016  memory: 1319  
2026/04/24 14:51:45 - mmengine - INFO - Iter(val) [1540/2000]    eta: 0:00:28  time: 0.0646  data_time: 0.0015  memory: 1282  
2026/04/24 14:51:47 - mmengine - INFO - Iter(val) [1560/2000]    eta: 0:00:27  time: 0.0575  data_time: 0.0014  memory: 1261  
2026/04/24 14:51:48 - mmengine - INFO - Iter(val) [1580/2000]    eta: 0:00:26  time: 0.0642  data_time: 0.0015  memory: 1246  
2026/04/24 14:51:49 - mmengine - INFO - Iter(val) [1600/2000]    eta: 0:00:25  time: 0.0629  data_time: 0.0015  memory: 1236  
2026/04/24 14:51:50 - mmengine - INFO - Iter(val) [1620/2000]    eta: 0:00:23  time: 0.0637  data_time: 0.0014  memory: 1456  
2026/04/24 14:51:52 - mmengine - INFO - Iter(val) [1640/2000]    eta: 0:00:22  time: 0.0671  data_time: 0.0015  memory: 1357  
2026/04/24 14:51:53 - mmengine - INFO - Iter(val) [1660/2000]    eta: 0:00:21  time: 0.0626  data_time: 0.0014  memory: 1265  
2026/04/24 14:51:54 - mmengine - INFO - Iter(val) [1680/2000]    eta: 0:00:20  time: 0.0658  data_time: 0.0014  memory: 1333  
2026/04/24 14:51:55 - mmengine - INFO - Iter(val) [1700/2000]    eta: 0:00:18  time: 0.0627  data_time: 0.0016  memory: 1259  
2026/04/24 14:51:57 - mmengine - INFO - Iter(val) [1720/2000]    eta: 0:00:17  time: 0.0635  data_time: 0.0015  memory: 1252  
2026/04/24 14:51:58 - mmengine - INFO - Iter(val) [1740/2000]    eta: 0:00:16  time: 0.0654  data_time: 0.0015  memory: 1346  
2026/04/24 14:51:59 - mmengine - INFO - Iter(val) [1760/2000]    eta: 0:00:15  time: 0.0551  data_time: 0.0014  memory: 1246  
2026/04/24 14:52:00 - mmengine - INFO - Iter(val) [1780/2000]    eta: 0:00:13  time: 0.0617  data_time: 0.0015  memory: 1258  
2026/04/24 14:52:02 - mmengine - INFO - Iter(val) [1800/2000]    eta: 0:00:12  time: 0.0648  data_time: 0.0016  memory: 1246  
2026/04/24 14:52:03 - mmengine - INFO - Iter(val) [1820/2000]    eta: 0:00:11  time: 0.0647  data_time: 0.0016  memory: 1184  
2026/04/24 14:52:04 - mmengine - INFO - Iter(val) [1840/2000]    eta: 0:00:10  time: 0.0641  data_time: 0.0016  memory: 1184  
2026/04/24 14:52:05 - mmengine - INFO - Iter(val) [1860/2000]    eta: 0:00:08  time: 0.0620  data_time: 0.0015  memory: 1184  
2026/04/24 14:52:07 - mmengine - INFO - Iter(val) [1880/2000]    eta: 0:00:07  time: 0.0600  data_time: 0.0015  memory: 1246  
2026/04/24 14:52:08 - mmengine - INFO - Iter(val) [1900/2000]    eta: 0:00:06  time: 0.0618  data_time: 0.0014  memory: 1336  
2026/04/24 14:52:09 - mmengine - INFO - Iter(val) [1920/2000]    eta: 0:00:05  time: 0.0641  data_time: 0.0014  memory: 1506  
2026/04/24 14:52:10 - mmengine - INFO - Iter(val) [1940/2000]    eta: 0:00:03  time: 0.0636  data_time: 0.0016  memory: 1353  
2026/04/24 14:52:12 - mmengine - INFO - Iter(val) [1960/2000]    eta: 0:00:02  time: 0.0590  data_time: 0.0014  memory: 1251  
2026/04/24 14:52:13 - mmengine - INFO - Iter(val) [1980/2000]    eta: 0:00:01  time: 0.0598  data_time: 0.0015  memory: 1246  
2026/04/24 14:52:14 - mmengine - INFO - Iter(val) [2000/2000]    eta: 0:00:00  time: 0.0594  data_time: 0.0014  memory: 1331  
2026/04/24 14:52:14 - mmengine - INFO - per class results:
2026/04/24 14:52:14 - mmengine - INFO - 
+---------------------+-------+-------+
|        Class        |  IoU  |  Acc  |
+---------------------+-------+-------+
|         wall        | 37.48 | 74.96 |
|       building      | 36.93 | 69.45 |
|         sky         | 69.87 | 93.72 |
|        floor        | 31.57 | 70.66 |
|         tree        | 29.04 | 67.52 |
|       ceiling       | 16.25 | 18.04 |
|         road        |  42.2 | 83.74 |
|         bed         | 12.85 | 22.72 |
|      windowpane     | 21.67 | 32.23 |
|        grass        | 39.18 | 49.15 |
|       cabinet       |  0.0  |  0.0  |
|       sidewalk      |  0.26 |  0.26 |
|        person       |  1.35 |  1.53 |
|        earth        |  0.59 |  0.6  |
|         door        |  0.0  |  0.0  |
|        table        |  0.0  |  0.0  |
|       mountain      |  4.11 |  4.67 |
|        plant        |  0.0  |  0.0  |
|       curtain       |  0.0  |  0.0  |
|        chair        |  5.41 |  9.28 |
|         car         |  6.57 |  7.19 |
|        water        |  0.0  |  0.0  |
|       painting      |  0.0  |  0.0  |
|         sofa        |  0.0  |  0.0  |
|        shelf        |  0.0  |  0.0  |
|        house        |  0.0  |  0.0  |
|         sea         |  6.98 |  8.69 |
|        mirror       |  0.0  |  0.0  |
|         rug         |  0.0  |  0.0  |
|        field        |  0.0  |  0.0  |
|       armchair      |  0.0  |  0.0  |
|         seat        |  0.0  |  0.0  |
|        fence        |  0.0  |  0.0  |
|         desk        |  0.0  |  0.0  |
|         rock        |  0.0  |  0.0  |
|       wardrobe      |  0.0  |  0.0  |
|         lamp        |  0.0  |  0.0  |
|       bathtub       |  0.0  |  0.0  |
|       railing       |  0.0  |  0.0  |
|       cushion       |  0.0  |  0.0  |
|         base        |  0.0  |  0.0  |
|         box         |  0.0  |  0.0  |
|        column       |  0.0  |  0.0  |
|      signboard      |  0.0  |  0.0  |
|   chest of drawers  |  0.0  |  0.0  |
|       counter       |  0.0  |  0.0  |
|         sand        |  0.0  |  0.0  |
|         sink        |  0.0  |  0.0  |
|      skyscraper     |  0.0  |  0.0  |
|      fireplace      |  0.0  |  0.0  |
|     refrigerator    |  0.0  |  0.0  |
|      grandstand     |  0.0  |  0.0  |
|         path        |  0.0  |  0.0  |
|        stairs       |  0.0  |  0.0  |
|        runway       |  0.0  |  0.0  |
|         case        |  0.0  |  0.0  |
|      pool table     |  0.0  |  0.0  |
|        pillow       |  0.0  |  0.0  |
|     screen door     |  0.0  |  0.0  |
|       stairway      |  0.0  |  0.0  |
|        river        |  0.0  |  0.0  |
|        bridge       |  0.0  |  0.0  |
|       bookcase      |  0.0  |  0.0  |
|        blind        |  0.0  |  0.0  |
|     coffee table    |  0.0  |  0.0  |
|        toilet       |  0.0  |  0.0  |
|        flower       |  0.0  |  0.0  |
|         book        |  0.0  |  0.0  |
|         hill        |  0.0  |  0.0  |
|        bench        |  0.0  |  0.0  |
|      countertop     |  0.0  |  0.0  |
|        stove        |  0.0  |  0.0  |
|         palm        |  0.0  |  0.0  |
|    kitchen island   |  0.0  |  0.0  |
|       computer      |  0.0  |  0.0  |
|     swivel chair    |  0.0  |  0.0  |
|         boat        |  0.0  |  0.0  |
|         bar         |  0.0  |  0.0  |
|    arcade machine   |  0.0  |  0.0  |
|        hovel        |  0.0  |  0.0  |
|         bus         |  0.0  |  0.0  |
|        towel        |  0.0  |  0.0  |
|        light        |  0.0  |  0.0  |
|        truck        |  0.0  |  0.0  |
|        tower        |  0.0  |  0.0  |
|      chandelier     |  0.0  |  0.0  |
|        awning       |  0.0  |  0.0  |
|     streetlight     |  0.0  |  0.0  |
|        booth        |  0.0  |  0.0  |
| television receiver |  0.0  |  0.0  |
|       airplane      |  0.0  |  0.0  |
|      dirt track     |  0.0  |  0.0  |
|       apparel       |  0.0  |  0.0  |
|         pole        |  0.0  |  0.0  |
|         land        |  0.0  |  0.0  |
|      bannister      |  0.0  |  0.0  |
|      escalator      |  0.0  |  0.0  |
|       ottoman       |  0.0  |  0.0  |
|        bottle       |  0.0  |  0.0  |
|        buffet       |  0.0  |  0.0  |
|        poster       |  0.0  |  0.0  |
|        stage        |  0.0  |  0.0  |
|         van         |  0.0  |  0.0  |
|         ship        |  0.0  |  0.0  |
|       fountain      |  0.0  |  0.0  |
|    conveyer belt    |  0.0  |  0.0  |
|        canopy       |  0.0  |  0.0  |
|        washer       |  0.0  |  0.0  |
|      plaything      |  0.0  |  0.0  |
|    swimming pool    |  0.0  |  0.0  |
|        stool        |  0.0  |  0.0  |
|        barrel       |  0.0  |  0.0  |
|        basket       |  0.0  |  0.0  |
|      waterfall      |  0.0  |  0.0  |
|         tent        |  0.0  |  0.0  |
|         bag         |  0.0  |  0.0  |
|       minibike      |  0.0  |  0.0  |
|        cradle       |  0.0  |  0.0  |
|         oven        |  0.0  |  0.0  |
|         ball        |  0.0  |  0.0  |
|         food        |  0.0  |  0.0  |
|         step        |  0.0  |  0.0  |
|         tank        |  0.0  |  0.0  |
|      trade name     |  0.0  |  0.0  |
|      microwave      |  0.0  |  0.0  |
|         pot         |  0.0  |  0.0  |
|        animal       |  0.0  |  0.0  |
|       bicycle       |  0.0  |  0.0  |
|         lake        |  0.0  |  0.0  |
|      dishwasher     |  0.0  |  0.0  |
|        screen       |  0.0  |  0.0  |
|       blanket       |  0.0  |  0.0  |
|      sculpture      |  0.0  |  0.0  |
|         hood        |  0.0  |  0.0  |
|        sconce       |  0.0  |  0.0  |
|         vase        |  0.0  |  0.0  |
|    traffic light    |  0.0  |  0.0  |
|         tray        |  0.0  |  0.0  |
|        ashcan       |  0.0  |  0.0  |
|         fan         |  0.0  |  0.0  |
|         pier        |  0.0  |  0.0  |
|      crt screen     |  0.0  |  0.0  |
|        plate        |  0.0  |  0.0  |
|       monitor       |  0.0  |  0.0  |
|    bulletin board   |  0.0  |  0.0  |
|        shower       |  0.0  |  0.0  |
|       radiator      |  0.0  |  0.0  |
|        glass        |  0.0  |  0.0  |
|        clock        |  0.0  |  0.0  |
|         flag        |  0.0  |  0.0  |
+---------------------+-------+-------+
2026/04/24 14:52:14 - mmengine - INFO - Iter(val) [2000/2000]    aAcc: 44.6500  mIoU: 2.4200  mAcc: 4.1000  data_time: 0.0015  time: 0.0628
2026/04/24 14:52:14 - mmengine - INFO - The previous best checkpoint /home/jlx_75/PVMamba_cifar10_sparse_v13_stage3_latesparse/segmentation/work_dirs/pvmamba_tiny_upernet_ade20k_smoke/best_mIoU_iter_2000.pth is removed
2026/04/24 14:52:15 - mmengine - INFO - The best checkpoint with 2.4200 mIoU at 3000 iter is saved to best_mIoU_iter_3000.pth.
2026/04/24 14:52:24 - mmengine - INFO - Iter(train) [3020/8000]  lr: 3.9845e-05  eta: 0:25:40  time: 0.3151  data_time: 0.0082  memory: 5847  loss: 3.4993  decode.loss_ce: 2.4809  decode.acc_seg: 26.7541  aux.loss_ce: 1.0185  aux.acc_seg: 20.4568
2026/04/24 14:52:30 - mmengine - INFO - Iter(train) [3040/8000]  lr: 3.9685e-05  eta: 0:25:34  time: 0.3007  data_time: 0.0057  memory: 5847  loss: 2.9630  decode.loss_ce: 2.0879  decode.acc_seg: 45.4717  aux.loss_ce: 0.8751  aux.acc_seg: 51.2816
2026/04/24 14:52:36 - mmengine - INFO - Iter(train) [3060/8000]  lr: 3.9525e-05  eta: 0:25:27  time: 0.3030  data_time: 0.0060  memory: 5847  loss: 3.1107  decode.loss_ce: 2.1827  decode.acc_seg: 22.8824  aux.loss_ce: 0.9280  aux.acc_seg: 25.6742
2026/04/24 14:52:42 - mmengine - INFO - Iter(train) [3080/8000]  lr: 3.9365e-05  eta: 0:25:21  time: 0.3048  data_time: 0.0060  memory: 5847  loss: 3.0643  decode.loss_ce: 2.1239  decode.acc_seg: 66.4798  aux.loss_ce: 0.9404  aux.acc_seg: 50.0625
2026/04/24 14:52:48 - mmengine - INFO - Iter(train) [3100/8000]  lr: 3.9205e-05  eta: 0:25:15  time: 0.3010  data_time: 0.0059  memory: 5847  loss: 3.2666  decode.loss_ce: 2.2956  decode.acc_seg: 7.5860  aux.loss_ce: 0.9710  aux.acc_seg: 7.2319
2026/04/24 14:52:55 - mmengine - INFO - Iter(train) [3120/8000]  lr: 3.9045e-05  eta: 0:25:08  time: 0.3104  data_time: 0.0060  memory: 5847  loss: 3.3810  decode.loss_ce: 2.3607  decode.acc_seg: 43.1617  aux.loss_ce: 1.0204  aux.acc_seg: 36.7595
2026/04/24 14:53:01 - mmengine - INFO - Iter(train) [3140/8000]  lr: 3.8885e-05  eta: 0:25:02  time: 0.3019  data_time: 0.0059  memory: 5847  loss: 3.1366  decode.loss_ce: 2.1985  decode.acc_seg: 27.9217  aux.loss_ce: 0.9381  aux.acc_seg: 29.6677
2026/04/24 14:53:07 - mmengine - INFO - Iter(train) [3160/8000]  lr: 3.8725e-05  eta: 0:24:56  time: 0.3050  data_time: 0.0057  memory: 5847  loss: 2.7770  decode.loss_ce: 1.9487  decode.acc_seg: 49.6086  aux.loss_ce: 0.8283  aux.acc_seg: 47.5860
2026/04/24 14:53:13 - mmengine - INFO - Iter(train) [3180/8000]  lr: 3.8565e-05  eta: 0:24:49  time: 0.3028  data_time: 0.0055  memory: 5847  loss: 3.4378  decode.loss_ce: 2.4161  decode.acc_seg: 50.6115  aux.loss_ce: 1.0217  aux.acc_seg: 44.1931
2026/04/24 14:53:19 - mmengine - INFO - Iter(train) [3200/8000]  lr: 3.8405e-05  eta: 0:24:43  time: 0.3048  data_time: 0.0057  memory: 5847  loss: 2.9399  decode.loss_ce: 2.0531  decode.acc_seg: 68.1591  aux.loss_ce: 0.8869  aux.acc_seg: 61.0046
2026/04/24 14:53:25 - mmengine - INFO - Iter(train) [3220/8000]  lr: 3.8245e-05  eta: 0:24:37  time: 0.3068  data_time: 0.0059  memory: 5847  loss: 3.3660  decode.loss_ce: 2.3656  decode.acc_seg: 18.2066  aux.loss_ce: 1.0003  aux.acc_seg: 22.3793
2026/04/24 14:53:31 - mmengine - INFO - Iter(train) [3240/8000]  lr: 3.8085e-05  eta: 0:24:31  time: 0.3090  data_time: 0.0059  memory: 5847  loss: 2.7892  decode.loss_ce: 1.9439  decode.acc_seg: 13.9938  aux.loss_ce: 0.8453  aux.acc_seg: 19.7230
2026/04/24 14:53:37 - mmengine - INFO - Iter(train) [3260/8000]  lr: 3.7925e-05  eta: 0:24:24  time: 0.3006  data_time: 0.0058  memory: 5847  loss: 3.0436  decode.loss_ce: 2.1081  decode.acc_seg: 34.8389  aux.loss_ce: 0.9355  aux.acc_seg: 28.6789
2026/04/24 14:53:43 - mmengine - INFO - Iter(train) [3280/8000]  lr: 3.7765e-05  eta: 0:24:18  time: 0.3097  data_time: 0.0060  memory: 5847  loss: 3.8037  decode.loss_ce: 2.6793  decode.acc_seg: 43.7676  aux.loss_ce: 1.1244  aux.acc_seg: 35.5690
2026/04/24 14:53:49 - mmengine - INFO - Iter(train) [3300/8000]  lr: 3.7605e-05  eta: 0:24:12  time: 0.3061  data_time: 0.0061  memory: 5847  loss: 3.0476  decode.loss_ce: 2.1142  decode.acc_seg: 33.0385  aux.loss_ce: 0.9334  aux.acc_seg: 25.0984
2026/04/24 14:53:55 - mmengine - INFO - Iter(train) [3320/8000]  lr: 3.7445e-05  eta: 0:24:05  time: 0.3036  data_time: 0.0060  memory: 5847  loss: 3.1191  decode.loss_ce: 2.1711  decode.acc_seg: 60.4275  aux.loss_ce: 0.9481  aux.acc_seg: 54.2676
2026/04/24 14:54:02 - mmengine - INFO - Iter(train) [3340/8000]  lr: 3.7285e-05  eta: 0:23:59  time: 0.3020  data_time: 0.0059  memory: 5847  loss: 3.7305  decode.loss_ce: 2.6125  decode.acc_seg: 22.4519  aux.loss_ce: 1.1179  aux.acc_seg: 22.4889
2026/04/24 14:54:08 - mmengine - INFO - Iter(train) [3360/8000]  lr: 3.7125e-05  eta: 0:23:53  time: 0.3019  data_time: 0.0059  memory: 5847  loss: 3.3572  decode.loss_ce: 2.3260  decode.acc_seg: 35.0282  aux.loss_ce: 1.0312  aux.acc_seg: 32.5501
2026/04/24 14:54:14 - mmengine - INFO - Iter(train) [3380/8000]  lr: 3.6965e-05  eta: 0:23:46  time: 0.3011  data_time: 0.0058  memory: 5847  loss: 3.3715  decode.loss_ce: 2.3460  decode.acc_seg: 20.6145  aux.loss_ce: 1.0255  aux.acc_seg: 19.6309
2026/04/24 14:54:20 - mmengine - INFO - Iter(train) [3400/8000]  lr: 3.6805e-05  eta: 0:23:40  time: 0.3023  data_time: 0.0058  memory: 5847  loss: 2.7253  decode.loss_ce: 1.8595  decode.acc_seg: 57.6670  aux.loss_ce: 0.8658  aux.acc_seg: 61.6465
2026/04/24 14:54:26 - mmengine - INFO - Iter(train) [3420/8000]  lr: 3.6645e-05  eta: 0:23:34  time: 0.3045  data_time: 0.0059  memory: 5847  loss: 3.0846  decode.loss_ce: 2.1650  decode.acc_seg: 56.2716  aux.loss_ce: 0.9196  aux.acc_seg: 61.2688
2026/04/24 14:54:32 - mmengine - INFO - Iter(train) [3440/8000]  lr: 3.6485e-05  eta: 0:23:28  time: 0.3086  data_time: 0.0060  memory: 5847  loss: 3.4262  decode.loss_ce: 2.3884  decode.acc_seg: 32.7565  aux.loss_ce: 1.0378  aux.acc_seg: 26.5983
2026/04/24 14:54:38 - mmengine - INFO - Iter(train) [3460/8000]  lr: 3.6325e-05  eta: 0:23:21  time: 0.3041  data_time: 0.0059  memory: 5847  loss: 3.4247  decode.loss_ce: 2.4106  decode.acc_seg: 65.2608  aux.loss_ce: 1.0140  aux.acc_seg: 60.3594
2026/04/24 14:54:44 - mmengine - INFO - Iter(train) [3480/8000]  lr: 3.6165e-05  eta: 0:23:15  time: 0.3060  data_time: 0.0059  memory: 5847  loss: 3.4972  decode.loss_ce: 2.4462  decode.acc_seg: 6.4245  aux.loss_ce: 1.0510  aux.acc_seg: 11.4621
2026/04/24 14:54:51 - mmengine - INFO - Iter(train) [3500/8000]  lr: 3.6005e-05  eta: 0:23:09  time: 0.3084  data_time: 0.0060  memory: 5847  loss: 3.3069  decode.loss_ce: 2.3231  decode.acc_seg: 30.9841  aux.loss_ce: 0.9837  aux.acc_seg: 35.5629
2026/04/24 14:54:57 - mmengine - INFO - Iter(train) [3520/8000]  lr: 3.5845e-05  eta: 0:23:03  time: 0.3031  data_time: 0.0058  memory: 5847  loss: 3.1699  decode.loss_ce: 2.2184  decode.acc_seg: 32.7550  aux.loss_ce: 0.9515  aux.acc_seg: 38.7628
2026/04/24 14:55:03 - mmengine - INFO - Iter(train) [3540/8000]  lr: 3.5685e-05  eta: 0:22:56  time: 0.3112  data_time: 0.0057  memory: 5847  loss: 2.9419  decode.loss_ce: 2.0500  decode.acc_seg: 19.6884  aux.loss_ce: 0.8919  aux.acc_seg: 18.2907
2026/04/24 14:55:09 - mmengine - INFO - Iter(train) [3560/8000]  lr: 3.5525e-05  eta: 0:22:50  time: 0.3054  data_time: 0.0059  memory: 5847  loss: 3.3018  decode.loss_ce: 2.3275  decode.acc_seg: 57.3905  aux.loss_ce: 0.9742  aux.acc_seg: 61.3091
2026/04/24 14:55:15 - mmengine - INFO - Iter(train) [3580/8000]  lr: 3.5365e-05  eta: 0:22:44  time: 0.3040  data_time: 0.0059  memory: 5847  loss: 3.3469  decode.loss_ce: 2.3542  decode.acc_seg: 13.7883  aux.loss_ce: 0.9926  aux.acc_seg: 26.7058
2026/04/24 14:55:21 - mmengine - INFO - Iter(train) [3600/8000]  lr: 3.5205e-05  eta: 0:22:38  time: 0.3046  data_time: 0.0059  memory: 5847  loss: 3.5609  decode.loss_ce: 2.4987  decode.acc_seg: 26.9099  aux.loss_ce: 1.0622  aux.acc_seg: 6.4359
2026/04/24 14:55:27 - mmengine - INFO - Iter(train) [3620/8000]  lr: 3.5045e-05  eta: 0:22:32  time: 0.3055  data_time: 0.0060  memory: 5847  loss: 3.1009  decode.loss_ce: 2.1653  decode.acc_seg: 44.1110  aux.loss_ce: 0.9356  aux.acc_seg: 42.0953
2026/04/24 14:55:33 - mmengine - INFO - Iter(train) [3640/8000]  lr: 3.4885e-05  eta: 0:22:25  time: 0.3049  data_time: 0.0061  memory: 5847  loss: 2.8933  decode.loss_ce: 1.9992  decode.acc_seg: 51.3960  aux.loss_ce: 0.8941  aux.acc_seg: 49.8837
2026/04/24 14:55:39 - mmengine - INFO - Iter(train) [3660/8000]  lr: 3.4725e-05  eta: 0:22:19  time: 0.3048  data_time: 0.0057  memory: 5847  loss: 2.9913  decode.loss_ce: 2.0953  decode.acc_seg: 18.1241  aux.loss_ce: 0.8960  aux.acc_seg: 17.1269
2026/04/24 14:55:46 - mmengine - INFO - Iter(train) [3680/8000]  lr: 3.4565e-05  eta: 0:22:13  time: 0.3028  data_time: 0.0058  memory: 5847  loss: 3.5315  decode.loss_ce: 2.4820  decode.acc_seg: 5.8036  aux.loss_ce: 1.0495  aux.acc_seg: 6.0695
2026/04/24 14:55:52 - mmengine - INFO - Iter(train) [3700/8000]  lr: 3.4405e-05  eta: 0:22:06  time: 0.3076  data_time: 0.0062  memory: 5847  loss: 3.6582  decode.loss_ce: 2.5593  decode.acc_seg: 23.1885  aux.loss_ce: 1.0989  aux.acc_seg: 22.3719
2026/04/24 14:55:58 - mmengine - INFO - Iter(train) [3720/8000]  lr: 3.4245e-05  eta: 0:22:00  time: 0.3009  data_time: 0.0058  memory: 5847  loss: 3.1258  decode.loss_ce: 2.1926  decode.acc_seg: 12.3188  aux.loss_ce: 0.9332  aux.acc_seg: 22.5874
2026/04/24 14:56:04 - mmengine - INFO - Iter(train) [3740/8000]  lr: 3.4085e-05  eta: 0:21:54  time: 0.3001  data_time: 0.0057  memory: 5847  loss: 3.0449  decode.loss_ce: 2.1657  decode.acc_seg: 39.9668  aux.loss_ce: 0.8792  aux.acc_seg: 37.8600
2026/04/24 14:56:10 - mmengine - INFO - Iter(train) [3760/8000]  lr: 3.3925e-05  eta: 0:21:48  time: 0.3014  data_time: 0.0055  memory: 5847  loss: 3.3610  decode.loss_ce: 2.3552  decode.acc_seg: 13.8254  aux.loss_ce: 1.0057  aux.acc_seg: 21.1419
2026/04/24 14:56:16 - mmengine - INFO - Iter(train) [3780/8000]  lr: 3.3765e-05  eta: 0:21:41  time: 0.3033  data_time: 0.0056  memory: 5847  loss: 3.0541  decode.loss_ce: 2.1318  decode.acc_seg: 20.4803  aux.loss_ce: 0.9223  aux.acc_seg: 15.1734
2026/04/24 14:56:22 - mmengine - INFO - Iter(train) [3800/8000]  lr: 3.3604e-05  eta: 0:21:35  time: 0.3006  data_time: 0.0057  memory: 5847  loss: 3.6520  decode.loss_ce: 2.5582  decode.acc_seg: 6.3600  aux.loss_ce: 1.0938  aux.acc_seg: 4.5243
2026/04/24 14:56:28 - mmengine - INFO - Iter(train) [3820/8000]  lr: 3.3444e-05  eta: 0:21:29  time: 0.3037  data_time: 0.0055  memory: 5847  loss: 2.6977  decode.loss_ce: 1.8845  decode.acc_seg: 49.3893  aux.loss_ce: 0.8132  aux.acc_seg: 43.4307
2026/04/24 14:56:34 - mmengine - INFO - Iter(train) [3840/8000]  lr: 3.3284e-05  eta: 0:21:22  time: 0.3027  data_time: 0.0056  memory: 5847  loss: 3.2455  decode.loss_ce: 2.2648  decode.acc_seg: 46.3980  aux.loss_ce: 0.9806  aux.acc_seg: 42.3638
2026/04/24 14:56:40 - mmengine - INFO - Iter(train) [3860/8000]  lr: 3.3124e-05  eta: 0:21:16  time: 0.3119  data_time: 0.0055  memory: 5847  loss: 2.5607  decode.loss_ce: 1.7762  decode.acc_seg: 63.2918  aux.loss_ce: 0.7845  aux.acc_seg: 60.3632
2026/04/24 14:56:46 - mmengine - INFO - Iter(train) [3880/8000]  lr: 3.2964e-05  eta: 0:21:10  time: 0.3041  data_time: 0.0056  memory: 5847  loss: 3.5125  decode.loss_ce: 2.4708  decode.acc_seg: 24.3430  aux.loss_ce: 1.0417  aux.acc_seg: 15.5430
2026/04/24 14:56:52 - mmengine - INFO - Iter(train) [3900/8000]  lr: 3.2804e-05  eta: 0:21:04  time: 0.3022  data_time: 0.0056  memory: 5847  loss: 3.6611  decode.loss_ce: 2.6013  decode.acc_seg: 46.7514  aux.loss_ce: 1.0598  aux.acc_seg: 47.5006
2026/04/24 14:56:58 - mmengine - INFO - Iter(train) [3920/8000]  lr: 3.2644e-05  eta: 0:20:57  time: 0.3020  data_time: 0.0056  memory: 5847  loss: 3.0108  decode.loss_ce: 2.0937  decode.acc_seg: 56.3222  aux.loss_ce: 0.9171  aux.acc_seg: 48.3938
2026/04/24 14:57:05 - mmengine - INFO - Iter(train) [3940/8000]  lr: 3.2484e-05  eta: 0:20:51  time: 0.3020  data_time: 0.0054  memory: 5847  loss: 1.9871  decode.loss_ce: 1.3641  decode.acc_seg: 63.4910  aux.loss_ce: 0.6230  aux.acc_seg: 71.0045
2026/04/24 14:57:11 - mmengine - INFO - Iter(train) [3960/8000]  lr: 3.2324e-05  eta: 0:20:45  time: 0.3041  data_time: 0.0056  memory: 5847  loss: 3.0994  decode.loss_ce: 2.1614  decode.acc_seg: 6.6201  aux.loss_ce: 0.9380  aux.acc_seg: 10.2311
2026/04/24 14:57:17 - mmengine - INFO - Iter(train) [3980/8000]  lr: 3.2164e-05  eta: 0:20:39  time: 0.3018  data_time: 0.0056  memory: 5847  loss: 3.3565  decode.loss_ce: 2.3500  decode.acc_seg: 67.3918  aux.loss_ce: 1.0065  aux.acc_seg: 73.2561
2026/04/24 14:57:23 - mmengine - INFO - Exp name: pvmamba_tiny_upernet_ade20k_20260424_142901
2026/04/24 14:57:23 - mmengine - INFO - Iter(train) [4000/8000]  lr: 3.2004e-05  eta: 0:20:32  time: 0.3021  data_time: 0.0056  memory: 5847  loss: 2.7636  decode.loss_ce: 1.9357  decode.acc_seg: 43.6079  aux.loss_ce: 0.8279  aux.acc_seg: 40.9646
2026/04/24 14:57:23 - mmengine - INFO - Saving checkpoint at 4000 iterations
2026/04/24 14:57:26 - mmengine - INFO - Iter(val) [  20/2000]    eta: 0:02:06  time: 0.0633  data_time: 0.0015  memory: 1321  
2026/04/24 14:57:27 - mmengine - INFO - Iter(val) [  40/2000]    eta: 0:02:04  time: 0.0647  data_time: 0.0015  memory: 1354  
2026/04/24 14:57:28 - mmengine - INFO - Iter(val) [  60/2000]    eta: 0:02:03  time: 0.0635  data_time: 0.0016  memory: 1323  
2026/04/24 14:57:29 - mmengine - INFO - Iter(val) [  80/2000]    eta: 0:02:02  time: 0.0642  data_time: 0.0015  memory: 1246  
2026/04/24 14:57:31 - mmengine - INFO - Iter(val) [ 100/2000]    eta: 0:02:01  time: 0.0659  data_time: 0.0016  memory: 1364  
2026/04/24 14:57:32 - mmengine - INFO - Iter(val) [ 120/2000]    eta: 0:01:59  time: 0.0615  data_time: 0.0015  memory: 1258  
2026/04/24 14:57:33 - mmengine - INFO - Iter(val) [ 140/2000]    eta: 0:01:58  time: 0.0642  data_time: 0.0015  memory: 1261  
2026/04/24 14:57:35 - mmengine - INFO - Iter(val) [ 160/2000]    eta: 0:01:57  time: 0.0675  data_time: 0.0016  memory: 1440  
2026/04/24 14:57:36 - mmengine - INFO - Iter(val) [ 180/2000]    eta: 0:01:56  time: 0.0648  data_time: 0.0016  memory: 1246  
2026/04/24 14:57:37 - mmengine - INFO - Iter(val) [ 200/2000]    eta: 0:01:55  time: 0.0641  data_time: 0.0015  memory: 1354  
2026/04/24 14:57:38 - mmengine - INFO - Iter(val) [ 220/2000]    eta: 0:01:53  time: 0.0599  data_time: 0.0014  memory: 1518  
2026/04/24 14:57:40 - mmengine - INFO - Iter(val) [ 240/2000]    eta: 0:01:52  time: 0.0664  data_time: 0.0015  memory: 1471  
2026/04/24 14:57:41 - mmengine - INFO - Iter(val) [ 260/2000]    eta: 0:01:50  time: 0.0615  data_time: 0.0015  memory: 1297  
2026/04/24 14:57:42 - mmengine - INFO - Iter(val) [ 280/2000]    eta: 0:01:49  time: 0.0634  data_time: 0.0015  memory: 1246  
2026/04/24 14:57:43 - mmengine - INFO - Iter(val) [ 300/2000]    eta: 0:01:48  time: 0.0647  data_time: 0.0016  memory: 1349  
2026/04/24 14:57:45 - mmengine - INFO - Iter(val) [ 320/2000]    eta: 0:01:46  time: 0.0619  data_time: 0.0016  memory: 1303  
2026/04/24 14:57:46 - mmengine - INFO - Iter(val) [ 340/2000]    eta: 0:01:45  time: 0.0663  data_time: 0.0015  memory: 1351  
2026/04/24 14:57:47 - mmengine - INFO - Iter(val) [ 360/2000]    eta: 0:01:44  time: 0.0631  data_time: 0.0015  memory: 1246  
2026/04/24 14:57:49 - mmengine - INFO - Iter(val) [ 380/2000]    eta: 0:01:42  time: 0.0654  data_time: 0.0016  memory: 1357  
2026/04/24 14:57:50 - mmengine - INFO - Iter(val) [ 400/2000]    eta: 0:01:41  time: 0.0641  data_time: 0.0015  memory: 1340  
2026/04/24 14:57:51 - mmengine - INFO - Iter(val) [ 420/2000]    eta: 0:01:39  time: 0.0551  data_time: 0.0014  memory: 1187  
2026/04/24 14:57:52 - mmengine - INFO - Iter(val) [ 440/2000]    eta: 0:01:38  time: 0.0656  data_time: 0.0015  memory: 1358  
2026/04/24 14:57:53 - mmengine - INFO - Iter(val) [ 460/2000]    eta: 0:01:37  time: 0.0647  data_time: 0.0015  memory: 1258  
2026/04/24 14:57:55 - mmengine - INFO - Iter(val) [ 480/2000]    eta: 0:01:36  time: 0.0640  data_time: 0.0015  memory: 1246  
2026/04/24 14:57:56 - mmengine - INFO - Iter(val) [ 500/2000]    eta: 0:01:34  time: 0.0628  data_time: 0.0015  memory: 1259  
2026/04/24 14:57:57 - mmengine - INFO - Iter(val) [ 520/2000]    eta: 0:01:33  time: 0.0646  data_time: 0.0016  memory: 1253  
2026/04/24 14:57:59 - mmengine - INFO - Iter(val) [ 540/2000]    eta: 0:01:32  time: 0.0659  data_time: 0.0015  memory: 1280  
2026/04/24 14:58:00 - mmengine - INFO - Iter(val) [ 560/2000]    eta: 0:01:31  time: 0.0591  data_time: 0.0014  memory: 1343  
2026/04/24 14:58:01 - mmengine - INFO - Iter(val) [ 580/2000]    eta: 0:01:29  time: 0.0650  data_time: 0.0016  memory: 1355  
2026/04/24 14:58:02 - mmengine - INFO - Iter(val) [ 600/2000]    eta: 0:01:28  time: 0.0650  data_time: 0.0016  memory: 1261  
2026/04/24 14:58:04 - mmengine - INFO - Iter(val) [ 620/2000]    eta: 0:01:27  time: 0.0598  data_time: 0.0014  memory: 1295  
2026/04/24 14:58:05 - mmengine - INFO - Iter(val) [ 640/2000]    eta: 0:01:26  time: 0.0642  data_time: 0.0015  memory: 1296  
2026/04/24 14:58:06 - mmengine - INFO - Iter(val) [ 660/2000]    eta: 0:01:24  time: 0.0668  data_time: 0.0015  memory: 1327  
2026/04/24 14:58:08 - mmengine - INFO - Iter(val) [ 680/2000]    eta: 0:01:23  time: 0.0654  data_time: 0.0015  memory: 1339  
2026/04/24 14:58:09 - mmengine - INFO - Iter(val) [ 700/2000]    eta: 0:01:22  time: 0.0646  data_time: 0.0015  memory: 1321  
2026/04/24 14:58:10 - mmengine - INFO - Iter(val) [ 720/2000]    eta: 0:01:21  time: 0.0660  data_time: 0.0015  memory: 1272  
2026/04/24 14:58:11 - mmengine - INFO - Iter(val) [ 740/2000]    eta: 0:01:19  time: 0.0644  data_time: 0.0014  memory: 1339  
2026/04/24 14:58:13 - mmengine - INFO - Iter(val) [ 760/2000]    eta: 0:01:18  time: 0.0577  data_time: 0.0015  memory: 1264  
2026/04/24 14:58:14 - mmengine - INFO - Iter(val) [ 780/2000]    eta: 0:01:17  time: 0.0632  data_time: 0.0015  memory: 1246  
2026/04/24 14:58:15 - mmengine - INFO - Iter(val) [ 800/2000]    eta: 0:01:15  time: 0.0640  data_time: 0.0016  memory: 1246  
2026/04/24 14:58:16 - mmengine - INFO - Iter(val) [ 820/2000]    eta: 0:01:14  time: 0.0640  data_time: 0.0016  memory: 1184  
2026/04/24 14:58:18 - mmengine - INFO - Iter(val) [ 840/2000]    eta: 0:01:13  time: 0.0634  data_time: 0.0016  memory: 1246  
2026/04/24 14:58:19 - mmengine - INFO - Iter(val) [ 860/2000]    eta: 0:01:12  time: 0.0642  data_time: 0.0016  memory: 1246  
2026/04/24 14:58:20 - mmengine - INFO - Iter(val) [ 880/2000]    eta: 0:01:10  time: 0.0602  data_time: 0.0014  memory: 1245  
2026/04/24 14:58:21 - mmengine - INFO - Iter(val) [ 900/2000]    eta: 0:01:09  time: 0.0598  data_time: 0.0015  memory: 1296  
2026/04/24 14:58:23 - mmengine - INFO - Iter(val) [ 920/2000]    eta: 0:01:08  time: 0.0651  data_time: 0.0015  memory: 1333  
2026/04/24 14:58:24 - mmengine - INFO - Iter(val) [ 940/2000]    eta: 0:01:07  time: 0.0651  data_time: 0.0015  memory: 1255  
2026/04/24 14:58:25 - mmengine - INFO - Iter(val) [ 960/2000]    eta: 0:01:05  time: 0.0595  data_time: 0.0015  memory: 1245  
2026/04/24 14:58:26 - mmengine - INFO - Iter(val) [ 980/2000]    eta: 0:01:04  time: 0.0574  data_time: 0.0015  memory: 1246  
2026/04/24 14:58:28 - mmengine - INFO - Iter(val) [1000/2000]    eta: 0:01:03  time: 0.0624  data_time: 0.0015  memory: 1336  
2026/04/24 14:58:29 - mmengine - INFO - Iter(val) [1020/2000]    eta: 0:01:01  time: 0.0650  data_time: 0.0015  memory: 1348  
2026/04/24 14:58:30 - mmengine - INFO - Iter(val) [1040/2000]    eta: 0:01:00  time: 0.0662  data_time: 0.0015  memory: 1342  
2026/04/24 14:58:31 - mmengine - INFO - Iter(val) [1060/2000]    eta: 0:00:59  time: 0.0608  data_time: 0.0015  memory: 1264  
2026/04/24 14:58:33 - mmengine - INFO - Iter(val) [1080/2000]    eta: 0:00:58  time: 0.0643  data_time: 0.0016  memory: 1275  
2026/04/24 14:58:34 - mmengine - INFO - Iter(val) [1100/2000]    eta: 0:00:56  time: 0.0631  data_time: 0.0015  memory: 1246  
2026/04/24 14:58:35 - mmengine - INFO - Iter(val) [1120/2000]    eta: 0:00:55  time: 0.0630  data_time: 0.0015  memory: 1310  
2026/04/24 14:58:36 - mmengine - INFO - Iter(val) [1140/2000]    eta: 0:00:54  time: 0.0622  data_time: 0.0015  memory: 1246  
2026/04/24 14:58:38 - mmengine - INFO - Iter(val) [1160/2000]    eta: 0:00:53  time: 0.0640  data_time: 0.0017  memory: 2303  
2026/04/24 14:58:39 - mmengine - INFO - Iter(val) [1180/2000]    eta: 0:00:51  time: 0.0643  data_time: 0.0016  memory: 1246  
2026/04/24 14:58:40 - mmengine - INFO - Iter(val) [1200/2000]    eta: 0:00:50  time: 0.0654  data_time: 0.0015  memory: 1357  
2026/04/24 14:58:42 - mmengine - INFO - Iter(val) [1220/2000]    eta: 0:00:49  time: 0.0639  data_time: 0.0015  memory: 1284  
2026/04/24 14:58:43 - mmengine - INFO - Iter(val) [1240/2000]    eta: 0:00:48  time: 0.0625  data_time: 0.0014  memory: 1289  
2026/04/24 14:58:44 - mmengine - INFO - Iter(val) [1260/2000]    eta: 0:00:46  time: 0.0596  data_time: 0.0015  memory: 1238  
2026/04/24 14:58:45 - mmengine - INFO - Iter(val) [1280/2000]    eta: 0:00:45  time: 0.0628  data_time: 0.0015  memory: 1246  
2026/04/24 14:58:46 - mmengine - INFO - Iter(val) [1300/2000]    eta: 0:00:44  time: 0.0631  data_time: 0.0015  memory: 1245  
2026/04/24 14:58:48 - mmengine - INFO - Iter(val) [1320/2000]    eta: 0:00:42  time: 0.0599  data_time: 0.0015  memory: 1246  
2026/04/24 14:58:49 - mmengine - INFO - Iter(val) [1340/2000]    eta: 0:00:41  time: 0.0655  data_time: 0.0016  memory: 1251  
2026/04/24 14:58:50 - mmengine - INFO - Iter(val) [1360/2000]    eta: 0:00:40  time: 0.0603  data_time: 0.0014  memory: 1214  
2026/04/24 14:58:51 - mmengine - INFO - Iter(val) [1380/2000]    eta: 0:00:39  time: 0.0650  data_time: 0.0015  memory: 1277  
2026/04/24 14:58:53 - mmengine - INFO - Iter(val) [1400/2000]    eta: 0:00:37  time: 0.0649  data_time: 0.0015  memory: 1337  
2026/04/24 14:58:54 - mmengine - INFO - Iter(val) [1420/2000]    eta: 0:00:36  time: 0.0545  data_time: 0.0014  memory: 1246  
2026/04/24 14:58:55 - mmengine - INFO - Iter(val) [1440/2000]    eta: 0:00:35  time: 0.0646  data_time: 0.0015  memory: 1333  
2026/04/24 14:58:56 - mmengine - INFO - Iter(val) [1460/2000]    eta: 0:00:34  time: 0.0620  data_time: 0.0015  memory: 1259  
2026/04/24 14:58:58 - mmengine - INFO - Iter(val) [1480/2000]    eta: 0:00:32  time: 0.0620  data_time: 0.0015  memory: 1246  
2026/04/24 14:58:59 - mmengine - INFO - Iter(val) [1500/2000]    eta: 0:00:31  time: 0.0596  data_time: 0.0015  memory: 1210  
2026/04/24 14:59:00 - mmengine - INFO - Iter(val) [1520/2000]    eta: 0:00:30  time: 0.0663  data_time: 0.0016  memory: 1319  
2026/04/24 14:59:02 - mmengine - INFO - Iter(val) [1540/2000]    eta: 0:00:28  time: 0.0627  data_time: 0.0015  memory: 1282  
2026/04/24 14:59:03 - mmengine - INFO - Iter(val) [1560/2000]    eta: 0:00:27  time: 0.0574  data_time: 0.0014  memory: 1261  
2026/04/24 14:59:04 - mmengine - INFO - Iter(val) [1580/2000]    eta: 0:00:26  time: 0.0631  data_time: 0.0016  memory: 1246  
2026/04/24 14:59:05 - mmengine - INFO - Iter(val) [1600/2000]    eta: 0:00:25  time: 0.0632  data_time: 0.0016  memory: 1236  
2026/04/24 14:59:06 - mmengine - INFO - Iter(val) [1620/2000]    eta: 0:00:23  time: 0.0628  data_time: 0.0014  memory: 1456  
2026/04/24 14:59:08 - mmengine - INFO - Iter(val) [1640/2000]    eta: 0:00:22  time: 0.0669  data_time: 0.0015  memory: 1357  
2026/04/24 14:59:09 - mmengine - INFO - Iter(val) [1660/2000]    eta: 0:00:21  time: 0.0627  data_time: 0.0014  memory: 1265  
2026/04/24 14:59:10 - mmengine - INFO - Iter(val) [1680/2000]    eta: 0:00:20  time: 0.0662  data_time: 0.0015  memory: 1333  
2026/04/24 14:59:12 - mmengine - INFO - Iter(val) [1700/2000]    eta: 0:00:18  time: 0.0646  data_time: 0.0016  memory: 1259  
2026/04/24 14:59:13 - mmengine - INFO - Iter(val) [1720/2000]    eta: 0:00:17  time: 0.0621  data_time: 0.0015  memory: 1252  
2026/04/24 14:59:14 - mmengine - INFO - Iter(val) [1740/2000]    eta: 0:00:16  time: 0.0662  data_time: 0.0015  memory: 1346  
2026/04/24 14:59:15 - mmengine - INFO - Iter(val) [1760/2000]    eta: 0:00:15  time: 0.0551  data_time: 0.0014  memory: 1246  
2026/04/24 14:59:17 - mmengine - INFO - Iter(val) [1780/2000]    eta: 0:00:13  time: 0.0619  data_time: 0.0015  memory: 1258  
2026/04/24 14:59:18 - mmengine - INFO - Iter(val) [1800/2000]    eta: 0:00:12  time: 0.0643  data_time: 0.0016  memory: 1246  
2026/04/24 14:59:19 - mmengine - INFO - Iter(val) [1820/2000]    eta: 0:00:11  time: 0.0626  data_time: 0.0016  memory: 1184  
2026/04/24 14:59:20 - mmengine - INFO - Iter(val) [1840/2000]    eta: 0:00:10  time: 0.0643  data_time: 0.0016  memory: 1184  
2026/04/24 14:59:22 - mmengine - INFO - Iter(val) [1860/2000]    eta: 0:00:08  time: 0.0625  data_time: 0.0016  memory: 1184  
2026/04/24 14:59:23 - mmengine - INFO - Iter(val) [1880/2000]    eta: 0:00:07  time: 0.0606  data_time: 0.0014  memory: 1246  
2026/04/24 14:59:24 - mmengine - INFO - Iter(val) [1900/2000]    eta: 0:00:06  time: 0.0604  data_time: 0.0015  memory: 1336  
2026/04/24 14:59:25 - mmengine - INFO - Iter(val) [1920/2000]    eta: 0:00:05  time: 0.0636  data_time: 0.0015  memory: 1506  
2026/04/24 14:59:27 - mmengine - INFO - Iter(val) [1940/2000]    eta: 0:00:03  time: 0.0632  data_time: 0.0016  memory: 1353  
2026/04/24 14:59:28 - mmengine - INFO - Iter(val) [1960/2000]    eta: 0:00:02  time: 0.0595  data_time: 0.0015  memory: 1251  
2026/04/24 14:59:29 - mmengine - INFO - Iter(val) [1980/2000]    eta: 0:00:01  time: 0.0606  data_time: 0.0015  memory: 1246  
2026/04/24 14:59:30 - mmengine - INFO - Iter(val) [2000/2000]    eta: 0:00:00  time: 0.0596  data_time: 0.0014  memory: 1331  
2026/04/24 14:59:30 - mmengine - INFO - per class results:
2026/04/24 14:59:30 - mmengine - INFO - 
+---------------------+-------+-------+
|        Class        |  IoU  |  Acc  |
+---------------------+-------+-------+
|         wall        |  37.1 |  60.5 |
|       building      | 36.24 | 83.85 |
|         sky         | 74.76 | 91.92 |
|        floor        | 34.36 | 69.61 |
|         tree        |  31.9 | 73.98 |
|       ceiling       | 44.04 | 62.24 |
|         road        | 44.03 | 86.26 |
|         bed         | 13.95 | 27.35 |
|      windowpane     | 17.42 |  20.7 |
|        grass        | 42.54 | 54.47 |
|       cabinet       |  0.0  |  0.0  |
|       sidewalk      |  0.74 |  0.75 |
|        person       |  8.74 | 14.14 |
|        earth        |  0.82 |  0.85 |
|         door        |  0.0  |  0.0  |
|        table        |  0.0  |  0.0  |
|       mountain      |  7.64 | 10.23 |
|        plant        |  0.05 |  0.05 |
|       curtain       |  0.0  |  0.0  |
|        chair        |  0.02 |  0.02 |
|         car         | 13.68 | 23.44 |
|        water        |  0.0  |  0.0  |
|       painting      |  0.0  |  0.0  |
|         sofa        |  0.0  |  0.0  |
|        shelf        |  0.0  |  0.0  |
|        house        |  0.0  |  0.0  |
|         sea         |  0.11 |  0.11 |
|        mirror       |  0.0  |  0.0  |
|         rug         |  0.0  |  0.0  |
|        field        |  0.0  |  0.0  |
|       armchair      |  0.0  |  0.0  |
|         seat        |  0.0  |  0.0  |
|        fence        |  0.0  |  0.0  |
|         desk        |  0.0  |  0.0  |
|         rock        |  0.0  |  0.0  |
|       wardrobe      |  0.0  |  0.0  |
|         lamp        |  0.0  |  0.0  |
|       bathtub       |  0.0  |  0.0  |
|       railing       |  0.0  |  0.0  |
|       cushion       |  0.0  |  0.0  |
|         base        |  0.0  |  0.0  |
|         box         |  0.0  |  0.0  |
|        column       |  0.0  |  0.0  |
|      signboard      |  0.0  |  0.0  |
|   chest of drawers  |  0.0  |  0.0  |
|       counter       |  0.0  |  0.0  |
|         sand        |  0.0  |  0.0  |
|         sink        |  0.0  |  0.0  |
|      skyscraper     |  0.0  |  0.0  |
|      fireplace      |  0.0  |  0.0  |
|     refrigerator    |  0.0  |  0.0  |
|      grandstand     |  0.0  |  0.0  |
|         path        |  0.0  |  0.0  |
|        stairs       |  0.0  |  0.0  |
|        runway       |  0.0  |  0.0  |
|         case        |  0.0  |  0.0  |
|      pool table     |  0.0  |  0.0  |
|        pillow       |  0.0  |  0.0  |
|     screen door     |  0.0  |  0.0  |
|       stairway      |  0.0  |  0.0  |
|        river        |  0.0  |  0.0  |
|        bridge       |  0.0  |  0.0  |
|       bookcase      |  0.0  |  0.0  |
|        blind        |  0.0  |  0.0  |
|     coffee table    |  0.0  |  0.0  |
|        toilet       |  0.0  |  0.0  |
|        flower       |  0.0  |  0.0  |
|         book        |  0.0  |  0.0  |
|         hill        |  0.0  |  0.0  |
|        bench        |  0.0  |  0.0  |
|      countertop     |  0.0  |  0.0  |
|        stove        |  0.0  |  0.0  |
|         palm        |  0.0  |  0.0  |
|    kitchen island   |  0.0  |  0.0  |
|       computer      |  0.0  |  0.0  |
|     swivel chair    |  0.0  |  0.0  |
|         boat        |  0.0  |  0.0  |
|         bar         |  0.0  |  0.0  |
|    arcade machine   |  0.0  |  0.0  |
|        hovel        |  0.0  |  0.0  |
|         bus         |  0.0  |  0.0  |
|        towel        |  0.0  |  0.0  |
|        light        |  0.0  |  0.0  |
|        truck        |  0.0  |  0.0  |
|        tower        |  0.0  |  0.0  |
|      chandelier     |  0.0  |  0.0  |
|        awning       |  0.0  |  0.0  |
|     streetlight     |  0.0  |  0.0  |
|        booth        |  0.0  |  0.0  |
| television receiver |  0.0  |  0.0  |
|       airplane      |  0.0  |  0.0  |
|      dirt track     |  0.0  |  0.0  |
|       apparel       |  0.0  |  0.0  |
|         pole        |  0.0  |  0.0  |
|         land        |  0.0  |  0.0  |
|      bannister      |  0.0  |  0.0  |
|      escalator      |  0.0  |  0.0  |
|       ottoman       |  0.0  |  0.0  |
|        bottle       |  0.0  |  0.0  |
|        buffet       |  0.0  |  0.0  |
|        poster       |  0.0  |  0.0  |
|        stage        |  0.0  |  0.0  |
|         van         |  0.0  |  0.0  |
|         ship        |  0.0  |  0.0  |
|       fountain      |  0.0  |  0.0  |
|    conveyer belt    |  0.0  |  0.0  |
|        canopy       |  0.0  |  0.0  |
|        washer       |  0.0  |  0.0  |
|      plaything      |  0.0  |  0.0  |
|    swimming pool    |  0.0  |  0.0  |
|        stool        |  0.0  |  0.0  |
|        barrel       |  0.0  |  0.0  |
|        basket       |  0.0  |  0.0  |
|      waterfall      |  0.0  |  0.0  |
|         tent        |  0.0  |  0.0  |
|         bag         |  0.0  |  0.0  |
|       minibike      |  0.0  |  0.0  |
|        cradle       |  0.0  |  0.0  |
|         oven        |  0.0  |  0.0  |
|         ball        |  0.0  |  0.0  |
|         food        |  0.0  |  0.0  |
|         step        |  0.0  |  0.0  |
|         tank        |  0.0  |  0.0  |
|      trade name     |  0.0  |  0.0  |
|      microwave      |  0.0  |  0.0  |
|         pot         |  0.0  |  0.0  |
|        animal       |  0.0  |  0.0  |
|       bicycle       |  0.0  |  0.0  |
|         lake        |  0.0  |  0.0  |
|      dishwasher     |  0.0  |  0.0  |
|        screen       |  0.0  |  0.0  |
|       blanket       |  0.0  |  0.0  |
|      sculpture      |  0.0  |  0.0  |
|         hood        |  0.0  |  0.0  |
|        sconce       |  0.0  |  0.0  |
|         vase        |  0.0  |  0.0  |
|    traffic light    |  0.0  |  0.0  |
|         tray        |  0.0  |  0.0  |
|        ashcan       |  0.0  |  0.0  |
|         fan         |  0.0  |  0.0  |
|         pier        |  0.0  |  0.0  |
|      crt screen     |  0.0  |  0.0  |
|        plate        |  0.0  |  0.0  |
|       monitor       |  0.0  |  0.0  |
|    bulletin board   |  0.0  |  0.0  |
|        shower       |  0.0  |  0.0  |
|       radiator      |  0.0  |  0.0  |
|        glass        |  0.0  |  0.0  |
|        clock        |  0.0  |  0.0  |
|         flag        |  0.0  |  0.0  |
+---------------------+-------+-------+
2026/04/24 14:59:30 - mmengine - INFO - Iter(val) [2000/2000]    aAcc: 46.4200  mIoU: 2.7200  mAcc: 4.5400  data_time: 0.0015  time: 0.0629
2026/04/24 14:59:30 - mmengine - INFO - The previous best checkpoint /home/jlx_75/PVMamba_cifar10_sparse_v13_stage3_latesparse/segmentation/work_dirs/pvmamba_tiny_upernet_ade20k_smoke/best_mIoU_iter_3000.pth is removed
2026/04/24 14:59:31 - mmengine - INFO - The best checkpoint with 2.7200 mIoU at 4000 iter is saved to best_mIoU_iter_4000.pth.
2026/04/24 14:59:40 - mmengine - INFO - Iter(train) [4020/8000]  lr: 3.1844e-05  eta: 0:20:30  time: 0.2945  data_time: 0.0056  memory: 5847  loss: 3.6281  decode.loss_ce: 2.5605  decode.acc_seg: 56.3636  aux.loss_ce: 1.0676  aux.acc_seg: 47.9090
2026/04/24 14:59:46 - mmengine - INFO - Iter(train) [4040/8000]  lr: 3.1684e-05  eta: 0:20:23  time: 0.2985  data_time: 0.0056  memory: 5847  loss: 3.4963  decode.loss_ce: 2.4314  decode.acc_seg: 58.7259  aux.loss_ce: 1.0649  aux.acc_seg: 58.3176
2026/04/24 14:59:52 - mmengine - INFO - Iter(train) [4060/8000]  lr: 3.1524e-05  eta: 0:20:17  time: 0.2976  data_time: 0.0056  memory: 5847  loss: 3.4032  decode.loss_ce: 2.4044  decode.acc_seg: 26.8790  aux.loss_ce: 0.9988  aux.acc_seg: 24.5002
2026/04/24 14:59:58 - mmengine - INFO - Iter(train) [4080/8000]  lr: 3.1364e-05  eta: 0:20:11  time: 0.2995  data_time: 0.0055  memory: 5847  loss: 3.3524  decode.loss_ce: 2.3519  decode.acc_seg: 7.7028  aux.loss_ce: 1.0005  aux.acc_seg: 16.1155
2026/04/24 15:00:04 - mmengine - INFO - Iter(train) [4100/8000]  lr: 3.1204e-05  eta: 0:20:04  time: 0.3006  data_time: 0.0055  memory: 5847  loss: 3.4590  decode.loss_ce: 2.4355  decode.acc_seg: 17.6935  aux.loss_ce: 1.0236  aux.acc_seg: 14.4059
2026/04/24 15:00:10 - mmengine - INFO - Iter(train) [4120/8000]  lr: 3.1044e-05  eta: 0:19:58  time: 0.2987  data_time: 0.0056  memory: 5847  loss: 2.8929  decode.loss_ce: 2.0096  decode.acc_seg: 65.2409  aux.loss_ce: 0.8833  aux.acc_seg: 54.9508
2026/04/24 15:00:16 - mmengine - INFO - Iter(train) [4140/8000]  lr: 3.0884e-05  eta: 0:19:52  time: 0.3015  data_time: 0.0055  memory: 5847  loss: 3.0494  decode.loss_ce: 2.1418  decode.acc_seg: 29.6201  aux.loss_ce: 0.9076  aux.acc_seg: 25.9709
2026/04/24 15:00:22 - mmengine - INFO - Iter(train) [4160/8000]  lr: 3.0724e-05  eta: 0:19:45  time: 0.2996  data_time: 0.0055  memory: 5847  loss: 2.9190  decode.loss_ce: 2.0360  decode.acc_seg: 21.8216  aux.loss_ce: 0.8831  aux.acc_seg: 20.4050
2026/04/24 15:00:28 - mmengine - INFO - Iter(train) [4180/8000]  lr: 3.0564e-05  eta: 0:19:39  time: 0.3025  data_time: 0.0055  memory: 5847  loss: 2.4194  decode.loss_ce: 1.6776  decode.acc_seg: 44.2799  aux.loss_ce: 0.7418  aux.acc_seg: 43.3108
2026/04/24 15:00:34 - mmengine - INFO - Iter(train) [4200/8000]  lr: 3.0404e-05  eta: 0:19:33  time: 0.3007  data_time: 0.0058  memory: 5847  loss: 2.7356  decode.loss_ce: 1.8974  decode.acc_seg: 50.1769  aux.loss_ce: 0.8382  aux.acc_seg: 54.4570
2026/04/24 15:00:40 - mmengine - INFO - Iter(train) [4220/8000]  lr: 3.0244e-05  eta: 0:19:26  time: 0.3007  data_time: 0.0055  memory: 5847  loss: 3.2287  decode.loss_ce: 2.2641  decode.acc_seg: 23.7694  aux.loss_ce: 0.9645  aux.acc_seg: 23.6386
2026/04/24 15:00:46 - mmengine - INFO - Iter(train) [4240/8000]  lr: 3.0084e-05  eta: 0:19:20  time: 0.3031  data_time: 0.0055  memory: 5847  loss: 3.9098  decode.loss_ce: 2.7350  decode.acc_seg: 29.2350  aux.loss_ce: 1.1748  aux.acc_seg: 25.3938
2026/04/24 15:00:52 - mmengine - INFO - Iter(train) [4260/8000]  lr: 2.9924e-05  eta: 0:19:14  time: 0.3000  data_time: 0.0055  memory: 5847  loss: 2.9560  decode.loss_ce: 2.0852  decode.acc_seg: 27.5642  aux.loss_ce: 0.8708  aux.acc_seg: 27.2274
2026/04/24 15:00:58 - mmengine - INFO - Iter(train) [4280/8000]  lr: 2.9764e-05  eta: 0:19:07  time: 0.2967  data_time: 0.0054  memory: 5847  loss: 2.9921  decode.loss_ce: 2.0730  decode.acc_seg: 41.0080  aux.loss_ce: 0.9191  aux.acc_seg: 32.5964
2026/04/24 15:01:04 - mmengine - INFO - Iter(train) [4300/8000]  lr: 2.9604e-05  eta: 0:19:01  time: 0.3032  data_time: 0.0055  memory: 5847  loss: 2.9855  decode.loss_ce: 2.0923  decode.acc_seg: 28.6262  aux.loss_ce: 0.8933  aux.acc_seg: 12.6845
2026/04/24 15:01:10 - mmengine - INFO - Iter(train) [4320/8000]  lr: 2.9444e-05  eta: 0:18:55  time: 0.3010  data_time: 0.0054  memory: 5847  loss: 3.1895  decode.loss_ce: 2.2435  decode.acc_seg: 3.9203  aux.loss_ce: 0.9460  aux.acc_seg: 3.5927
2026/04/24 15:01:16 - mmengine - INFO - Iter(train) [4340/8000]  lr: 2.9284e-05  eta: 0:18:49  time: 0.3015  data_time: 0.0055  memory: 5847  loss: 3.0966  decode.loss_ce: 2.1359  decode.acc_seg: 7.6806  aux.loss_ce: 0.9608  aux.acc_seg: 10.5199
2026/04/24 15:01:22 - mmengine - INFO - Iter(train) [4360/8000]  lr: 2.9124e-05  eta: 0:18:42  time: 0.3071  data_time: 0.0056  memory: 5847  loss: 2.8980  decode.loss_ce: 2.0156  decode.acc_seg: 55.2715  aux.loss_ce: 0.8823  aux.acc_seg: 58.1792
2026/04/24 15:01:28 - mmengine - INFO - Iter(train) [4380/8000]  lr: 2.8964e-05  eta: 0:18:36  time: 0.3033  data_time: 0.0058  memory: 5847  loss: 2.9686  decode.loss_ce: 2.0787  decode.acc_seg: 53.3760  aux.loss_ce: 0.8899  aux.acc_seg: 45.3919
2026/04/24 15:01:34 - mmengine - INFO - Iter(train) [4400/8000]  lr: 2.8804e-05  eta: 0:18:30  time: 0.3031  data_time: 0.0060  memory: 5847  loss: 3.0446  decode.loss_ce: 2.1331  decode.acc_seg: 27.6414  aux.loss_ce: 0.9115  aux.acc_seg: 19.8461
2026/04/24 15:01:41 - mmengine - INFO - Iter(train) [4420/8000]  lr: 2.8644e-05  eta: 0:18:24  time: 0.3015  data_time: 0.0059  memory: 5847  loss: 3.0875  decode.loss_ce: 2.1713  decode.acc_seg: 16.2385  aux.loss_ce: 0.9162  aux.acc_seg: 17.6118
2026/04/24 15:01:47 - mmengine - INFO - Iter(train) [4440/8000]  lr: 2.8484e-05  eta: 0:18:17  time: 0.3020  data_time: 0.0055  memory: 5847  loss: 3.1174  decode.loss_ce: 2.1754  decode.acc_seg: 54.4861  aux.loss_ce: 0.9420  aux.acc_seg: 45.5901
2026/04/24 15:01:53 - mmengine - INFO - Iter(train) [4460/8000]  lr: 2.8324e-05  eta: 0:18:11  time: 0.3059  data_time: 0.0056  memory: 5847  loss: 3.1349  decode.loss_ce: 2.1841  decode.acc_seg: 48.6621  aux.loss_ce: 0.9508  aux.acc_seg: 27.6760
2026/04/24 15:01:59 - mmengine - INFO - Iter(train) [4480/8000]  lr: 2.8164e-05  eta: 0:18:05  time: 0.3037  data_time: 0.0055  memory: 5847  loss: 3.5283  decode.loss_ce: 2.4675  decode.acc_seg: 64.5466  aux.loss_ce: 1.0607  aux.acc_seg: 63.9256
2026/04/24 15:02:05 - mmengine - INFO - Iter(train) [4500/8000]  lr: 2.8004e-05  eta: 0:17:59  time: 0.2997  data_time: 0.0055  memory: 5847  loss: 3.9616  decode.loss_ce: 2.7723  decode.acc_seg: 27.2853  aux.loss_ce: 1.1893  aux.acc_seg: 25.9263
2026/04/24 15:02:11 - mmengine - INFO - Iter(train) [4520/8000]  lr: 2.7844e-05  eta: 0:17:52  time: 0.3031  data_time: 0.0056  memory: 5847  loss: 3.7153  decode.loss_ce: 2.6165  decode.acc_seg: 22.6641  aux.loss_ce: 1.0988  aux.acc_seg: 21.7483
2026/04/24 15:02:17 - mmengine - INFO - Iter(train) [4540/8000]  lr: 2.7684e-05  eta: 0:17:46  time: 0.3032  data_time: 0.0055  memory: 5847  loss: 3.2260  decode.loss_ce: 2.2739  decode.acc_seg: 29.5994  aux.loss_ce: 0.9521  aux.acc_seg: 32.9507
2026/04/24 15:02:23 - mmengine - INFO - Iter(train) [4560/8000]  lr: 2.7524e-05  eta: 0:17:40  time: 0.3024  data_time: 0.0056  memory: 5847  loss: 2.5086  decode.loss_ce: 1.7134  decode.acc_seg: 59.2832  aux.loss_ce: 0.7952  aux.acc_seg: 50.9146
2026/04/24 15:02:29 - mmengine - INFO - Iter(train) [4580/8000]  lr: 2.7364e-05  eta: 0:17:34  time: 0.3021  data_time: 0.0056  memory: 5847  loss: 3.7404  decode.loss_ce: 2.6327  decode.acc_seg: 48.4870  aux.loss_ce: 1.1077  aux.acc_seg: 47.2014
2026/04/24 15:02:35 - mmengine - INFO - Iter(train) [4600/8000]  lr: 2.7204e-05  eta: 0:17:27  time: 0.3018  data_time: 0.0059  memory: 5847  loss: 3.6629  decode.loss_ce: 2.5681  decode.acc_seg: 48.9666  aux.loss_ce: 1.0949  aux.acc_seg: 49.4460
2026/04/24 15:02:41 - mmengine - INFO - Iter(train) [4620/8000]  lr: 2.7044e-05  eta: 0:17:21  time: 0.3045  data_time: 0.0061  memory: 5847  loss: 3.2486  decode.loss_ce: 2.2785  decode.acc_seg: 26.1055  aux.loss_ce: 0.9701  aux.acc_seg: 30.1432
2026/04/24 15:02:47 - mmengine - INFO - Iter(train) [4640/8000]  lr: 2.6884e-05  eta: 0:17:15  time: 0.3033  data_time: 0.0060  memory: 5847  loss: 3.0840  decode.loss_ce: 2.1455  decode.acc_seg: 27.1191  aux.loss_ce: 0.9385  aux.acc_seg: 29.8291
2026/04/24 15:02:53 - mmengine - INFO - Iter(train) [4660/8000]  lr: 2.6724e-05  eta: 0:17:09  time: 0.3010  data_time: 0.0061  memory: 5847  loss: 2.9101  decode.loss_ce: 2.0279  decode.acc_seg: 31.2064  aux.loss_ce: 0.8822  aux.acc_seg: 22.7086
2026/04/24 15:02:59 - mmengine - INFO - Iter(train) [4680/8000]  lr: 2.6564e-05  eta: 0:17:02  time: 0.3012  data_time: 0.0060  memory: 5847  loss: 3.2133  decode.loss_ce: 2.2609  decode.acc_seg: 25.7540  aux.loss_ce: 0.9524  aux.acc_seg: 18.9411
2026/04/24 15:03:05 - mmengine - INFO - Iter(train) [4700/8000]  lr: 2.6404e-05  eta: 0:16:56  time: 0.3030  data_time: 0.0058  memory: 5847  loss: 3.8721  decode.loss_ce: 2.7358  decode.acc_seg: 18.5586  aux.loss_ce: 1.1363  aux.acc_seg: 22.8327
2026/04/24 15:03:12 - mmengine - INFO - Iter(train) [4720/8000]  lr: 2.6243e-05  eta: 0:16:50  time: 0.3295  data_time: 0.0068  memory: 5847  loss: 3.2387  decode.loss_ce: 2.2862  decode.acc_seg: 19.4061  aux.loss_ce: 0.9526  aux.acc_seg: 20.9401
2026/04/24 15:03:18 - mmengine - INFO - Iter(train) [4740/8000]  lr: 2.6083e-05  eta: 0:16:44  time: 0.3059  data_time: 0.0060  memory: 5847  loss: 2.4653  decode.loss_ce: 1.7000  decode.acc_seg: 54.6552  aux.loss_ce: 0.7653  aux.acc_seg: 46.7126
2026/04/24 15:03:24 - mmengine - INFO - Iter(train) [4760/8000]  lr: 2.5923e-05  eta: 0:16:38  time: 0.3021  data_time: 0.0058  memory: 5847  loss: 3.1760  decode.loss_ce: 2.2354  decode.acc_seg: 41.0399  aux.loss_ce: 0.9406  aux.acc_seg: 39.2462
2026/04/24 15:03:30 - mmengine - INFO - Iter(train) [4780/8000]  lr: 2.5763e-05  eta: 0:16:32  time: 0.3026  data_time: 0.0058  memory: 5847  loss: 3.1014  decode.loss_ce: 2.1583  decode.acc_seg: 20.6525  aux.loss_ce: 0.9431  aux.acc_seg: 13.5763
2026/04/24 15:03:36 - mmengine - INFO - Iter(train) [4800/8000]  lr: 2.5603e-05  eta: 0:16:25  time: 0.3004  data_time: 0.0058  memory: 5847  loss: 3.2443  decode.loss_ce: 2.2911  decode.acc_seg: 56.5978  aux.loss_ce: 0.9533  aux.acc_seg: 54.8914
2026/04/24 15:03:42 - mmengine - INFO - Iter(train) [4820/8000]  lr: 2.5443e-05  eta: 0:16:19  time: 0.3059  data_time: 0.0058  memory: 5847  loss: 3.4015  decode.loss_ce: 2.3709  decode.acc_seg: 22.8046  aux.loss_ce: 1.0306  aux.acc_seg: 16.2021
2026/04/24 15:03:48 - mmengine - INFO - Iter(train) [4840/8000]  lr: 2.5283e-05  eta: 0:16:13  time: 0.3067  data_time: 0.0059  memory: 5847  loss: 2.9053  decode.loss_ce: 2.0263  decode.acc_seg: 66.0737  aux.loss_ce: 0.8791  aux.acc_seg: 58.2776
2026/04/24 15:03:54 - mmengine - INFO - Iter(train) [4860/8000]  lr: 2.5123e-05  eta: 0:16:07  time: 0.3038  data_time: 0.0059  memory: 5847  loss: 2.7948  decode.loss_ce: 1.9371  decode.acc_seg: 56.3728  aux.loss_ce: 0.8577  aux.acc_seg: 49.6124
2026/04/24 15:04:00 - mmengine - INFO - Iter(train) [4880/8000]  lr: 2.4963e-05  eta: 0:16:01  time: 0.3009  data_time: 0.0059  memory: 5847  loss: 3.5853  decode.loss_ce: 2.5080  decode.acc_seg: 30.5643  aux.loss_ce: 1.0774  aux.acc_seg: 29.5427
2026/04/24 15:04:06 - mmengine - INFO - Iter(train) [4900/8000]  lr: 2.4803e-05  eta: 0:15:54  time: 0.3000  data_time: 0.0058  memory: 5847  loss: 3.3619  decode.loss_ce: 2.3491  decode.acc_seg: 41.1638  aux.loss_ce: 1.0128  aux.acc_seg: 41.4710
2026/04/24 15:04:12 - mmengine - INFO - Iter(train) [4920/8000]  lr: 2.4643e-05  eta: 0:15:48  time: 0.3003  data_time: 0.0058  memory: 5847  loss: 2.6357  decode.loss_ce: 1.8365  decode.acc_seg: 22.2557  aux.loss_ce: 0.7991  aux.acc_seg: 22.6209
2026/04/24 15:04:18 - mmengine - INFO - Iter(train) [4940/8000]  lr: 2.4483e-05  eta: 0:15:42  time: 0.3005  data_time: 0.0059  memory: 5847  loss: 3.3934  decode.loss_ce: 2.3832  decode.acc_seg: 25.6241  aux.loss_ce: 1.0102  aux.acc_seg: 22.9688
2026/04/24 15:04:24 - mmengine - INFO - Iter(train) [4960/8000]  lr: 2.4323e-05  eta: 0:15:36  time: 0.3003  data_time: 0.0059  memory: 5847  loss: 3.2351  decode.loss_ce: 2.2587  decode.acc_seg: 44.9466  aux.loss_ce: 0.9764  aux.acc_seg: 39.5245
2026/04/24 15:04:30 - mmengine - INFO - Iter(train) [4980/8000]  lr: 2.4163e-05  eta: 0:15:29  time: 0.3008  data_time: 0.0057  memory: 5847  loss: 2.9632  decode.loss_ce: 2.0823  decode.acc_seg: 17.2802  aux.loss_ce: 0.8809  aux.acc_seg: 3.3857
2026/04/24 15:04:36 - mmengine - INFO - Exp name: pvmamba_tiny_upernet_ade20k_20260424_142901
2026/04/24 15:04:36 - mmengine - INFO - Iter(train) [5000/8000]  lr: 2.4003e-05  eta: 0:15:23  time: 0.2990  data_time: 0.0054  memory: 5847  loss: 2.8780  decode.loss_ce: 1.9985  decode.acc_seg: 57.8830  aux.loss_ce: 0.8796  aux.acc_seg: 44.2341
2026/04/24 15:04:36 - mmengine - INFO - Saving checkpoint at 5000 iterations
2026/04/24 15:04:39 - mmengine - INFO - Iter(val) [  20/2000]    eta: 0:02:15  time: 0.0654  data_time: 0.0018  memory: 1321  
2026/04/24 15:04:40 - mmengine - INFO - Iter(val) [  40/2000]    eta: 0:02:08  time: 0.0638  data_time: 0.0015  memory: 1354  
2026/04/24 15:04:42 - mmengine - INFO - Iter(val) [  60/2000]    eta: 0:02:06  time: 0.0634  data_time: 0.0015  memory: 1323  
2026/04/24 15:04:43 - mmengine - INFO - Iter(val) [  80/2000]    eta: 0:02:04  time: 0.0645  data_time: 0.0015  memory: 1246  
2026/04/24 15:04:44 - mmengine - INFO - Iter(val) [ 100/2000]    eta: 0:02:02  time: 0.0647  data_time: 0.0016  memory: 1364  
2026/04/24 15:04:46 - mmengine - INFO - Iter(val) [ 120/2000]    eta: 0:02:00  time: 0.0613  data_time: 0.0015  memory: 1258  
2026/04/24 15:04:47 - mmengine - INFO - Iter(val) [ 140/2000]    eta: 0:01:59  time: 0.0639  data_time: 0.0015  memory: 1261  
2026/04/24 15:04:48 - mmengine - INFO - Iter(val) [ 160/2000]    eta: 0:01:58  time: 0.0650  data_time: 0.0015  memory: 1440  
2026/04/24 15:04:49 - mmengine - INFO - Iter(val) [ 180/2000]    eta: 0:01:56  time: 0.0636  data_time: 0.0016  memory: 1246  
2026/04/24 15:04:51 - mmengine - INFO - Iter(val) [ 200/2000]    eta: 0:01:55  time: 0.0640  data_time: 0.0015  memory: 1354  
2026/04/24 15:04:52 - mmengine - INFO - Iter(val) [ 220/2000]    eta: 0:01:53  time: 0.0592  data_time: 0.0014  memory: 1518  
2026/04/24 15:04:53 - mmengine - INFO - Iter(val) [ 240/2000]    eta: 0:01:52  time: 0.0669  data_time: 0.0015  memory: 1471  
2026/04/24 15:04:54 - mmengine - INFO - Iter(val) [ 260/2000]    eta: 0:01:50  time: 0.0606  data_time: 0.0014  memory: 1297  
2026/04/24 15:04:56 - mmengine - INFO - Iter(val) [ 280/2000]    eta: 0:01:49  time: 0.0624  data_time: 0.0015  memory: 1246  
2026/04/24 15:04:57 - mmengine - INFO - Iter(val) [ 300/2000]    eta: 0:01:47  time: 0.0648  data_time: 0.0016  memory: 1349  
2026/04/24 15:04:58 - mmengine - INFO - Iter(val) [ 320/2000]    eta: 0:01:46  time: 0.0620  data_time: 0.0016  memory: 1303  
2026/04/24 15:04:59 - mmengine - INFO - Iter(val) [ 340/2000]    eta: 0:01:45  time: 0.0645  data_time: 0.0015  memory: 1351  
2026/04/24 15:05:01 - mmengine - INFO - Iter(val) [ 360/2000]    eta: 0:01:43  time: 0.0632  data_time: 0.0015  memory: 1246  
2026/04/24 15:05:02 - mmengine - INFO - Iter(val) [ 380/2000]    eta: 0:01:42  time: 0.0635  data_time: 0.0016  memory: 1357  
2026/04/24 15:05:03 - mmengine - INFO - Iter(val) [ 400/2000]    eta: 0:01:41  time: 0.0639  data_time: 0.0014  memory: 1340  
2026/04/24 15:05:04 - mmengine - INFO - Iter(val) [ 420/2000]    eta: 0:01:39  time: 0.0545  data_time: 0.0014  memory: 1187  
2026/04/24 15:05:06 - mmengine - INFO - Iter(val) [ 440/2000]    eta: 0:01:38  time: 0.0651  data_time: 0.0015  memory: 1358  
2026/04/24 15:05:07 - mmengine - INFO - Iter(val) [ 460/2000]    eta: 0:01:36  time: 0.0642  data_time: 0.0015  memory: 1258  
2026/04/24 15:05:08 - mmengine - INFO - Iter(val) [ 480/2000]    eta: 0:01:35  time: 0.0642  data_time: 0.0015  memory: 1246  
2026/04/24 15:05:09 - mmengine - INFO - Iter(val) [ 500/2000]    eta: 0:01:34  time: 0.0612  data_time: 0.0015  memory: 1259  
2026/04/24 15:05:11 - mmengine - INFO - Iter(val) [ 520/2000]    eta: 0:01:33  time: 0.0658  data_time: 0.0016  memory: 1253  
2026/04/24 15:05:12 - mmengine - INFO - Iter(val) [ 540/2000]    eta: 0:01:31  time: 0.0657  data_time: 0.0015  memory: 1280  
2026/04/24 15:05:13 - mmengine - INFO - Iter(val) [ 560/2000]    eta: 0:01:30  time: 0.0583  data_time: 0.0015  memory: 1343  
2026/04/24 15:05:14 - mmengine - INFO - Iter(val) [ 580/2000]    eta: 0:01:29  time: 0.0645  data_time: 0.0016  memory: 1355  
2026/04/24 15:05:16 - mmengine - INFO - Iter(val) [ 600/2000]    eta: 0:01:28  time: 0.0642  data_time: 0.0016  memory: 1261  
2026/04/24 15:05:17 - mmengine - INFO - Iter(val) [ 620/2000]    eta: 0:01:26  time: 0.0605  data_time: 0.0014  memory: 1295  
2026/04/24 15:05:18 - mmengine - INFO - Iter(val) [ 640/2000]    eta: 0:01:25  time: 0.0621  data_time: 0.0015  memory: 1296  
2026/04/24 15:05:19 - mmengine - INFO - Iter(val) [ 660/2000]    eta: 0:01:24  time: 0.0654  data_time: 0.0015  memory: 1327  
2026/04/24 15:05:21 - mmengine - INFO - Iter(val) [ 680/2000]    eta: 0:01:23  time: 0.0649  data_time: 0.0015  memory: 1339  
2026/04/24 15:05:22 - mmengine - INFO - Iter(val) [ 700/2000]    eta: 0:01:22  time: 0.0649  data_time: 0.0016  memory: 1321  
2026/04/24 15:05:23 - mmengine - INFO - Iter(val) [ 720/2000]    eta: 0:01:20  time: 0.0651  data_time: 0.0015  memory: 1272  
2026/04/24 15:05:25 - mmengine - INFO - Iter(val) [ 740/2000]    eta: 0:01:19  time: 0.0654  data_time: 0.0015  memory: 1339  
2026/04/24 15:05:26 - mmengine - INFO - Iter(val) [ 760/2000]    eta: 0:01:18  time: 0.0575  data_time: 0.0014  memory: 1264  
2026/04/24 15:05:27 - mmengine - INFO - Iter(val) [ 780/2000]    eta: 0:01:16  time: 0.0628  data_time: 0.0015  memory: 1246  
2026/04/24 15:05:28 - mmengine - INFO - Iter(val) [ 800/2000]    eta: 0:01:15  time: 0.0644  data_time: 0.0016  memory: 1246  
2026/04/24 15:05:30 - mmengine - INFO - Iter(val) [ 820/2000]    eta: 0:01:14  time: 0.0630  data_time: 0.0015  memory: 1184  
2026/04/24 15:05:31 - mmengine - INFO - Iter(val) [ 840/2000]    eta: 0:01:13  time: 0.0638  data_time: 0.0016  memory: 1246  
2026/04/24 15:05:32 - mmengine - INFO - Iter(val) [ 860/2000]    eta: 0:01:11  time: 0.0635  data_time: 0.0016  memory: 1246  
2026/04/24 15:05:33 - mmengine - INFO - Iter(val) [ 880/2000]    eta: 0:01:10  time: 0.0601  data_time: 0.0014  memory: 1245  
2026/04/24 15:05:34 - mmengine - INFO - Iter(val) [ 900/2000]    eta: 0:01:09  time: 0.0598  data_time: 0.0014  memory: 1296  
2026/04/24 15:05:36 - mmengine - INFO - Iter(val) [ 920/2000]    eta: 0:01:07  time: 0.0639  data_time: 0.0015  memory: 1333  
2026/04/24 15:05:37 - mmengine - INFO - Iter(val) [ 940/2000]    eta: 0:01:06  time: 0.0637  data_time: 0.0016  memory: 1255  
2026/04/24 15:05:38 - mmengine - INFO - Iter(val) [ 960/2000]    eta: 0:01:05  time: 0.0590  data_time: 0.0014  memory: 1245  
2026/04/24 15:05:39 - mmengine - INFO - Iter(val) [ 980/2000]    eta: 0:01:04  time: 0.0571  data_time: 0.0014  memory: 1246  
2026/04/24 15:05:41 - mmengine - INFO - Iter(val) [1000/2000]    eta: 0:01:02  time: 0.0611  data_time: 0.0015  memory: 1336  
2026/04/24 15:05:42 - mmengine - INFO - Iter(val) [1020/2000]    eta: 0:01:01  time: 0.0643  data_time: 0.0016  memory: 1348  
2026/04/24 15:05:43 - mmengine - INFO - Iter(val) [1040/2000]    eta: 0:01:00  time: 0.0660  data_time: 0.0016  memory: 1342  
2026/04/24 15:05:45 - mmengine - INFO - Iter(val) [1060/2000]    eta: 0:00:59  time: 0.0622  data_time: 0.0014  memory: 1264  
2026/04/24 15:05:46 - mmengine - INFO - Iter(val) [1080/2000]    eta: 0:00:57  time: 0.0627  data_time: 0.0016  memory: 1275  
2026/04/24 15:05:47 - mmengine - INFO - Iter(val) [1100/2000]    eta: 0:00:56  time: 0.0621  data_time: 0.0015  memory: 1246  
2026/04/24 15:05:48 - mmengine - INFO - Iter(val) [1120/2000]    eta: 0:00:55  time: 0.0617  data_time: 0.0015  memory: 1310  
2026/04/24 15:05:50 - mmengine - INFO - Iter(val) [1140/2000]    eta: 0:00:54  time: 0.0615  data_time: 0.0015  memory: 1246  
2026/04/24 15:05:51 - mmengine - INFO - Iter(val) [1160/2000]    eta: 0:00:52  time: 0.0633  data_time: 0.0016  memory: 2303  
2026/04/24 15:05:52 - mmengine - INFO - Iter(val) [1180/2000]    eta: 0:00:51  time: 0.0628  data_time: 0.0015  memory: 1246  
2026/04/24 15:05:53 - mmengine - INFO - Iter(val) [1200/2000]    eta: 0:00:50  time: 0.0616  data_time: 0.0015  memory: 1357  
2026/04/24 15:05:55 - mmengine - INFO - Iter(val) [1220/2000]    eta: 0:00:49  time: 0.0643  data_time: 0.0014  memory: 1284  
2026/04/24 15:05:56 - mmengine - INFO - Iter(val) [1240/2000]    eta: 0:00:47  time: 0.0636  data_time: 0.0014  memory: 1289  
2026/04/24 15:05:57 - mmengine - INFO - Iter(val) [1260/2000]    eta: 0:00:46  time: 0.0583  data_time: 0.0014  memory: 1238  
2026/04/24 15:05:58 - mmengine - INFO - Iter(val) [1280/2000]    eta: 0:00:45  time: 0.0612  data_time: 0.0015  memory: 1246  
2026/04/24 15:05:59 - mmengine - INFO - Iter(val) [1300/2000]    eta: 0:00:43  time: 0.0638  data_time: 0.0015  memory: 1245  
2026/04/24 15:06:01 - mmengine - INFO - Iter(val) [1320/2000]    eta: 0:00:42  time: 0.0601  data_time: 0.0015  memory: 1246  
2026/04/24 15:06:02 - mmengine - INFO - Iter(val) [1340/2000]    eta: 0:00:41  time: 0.0652  data_time: 0.0016  memory: 1251  
2026/04/24 15:06:03 - mmengine - INFO - Iter(val) [1360/2000]    eta: 0:00:40  time: 0.0601  data_time: 0.0014  memory: 1214  
2026/04/24 15:06:04 - mmengine - INFO - Iter(val) [1380/2000]    eta: 0:00:38  time: 0.0638  data_time: 0.0015  memory: 1277  
2026/04/24 15:06:06 - mmengine - INFO - Iter(val) [1400/2000]    eta: 0:00:37  time: 0.0642  data_time: 0.0015  memory: 1337  
2026/04/24 15:06:07 - mmengine - INFO - Iter(val) [1420/2000]    eta: 0:00:36  time: 0.0544  data_time: 0.0014  memory: 1246  
2026/04/24 15:06:08 - mmengine - INFO - Iter(val) [1440/2000]    eta: 0:00:35  time: 0.0628  data_time: 0.0015  memory: 1333  
2026/04/24 15:06:09 - mmengine - INFO - Iter(val) [1460/2000]    eta: 0:00:33  time: 0.0619  data_time: 0.0015  memory: 1259  
2026/04/24 15:06:11 - mmengine - INFO - Iter(val) [1480/2000]    eta: 0:00:32  time: 0.0617  data_time: 0.0015  memory: 1246  
2026/04/24 15:06:12 - mmengine - INFO - Iter(val) [1500/2000]    eta: 0:00:31  time: 0.0603  data_time: 0.0015  memory: 1210  
2026/04/24 15:06:13 - mmengine - INFO - Iter(val) [1520/2000]    eta: 0:00:30  time: 0.0661  data_time: 0.0016  memory: 1319  
2026/04/24 15:06:14 - mmengine - INFO - Iter(val) [1540/2000]    eta: 0:00:28  time: 0.0629  data_time: 0.0015  memory: 1282  
2026/04/24 15:06:16 - mmengine - INFO - Iter(val) [1560/2000]    eta: 0:00:27  time: 0.0574  data_time: 0.0014  memory: 1261  
2026/04/24 15:06:17 - mmengine - INFO - Iter(val) [1580/2000]    eta: 0:00:26  time: 0.0637  data_time: 0.0016  memory: 1246  
2026/04/24 15:06:18 - mmengine - INFO - Iter(val) [1600/2000]    eta: 0:00:25  time: 0.0619  data_time: 0.0016  memory: 1236  
2026/04/24 15:06:19 - mmengine - INFO - Iter(val) [1620/2000]    eta: 0:00:23  time: 0.0625  data_time: 0.0014  memory: 1456  
2026/04/24 15:06:21 - mmengine - INFO - Iter(val) [1640/2000]    eta: 0:00:22  time: 0.0661  data_time: 0.0015  memory: 1357  
2026/04/24 15:06:22 - mmengine - INFO - Iter(val) [1660/2000]    eta: 0:00:21  time: 0.0627  data_time: 0.0014  memory: 1265  
2026/04/24 15:06:23 - mmengine - INFO - Iter(val) [1680/2000]    eta: 0:00:20  time: 0.0658  data_time: 0.0014  memory: 1333  
2026/04/24 15:06:24 - mmengine - INFO - Iter(val) [1700/2000]    eta: 0:00:18  time: 0.0640  data_time: 0.0016  memory: 1259  
2026/04/24 15:06:26 - mmengine - INFO - Iter(val) [1720/2000]    eta: 0:00:17  time: 0.0621  data_time: 0.0015  memory: 1252  
2026/04/24 15:06:27 - mmengine - INFO - Iter(val) [1740/2000]    eta: 0:00:16  time: 0.0661  data_time: 0.0015  memory: 1346  
2026/04/24 15:06:28 - mmengine - INFO - Iter(val) [1760/2000]    eta: 0:00:15  time: 0.0546  data_time: 0.0014  memory: 1246  
2026/04/24 15:06:29 - mmengine - INFO - Iter(val) [1780/2000]    eta: 0:00:13  time: 0.0617  data_time: 0.0015  memory: 1258  
2026/04/24 15:06:31 - mmengine - INFO - Iter(val) [1800/2000]    eta: 0:00:12  time: 0.0641  data_time: 0.0016  memory: 1246  
2026/04/24 15:06:32 - mmengine - INFO - Iter(val) [1820/2000]    eta: 0:00:11  time: 0.0627  data_time: 0.0016  memory: 1184  
2026/04/24 15:06:33 - mmengine - INFO - Iter(val) [1840/2000]    eta: 0:00:10  time: 0.0635  data_time: 0.0016  memory: 1184  
2026/04/24 15:06:34 - mmengine - INFO - Iter(val) [1860/2000]    eta: 0:00:08  time: 0.0632  data_time: 0.0015  memory: 1184  
2026/04/24 15:06:35 - mmengine - INFO - Iter(val) [1880/2000]    eta: 0:00:07  time: 0.0594  data_time: 0.0014  memory: 1246  
2026/04/24 15:06:37 - mmengine - INFO - Iter(val) [1900/2000]    eta: 0:00:06  time: 0.0619  data_time: 0.0015  memory: 1336  
2026/04/24 15:06:38 - mmengine - INFO - Iter(val) [1920/2000]    eta: 0:00:05  time: 0.0635  data_time: 0.0015  memory: 1506  
2026/04/24 15:06:39 - mmengine - INFO - Iter(val) [1940/2000]    eta: 0:00:03  time: 0.0619  data_time: 0.0015  memory: 1353  
2026/04/24 15:06:40 - mmengine - INFO - Iter(val) [1960/2000]    eta: 0:00:02  time: 0.0595  data_time: 0.0014  memory: 1251  
2026/04/24 15:06:42 - mmengine - INFO - Iter(val) [1980/2000]    eta: 0:00:01  time: 0.0605  data_time: 0.0015  memory: 1246  
2026/04/24 15:06:43 - mmengine - INFO - Iter(val) [2000/2000]    eta: 0:00:00  time: 0.0594  data_time: 0.0014  memory: 1331  
2026/04/24 15:06:43 - mmengine - INFO - per class results:
2026/04/24 15:06:43 - mmengine - INFO - 
+---------------------+-------+-------+
|        Class        |  IoU  |  Acc  |
+---------------------+-------+-------+
|         wall        | 40.39 | 74.35 |
|       building      | 43.84 | 77.32 |
|         sky         | 77.03 | 92.32 |
|        floor        | 37.03 | 65.98 |
|         tree        | 32.19 | 77.65 |
|       ceiling       | 38.91 | 48.29 |
|         road        | 41.28 | 84.15 |
|         bed         | 17.93 | 45.14 |
|      windowpane     | 24.77 | 42.98 |
|        grass        | 49.64 | 66.56 |
|       cabinet       |  0.0  |  0.0  |
|       sidewalk      |  5.79 |  6.22 |
|        person       |  5.13 |  6.77 |
|        earth        |  2.04 |  2.2  |
|         door        |  0.0  |  0.0  |
|        table        |  0.0  |  0.0  |
|       mountain      |  5.6  |  6.97 |
|        plant        |  0.1  |  0.1  |
|       curtain       |  0.0  |  0.0  |
|        chair        |  0.72 |  0.74 |
|         car         | 20.67 | 33.69 |
|        water        |  0.01 |  0.01 |
|       painting      |  0.0  |  0.0  |
|         sofa        |  0.0  |  0.0  |
|        shelf        |  0.0  |  0.0  |
|        house        |  0.0  |  0.0  |
|         sea         | 12.74 | 19.93 |
|        mirror       |  0.0  |  0.0  |
|         rug         |  0.0  |  0.0  |
|        field        |  0.17 |  0.17 |
|       armchair      |  0.0  |  0.0  |
|         seat        |  0.0  |  0.0  |
|        fence        |  0.0  |  0.0  |
|         desk        |  0.0  |  0.0  |
|         rock        |  0.0  |  0.0  |
|       wardrobe      |  0.0  |  0.0  |
|         lamp        |  0.0  |  0.0  |
|       bathtub       |  0.0  |  0.0  |
|       railing       |  0.0  |  0.0  |
|       cushion       |  0.0  |  0.0  |
|         base        |  0.0  |  0.0  |
|         box         |  0.0  |  0.0  |
|        column       |  0.0  |  0.0  |
|      signboard      |  0.0  |  0.0  |
|   chest of drawers  |  0.0  |  0.0  |
|       counter       |  0.0  |  0.0  |
|         sand        |  0.0  |  0.0  |
|         sink        |  0.0  |  0.0  |
|      skyscraper     |  0.0  |  0.0  |
|      fireplace      |  0.0  |  0.0  |
|     refrigerator    |  0.0  |  0.0  |
|      grandstand     |  0.0  |  0.0  |
|         path        |  0.0  |  0.0  |
|        stairs       |  0.0  |  0.0  |
|        runway       |  0.0  |  0.0  |
|         case        |  0.0  |  0.0  |
|      pool table     |  0.0  |  0.0  |
|        pillow       |  0.0  |  0.0  |
|     screen door     |  0.0  |  0.0  |
|       stairway      |  0.0  |  0.0  |
|        river        |  0.0  |  0.0  |
|        bridge       |  0.0  |  0.0  |
|       bookcase      |  0.0  |  0.0  |
|        blind        |  0.0  |  0.0  |
|     coffee table    |  0.0  |  0.0  |
|        toilet       |  0.0  |  0.0  |
|        flower       |  0.0  |  0.0  |
|         book        |  0.0  |  0.0  |
|         hill        |  0.0  |  0.0  |
|        bench        |  0.0  |  0.0  |
|      countertop     |  0.0  |  0.0  |
|        stove        |  0.0  |  0.0  |
|         palm        |  0.0  |  0.0  |
|    kitchen island   |  0.0  |  0.0  |
|       computer      |  0.0  |  0.0  |
|     swivel chair    |  0.0  |  0.0  |
|         boat        |  0.0  |  0.0  |
|         bar         |  0.0  |  0.0  |
|    arcade machine   |  0.0  |  0.0  |
|        hovel        |  0.0  |  0.0  |
|         bus         |  0.0  |  0.0  |
|        towel        |  0.0  |  0.0  |
|        light        |  0.0  |  0.0  |
|        truck        |  0.0  |  0.0  |
|        tower        |  0.0  |  0.0  |
|      chandelier     |  0.0  |  0.0  |
|        awning       |  0.0  |  0.0  |
|     streetlight     |  0.0  |  0.0  |
|        booth        |  0.0  |  0.0  |
| television receiver |  0.0  |  0.0  |
|       airplane      |  0.0  |  0.0  |
|      dirt track     |  0.0  |  0.0  |
|       apparel       |  0.0  |  0.0  |
|         pole        |  0.0  |  0.0  |
|         land        |  0.0  |  0.0  |
|      bannister      |  0.0  |  0.0  |
|      escalator      |  0.0  |  0.0  |
|       ottoman       |  0.0  |  0.0  |
|        bottle       |  0.0  |  0.0  |
|        buffet       |  0.0  |  0.0  |
|        poster       |  0.0  |  0.0  |
|        stage        |  0.0  |  0.0  |
|         van         |  0.0  |  0.0  |
|         ship        |  0.0  |  0.0  |
|       fountain      |  0.0  |  0.0  |
|    conveyer belt    |  0.0  |  0.0  |
|        canopy       |  0.0  |  0.0  |
|        washer       |  0.0  |  0.0  |
|      plaything      |  0.0  |  0.0  |
|    swimming pool    |  0.0  |  0.0  |
|        stool        |  0.0  |  0.0  |
|        barrel       |  0.0  |  0.0  |
|        basket       |  0.0  |  0.0  |
|      waterfall      |  0.0  |  0.0  |
|         tent        |  0.0  |  0.0  |
|         bag         |  0.0  |  0.0  |
|       minibike      |  0.0  |  0.0  |
|        cradle       |  0.0  |  0.0  |
|         oven        |  0.0  |  0.0  |
|         ball        |  0.0  |  0.0  |
|         food        |  0.0  |  0.0  |
|         step        |  0.0  |  0.0  |
|         tank        |  0.0  |  0.0  |
|      trade name     |  0.0  |  0.0  |
|      microwave      |  0.0  |  0.0  |
|         pot         |  0.0  |  0.0  |
|        animal       |  0.0  |  0.0  |
|       bicycle       |  0.0  |  0.0  |
|         lake        |  0.0  |  0.0  |
|      dishwasher     |  0.0  |  0.0  |
|        screen       |  0.0  |  0.0  |
|       blanket       |  0.0  |  0.0  |
|      sculpture      |  0.0  |  0.0  |
|         hood        |  0.0  |  0.0  |
|        sconce       |  0.0  |  0.0  |
|         vase        |  0.0  |  0.0  |
|    traffic light    |  0.0  |  0.0  |
|         tray        |  0.0  |  0.0  |
|        ashcan       |  0.0  |  0.0  |
|         fan         |  0.0  |  0.0  |
|         pier        |  0.0  |  0.0  |
|      crt screen     |  0.0  |  0.0  |
|        plate        |  0.0  |  0.0  |
|       monitor       |  0.0  |  0.0  |
|    bulletin board   |  0.0  |  0.0  |
|        shower       |  0.0  |  0.0  |
|       radiator      |  0.0  |  0.0  |
|        glass        |  0.0  |  0.0  |
|        clock        |  0.0  |  0.0  |
|         flag        |  0.0  |  0.0  |
+---------------------+-------+-------+
2026/04/24 15:06:43 - mmengine - INFO - Iter(val) [2000/2000]    aAcc: 48.6000  mIoU: 3.0400  mAcc: 5.0100  data_time: 0.0015  time: 0.0625
2026/04/24 15:06:43 - mmengine - INFO - The previous best checkpoint /home/jlx_75/PVMamba_cifar10_sparse_v13_stage3_latesparse/segmentation/work_dirs/pvmamba_tiny_upernet_ade20k_smoke/best_mIoU_iter_4000.pth is removed
2026/04/24 15:06:44 - mmengine - INFO - The best checkpoint with 3.0400 mIoU at 5000 iter is saved to best_mIoU_iter_5000.pth.
2026/04/24 15:06:52 - mmengine - INFO - Iter(train) [5020/8000]  lr: 2.3843e-05  eta: 0:15:19  time: 0.2918  data_time: 0.0054  memory: 5847  loss: 3.1918  decode.loss_ce: 2.2541  decode.acc_seg: 53.2307  aux.loss_ce: 0.9378  aux.acc_seg: 53.3314
2026/04/24 15:06:58 - mmengine - INFO - Iter(train) [5040/8000]  lr: 2.3683e-05  eta: 0:15:12  time: 0.2972  data_time: 0.0054  memory: 5847  loss: 2.8611  decode.loss_ce: 2.0049  decode.acc_seg: 48.3992  aux.loss_ce: 0.8562  aux.acc_seg: 45.6166
2026/04/24 15:07:04 - mmengine - INFO - Iter(train) [5060/8000]  lr: 2.3523e-05  eta: 0:15:06  time: 0.2969  data_time: 0.0055  memory: 5847  loss: 2.5260  decode.loss_ce: 1.7536  decode.acc_seg: 52.2060  aux.loss_ce: 0.7723  aux.acc_seg: 52.9933
2026/04/24 15:07:10 - mmengine - INFO - Iter(train) [5080/8000]  lr: 2.3363e-05  eta: 0:15:00  time: 0.2987  data_time: 0.0055  memory: 5847  loss: 3.3018  decode.loss_ce: 2.2957  decode.acc_seg: 56.9487  aux.loss_ce: 1.0061  aux.acc_seg: 40.0515
2026/04/24 15:07:16 - mmengine - INFO - Iter(train) [5100/8000]  lr: 2.3203e-05  eta: 0:14:54  time: 0.2974  data_time: 0.0054  memory: 5847  loss: 2.8536  decode.loss_ce: 1.9775  decode.acc_seg: 22.0165  aux.loss_ce: 0.8761  aux.acc_seg: 15.9463
2026/04/24 15:07:22 - mmengine - INFO - Iter(train) [5120/8000]  lr: 2.3043e-05  eta: 0:14:47  time: 0.2996  data_time: 0.0054  memory: 5847  loss: 3.0429  decode.loss_ce: 2.1232  decode.acc_seg: 10.8606  aux.loss_ce: 0.9197  aux.acc_seg: 8.6801
2026/04/24 15:07:28 - mmengine - INFO - Iter(train) [5140/8000]  lr: 2.2883e-05  eta: 0:14:41  time: 0.2995  data_time: 0.0054  memory: 5847  loss: 3.7110  decode.loss_ce: 2.6173  decode.acc_seg: 41.4294  aux.loss_ce: 1.0937  aux.acc_seg: 42.7165
2026/04/24 15:07:34 - mmengine - INFO - Iter(train) [5160/8000]  lr: 2.2723e-05  eta: 0:14:35  time: 0.2984  data_time: 0.0054  memory: 5847  loss: 3.1504  decode.loss_ce: 2.1792  decode.acc_seg: 26.3619  aux.loss_ce: 0.9712  aux.acc_seg: 23.8093
2026/04/24 15:07:40 - mmengine - INFO - Iter(train) [5180/8000]  lr: 2.2563e-05  eta: 0:14:29  time: 0.3003  data_time: 0.0055  memory: 5847  loss: 3.0574  decode.loss_ce: 2.1244  decode.acc_seg: 33.0119  aux.loss_ce: 0.9331  aux.acc_seg: 28.9360
2026/04/24 15:07:46 - mmengine - INFO - Iter(train) [5200/8000]  lr: 2.2403e-05  eta: 0:14:22  time: 0.3027  data_time: 0.0056  memory: 5847  loss: 3.7839  decode.loss_ce: 2.6614  decode.acc_seg: 29.4581  aux.loss_ce: 1.1224  aux.acc_seg: 26.8012
2026/04/24 15:07:52 - mmengine - INFO - Iter(train) [5220/8000]  lr: 2.2243e-05  eta: 0:14:16  time: 0.3020  data_time: 0.0052  memory: 5847  loss: 3.2964  decode.loss_ce: 2.3223  decode.acc_seg: 67.3378  aux.loss_ce: 0.9741  aux.acc_seg: 64.1066
2026/04/24 15:07:58 - mmengine - INFO - Iter(train) [5240/8000]  lr: 2.2083e-05  eta: 0:14:10  time: 0.2989  data_time: 0.0053  memory: 5847  loss: 2.9868  decode.loss_ce: 2.0873  decode.acc_seg: 38.8716  aux.loss_ce: 0.8995  aux.acc_seg: 43.2911
2026/04/24 15:08:04 - mmengine - INFO - Iter(train) [5260/8000]  lr: 2.1923e-05  eta: 0:14:04  time: 0.2988  data_time: 0.0054  memory: 5847  loss: 3.1368  decode.loss_ce: 2.1860  decode.acc_seg: 27.0886  aux.loss_ce: 0.9508  aux.acc_seg: 28.2423
2026/04/24 15:08:10 - mmengine - INFO - Iter(train) [5280/8000]  lr: 2.1763e-05  eta: 0:13:57  time: 0.3024  data_time: 0.0058  memory: 5847  loss: 3.7935  decode.loss_ce: 2.6880  decode.acc_seg: 12.9487  aux.loss_ce: 1.1055  aux.acc_seg: 9.1719
2026/04/24 15:08:16 - mmengine - INFO - Iter(train) [5300/8000]  lr: 2.1603e-05  eta: 0:13:51  time: 0.2992  data_time: 0.0060  memory: 5847  loss: 3.1344  decode.loss_ce: 2.1898  decode.acc_seg: 56.5991  aux.loss_ce: 0.9447  aux.acc_seg: 50.5354
2026/04/24 15:08:22 - mmengine - INFO - Iter(train) [5320/8000]  lr: 2.1443e-05  eta: 0:13:45  time: 0.3050  data_time: 0.0058  memory: 5847  loss: 2.9996  decode.loss_ce: 2.0707  decode.acc_seg: 50.9627  aux.loss_ce: 0.9290  aux.acc_seg: 50.2194
2026/04/24 15:08:28 - mmengine - INFO - Iter(train) [5340/8000]  lr: 2.1283e-05  eta: 0:13:39  time: 0.3003  data_time: 0.0058  memory: 5847  loss: 3.1730  decode.loss_ce: 2.2281  decode.acc_seg: 28.1277  aux.loss_ce: 0.9449  aux.acc_seg: 31.3503
2026/04/24 15:08:34 - mmengine - INFO - Iter(train) [5360/8000]  lr: 2.1123e-05  eta: 0:13:33  time: 0.3010  data_time: 0.0058  memory: 5847  loss: 3.9921  decode.loss_ce: 2.7764  decode.acc_seg: 17.7744  aux.loss_ce: 1.2157  aux.acc_seg: 19.8727
2026/04/24 15:08:40 - mmengine - INFO - Iter(train) [5380/8000]  lr: 2.0963e-05  eta: 0:13:26  time: 0.3079  data_time: 0.0058  memory: 5847  loss: 3.4554  decode.loss_ce: 2.4215  decode.acc_seg: 34.0579  aux.loss_ce: 1.0338  aux.acc_seg: 36.4888
2026/04/24 15:08:46 - mmengine - INFO - Iter(train) [5400/8000]  lr: 2.0803e-05  eta: 0:13:20  time: 0.3015  data_time: 0.0061  memory: 5847  loss: 3.1322  decode.loss_ce: 2.1918  decode.acc_seg: 36.0058  aux.loss_ce: 0.9404  aux.acc_seg: 35.6877
2026/04/24 15:08:52 - mmengine - INFO - Iter(train) [5420/8000]  lr: 2.0643e-05  eta: 0:13:14  time: 0.3000  data_time: 0.0059  memory: 5847  loss: 3.7610  decode.loss_ce: 2.6183  decode.acc_seg: 33.9637  aux.loss_ce: 1.1427  aux.acc_seg: 30.0906
2026/04/24 15:08:58 - mmengine - INFO - Iter(train) [5440/8000]  lr: 2.0483e-05  eta: 0:13:08  time: 0.3005  data_time: 0.0059  memory: 5847  loss: 3.3707  decode.loss_ce: 2.3408  decode.acc_seg: 2.3612  aux.loss_ce: 1.0299  aux.acc_seg: 1.4690
2026/04/24 15:09:04 - mmengine - INFO - Iter(train) [5460/8000]  lr: 2.0323e-05  eta: 0:13:01  time: 0.3008  data_time: 0.0058  memory: 5847  loss: 3.2931  decode.loss_ce: 2.3046  decode.acc_seg: 54.2617  aux.loss_ce: 0.9886  aux.acc_seg: 38.1005
2026/04/24 15:09:10 - mmengine - INFO - Iter(train) [5480/8000]  lr: 2.0163e-05  eta: 0:12:55  time: 0.2995  data_time: 0.0059  memory: 5847  loss: 2.6007  decode.loss_ce: 1.7974  decode.acc_seg: 27.1973  aux.loss_ce: 0.8034  aux.acc_seg: 21.2383
2026/04/24 15:09:16 - mmengine - INFO - Iter(train) [5500/8000]  lr: 2.0003e-05  eta: 0:12:49  time: 0.2996  data_time: 0.0057  memory: 5847  loss: 3.1128  decode.loss_ce: 2.1758  decode.acc_seg: 42.3272  aux.loss_ce: 0.9370  aux.acc_seg: 37.8269
2026/04/24 15:09:22 - mmengine - INFO - Iter(train) [5520/8000]  lr: 1.9843e-05  eta: 0:12:43  time: 0.3006  data_time: 0.0056  memory: 5847  loss: 2.8228  decode.loss_ce: 1.9524  decode.acc_seg: 4.5263  aux.loss_ce: 0.8705  aux.acc_seg: 11.9747
2026/04/24 15:09:29 - mmengine - INFO - Iter(train) [5540/8000]  lr: 1.9683e-05  eta: 0:12:36  time: 0.2991  data_time: 0.0057  memory: 5847  loss: 2.7309  decode.loss_ce: 1.8908  decode.acc_seg: 52.5209  aux.loss_ce: 0.8400  aux.acc_seg: 44.6110
2026/04/24 15:09:35 - mmengine - INFO - Iter(train) [5560/8000]  lr: 1.9523e-05  eta: 0:12:30  time: 0.2989  data_time: 0.0060  memory: 5847  loss: 3.6965  decode.loss_ce: 2.6191  decode.acc_seg: 57.2063  aux.loss_ce: 1.0773  aux.acc_seg: 38.8512
2026/04/24 15:09:41 - mmengine - INFO - Iter(train) [5580/8000]  lr: 1.9363e-05  eta: 0:12:24  time: 0.3090  data_time: 0.0058  memory: 5847  loss: 2.7213  decode.loss_ce: 1.8919  decode.acc_seg: 60.9111  aux.loss_ce: 0.8294  aux.acc_seg: 55.1280
2026/04/24 15:09:47 - mmengine - INFO - Iter(train) [5600/8000]  lr: 1.9203e-05  eta: 0:12:18  time: 0.2998  data_time: 0.0057  memory: 5847  loss: 3.3434  decode.loss_ce: 2.3306  decode.acc_seg: 36.8258  aux.loss_ce: 1.0128  aux.acc_seg: 40.8897
2026/04/24 15:09:53 - mmengine - INFO - Iter(train) [5620/8000]  lr: 1.9043e-05  eta: 0:12:12  time: 0.2992  data_time: 0.0055  memory: 5847  loss: 3.1425  decode.loss_ce: 2.2028  decode.acc_seg: 59.6428  aux.loss_ce: 0.9397  aux.acc_seg: 57.5248
2026/04/24 15:09:59 - mmengine - INFO - Iter(train) [5640/8000]  lr: 1.8883e-05  eta: 0:12:05  time: 0.3016  data_time: 0.0055  memory: 5847  loss: 2.6690  decode.loss_ce: 1.8537  decode.acc_seg: 51.0249  aux.loss_ce: 0.8154  aux.acc_seg: 34.2506
2026/04/24 15:10:05 - mmengine - INFO - Iter(train) [5660/8000]  lr: 1.8722e-05  eta: 0:11:59  time: 0.2995  data_time: 0.0054  memory: 5847  loss: 2.7166  decode.loss_ce: 1.8880  decode.acc_seg: 28.2492  aux.loss_ce: 0.8287  aux.acc_seg: 27.4911
2026/04/24 15:10:11 - mmengine - INFO - Iter(train) [5680/8000]  lr: 1.8562e-05  eta: 0:11:53  time: 0.2992  data_time: 0.0055  memory: 5847  loss: 3.5330  decode.loss_ce: 2.4699  decode.acc_seg: 33.2006  aux.loss_ce: 1.0631  aux.acc_seg: 20.6037
2026/04/24 15:10:17 - mmengine - INFO - Iter(train) [5700/8000]  lr: 1.8402e-05  eta: 0:11:47  time: 0.2999  data_time: 0.0058  memory: 5847  loss: 3.0809  decode.loss_ce: 2.1419  decode.acc_seg: 12.7268  aux.loss_ce: 0.9390  aux.acc_seg: 8.8823
2026/04/24 15:10:23 - mmengine - INFO - Iter(train) [5720/8000]  lr: 1.8242e-05  eta: 0:11:41  time: 0.3086  data_time: 0.0059  memory: 5847  loss: 2.7726  decode.loss_ce: 1.9024  decode.acc_seg: 45.8962  aux.loss_ce: 0.8702  aux.acc_seg: 36.8752
2026/04/24 15:10:29 - mmengine - INFO - Iter(train) [5740/8000]  lr: 1.8082e-05  eta: 0:11:34  time: 0.3000  data_time: 0.0058  memory: 5847  loss: 2.5138  decode.loss_ce: 1.7436  decode.acc_seg: 63.1885  aux.loss_ce: 0.7702  aux.acc_seg: 57.7526
2026/04/24 15:10:35 - mmengine - INFO - Iter(train) [5760/8000]  lr: 1.7922e-05  eta: 0:11:28  time: 0.3007  data_time: 0.0058  memory: 5847  loss: 2.5939  decode.loss_ce: 1.7966  decode.acc_seg: 42.5503  aux.loss_ce: 0.7973  aux.acc_seg: 35.3280
2026/04/24 15:10:41 - mmengine - INFO - Iter(train) [5780/8000]  lr: 1.7762e-05  eta: 0:11:22  time: 0.2994  data_time: 0.0057  memory: 5847  loss: 3.1205  decode.loss_ce: 2.1766  decode.acc_seg: 15.7088  aux.loss_ce: 0.9439  aux.acc_seg: 9.3666
2026/04/24 15:10:47 - mmengine - INFO - Iter(train) [5800/8000]  lr: 1.7602e-05  eta: 0:11:16  time: 0.2997  data_time: 0.0058  memory: 5847  loss: 3.5077  decode.loss_ce: 2.4446  decode.acc_seg: 32.4718  aux.loss_ce: 1.0631  aux.acc_seg: 31.7249
2026/04/24 15:10:53 - mmengine - INFO - Iter(train) [5820/8000]  lr: 1.7442e-05  eta: 0:11:10  time: 0.3023  data_time: 0.0057  memory: 5847  loss: 3.0780  decode.loss_ce: 2.1433  decode.acc_seg: 6.4784  aux.loss_ce: 0.9347  aux.acc_seg: 4.6983
2026/04/24 15:10:59 - mmengine - INFO - Iter(train) [5840/8000]  lr: 1.7282e-05  eta: 0:11:03  time: 0.2985  data_time: 0.0059  memory: 5847  loss: 4.0455  decode.loss_ce: 2.8155  decode.acc_seg: 11.1574  aux.loss_ce: 1.2300  aux.acc_seg: 14.7507
2026/04/24 15:11:05 - mmengine - INFO - Iter(train) [5860/8000]  lr: 1.7122e-05  eta: 0:10:57  time: 0.2997  data_time: 0.0058  memory: 5847  loss: 2.7642  decode.loss_ce: 1.9409  decode.acc_seg: 41.4006  aux.loss_ce: 0.8233  aux.acc_seg: 39.2640
2026/04/24 15:11:11 - mmengine - INFO - Iter(train) [5880/8000]  lr: 1.6962e-05  eta: 0:10:51  time: 0.2983  data_time: 0.0054  memory: 5847  loss: 3.2567  decode.loss_ce: 2.2761  decode.acc_seg: 45.7160  aux.loss_ce: 0.9806  aux.acc_seg: 42.5125
2026/04/24 15:11:17 - mmengine - INFO - Iter(train) [5900/8000]  lr: 1.6802e-05  eta: 0:10:45  time: 0.2998  data_time: 0.0054  memory: 5847  loss: 3.1680  decode.loss_ce: 2.2252  decode.acc_seg: 67.7023  aux.loss_ce: 0.9429  aux.acc_seg: 66.5610
2026/04/24 15:11:23 - mmengine - INFO - Iter(train) [5920/8000]  lr: 1.6642e-05  eta: 0:10:39  time: 0.2999  data_time: 0.0054  memory: 5847  loss: 3.1781  decode.loss_ce: 2.2272  decode.acc_seg: 5.4503  aux.loss_ce: 0.9508  aux.acc_seg: 7.1493
2026/04/24 15:11:29 - mmengine - INFO - Iter(train) [5940/8000]  lr: 1.6482e-05  eta: 0:10:32  time: 0.3008  data_time: 0.0054  memory: 5847  loss: 2.9548  decode.loss_ce: 2.0721  decode.acc_seg: 57.5298  aux.loss_ce: 0.8828  aux.acc_seg: 45.7233
2026/04/24 15:11:35 - mmengine - INFO - Iter(train) [5960/8000]  lr: 1.6322e-05  eta: 0:10:26  time: 0.2989  data_time: 0.0055  memory: 5847  loss: 3.6329  decode.loss_ce: 2.5532  decode.acc_seg: 33.4969  aux.loss_ce: 1.0797  aux.acc_seg: 19.9033
2026/04/24 15:11:41 - mmengine - INFO - Iter(train) [5980/8000]  lr: 1.6162e-05  eta: 0:10:20  time: 0.3055  data_time: 0.0055  memory: 5847  loss: 2.8037  decode.loss_ce: 1.9384  decode.acc_seg: 48.6323  aux.loss_ce: 0.8653  aux.acc_seg: 41.6570
2026/04/24 15:11:47 - mmengine - INFO - Exp name: pvmamba_tiny_upernet_ade20k_20260424_142901
2026/04/24 15:11:47 - mmengine - INFO - Iter(train) [6000/8000]  lr: 1.6002e-05  eta: 0:10:14  time: 0.3005  data_time: 0.0055  memory: 5847  loss: 3.6349  decode.loss_ce: 2.5607  decode.acc_seg: 46.3500  aux.loss_ce: 1.0742  aux.acc_seg: 44.4196
2026/04/24 15:11:47 - mmengine - INFO - Saving checkpoint at 6000 iterations
2026/04/24 15:11:49 - mmengine - INFO - Iter(val) [  20/2000]    eta: 0:02:08  time: 0.0626  data_time: 0.0015  memory: 1321  
2026/04/24 15:11:51 - mmengine - INFO - Iter(val) [  40/2000]    eta: 0:02:04  time: 0.0646  data_time: 0.0015  memory: 1354  
2026/04/24 15:11:52 - mmengine - INFO - Iter(val) [  60/2000]    eta: 0:02:04  time: 0.0636  data_time: 0.0016  memory: 1323  
2026/04/24 15:11:53 - mmengine - INFO - Iter(val) [  80/2000]    eta: 0:02:02  time: 0.0643  data_time: 0.0015  memory: 1246  
2026/04/24 15:11:54 - mmengine - INFO - Iter(val) [ 100/2000]    eta: 0:02:01  time: 0.0653  data_time: 0.0017  memory: 1364  
2026/04/24 15:11:56 - mmengine - INFO - Iter(val) [ 120/2000]    eta: 0:01:59  time: 0.0608  data_time: 0.0015  memory: 1258  
2026/04/24 15:11:57 - mmengine - INFO - Iter(val) [ 140/2000]    eta: 0:01:58  time: 0.0634  data_time: 0.0015  memory: 1261  
2026/04/24 15:11:58 - mmengine - INFO - Iter(val) [ 160/2000]    eta: 0:01:57  time: 0.0671  data_time: 0.0016  memory: 1440  
2026/04/24 15:12:00 - mmengine - INFO - Iter(val) [ 180/2000]    eta: 0:01:56  time: 0.0638  data_time: 0.0016  memory: 1246  
2026/04/24 15:12:01 - mmengine - INFO - Iter(val) [ 200/2000]    eta: 0:01:54  time: 0.0628  data_time: 0.0015  memory: 1354  
2026/04/24 15:12:02 - mmengine - INFO - Iter(val) [ 220/2000]    eta: 0:01:52  time: 0.0608  data_time: 0.0015  memory: 1518  
2026/04/24 15:12:03 - mmengine - INFO - Iter(val) [ 240/2000]    eta: 0:01:51  time: 0.0667  data_time: 0.0015  memory: 1471  
2026/04/24 15:12:05 - mmengine - INFO - Iter(val) [ 260/2000]    eta: 0:01:50  time: 0.0614  data_time: 0.0015  memory: 1297  
2026/04/24 15:12:06 - mmengine - INFO - Iter(val) [ 280/2000]    eta: 0:01:48  time: 0.0628  data_time: 0.0015  memory: 1246  
2026/04/24 15:12:07 - mmengine - INFO - Iter(val) [ 300/2000]    eta: 0:01:47  time: 0.0640  data_time: 0.0016  memory: 1349  
2026/04/24 15:12:08 - mmengine - INFO - Iter(val) [ 320/2000]    eta: 0:01:46  time: 0.0617  data_time: 0.0016  memory: 1303  
2026/04/24 15:12:10 - mmengine - INFO - Iter(val) [ 340/2000]    eta: 0:01:44  time: 0.0645  data_time: 0.0015  memory: 1351  
2026/04/24 15:12:11 - mmengine - INFO - Iter(val) [ 360/2000]    eta: 0:01:43  time: 0.0621  data_time: 0.0014  memory: 1246  
2026/04/24 15:12:12 - mmengine - INFO - Iter(val) [ 380/2000]    eta: 0:01:42  time: 0.0629  data_time: 0.0016  memory: 1357  
2026/04/24 15:12:13 - mmengine - INFO - Iter(val) [ 400/2000]    eta: 0:01:40  time: 0.0635  data_time: 0.0015  memory: 1340  
2026/04/24 15:12:14 - mmengine - INFO - Iter(val) [ 420/2000]    eta: 0:01:39  time: 0.0546  data_time: 0.0014  memory: 1187  
2026/04/24 15:12:16 - mmengine - INFO - Iter(val) [ 440/2000]    eta: 0:01:37  time: 0.0657  data_time: 0.0015  memory: 1358  
2026/04/24 15:12:17 - mmengine - INFO - Iter(val) [ 460/2000]    eta: 0:01:36  time: 0.0639  data_time: 0.0015  memory: 1258  
2026/04/24 15:12:18 - mmengine - INFO - Iter(val) [ 480/2000]    eta: 0:01:35  time: 0.0648  data_time: 0.0015  memory: 1246  
2026/04/24 15:12:19 - mmengine - INFO - Iter(val) [ 500/2000]    eta: 0:01:34  time: 0.0610  data_time: 0.0015  memory: 1259  
2026/04/24 15:12:21 - mmengine - INFO - Iter(val) [ 520/2000]    eta: 0:01:32  time: 0.0658  data_time: 0.0016  memory: 1253  
2026/04/24 15:12:22 - mmengine - INFO - Iter(val) [ 540/2000]    eta: 0:01:31  time: 0.0661  data_time: 0.0015  memory: 1280  
2026/04/24 15:12:23 - mmengine - INFO - Iter(val) [ 560/2000]    eta: 0:01:30  time: 0.0585  data_time: 0.0015  memory: 1343  
2026/04/24 15:12:25 - mmengine - INFO - Iter(val) [ 580/2000]    eta: 0:01:29  time: 0.0637  data_time: 0.0016  memory: 1355  
2026/04/24 15:12:26 - mmengine - INFO - Iter(val) [ 600/2000]    eta: 0:01:28  time: 0.0643  data_time: 0.0016  memory: 1261  
2026/04/24 15:12:27 - mmengine - INFO - Iter(val) [ 620/2000]    eta: 0:01:26  time: 0.0602  data_time: 0.0014  memory: 1295  
2026/04/24 15:12:28 - mmengine - INFO - Iter(val) [ 640/2000]    eta: 0:01:25  time: 0.0632  data_time: 0.0015  memory: 1296  
2026/04/24 15:12:30 - mmengine - INFO - Iter(val) [ 660/2000]    eta: 0:01:24  time: 0.0655  data_time: 0.0015  memory: 1327  
2026/04/24 15:12:31 - mmengine - INFO - Iter(val) [ 680/2000]    eta: 0:01:22  time: 0.0645  data_time: 0.0015  memory: 1339  
2026/04/24 15:12:32 - mmengine - INFO - Iter(val) [ 700/2000]    eta: 0:01:21  time: 0.0648  data_time: 0.0015  memory: 1321  
2026/04/24 15:12:33 - mmengine - INFO - Iter(val) [ 720/2000]    eta: 0:01:20  time: 0.0657  data_time: 0.0015  memory: 1272  
2026/04/24 15:12:35 - mmengine - INFO - Iter(val) [ 740/2000]    eta: 0:01:19  time: 0.0639  data_time: 0.0015  memory: 1339  
2026/04/24 15:12:36 - mmengine - INFO - Iter(val) [ 760/2000]    eta: 0:01:17  time: 0.0576  data_time: 0.0015  memory: 1264  
2026/04/24 15:12:37 - mmengine - INFO - Iter(val) [ 780/2000]    eta: 0:01:16  time: 0.0624  data_time: 0.0014  memory: 1246  
2026/04/24 15:12:38 - mmengine - INFO - Iter(val) [ 800/2000]    eta: 0:01:15  time: 0.0637  data_time: 0.0016  memory: 1246  
2026/04/24 15:12:40 - mmengine - INFO - Iter(val) [ 820/2000]    eta: 0:01:14  time: 0.0638  data_time: 0.0016  memory: 1184  
2026/04/24 15:12:41 - mmengine - INFO - Iter(val) [ 840/2000]    eta: 0:01:12  time: 0.0646  data_time: 0.0016  memory: 1246  
2026/04/24 15:12:42 - mmengine - INFO - Iter(val) [ 860/2000]    eta: 0:01:11  time: 0.0632  data_time: 0.0016  memory: 1246  
2026/04/24 15:12:43 - mmengine - INFO - Iter(val) [ 880/2000]    eta: 0:01:10  time: 0.0593  data_time: 0.0014  memory: 1245  
2026/04/24 15:12:45 - mmengine - INFO - Iter(val) [ 900/2000]    eta: 0:01:08  time: 0.0585  data_time: 0.0014  memory: 1296  
2026/04/24 15:12:46 - mmengine - INFO - Iter(val) [ 920/2000]    eta: 0:01:07  time: 0.0634  data_time: 0.0015  memory: 1333  
2026/04/24 15:12:47 - mmengine - INFO - Iter(val) [ 940/2000]    eta: 0:01:06  time: 0.0654  data_time: 0.0015  memory: 1255  
2026/04/24 15:12:48 - mmengine - INFO - Iter(val) [ 960/2000]    eta: 0:01:05  time: 0.0594  data_time: 0.0015  memory: 1245  
2026/04/24 15:12:50 - mmengine - INFO - Iter(val) [ 980/2000]    eta: 0:01:03  time: 0.0580  data_time: 0.0014  memory: 1246  
2026/04/24 15:12:51 - mmengine - INFO - Iter(val) [1000/2000]    eta: 0:01:02  time: 0.0615  data_time: 0.0015  memory: 1336  
2026/04/24 15:12:52 - mmengine - INFO - Iter(val) [1020/2000]    eta: 0:01:01  time: 0.0645  data_time: 0.0015  memory: 1348  
2026/04/24 15:12:53 - mmengine - INFO - Iter(val) [1040/2000]    eta: 0:01:00  time: 0.0646  data_time: 0.0015  memory: 1342  
2026/04/24 15:12:55 - mmengine - INFO - Iter(val) [1060/2000]    eta: 0:00:58  time: 0.0607  data_time: 0.0015  memory: 1264  
2026/04/24 15:12:56 - mmengine - INFO - Iter(val) [1080/2000]    eta: 0:00:57  time: 0.0643  data_time: 0.0015  memory: 1275  
2026/04/24 15:12:57 - mmengine - INFO - Iter(val) [1100/2000]    eta: 0:00:56  time: 0.0629  data_time: 0.0015  memory: 1246  
2026/04/24 15:12:58 - mmengine - INFO - Iter(val) [1120/2000]    eta: 0:00:55  time: 0.0615  data_time: 0.0014  memory: 1310  
2026/04/24 15:13:00 - mmengine - INFO - Iter(val) [1140/2000]    eta: 0:00:53  time: 0.0618  data_time: 0.0015  memory: 1246  
2026/04/24 15:13:01 - mmengine - INFO - Iter(val) [1160/2000]    eta: 0:00:52  time: 0.0643  data_time: 0.0017  memory: 2303  
2026/04/24 15:13:02 - mmengine - INFO - Iter(val) [1180/2000]    eta: 0:00:51  time: 0.0630  data_time: 0.0015  memory: 1246  
2026/04/24 15:13:03 - mmengine - INFO - Iter(val) [1200/2000]    eta: 0:00:50  time: 0.0618  data_time: 0.0014  memory: 1357  
2026/04/24 15:13:05 - mmengine - INFO - Iter(val) [1220/2000]    eta: 0:00:48  time: 0.0640  data_time: 0.0015  memory: 1284  
2026/04/24 15:13:06 - mmengine - INFO - Iter(val) [1240/2000]    eta: 0:00:47  time: 0.0628  data_time: 0.0014  memory: 1289  
2026/04/24 15:13:07 - mmengine - INFO - Iter(val) [1260/2000]    eta: 0:00:46  time: 0.0582  data_time: 0.0014  memory: 1238  
2026/04/24 15:13:08 - mmengine - INFO - Iter(val) [1280/2000]    eta: 0:00:45  time: 0.0613  data_time: 0.0015  memory: 1246  
2026/04/24 15:13:10 - mmengine - INFO - Iter(val) [1300/2000]    eta: 0:00:43  time: 0.0633  data_time: 0.0015  memory: 1245  
2026/04/24 15:13:11 - mmengine - INFO - Iter(val) [1320/2000]    eta: 0:00:42  time: 0.0602  data_time: 0.0015  memory: 1246  
2026/04/24 15:13:12 - mmengine - INFO - Iter(val) [1340/2000]    eta: 0:00:41  time: 0.0649  data_time: 0.0016  memory: 1251  
2026/04/24 15:13:13 - mmengine - INFO - Iter(val) [1360/2000]    eta: 0:00:40  time: 0.0604  data_time: 0.0014  memory: 1214  
2026/04/24 15:13:14 - mmengine - INFO - Iter(val) [1380/2000]    eta: 0:00:38  time: 0.0641  data_time: 0.0015  memory: 1277  
2026/04/24 15:13:16 - mmengine - INFO - Iter(val) [1400/2000]    eta: 0:00:37  time: 0.0635  data_time: 0.0015  memory: 1337  
2026/04/24 15:13:17 - mmengine - INFO - Iter(val) [1420/2000]    eta: 0:00:36  time: 0.0542  data_time: 0.0014  memory: 1246  
2026/04/24 15:13:18 - mmengine - INFO - Iter(val) [1440/2000]    eta: 0:00:34  time: 0.0630  data_time: 0.0015  memory: 1333  
2026/04/24 15:13:19 - mmengine - INFO - Iter(val) [1460/2000]    eta: 0:00:33  time: 0.0623  data_time: 0.0015  memory: 1259  
2026/04/24 15:13:21 - mmengine - INFO - Iter(val) [1480/2000]    eta: 0:00:32  time: 0.0619  data_time: 0.0015  memory: 1246  
2026/04/24 15:13:22 - mmengine - INFO - Iter(val) [1500/2000]    eta: 0:00:31  time: 0.0602  data_time: 0.0015  memory: 1210  
2026/04/24 15:13:23 - mmengine - INFO - Iter(val) [1520/2000]    eta: 0:00:30  time: 0.0664  data_time: 0.0016  memory: 1319  
2026/04/24 15:13:24 - mmengine - INFO - Iter(val) [1540/2000]    eta: 0:00:28  time: 0.0636  data_time: 0.0015  memory: 1282  
2026/04/24 15:13:26 - mmengine - INFO - Iter(val) [1560/2000]    eta: 0:00:27  time: 0.0570  data_time: 0.0014  memory: 1261  
2026/04/24 15:13:27 - mmengine - INFO - Iter(val) [1580/2000]    eta: 0:00:26  time: 0.0634  data_time: 0.0016  memory: 1246  
2026/04/24 15:13:28 - mmengine - INFO - Iter(val) [1600/2000]    eta: 0:00:24  time: 0.0621  data_time: 0.0016  memory: 1236  
2026/04/24 15:13:29 - mmengine - INFO - Iter(val) [1620/2000]    eta: 0:00:23  time: 0.0630  data_time: 0.0015  memory: 1456  
2026/04/24 15:13:31 - mmengine - INFO - Iter(val) [1640/2000]    eta: 0:00:22  time: 0.0648  data_time: 0.0015  memory: 1357  
2026/04/24 15:13:32 - mmengine - INFO - Iter(val) [1660/2000]    eta: 0:00:21  time: 0.0626  data_time: 0.0014  memory: 1265  
2026/04/24 15:13:33 - mmengine - INFO - Iter(val) [1680/2000]    eta: 0:00:19  time: 0.0659  data_time: 0.0015  memory: 1333  
2026/04/24 15:13:34 - mmengine - INFO - Iter(val) [1700/2000]    eta: 0:00:18  time: 0.0627  data_time: 0.0016  memory: 1259  
2026/04/24 15:13:36 - mmengine - INFO - Iter(val) [1720/2000]    eta: 0:00:17  time: 0.0630  data_time: 0.0015  memory: 1252  
2026/04/24 15:13:37 - mmengine - INFO - Iter(val) [1740/2000]    eta: 0:00:16  time: 0.0664  data_time: 0.0015  memory: 1346  
2026/04/24 15:13:38 - mmengine - INFO - Iter(val) [1760/2000]    eta: 0:00:14  time: 0.0539  data_time: 0.0014  memory: 1246  
2026/04/24 15:13:39 - mmengine - INFO - Iter(val) [1780/2000]    eta: 0:00:13  time: 0.0628  data_time: 0.0015  memory: 1258  
2026/04/24 15:13:41 - mmengine - INFO - Iter(val) [1800/2000]    eta: 0:00:12  time: 0.0646  data_time: 0.0016  memory: 1246  
2026/04/24 15:13:42 - mmengine - INFO - Iter(val) [1820/2000]    eta: 0:00:11  time: 0.0633  data_time: 0.0016  memory: 1184  
2026/04/24 15:13:43 - mmengine - INFO - Iter(val) [1840/2000]    eta: 0:00:09  time: 0.0630  data_time: 0.0015  memory: 1184  
2026/04/24 15:13:44 - mmengine - INFO - Iter(val) [1860/2000]    eta: 0:00:08  time: 0.0620  data_time: 0.0015  memory: 1184  
2026/04/24 15:13:46 - mmengine - INFO - Iter(val) [1880/2000]    eta: 0:00:07  time: 0.0595  data_time: 0.0014  memory: 1246  
2026/04/24 15:13:47 - mmengine - INFO - Iter(val) [1900/2000]    eta: 0:00:06  time: 0.0599  data_time: 0.0015  memory: 1336  
2026/04/24 15:13:48 - mmengine - INFO - Iter(val) [1920/2000]    eta: 0:00:04  time: 0.0639  data_time: 0.0015  memory: 1506  
2026/04/24 15:13:49 - mmengine - INFO - Iter(val) [1940/2000]    eta: 0:00:03  time: 0.0627  data_time: 0.0015  memory: 1353  
2026/04/24 15:13:51 - mmengine - INFO - Iter(val) [1960/2000]    eta: 0:00:02  time: 0.0586  data_time: 0.0014  memory: 1251  
2026/04/24 15:13:52 - mmengine - INFO - Iter(val) [1980/2000]    eta: 0:00:01  time: 0.0607  data_time: 0.0015  memory: 1246  
2026/04/24 15:13:53 - mmengine - INFO - Iter(val) [2000/2000]    eta: 0:00:00  time: 0.0584  data_time: 0.0013  memory: 1331  
2026/04/24 15:13:53 - mmengine - INFO - per class results:
2026/04/24 15:13:53 - mmengine - INFO - 
+---------------------+-------+-------+
|        Class        |  IoU  |  Acc  |
+---------------------+-------+-------+
|         wall        | 39.27 | 77.26 |
|       building      | 47.03 | 81.72 |
|         sky         | 78.47 | 90.05 |
|        floor        | 37.44 |  67.6 |
|         tree        | 35.78 | 67.25 |
|       ceiling       | 45.89 | 59.57 |
|         road        | 45.46 | 82.95 |
|         bed         | 17.82 | 36.86 |
|      windowpane     | 23.43 | 35.25 |
|        grass        | 38.95 | 81.79 |
|       cabinet       |  0.07 |  0.07 |
|       sidewalk      |  1.39 |  1.4  |
|        person       |  9.0  | 13.13 |
|        earth        |  1.69 |  1.79 |
|         door        |  0.0  |  0.0  |
|        table        |  0.05 |  0.05 |
|       mountain      | 10.16 | 14.35 |
|        plant        |  1.02 |  1.04 |
|       curtain       |  0.26 |  0.26 |
|        chair        |  1.85 |  1.97 |
|         car         | 19.09 | 23.76 |
|        water        |  0.0  |  0.0  |
|       painting      |  0.0  |  0.0  |
|         sofa        |  0.0  |  0.0  |
|        shelf        |  0.0  |  0.0  |
|        house        |  0.0  |  0.0  |
|         sea         | 10.79 | 22.62 |
|        mirror       |  0.0  |  0.0  |
|         rug         |  0.0  |  0.0  |
|        field        |  7.31 | 13.02 |
|       armchair      |  0.0  |  0.0  |
|         seat        |  0.0  |  0.0  |
|        fence        |  0.0  |  0.0  |
|         desk        |  0.0  |  0.0  |
|         rock        |  0.0  |  0.0  |
|       wardrobe      |  0.0  |  0.0  |
|         lamp        |  0.0  |  0.0  |
|       bathtub       |  0.0  |  0.0  |
|       railing       |  0.0  |  0.0  |
|       cushion       |  0.0  |  0.0  |
|         base        |  0.0  |  0.0  |
|         box         |  0.0  |  0.0  |
|        column       |  0.0  |  0.0  |
|      signboard      |  0.0  |  0.0  |
|   chest of drawers  |  0.0  |  0.0  |
|       counter       |  0.0  |  0.0  |
|         sand        |  0.0  |  0.0  |
|         sink        |  0.0  |  0.0  |
|      skyscraper     |  0.0  |  0.0  |
|      fireplace      |  0.0  |  0.0  |
|     refrigerator    |  0.0  |  0.0  |
|      grandstand     |  0.0  |  0.0  |
|         path        |  0.0  |  0.0  |
|        stairs       |  0.0  |  0.0  |
|        runway       |  0.0  |  0.0  |
|         case        |  0.0  |  0.0  |
|      pool table     |  0.0  |  0.0  |
|        pillow       |  0.0  |  0.0  |
|     screen door     |  0.0  |  0.0  |
|       stairway      |  0.0  |  0.0  |
|        river        |  0.0  |  0.0  |
|        bridge       |  0.0  |  0.0  |
|       bookcase      |  0.0  |  0.0  |
|        blind        |  0.0  |  0.0  |
|     coffee table    |  0.0  |  0.0  |
|        toilet       |  0.0  |  0.0  |
|        flower       |  0.0  |  0.0  |
|         book        |  0.0  |  0.0  |
|         hill        |  0.0  |  0.0  |
|        bench        |  0.0  |  0.0  |
|      countertop     |  0.0  |  0.0  |
|        stove        |  0.0  |  0.0  |
|         palm        |  0.0  |  0.0  |
|    kitchen island   |  0.0  |  0.0  |
|       computer      |  0.0  |  0.0  |
|     swivel chair    |  0.0  |  0.0  |
|         boat        |  0.0  |  0.0  |
|         bar         |  0.0  |  0.0  |
|    arcade machine   |  0.0  |  0.0  |
|        hovel        |  0.0  |  0.0  |
|         bus         |  0.0  |  0.0  |
|        towel        |  0.0  |  0.0  |
|        light        |  0.0  |  0.0  |
|        truck        |  0.0  |  0.0  |
|        tower        |  0.0  |  0.0  |
|      chandelier     |  0.0  |  0.0  |
|        awning       |  0.0  |  0.0  |
|     streetlight     |  0.0  |  0.0  |
|        booth        |  0.0  |  0.0  |
| television receiver |  0.0  |  0.0  |
|       airplane      |  0.0  |  0.0  |
|      dirt track     |  0.0  |  0.0  |
|       apparel       |  0.0  |  0.0  |
|         pole        |  0.0  |  0.0  |
|         land        |  0.0  |  0.0  |
|      bannister      |  0.0  |  0.0  |
|      escalator      |  0.0  |  0.0  |
|       ottoman       |  0.0  |  0.0  |
|        bottle       |  0.0  |  0.0  |
|        buffet       |  0.0  |  0.0  |
|        poster       |  0.0  |  0.0  |
|        stage        |  0.0  |  0.0  |
|         van         |  0.0  |  0.0  |
|         ship        |  0.0  |  0.0  |
|       fountain      |  0.0  |  0.0  |
|    conveyer belt    |  0.0  |  0.0  |
|        canopy       |  0.0  |  0.0  |
|        washer       |  0.0  |  0.0  |
|      plaything      |  0.0  |  0.0  |
|    swimming pool    |  0.0  |  0.0  |
|        stool        |  0.0  |  0.0  |
|        barrel       |  0.0  |  0.0  |
|        basket       |  0.0  |  0.0  |
|      waterfall      |  0.0  |  0.0  |
|         tent        |  0.0  |  0.0  |
|         bag         |  0.0  |  0.0  |
|       minibike      |  0.0  |  0.0  |
|        cradle       |  0.0  |  0.0  |
|         oven        |  0.0  |  0.0  |
|         ball        |  0.0  |  0.0  |
|         food        |  0.0  |  0.0  |
|         step        |  0.0  |  0.0  |
|         tank        |  0.0  |  0.0  |
|      trade name     |  0.0  |  0.0  |
|      microwave      |  0.0  |  0.0  |
|         pot         |  0.0  |  0.0  |
|        animal       |  0.0  |  0.0  |
|       bicycle       |  0.0  |  0.0  |
|         lake        |  0.0  |  0.0  |
|      dishwasher     |  0.0  |  0.0  |
|        screen       |  0.0  |  0.0  |
|       blanket       |  0.0  |  0.0  |
|      sculpture      |  0.0  |  0.0  |
|         hood        |  0.0  |  0.0  |
|        sconce       |  0.0  |  0.0  |
|         vase        |  0.0  |  0.0  |
|    traffic light    |  0.0  |  0.0  |
|         tray        |  0.0  |  0.0  |
|        ashcan       |  0.0  |  0.0  |
|         fan         |  0.0  |  0.0  |
|         pier        |  0.0  |  0.0  |
|      crt screen     |  0.0  |  0.0  |
|        plate        |  0.0  |  0.0  |
|       monitor       |  0.0  |  0.0  |
|    bulletin board   |  0.0  |  0.0  |
|        shower       |  0.0  |  0.0  |
|       radiator      |  0.0  |  0.0  |
|        glass        |  0.0  |  0.0  |
|        clock        |  0.0  |  0.0  |
|         flag        |  0.0  |  0.0  |
+---------------------+-------+-------+
2026/04/24 15:13:53 - mmengine - INFO - Iter(val) [2000/2000]    aAcc: 49.6000  mIoU: 3.1500  mAcc: 5.1600  data_time: 0.0015  time: 0.0624
2026/04/24 15:13:53 - mmengine - INFO - The previous best checkpoint /home/jlx_75/PVMamba_cifar10_sparse_v13_stage3_latesparse/segmentation/work_dirs/pvmamba_tiny_upernet_ade20k_smoke/best_mIoU_iter_5000.pth is removed
2026/04/24 15:13:54 - mmengine - INFO - The best checkpoint with 3.1500 mIoU at 6000 iter is saved to best_mIoU_iter_6000.pth.
2026/04/24 15:14:02 - mmengine - INFO - Iter(train) [6020/8000]  lr: 1.5842e-05  eta: 0:10:09  time: 0.2914  data_time: 0.0054  memory: 5847  loss: 2.8806  decode.loss_ce: 2.0175  decode.acc_seg: 45.4270  aux.loss_ce: 0.8631  aux.acc_seg: 39.3037
2026/04/24 15:14:08 - mmengine - INFO - Iter(train) [6040/8000]  lr: 1.5682e-05  eta: 0:10:03  time: 0.2966  data_time: 0.0054  memory: 5847  loss: 3.0997  decode.loss_ce: 2.1302  decode.acc_seg: 40.4891  aux.loss_ce: 0.9695  aux.acc_seg: 41.0754
2026/04/24 15:14:14 - mmengine - INFO - Iter(train) [6060/8000]  lr: 1.5522e-05  eta: 0:09:56  time: 0.2993  data_time: 0.0055  memory: 5847  loss: 2.9657  decode.loss_ce: 2.0809  decode.acc_seg: 2.9482  aux.loss_ce: 0.8847  aux.acc_seg: 3.2156
2026/04/24 15:14:20 - mmengine - INFO - Iter(train) [6080/8000]  lr: 1.5362e-05  eta: 0:09:50  time: 0.3003  data_time: 0.0054  memory: 5847  loss: 2.8149  decode.loss_ce: 1.9585  decode.acc_seg: 62.4284  aux.loss_ce: 0.8564  aux.acc_seg: 45.1064
2026/04/24 15:14:26 - mmengine - INFO - Iter(train) [6100/8000]  lr: 1.5202e-05  eta: 0:09:44  time: 0.2982  data_time: 0.0060  memory: 5847  loss: 3.1788  decode.loss_ce: 2.2447  decode.acc_seg: 26.2537  aux.loss_ce: 0.9341  aux.acc_seg: 34.0878
2026/04/24 15:14:32 - mmengine - INFO - Iter(train) [6120/8000]  lr: 1.5042e-05  eta: 0:09:38  time: 0.2981  data_time: 0.0058  memory: 5847  loss: 2.6456  decode.loss_ce: 1.8388  decode.acc_seg: 45.1344  aux.loss_ce: 0.8068  aux.acc_seg: 37.7630
2026/04/24 15:14:38 - mmengine - INFO - Iter(train) [6140/8000]  lr: 1.4882e-05  eta: 0:09:32  time: 0.2987  data_time: 0.0059  memory: 5847  loss: 2.8410  decode.loss_ce: 1.9805  decode.acc_seg: 23.9171  aux.loss_ce: 0.8605  aux.acc_seg: 11.2550
2026/04/24 15:14:44 - mmengine - INFO - Iter(train) [6160/8000]  lr: 1.4722e-05  eta: 0:09:25  time: 0.2999  data_time: 0.0059  memory: 5847  loss: 3.3354  decode.loss_ce: 2.3263  decode.acc_seg: 12.6968  aux.loss_ce: 1.0091  aux.acc_seg: 12.3424
2026/04/24 15:14:50 - mmengine - INFO - Iter(train) [6180/8000]  lr: 1.4562e-05  eta: 0:09:19  time: 0.3014  data_time: 0.0058  memory: 5847  loss: 2.9745  decode.loss_ce: 2.0660  decode.acc_seg: 30.1919  aux.loss_ce: 0.9085  aux.acc_seg: 31.0715
2026/04/24 15:14:56 - mmengine - INFO - Iter(train) [6200/8000]  lr: 1.4402e-05  eta: 0:09:13  time: 0.2987  data_time: 0.0059  memory: 5847  loss: 3.2357  decode.loss_ce: 2.2592  decode.acc_seg: 34.9811  aux.loss_ce: 0.9765  aux.acc_seg: 34.1632
2026/04/24 15:15:02 - mmengine - INFO - Iter(train) [6220/8000]  lr: 1.4242e-05  eta: 0:09:07  time: 0.2970  data_time: 0.0060  memory: 5847  loss: 3.2516  decode.loss_ce: 2.2417  decode.acc_seg: 12.9154  aux.loss_ce: 1.0099  aux.acc_seg: 7.4713
2026/04/24 15:15:08 - mmengine - INFO - Iter(train) [6240/8000]  lr: 1.4082e-05  eta: 0:09:01  time: 0.2999  data_time: 0.0059  memory: 5847  loss: 2.8369  decode.loss_ce: 1.9655  decode.acc_seg: 67.7625  aux.loss_ce: 0.8714  aux.acc_seg: 60.1851
2026/04/24 15:15:14 - mmengine - INFO - Iter(train) [6260/8000]  lr: 1.3922e-05  eta: 0:08:54  time: 0.3152  data_time: 0.0081  memory: 5847  loss: 3.3441  decode.loss_ce: 2.3380  decode.acc_seg: 39.1296  aux.loss_ce: 1.0061  aux.acc_seg: 47.8540
2026/04/24 15:15:20 - mmengine - INFO - Iter(train) [6280/8000]  lr: 1.3762e-05  eta: 0:08:48  time: 0.2997  data_time: 0.0061  memory: 5847  loss: 3.4308  decode.loss_ce: 2.3894  decode.acc_seg: 45.2789  aux.loss_ce: 1.0415  aux.acc_seg: 39.0211
2026/04/24 15:15:26 - mmengine - INFO - Iter(train) [6300/8000]  lr: 1.3602e-05  eta: 0:08:42  time: 0.2990  data_time: 0.0058  memory: 5847  loss: 3.1488  decode.loss_ce: 2.1919  decode.acc_seg: 49.7114  aux.loss_ce: 0.9569  aux.acc_seg: 46.4422
2026/04/24 15:15:32 - mmengine - INFO - Iter(train) [6320/8000]  lr: 1.3442e-05  eta: 0:08:36  time: 0.2991  data_time: 0.0059  memory: 5847  loss: 2.5973  decode.loss_ce: 1.7953  decode.acc_seg: 47.1074  aux.loss_ce: 0.8021  aux.acc_seg: 41.1043
2026/04/24 15:15:38 - mmengine - INFO - Iter(train) [6340/8000]  lr: 1.3282e-05  eta: 0:08:30  time: 0.2998  data_time: 0.0059  memory: 5847  loss: 2.8330  decode.loss_ce: 1.9672  decode.acc_seg: 46.6772  aux.loss_ce: 0.8658  aux.acc_seg: 56.8282
2026/04/24 15:15:44 - mmengine - INFO - Iter(train) [6360/8000]  lr: 1.3122e-05  eta: 0:08:23  time: 0.2992  data_time: 0.0061  memory: 5847  loss: 3.4830  decode.loss_ce: 2.4437  decode.acc_seg: 48.1016  aux.loss_ce: 1.0392  aux.acc_seg: 48.7727
2026/04/24 15:15:50 - mmengine - INFO - Iter(train) [6380/8000]  lr: 1.2962e-05  eta: 0:08:17  time: 0.3011  data_time: 0.0058  memory: 5847  loss: 2.6853  decode.loss_ce: 1.8740  decode.acc_seg: 0.3472  aux.loss_ce: 0.8113  aux.acc_seg: 0.9144
2026/04/24 15:15:56 - mmengine - INFO - Iter(train) [6400/8000]  lr: 1.2802e-05  eta: 0:08:11  time: 0.2978  data_time: 0.0057  memory: 5847  loss: 2.7902  decode.loss_ce: 1.9480  decode.acc_seg: 53.6131  aux.loss_ce: 0.8421  aux.acc_seg: 55.3938
2026/04/24 15:16:02 - mmengine - INFO - Iter(train) [6420/8000]  lr: 1.2642e-05  eta: 0:08:05  time: 0.3104  data_time: 0.0061  memory: 5847  loss: 3.0114  decode.loss_ce: 2.0929  decode.acc_seg: 30.0463  aux.loss_ce: 0.9185  aux.acc_seg: 31.8528
2026/04/24 15:16:09 - mmengine - INFO - Iter(train) [6440/8000]  lr: 1.2482e-05  eta: 0:07:59  time: 0.3128  data_time: 0.0057  memory: 5847  loss: 3.1682  decode.loss_ce: 2.2110  decode.acc_seg: 70.7478  aux.loss_ce: 0.9572  aux.acc_seg: 63.3963
2026/04/24 15:16:15 - mmengine - INFO - Iter(train) [6460/8000]  lr: 1.2322e-05  eta: 0:07:53  time: 0.2992  data_time: 0.0057  memory: 5847  loss: 2.2877  decode.loss_ce: 1.5777  decode.acc_seg: 68.6033  aux.loss_ce: 0.7100  aux.acc_seg: 49.4479
2026/04/24 15:16:21 - mmengine - INFO - Iter(train) [6480/8000]  lr: 1.2162e-05  eta: 0:07:46  time: 0.2993  data_time: 0.0056  memory: 5847  loss: 3.3599  decode.loss_ce: 2.3431  decode.acc_seg: 40.9372  aux.loss_ce: 1.0168  aux.acc_seg: 47.5611
2026/04/24 15:16:26 - mmengine - INFO - Iter(train) [6500/8000]  lr: 1.2002e-05  eta: 0:07:40  time: 0.2980  data_time: 0.0058  memory: 5847  loss: 2.9501  decode.loss_ce: 2.0492  decode.acc_seg: 43.0457  aux.loss_ce: 0.9009  aux.acc_seg: 32.8801
2026/04/24 15:16:32 - mmengine - INFO - Iter(train) [6520/8000]  lr: 1.1842e-05  eta: 0:07:34  time: 0.3001  data_time: 0.0057  memory: 5847  loss: 2.5909  decode.loss_ce: 1.7756  decode.acc_seg: 30.9944  aux.loss_ce: 0.8153  aux.acc_seg: 31.3613
2026/04/24 15:16:39 - mmengine - INFO - Iter(train) [6540/8000]  lr: 1.1682e-05  eta: 0:07:28  time: 0.2996  data_time: 0.0058  memory: 5847  loss: 3.4502  decode.loss_ce: 2.4229  decode.acc_seg: 55.2411  aux.loss_ce: 1.0273  aux.acc_seg: 52.7080
2026/04/24 15:16:45 - mmengine - INFO - Iter(train) [6560/8000]  lr: 1.1522e-05  eta: 0:07:22  time: 0.3009  data_time: 0.0057  memory: 5847  loss: 3.7331  decode.loss_ce: 2.6230  decode.acc_seg: 27.3320  aux.loss_ce: 1.1101  aux.acc_seg: 18.3394
2026/04/24 15:16:50 - mmengine - INFO - Iter(train) [6580/8000]  lr: 1.1362e-05  eta: 0:07:16  time: 0.2989  data_time: 0.0058  memory: 5847  loss: 3.0603  decode.loss_ce: 2.1229  decode.acc_seg: 64.5860  aux.loss_ce: 0.9374  aux.acc_seg: 59.5778
2026/04/24 15:16:56 - mmengine - INFO - Iter(train) [6600/8000]  lr: 1.1201e-05  eta: 0:07:09  time: 0.2979  data_time: 0.0057  memory: 5847  loss: 2.7377  decode.loss_ce: 1.8969  decode.acc_seg: 39.9783  aux.loss_ce: 0.8408  aux.acc_seg: 39.7914
2026/04/24 15:17:02 - mmengine - INFO - Iter(train) [6620/8000]  lr: 1.1041e-05  eta: 0:07:03  time: 0.2958  data_time: 0.0057  memory: 5847  loss: 2.7690  decode.loss_ce: 1.9055  decode.acc_seg: 68.1680  aux.loss_ce: 0.8635  aux.acc_seg: 68.5272
2026/04/24 15:17:08 - mmengine - INFO - Iter(train) [6640/8000]  lr: 1.0881e-05  eta: 0:06:57  time: 0.2999  data_time: 0.0058  memory: 5847  loss: 3.5013  decode.loss_ce: 2.4764  decode.acc_seg: 26.6556  aux.loss_ce: 1.0250  aux.acc_seg: 26.3832
2026/04/24 15:17:14 - mmengine - INFO - Iter(train) [6660/8000]  lr: 1.0721e-05  eta: 0:06:51  time: 0.2982  data_time: 0.0059  memory: 5847  loss: 2.8839  decode.loss_ce: 2.0069  decode.acc_seg: 40.6664  aux.loss_ce: 0.8770  aux.acc_seg: 42.9077
2026/04/24 15:17:20 - mmengine - INFO - Iter(train) [6680/8000]  lr: 1.0561e-05  eta: 0:06:45  time: 0.3028  data_time: 0.0056  memory: 5847  loss: 3.2701  decode.loss_ce: 2.2773  decode.acc_seg: 50.3310  aux.loss_ce: 0.9928  aux.acc_seg: 39.4744
2026/04/24 15:17:26 - mmengine - INFO - Iter(train) [6700/8000]  lr: 1.0401e-05  eta: 0:06:39  time: 0.3052  data_time: 0.0058  memory: 5847  loss: 2.5548  decode.loss_ce: 1.7759  decode.acc_seg: 52.1477  aux.loss_ce: 0.7789  aux.acc_seg: 38.4213
2026/04/24 15:17:32 - mmengine - INFO - Iter(train) [6720/8000]  lr: 1.0241e-05  eta: 0:06:32  time: 0.2966  data_time: 0.0056  memory: 5847  loss: 3.1942  decode.loss_ce: 2.2287  decode.acc_seg: 30.7817  aux.loss_ce: 0.9656  aux.acc_seg: 25.1324
2026/04/24 15:17:38 - mmengine - INFO - Iter(train) [6740/8000]  lr: 1.0081e-05  eta: 0:06:26  time: 0.2990  data_time: 0.0056  memory: 5847  loss: 3.0675  decode.loss_ce: 2.1330  decode.acc_seg: 48.4694  aux.loss_ce: 0.9345  aux.acc_seg: 39.3241
2026/04/24 15:17:44 - mmengine - INFO - Iter(train) [6760/8000]  lr: 9.9213e-06  eta: 0:06:20  time: 0.3038  data_time: 0.0056  memory: 5847  loss: 2.2043  decode.loss_ce: 1.5088  decode.acc_seg: 28.9206  aux.loss_ce: 0.6955  aux.acc_seg: 30.1094
2026/04/24 15:17:50 - mmengine - INFO - Iter(train) [6780/8000]  lr: 9.7613e-06  eta: 0:06:14  time: 0.2989  data_time: 0.0057  memory: 5847  loss: 2.7340  decode.loss_ce: 1.9064  decode.acc_seg: 56.2278  aux.loss_ce: 0.8276  aux.acc_seg: 49.7257
2026/04/24 15:17:56 - mmengine - INFO - Iter(train) [6800/8000]  lr: 9.6013e-06  eta: 0:06:08  time: 0.2987  data_time: 0.0057  memory: 5847  loss: 2.8380  decode.loss_ce: 1.9632  decode.acc_seg: 39.0344  aux.loss_ce: 0.8749  aux.acc_seg: 35.2536
2026/04/24 15:18:02 - mmengine - INFO - Iter(train) [6820/8000]  lr: 9.4413e-06  eta: 0:06:02  time: 0.2973  data_time: 0.0056  memory: 5847  loss: 3.0244  decode.loss_ce: 2.1292  decode.acc_seg: 24.1039  aux.loss_ce: 0.8952  aux.acc_seg: 13.7806
2026/04/24 15:18:08 - mmengine - INFO - Iter(train) [6840/8000]  lr: 9.2812e-06  eta: 0:05:55  time: 0.2990  data_time: 0.0057  memory: 5847  loss: 2.9804  decode.loss_ce: 2.0597  decode.acc_seg: 25.5413  aux.loss_ce: 0.9208  aux.acc_seg: 26.9520
2026/04/24 15:18:14 - mmengine - INFO - Iter(train) [6860/8000]  lr: 9.1212e-06  eta: 0:05:49  time: 0.3011  data_time: 0.0056  memory: 5847  loss: 2.4829  decode.loss_ce: 1.7062  decode.acc_seg: 41.6475  aux.loss_ce: 0.7766  aux.acc_seg: 32.0294
2026/04/24 15:18:20 - mmengine - INFO - Iter(train) [6880/8000]  lr: 8.9612e-06  eta: 0:05:43  time: 0.3024  data_time: 0.0057  memory: 5847  loss: 2.8008  decode.loss_ce: 1.9228  decode.acc_seg: 40.4908  aux.loss_ce: 0.8780  aux.acc_seg: 32.6932
2026/04/24 15:18:26 - mmengine - INFO - Iter(train) [6900/8000]  lr: 8.8012e-06  eta: 0:05:37  time: 0.2989  data_time: 0.0055  memory: 5847  loss: 3.3179  decode.loss_ce: 2.3113  decode.acc_seg: 35.9172  aux.loss_ce: 1.0066  aux.acc_seg: 40.8816
2026/04/24 15:18:32 - mmengine - INFO - Iter(train) [6920/8000]  lr: 8.6412e-06  eta: 0:05:31  time: 0.2985  data_time: 0.0057  memory: 5847  loss: 3.9871  decode.loss_ce: 2.7818  decode.acc_seg: 60.8658  aux.loss_ce: 1.2053  aux.acc_seg: 69.8130
2026/04/24 15:18:38 - mmengine - INFO - Iter(train) [6940/8000]  lr: 8.4811e-06  eta: 0:05:25  time: 0.3025  data_time: 0.0057  memory: 5847  loss: 3.6075  decode.loss_ce: 2.5186  decode.acc_seg: 37.7600  aux.loss_ce: 1.0889  aux.acc_seg: 34.6097
2026/04/24 15:18:44 - mmengine - INFO - Iter(train) [6960/8000]  lr: 8.3211e-06  eta: 0:05:18  time: 0.2962  data_time: 0.0055  memory: 5847  loss: 3.1856  decode.loss_ce: 2.2250  decode.acc_seg: 52.0999  aux.loss_ce: 0.9606  aux.acc_seg: 41.3481
2026/04/24 15:18:50 - mmengine - INFO - Iter(train) [6980/8000]  lr: 8.1611e-06  eta: 0:05:12  time: 0.2972  data_time: 0.0057  memory: 5847  loss: 2.7455  decode.loss_ce: 1.8816  decode.acc_seg: 57.9606  aux.loss_ce: 0.8639  aux.acc_seg: 60.8097
2026/04/24 15:18:56 - mmengine - INFO - Exp name: pvmamba_tiny_upernet_ade20k_20260424_142901
2026/04/24 15:18:56 - mmengine - INFO - Iter(train) [7000/8000]  lr: 8.0011e-06  eta: 0:05:06  time: 0.3002  data_time: 0.0056  memory: 5847  loss: 3.2016  decode.loss_ce: 2.2250  decode.acc_seg: 24.2703  aux.loss_ce: 0.9766  aux.acc_seg: 22.4123
2026/04/24 15:18:56 - mmengine - INFO - Saving checkpoint at 7000 iterations
2026/04/24 15:18:59 - mmengine - INFO - Iter(val) [  20/2000]    eta: 0:02:09  time: 0.0626  data_time: 0.0016  memory: 1321  
2026/04/24 15:19:00 - mmengine - INFO - Iter(val) [  40/2000]    eta: 0:02:04  time: 0.0629  data_time: 0.0015  memory: 1354  
2026/04/24 15:19:02 - mmengine - INFO - Iter(val) [  60/2000]    eta: 0:02:03  time: 0.0624  data_time: 0.0015  memory: 1323  
2026/04/24 15:19:03 - mmengine - INFO - Iter(val) [  80/2000]    eta: 0:02:02  time: 0.0642  data_time: 0.0015  memory: 1246  
2026/04/24 15:19:04 - mmengine - INFO - Iter(val) [ 100/2000]    eta: 0:02:00  time: 0.0652  data_time: 0.0016  memory: 1364  
2026/04/24 15:19:05 - mmengine - INFO - Iter(val) [ 120/2000]    eta: 0:01:59  time: 0.0602  data_time: 0.0014  memory: 1258  
2026/04/24 15:19:07 - mmengine - INFO - Iter(val) [ 140/2000]    eta: 0:01:58  time: 0.0640  data_time: 0.0015  memory: 1261  
2026/04/24 15:19:08 - mmengine - INFO - Iter(val) [ 160/2000]    eta: 0:01:57  time: 0.0655  data_time: 0.0015  memory: 1440  
2026/04/24 15:19:09 - mmengine - INFO - Iter(val) [ 180/2000]    eta: 0:01:55  time: 0.0640  data_time: 0.0016  memory: 1246  
2026/04/24 15:19:10 - mmengine - INFO - Iter(val) [ 200/2000]    eta: 0:01:54  time: 0.0636  data_time: 0.0015  memory: 1354  
2026/04/24 15:19:12 - mmengine - INFO - Iter(val) [ 220/2000]    eta: 0:01:52  time: 0.0597  data_time: 0.0014  memory: 1518  
2026/04/24 15:19:13 - mmengine - INFO - Iter(val) [ 240/2000]    eta: 0:01:51  time: 0.0648  data_time: 0.0015  memory: 1471  
2026/04/24 15:19:14 - mmengine - INFO - Iter(val) [ 260/2000]    eta: 0:01:49  time: 0.0605  data_time: 0.0014  memory: 1297  
2026/04/24 15:19:15 - mmengine - INFO - Iter(val) [ 280/2000]    eta: 0:01:48  time: 0.0621  data_time: 0.0015  memory: 1246  
2026/04/24 15:19:17 - mmengine - INFO - Iter(val) [ 300/2000]    eta: 0:01:47  time: 0.0639  data_time: 0.0015  memory: 1349  
2026/04/24 15:19:18 - mmengine - INFO - Iter(val) [ 320/2000]    eta: 0:01:45  time: 0.0606  data_time: 0.0015  memory: 1303  
2026/04/24 15:19:19 - mmengine - INFO - Iter(val) [ 340/2000]    eta: 0:01:44  time: 0.0648  data_time: 0.0014  memory: 1351  
2026/04/24 15:19:20 - mmengine - INFO - Iter(val) [ 360/2000]    eta: 0:01:43  time: 0.0628  data_time: 0.0014  memory: 1246  
2026/04/24 15:19:22 - mmengine - INFO - Iter(val) [ 380/2000]    eta: 0:01:41  time: 0.0634  data_time: 0.0015  memory: 1357  
2026/04/24 15:19:23 - mmengine - INFO - Iter(val) [ 400/2000]    eta: 0:01:40  time: 0.0638  data_time: 0.0014  memory: 1340  
2026/04/24 15:19:24 - mmengine - INFO - Iter(val) [ 420/2000]    eta: 0:01:38  time: 0.0546  data_time: 0.0013  memory: 1187  
2026/04/24 15:19:25 - mmengine - INFO - Iter(val) [ 440/2000]    eta: 0:01:37  time: 0.0648  data_time: 0.0014  memory: 1358  
2026/04/24 15:19:26 - mmengine - INFO - Iter(val) [ 460/2000]    eta: 0:01:36  time: 0.0633  data_time: 0.0015  memory: 1258  
2026/04/24 15:19:28 - mmengine - INFO - Iter(val) [ 480/2000]    eta: 0:01:35  time: 0.0648  data_time: 0.0015  memory: 1246  
2026/04/24 15:19:29 - mmengine - INFO - Iter(val) [ 500/2000]    eta: 0:01:33  time: 0.0611  data_time: 0.0014  memory: 1259  
2026/04/24 15:19:30 - mmengine - INFO - Iter(val) [ 520/2000]    eta: 0:01:32  time: 0.0639  data_time: 0.0015  memory: 1253  
2026/04/24 15:19:32 - mmengine - INFO - Iter(val) [ 540/2000]    eta: 0:01:31  time: 0.0657  data_time: 0.0015  memory: 1280  
2026/04/24 15:19:33 - mmengine - INFO - Iter(val) [ 560/2000]    eta: 0:01:30  time: 0.0585  data_time: 0.0014  memory: 1343  
2026/04/24 15:19:34 - mmengine - INFO - Iter(val) [ 580/2000]    eta: 0:01:28  time: 0.0640  data_time: 0.0016  memory: 1355  
2026/04/24 15:19:35 - mmengine - INFO - Iter(val) [ 600/2000]    eta: 0:01:27  time: 0.0636  data_time: 0.0015  memory: 1261  
2026/04/24 15:19:37 - mmengine - INFO - Iter(val) [ 620/2000]    eta: 0:01:26  time: 0.0599  data_time: 0.0014  memory: 1295  
2026/04/24 15:19:38 - mmengine - INFO - Iter(val) [ 640/2000]    eta: 0:01:25  time: 0.0630  data_time: 0.0014  memory: 1296  
2026/04/24 15:19:39 - mmengine - INFO - Iter(val) [ 660/2000]    eta: 0:01:23  time: 0.0661  data_time: 0.0014  memory: 1327  
2026/04/24 15:19:40 - mmengine - INFO - Iter(val) [ 680/2000]    eta: 0:01:22  time: 0.0651  data_time: 0.0015  memory: 1339  
2026/04/24 15:19:42 - mmengine - INFO - Iter(val) [ 700/2000]    eta: 0:01:21  time: 0.0638  data_time: 0.0015  memory: 1321  
2026/04/24 15:19:43 - mmengine - INFO - Iter(val) [ 720/2000]    eta: 0:01:20  time: 0.0651  data_time: 0.0014  memory: 1272  
2026/04/24 15:19:44 - mmengine - INFO - Iter(val) [ 740/2000]    eta: 0:01:19  time: 0.0653  data_time: 0.0014  memory: 1339  
2026/04/24 15:19:45 - mmengine - INFO - Iter(val) [ 760/2000]    eta: 0:01:17  time: 0.0565  data_time: 0.0014  memory: 1264  
2026/04/24 15:19:47 - mmengine - INFO - Iter(val) [ 780/2000]    eta: 0:01:16  time: 0.0625  data_time: 0.0014  memory: 1246  
2026/04/24 15:19:48 - mmengine - INFO - Iter(val) [ 800/2000]    eta: 0:01:15  time: 0.0635  data_time: 0.0016  memory: 1246  
2026/04/24 15:19:49 - mmengine - INFO - Iter(val) [ 820/2000]    eta: 0:01:13  time: 0.0628  data_time: 0.0016  memory: 1184  
2026/04/24 15:19:50 - mmengine - INFO - Iter(val) [ 840/2000]    eta: 0:01:12  time: 0.0632  data_time: 0.0016  memory: 1246  
2026/04/24 15:19:52 - mmengine - INFO - Iter(val) [ 860/2000]    eta: 0:01:11  time: 0.0641  data_time: 0.0016  memory: 1246  
2026/04/24 15:19:53 - mmengine - INFO - Iter(val) [ 880/2000]    eta: 0:01:10  time: 0.0598  data_time: 0.0014  memory: 1245  
2026/04/24 15:19:54 - mmengine - INFO - Iter(val) [ 900/2000]    eta: 0:01:08  time: 0.0586  data_time: 0.0014  memory: 1296  
2026/04/24 15:19:55 - mmengine - INFO - Iter(val) [ 920/2000]    eta: 0:01:07  time: 0.0631  data_time: 0.0014  memory: 1333  
2026/04/24 15:19:56 - mmengine - INFO - Iter(val) [ 940/2000]    eta: 0:01:06  time: 0.0629  data_time: 0.0015  memory: 1255  
2026/04/24 15:19:58 - mmengine - INFO - Iter(val) [ 960/2000]    eta: 0:01:04  time: 0.0593  data_time: 0.0014  memory: 1245  
2026/04/24 15:19:59 - mmengine - INFO - Iter(val) [ 980/2000]    eta: 0:01:03  time: 0.0573  data_time: 0.0014  memory: 1246  
2026/04/24 15:20:00 - mmengine - INFO - Iter(val) [1000/2000]    eta: 0:01:02  time: 0.0612  data_time: 0.0015  memory: 1336  
2026/04/24 15:20:01 - mmengine - INFO - Iter(val) [1020/2000]    eta: 0:01:01  time: 0.0644  data_time: 0.0015  memory: 1348  
2026/04/24 15:20:03 - mmengine - INFO - Iter(val) [1040/2000]    eta: 0:00:59  time: 0.0652  data_time: 0.0015  memory: 1342  
2026/04/24 15:20:04 - mmengine - INFO - Iter(val) [1060/2000]    eta: 0:00:58  time: 0.0611  data_time: 0.0014  memory: 1264  
2026/04/24 15:20:05 - mmengine - INFO - Iter(val) [1080/2000]    eta: 0:00:57  time: 0.0636  data_time: 0.0015  memory: 1275  
2026/04/24 15:20:06 - mmengine - INFO - Iter(val) [1100/2000]    eta: 0:00:56  time: 0.0629  data_time: 0.0015  memory: 1246  
2026/04/24 15:20:08 - mmengine - INFO - Iter(val) [1120/2000]    eta: 0:00:54  time: 0.0612  data_time: 0.0014  memory: 1310  
2026/04/24 15:20:09 - mmengine - INFO - Iter(val) [1140/2000]    eta: 0:00:53  time: 0.0613  data_time: 0.0015  memory: 1246  
2026/04/24 15:20:10 - mmengine - INFO - Iter(val) [1160/2000]    eta: 0:00:52  time: 0.0625  data_time: 0.0017  memory: 2303  
2026/04/24 15:20:11 - mmengine - INFO - Iter(val) [1180/2000]    eta: 0:00:51  time: 0.0622  data_time: 0.0015  memory: 1246  
2026/04/24 15:20:13 - mmengine - INFO - Iter(val) [1200/2000]    eta: 0:00:50  time: 0.0619  data_time: 0.0014  memory: 1357  
2026/04/24 15:20:14 - mmengine - INFO - Iter(val) [1220/2000]    eta: 0:00:48  time: 0.0626  data_time: 0.0014  memory: 1284  
2026/04/24 15:20:15 - mmengine - INFO - Iter(val) [1240/2000]    eta: 0:00:47  time: 0.0630  data_time: 0.0014  memory: 1289  
2026/04/24 15:20:16 - mmengine - INFO - Iter(val) [1260/2000]    eta: 0:00:46  time: 0.0575  data_time: 0.0014  memory: 1238  
2026/04/24 15:20:18 - mmengine - INFO - Iter(val) [1280/2000]    eta: 0:00:44  time: 0.0611  data_time: 0.0015  memory: 1246  
2026/04/24 15:20:19 - mmengine - INFO - Iter(val) [1300/2000]    eta: 0:00:43  time: 0.0631  data_time: 0.0015  memory: 1245  
2026/04/24 15:20:20 - mmengine - INFO - Iter(val) [1320/2000]    eta: 0:00:42  time: 0.0598  data_time: 0.0014  memory: 1246  
2026/04/24 15:20:21 - mmengine - INFO - Iter(val) [1340/2000]    eta: 0:00:41  time: 0.0647  data_time: 0.0015  memory: 1251  
2026/04/24 15:20:22 - mmengine - INFO - Iter(val) [1360/2000]    eta: 0:00:39  time: 0.0600  data_time: 0.0014  memory: 1214  
2026/04/24 15:20:24 - mmengine - INFO - Iter(val) [1380/2000]    eta: 0:00:38  time: 0.0633  data_time: 0.0015  memory: 1277  
2026/04/24 15:20:25 - mmengine - INFO - Iter(val) [1400/2000]    eta: 0:00:37  time: 0.0644  data_time: 0.0014  memory: 1337  
2026/04/24 15:20:26 - mmengine - INFO - Iter(val) [1420/2000]    eta: 0:00:36  time: 0.0546  data_time: 0.0014  memory: 1246  
2026/04/24 15:20:27 - mmengine - INFO - Iter(val) [1440/2000]    eta: 0:00:34  time: 0.0639  data_time: 0.0015  memory: 1333  
2026/04/24 15:20:29 - mmengine - INFO - Iter(val) [1460/2000]    eta: 0:00:33  time: 0.0615  data_time: 0.0015  memory: 1259  
2026/04/24 15:20:30 - mmengine - INFO - Iter(val) [1480/2000]    eta: 0:00:32  time: 0.0612  data_time: 0.0015  memory: 1246  
2026/04/24 15:20:31 - mmengine - INFO - Iter(val) [1500/2000]    eta: 0:00:31  time: 0.0605  data_time: 0.0015  memory: 1210  
2026/04/24 15:20:32 - mmengine - INFO - Iter(val) [1520/2000]    eta: 0:00:29  time: 0.0657  data_time: 0.0016  memory: 1319  
2026/04/24 15:20:34 - mmengine - INFO - Iter(val) [1540/2000]    eta: 0:00:28  time: 0.0639  data_time: 0.0015  memory: 1282  
2026/04/24 15:20:35 - mmengine - INFO - Iter(val) [1560/2000]    eta: 0:00:27  time: 0.0565  data_time: 0.0014  memory: 1261  
2026/04/24 15:20:36 - mmengine - INFO - Iter(val) [1580/2000]    eta: 0:00:26  time: 0.0631  data_time: 0.0015  memory: 1246  
2026/04/24 15:20:37 - mmengine - INFO - Iter(val) [1600/2000]    eta: 0:00:24  time: 0.0621  data_time: 0.0016  memory: 1236  
2026/04/24 15:20:39 - mmengine - INFO - Iter(val) [1620/2000]    eta: 0:00:23  time: 0.0621  data_time: 0.0014  memory: 1456  
2026/04/24 15:20:40 - mmengine - INFO - Iter(val) [1640/2000]    eta: 0:00:22  time: 0.0660  data_time: 0.0015  memory: 1357  
2026/04/24 15:20:41 - mmengine - INFO - Iter(val) [1660/2000]    eta: 0:00:21  time: 0.0619  data_time: 0.0014  memory: 1265  
2026/04/24 15:20:42 - mmengine - INFO - Iter(val) [1680/2000]    eta: 0:00:19  time: 0.0648  data_time: 0.0014  memory: 1333  
2026/04/24 15:20:44 - mmengine - INFO - Iter(val) [1700/2000]    eta: 0:00:18  time: 0.0639  data_time: 0.0015  memory: 1259  
2026/04/24 15:20:45 - mmengine - INFO - Iter(val) [1720/2000]    eta: 0:00:17  time: 0.0623  data_time: 0.0014  memory: 1252  
2026/04/24 15:20:46 - mmengine - INFO - Iter(val) [1740/2000]    eta: 0:00:16  time: 0.0657  data_time: 0.0015  memory: 1346  
2026/04/24 15:20:47 - mmengine - INFO - Iter(val) [1760/2000]    eta: 0:00:14  time: 0.0541  data_time: 0.0013  memory: 1246  
2026/04/24 15:20:48 - mmengine - INFO - Iter(val) [1780/2000]    eta: 0:00:13  time: 0.0626  data_time: 0.0015  memory: 1258  
2026/04/24 15:20:50 - mmengine - INFO - Iter(val) [1800/2000]    eta: 0:00:12  time: 0.0640  data_time: 0.0016  memory: 1246  
2026/04/24 15:20:51 - mmengine - INFO - Iter(val) [1820/2000]    eta: 0:00:11  time: 0.0620  data_time: 0.0015  memory: 1184  
2026/04/24 15:20:52 - mmengine - INFO - Iter(val) [1840/2000]    eta: 0:00:09  time: 0.0632  data_time: 0.0015  memory: 1184  
2026/04/24 15:20:54 - mmengine - INFO - Iter(val) [1860/2000]    eta: 0:00:08  time: 0.0629  data_time: 0.0016  memory: 1184  
2026/04/24 15:20:55 - mmengine - INFO - Iter(val) [1880/2000]    eta: 0:00:07  time: 0.0582  data_time: 0.0014  memory: 1246  
2026/04/24 15:20:56 - mmengine - INFO - Iter(val) [1900/2000]    eta: 0:00:06  time: 0.0607  data_time: 0.0014  memory: 1336  
2026/04/24 15:20:57 - mmengine - INFO - Iter(val) [1920/2000]    eta: 0:00:04  time: 0.0622  data_time: 0.0014  memory: 1506  
2026/04/24 15:20:58 - mmengine - INFO - Iter(val) [1940/2000]    eta: 0:00:03  time: 0.0635  data_time: 0.0015  memory: 1353  
2026/04/24 15:21:00 - mmengine - INFO - Iter(val) [1960/2000]    eta: 0:00:02  time: 0.0584  data_time: 0.0014  memory: 1251  
2026/04/24 15:21:01 - mmengine - INFO - Iter(val) [1980/2000]    eta: 0:00:01  time: 0.0597  data_time: 0.0015  memory: 1246  
2026/04/24 15:21:02 - mmengine - INFO - Iter(val) [2000/2000]    eta: 0:00:00  time: 0.0584  data_time: 0.0014  memory: 1331  
2026/04/24 15:21:02 - mmengine - INFO - per class results:
2026/04/24 15:21:02 - mmengine - INFO - 
+---------------------+-------+-------+
|        Class        |  IoU  |  Acc  |
+---------------------+-------+-------+
|         wall        | 41.38 | 78.94 |
|       building      | 50.58 | 78.07 |
|         sky         | 81.01 | 88.32 |
|        floor        | 38.53 | 69.37 |
|         tree        | 35.09 | 82.67 |
|       ceiling       |  46.6 |  59.3 |
|         road        | 45.68 |  83.9 |
|         bed         | 17.98 | 44.59 |
|      windowpane     |  23.4 |  35.1 |
|        grass        | 44.66 | 79.49 |
|       cabinet       |  0.2  |  0.2  |
|       sidewalk      |  2.53 |  2.62 |
|        person       |  8.15 | 11.46 |
|        earth        |  1.98 |  2.14 |
|         door        |  0.0  |  0.0  |
|        table        |  0.13 |  0.13 |
|       mountain      |  6.6  |  8.36 |
|        plant        |  1.45 |  1.49 |
|       curtain       |  0.34 |  0.34 |
|        chair        |  1.44 |  1.54 |
|         car         |  22.9 |  32.4 |
|        water        |  0.0  |  0.0  |
|       painting      |  0.1  |  0.1  |
|         sofa        |  0.0  |  0.0  |
|        shelf        |  0.0  |  0.0  |
|        house        |  0.0  |  0.0  |
|         sea         | 13.58 | 48.23 |
|        mirror       |  0.0  |  0.0  |
|         rug         |  0.0  |  0.0  |
|        field        |  7.64 |  9.45 |
|       armchair      |  0.0  |  0.0  |
|         seat        |  0.0  |  0.0  |
|        fence        |  0.0  |  0.0  |
|         desk        |  0.0  |  0.0  |
|         rock        |  0.0  |  0.0  |
|       wardrobe      |  0.0  |  0.0  |
|         lamp        |  0.0  |  0.0  |
|       bathtub       |  0.0  |  0.0  |
|       railing       |  0.0  |  0.0  |
|       cushion       |  0.0  |  0.0  |
|         base        |  0.0  |  0.0  |
|         box         |  0.0  |  0.0  |
|        column       |  0.0  |  0.0  |
|      signboard      |  0.0  |  0.0  |
|   chest of drawers  |  0.0  |  0.0  |
|       counter       |  0.0  |  0.0  |
|         sand        |  0.0  |  0.0  |
|         sink        |  0.0  |  0.0  |
|      skyscraper     |  0.0  |  0.0  |
|      fireplace      |  0.0  |  0.0  |
|     refrigerator    |  0.0  |  0.0  |
|      grandstand     |  0.0  |  0.0  |
|         path        |  0.0  |  0.0  |
|        stairs       |  0.0  |  0.0  |
|        runway       |  0.0  |  0.0  |
|         case        |  0.0  |  0.0  |
|      pool table     |  0.0  |  0.0  |
|        pillow       |  0.0  |  0.0  |
|     screen door     |  0.0  |  0.0  |
|       stairway      |  0.0  |  0.0  |
|        river        |  0.0  |  0.0  |
|        bridge       |  0.0  |  0.0  |
|       bookcase      |  0.0  |  0.0  |
|        blind        |  0.0  |  0.0  |
|     coffee table    |  0.0  |  0.0  |
|        toilet       |  0.0  |  0.0  |
|        flower       |  0.0  |  0.0  |
|         book        |  0.0  |  0.0  |
|         hill        |  0.0  |  0.0  |
|        bench        |  0.0  |  0.0  |
|      countertop     |  0.0  |  0.0  |
|        stove        |  0.0  |  0.0  |
|         palm        |  0.0  |  0.0  |
|    kitchen island   |  0.0  |  0.0  |
|       computer      |  0.0  |  0.0  |
|     swivel chair    |  0.0  |  0.0  |
|         boat        |  0.0  |  0.0  |
|         bar         |  0.0  |  0.0  |
|    arcade machine   |  0.0  |  0.0  |
|        hovel        |  0.0  |  0.0  |
|         bus         |  0.0  |  0.0  |
|        towel        |  0.0  |  0.0  |
|        light        |  0.0  |  0.0  |
|        truck        |  0.0  |  0.0  |
|        tower        |  0.0  |  0.0  |
|      chandelier     |  0.0  |  0.0  |
|        awning       |  0.0  |  0.0  |
|     streetlight     |  0.0  |  0.0  |
|        booth        |  0.0  |  0.0  |
| television receiver |  0.0  |  0.0  |
|       airplane      |  0.0  |  0.0  |
|      dirt track     |  0.0  |  0.0  |
|       apparel       |  0.0  |  0.0  |
|         pole        |  0.0  |  0.0  |
|         land        |  0.0  |  0.0  |
|      bannister      |  0.0  |  0.0  |
|      escalator      |  0.0  |  0.0  |
|       ottoman       |  0.0  |  0.0  |
|        bottle       |  0.0  |  0.0  |
|        buffet       |  0.0  |  0.0  |
|        poster       |  0.0  |  0.0  |
|        stage        |  0.0  |  0.0  |
|         van         |  0.0  |  0.0  |
|         ship        |  0.0  |  0.0  |
|       fountain      |  0.0  |  0.0  |
|    conveyer belt    |  0.0  |  0.0  |
|        canopy       |  0.0  |  0.0  |
|        washer       |  0.0  |  0.0  |
|      plaything      |  0.0  |  0.0  |
|    swimming pool    |  0.0  |  0.0  |
|        stool        |  0.0  |  0.0  |
|        barrel       |  0.0  |  0.0  |
|        basket       |  0.0  |  0.0  |
|      waterfall      |  0.0  |  0.0  |
|         tent        |  0.0  |  0.0  |
|         bag         |  0.0  |  0.0  |
|       minibike      |  0.0  |  0.0  |
|        cradle       |  0.0  |  0.0  |
|         oven        |  0.0  |  0.0  |
|         ball        |  0.0  |  0.0  |
|         food        |  0.0  |  0.0  |
|         step        |  0.0  |  0.0  |
|         tank        |  0.0  |  0.0  |
|      trade name     |  0.0  |  0.0  |
|      microwave      |  0.0  |  0.0  |
|         pot         |  0.0  |  0.0  |
|        animal       |  0.0  |  0.0  |
|       bicycle       |  0.0  |  0.0  |
|         lake        |  0.0  |  0.0  |
|      dishwasher     |  0.0  |  0.0  |
|        screen       |  0.0  |  0.0  |
|       blanket       |  0.0  |  0.0  |
|      sculpture      |  0.0  |  0.0  |
|         hood        |  0.0  |  0.0  |
|        sconce       |  0.0  |  0.0  |
|         vase        |  0.0  |  0.0  |
|    traffic light    |  0.0  |  0.0  |
|         tray        |  0.0  |  0.0  |
|        ashcan       |  0.0  |  0.0  |
|         fan         |  0.0  |  0.0  |
|         pier        |  0.0  |  0.0  |
|      crt screen     |  0.0  |  0.0  |
|        plate        |  0.0  |  0.0  |
|       monitor       |  0.0  |  0.0  |
|    bulletin board   |  0.0  |  0.0  |
|        shower       |  0.0  |  0.0  |
|       radiator      |  0.0  |  0.0  |
|        glass        |  0.0  |  0.0  |
|        clock        |  0.0  |  0.0  |
|         flag        |  0.0  |  0.0  |
+---------------------+-------+-------+
2026/04/24 15:21:02 - mmengine - INFO - Iter(val) [2000/2000]    aAcc: 50.4600  mIoU: 3.2800  mAcc: 5.4500  data_time: 0.0015  time: 0.0622
2026/04/24 15:21:02 - mmengine - INFO - The previous best checkpoint /home/jlx_75/PVMamba_cifar10_sparse_v13_stage3_latesparse/segmentation/work_dirs/pvmamba_tiny_upernet_ade20k_smoke/best_mIoU_iter_6000.pth is removed
2026/04/24 15:21:03 - mmengine - INFO - The best checkpoint with 3.2800 mIoU at 7000 iter is saved to best_mIoU_iter_7000.pth.
2026/04/24 15:21:12 - mmengine - INFO - Iter(train) [7020/8000]  lr: 7.8410e-06  eta: 0:05:00  time: 0.2929  data_time: 0.0053  memory: 5847  loss: 2.8841  decode.loss_ce: 2.0096  decode.acc_seg: 32.3878  aux.loss_ce: 0.8745  aux.acc_seg: 37.5195
2026/04/24 15:21:17 - mmengine - INFO - Iter(train) [7040/8000]  lr: 7.6810e-06  eta: 0:04:54  time: 0.2949  data_time: 0.0053  memory: 5847  loss: 2.3925  decode.loss_ce: 1.6407  decode.acc_seg: 60.6835  aux.loss_ce: 0.7518  aux.acc_seg: 53.7892
2026/04/24 15:21:23 - mmengine - INFO - Iter(train) [7060/8000]  lr: 7.5210e-06  eta: 0:04:48  time: 0.2940  data_time: 0.0052  memory: 5847  loss: 3.4723  decode.loss_ce: 2.4419  decode.acc_seg: 27.8820  aux.loss_ce: 1.0304  aux.acc_seg: 26.5851
2026/04/24 15:21:29 - mmengine - INFO - Iter(train) [7080/8000]  lr: 7.3610e-06  eta: 0:04:42  time: 0.2964  data_time: 0.0051  memory: 5847  loss: 2.3206  decode.loss_ce: 1.6011  decode.acc_seg: 38.6722  aux.loss_ce: 0.7195  aux.acc_seg: 37.1665
2026/04/24 15:21:35 - mmengine - INFO - Iter(train) [7100/8000]  lr: 7.2010e-06  eta: 0:04:36  time: 0.2947  data_time: 0.0053  memory: 5847  loss: 3.2006  decode.loss_ce: 2.2283  decode.acc_seg: 47.8250  aux.loss_ce: 0.9723  aux.acc_seg: 32.3336
2026/04/24 15:21:41 - mmengine - INFO - Iter(train) [7120/8000]  lr: 7.0409e-06  eta: 0:04:30  time: 0.2964  data_time: 0.0051  memory: 5847  loss: 2.9024  decode.loss_ce: 2.0205  decode.acc_seg: 37.2539  aux.loss_ce: 0.8819  aux.acc_seg: 25.9741
2026/04/24 15:21:47 - mmengine - INFO - Iter(train) [7140/8000]  lr: 6.8809e-06  eta: 0:04:23  time: 0.2964  data_time: 0.0052  memory: 5847  loss: 3.1047  decode.loss_ce: 2.1583  decode.acc_seg: 31.9958  aux.loss_ce: 0.9464  aux.acc_seg: 38.9357
2026/04/24 15:21:53 - mmengine - INFO - Iter(train) [7160/8000]  lr: 6.7209e-06  eta: 0:04:17  time: 0.2954  data_time: 0.0051  memory: 5847  loss: 3.4536  decode.loss_ce: 2.4247  decode.acc_seg: 33.2435  aux.loss_ce: 1.0288  aux.acc_seg: 25.3596
2026/04/24 15:21:59 - mmengine - INFO - Iter(train) [7180/8000]  lr: 6.5609e-06  eta: 0:04:11  time: 0.2990  data_time: 0.0053  memory: 5847  loss: 2.7215  decode.loss_ce: 1.8783  decode.acc_seg: 38.0864  aux.loss_ce: 0.8432  aux.acc_seg: 37.2457
2026/04/24 15:22:05 - mmengine - INFO - Iter(train) [7200/8000]  lr: 6.4009e-06  eta: 0:04:05  time: 0.2971  data_time: 0.0053  memory: 5847  loss: 2.9229  decode.loss_ce: 2.0325  decode.acc_seg: 46.8052  aux.loss_ce: 0.8904  aux.acc_seg: 46.5493
2026/04/24 15:22:11 - mmengine - INFO - Iter(train) [7220/8000]  lr: 6.2408e-06  eta: 0:03:59  time: 0.2982  data_time: 0.0052  memory: 5847  loss: 3.1180  decode.loss_ce: 2.1641  decode.acc_seg: 43.0055  aux.loss_ce: 0.9538  aux.acc_seg: 43.7409
2026/04/24 15:22:17 - mmengine - INFO - Iter(train) [7240/8000]  lr: 6.0808e-06  eta: 0:03:53  time: 0.3011  data_time: 0.0053  memory: 5847  loss: 3.0272  decode.loss_ce: 2.0900  decode.acc_seg: 40.0869  aux.loss_ce: 0.9372  aux.acc_seg: 37.3275
2026/04/24 15:22:23 - mmengine - INFO - Iter(train) [7260/8000]  lr: 5.9208e-06  eta: 0:03:46  time: 0.2995  data_time: 0.0052  memory: 5847  loss: 2.4616  decode.loss_ce: 1.6904  decode.acc_seg: 51.5411  aux.loss_ce: 0.7712  aux.acc_seg: 52.7242
2026/04/24 15:22:29 - mmengine - INFO - Iter(train) [7280/8000]  lr: 5.7608e-06  eta: 0:03:40  time: 0.2998  data_time: 0.0051  memory: 5847  loss: 2.9317  decode.loss_ce: 2.0470  decode.acc_seg: 35.1907  aux.loss_ce: 0.8846  aux.acc_seg: 29.6470
2026/04/24 15:22:35 - mmengine - INFO - Iter(train) [7300/8000]  lr: 5.6007e-06  eta: 0:03:34  time: 0.2963  data_time: 0.0053  memory: 5847  loss: 3.0560  decode.loss_ce: 2.1453  decode.acc_seg: 39.3955  aux.loss_ce: 0.9107  aux.acc_seg: 27.3878
2026/04/24 15:22:41 - mmengine - INFO - Iter(train) [7320/8000]  lr: 5.4407e-06  eta: 0:03:28  time: 0.2991  data_time: 0.0052  memory: 5847  loss: 2.7869  decode.loss_ce: 1.9302  decode.acc_seg: 41.6207  aux.loss_ce: 0.8567  aux.acc_seg: 23.7211
2026/04/24 15:22:47 - mmengine - INFO - Iter(train) [7340/8000]  lr: 5.2807e-06  eta: 0:03:22  time: 0.2972  data_time: 0.0053  memory: 5847  loss: 3.0589  decode.loss_ce: 2.1309  decode.acc_seg: 74.4194  aux.loss_ce: 0.9280  aux.acc_seg: 70.3722
2026/04/24 15:22:53 - mmengine - INFO - Iter(train) [7360/8000]  lr: 5.1207e-06  eta: 0:03:16  time: 0.2981  data_time: 0.0052  memory: 5847  loss: 2.8455  decode.loss_ce: 1.9929  decode.acc_seg: 31.7739  aux.loss_ce: 0.8526  aux.acc_seg: 24.3700
2026/04/24 15:22:59 - mmengine - INFO - Iter(train) [7380/8000]  lr: 4.9607e-06  eta: 0:03:10  time: 0.2979  data_time: 0.0052  memory: 5847  loss: 3.3464  decode.loss_ce: 2.3239  decode.acc_seg: 50.1860  aux.loss_ce: 1.0224  aux.acc_seg: 41.6566
2026/04/24 15:23:05 - mmengine - INFO - Iter(train) [7400/8000]  lr: 4.8006e-06  eta: 0:03:03  time: 0.2954  data_time: 0.0052  memory: 5847  loss: 2.6196  decode.loss_ce: 1.8122  decode.acc_seg: 41.8661  aux.loss_ce: 0.8075  aux.acc_seg: 39.8554
2026/04/24 15:23:11 - mmengine - INFO - Iter(train) [7420/8000]  lr: 4.6406e-06  eta: 0:02:57  time: 0.2992  data_time: 0.0052  memory: 5847  loss: 3.0865  decode.loss_ce: 2.1501  decode.acc_seg: 71.9009  aux.loss_ce: 0.9364  aux.acc_seg: 67.0759
2026/04/24 15:23:17 - mmengine - INFO - Iter(train) [7440/8000]  lr: 4.4806e-06  eta: 0:02:51  time: 0.3010  data_time: 0.0052  memory: 5847  loss: 2.7321  decode.loss_ce: 1.8890  decode.acc_seg: 48.9449  aux.loss_ce: 0.8432  aux.acc_seg: 33.2389
2026/04/24 15:23:23 - mmengine - INFO - Iter(train) [7460/8000]  lr: 4.3206e-06  eta: 0:02:45  time: 0.3001  data_time: 0.0053  memory: 5847  loss: 3.0703  decode.loss_ce: 2.1271  decode.acc_seg: 40.0801  aux.loss_ce: 0.9432  aux.acc_seg: 37.1419
2026/04/24 15:23:29 - mmengine - INFO - Iter(train) [7480/8000]  lr: 4.1606e-06  eta: 0:02:39  time: 0.3003  data_time: 0.0053  memory: 5847  loss: 2.9318  decode.loss_ce: 2.0231  decode.acc_seg: 49.5620  aux.loss_ce: 0.9087  aux.acc_seg: 52.0966
2026/04/24 15:23:34 - mmengine - INFO - Iter(train) [7500/8000]  lr: 4.0005e-06  eta: 0:02:33  time: 0.3025  data_time: 0.0053  memory: 5847  loss: 3.6004  decode.loss_ce: 2.5481  decode.acc_seg: 32.1324  aux.loss_ce: 1.0523  aux.acc_seg: 22.8966
2026/04/24 15:23:40 - mmengine - INFO - Iter(train) [7520/8000]  lr: 3.8405e-06  eta: 0:02:27  time: 0.3010  data_time: 0.0052  memory: 5847  loss: 3.1890  decode.loss_ce: 2.2087  decode.acc_seg: 45.7157  aux.loss_ce: 0.9803  aux.acc_seg: 53.1557
2026/04/24 15:23:46 - mmengine - INFO - Iter(train) [7540/8000]  lr: 3.6805e-06  eta: 0:02:20  time: 0.2987  data_time: 0.0052  memory: 5847  loss: 3.1029  decode.loss_ce: 2.1629  decode.acc_seg: 51.1234  aux.loss_ce: 0.9399  aux.acc_seg: 59.9293
2026/04/24 15:23:52 - mmengine - INFO - Iter(train) [7560/8000]  lr: 3.5205e-06  eta: 0:02:14  time: 0.2999  data_time: 0.0052  memory: 5847  loss: 3.7960  decode.loss_ce: 2.6398  decode.acc_seg: 29.2975  aux.loss_ce: 1.1562  aux.acc_seg: 28.7478
2026/04/24 15:23:58 - mmengine - INFO - Iter(train) [7580/8000]  lr: 3.3604e-06  eta: 0:02:08  time: 0.2961  data_time: 0.0052  memory: 5847  loss: 3.0198  decode.loss_ce: 2.1037  decode.acc_seg: 38.9504  aux.loss_ce: 0.9161  aux.acc_seg: 43.6409
2026/04/24 15:24:04 - mmengine - INFO - Iter(train) [7600/8000]  lr: 3.2004e-06  eta: 0:02:02  time: 0.3006  data_time: 0.0052  memory: 5847  loss: 3.2019  decode.loss_ce: 2.2423  decode.acc_seg: 31.6920  aux.loss_ce: 0.9596  aux.acc_seg: 22.2331
2026/04/24 15:24:10 - mmengine - INFO - Iter(train) [7620/8000]  lr: 3.0404e-06  eta: 0:01:56  time: 0.2982  data_time: 0.0051  memory: 5847  loss: 3.1502  decode.loss_ce: 2.1958  decode.acc_seg: 54.9660  aux.loss_ce: 0.9544  aux.acc_seg: 54.9653
2026/04/24 15:24:16 - mmengine - INFO - Iter(train) [7640/8000]  lr: 2.8804e-06  eta: 0:01:50  time: 0.2968  data_time: 0.0052  memory: 5847  loss: 3.4429  decode.loss_ce: 2.4003  decode.acc_seg: 32.2608  aux.loss_ce: 1.0426  aux.acc_seg: 36.6323
2026/04/24 15:24:22 - mmengine - INFO - Iter(train) [7660/8000]  lr: 2.7204e-06  eta: 0:01:44  time: 0.2965  data_time: 0.0052  memory: 5847  loss: 3.0893  decode.loss_ce: 2.1445  decode.acc_seg: 22.9198  aux.loss_ce: 0.9449  aux.acc_seg: 22.2830
2026/04/24 15:24:28 - mmengine - INFO - Iter(train) [7680/8000]  lr: 2.5603e-06  eta: 0:01:38  time: 0.2982  data_time: 0.0053  memory: 5847  loss: 2.7888  decode.loss_ce: 1.9639  decode.acc_seg: 41.2489  aux.loss_ce: 0.8249  aux.acc_seg: 41.8772
2026/04/24 15:24:34 - mmengine - INFO - Iter(train) [7700/8000]  lr: 2.4003e-06  eta: 0:01:31  time: 0.3090  data_time: 0.0055  memory: 5847  loss: 2.7699  decode.loss_ce: 1.9289  decode.acc_seg: 49.6152  aux.loss_ce: 0.8410  aux.acc_seg: 51.4233
2026/04/24 15:24:40 - mmengine - INFO - Iter(train) [7720/8000]  lr: 2.2403e-06  eta: 0:01:25  time: 0.2971  data_time: 0.0052  memory: 5847  loss: 2.7493  decode.loss_ce: 1.9059  decode.acc_seg: 32.6078  aux.loss_ce: 0.8434  aux.acc_seg: 26.1839
2026/04/24 15:24:46 - mmengine - INFO - Iter(train) [7740/8000]  lr: 2.0803e-06  eta: 0:01:19  time: 0.2969  data_time: 0.0054  memory: 5847  loss: 3.0919  decode.loss_ce: 2.1653  decode.acc_seg: 35.4721  aux.loss_ce: 0.9266  aux.acc_seg: 28.8676
2026/04/24 15:24:52 - mmengine - INFO - Iter(train) [7760/8000]  lr: 1.9203e-06  eta: 0:01:13  time: 0.2986  data_time: 0.0051  memory: 5847  loss: 2.2847  decode.loss_ce: 1.5791  decode.acc_seg: 35.1568  aux.loss_ce: 0.7056  aux.acc_seg: 31.2058
2026/04/24 15:24:58 - mmengine - INFO - Iter(train) [7780/8000]  lr: 1.7602e-06  eta: 0:01:07  time: 0.2974  data_time: 0.0052  memory: 5847  loss: 2.6261  decode.loss_ce: 1.8184  decode.acc_seg: 34.8689  aux.loss_ce: 0.8076  aux.acc_seg: 33.5123
2026/04/24 15:25:04 - mmengine - INFO - Iter(train) [7800/8000]  lr: 1.6002e-06  eta: 0:01:01  time: 0.2978  data_time: 0.0052  memory: 5847  loss: 3.5930  decode.loss_ce: 2.4945  decode.acc_seg: 33.5009  aux.loss_ce: 1.0985  aux.acc_seg: 23.1125
2026/04/24 15:25:10 - mmengine - INFO - Iter(train) [7820/8000]  lr: 1.4402e-06  eta: 0:00:55  time: 0.2967  data_time: 0.0052  memory: 5847  loss: 2.9768  decode.loss_ce: 2.0742  decode.acc_seg: 20.9952  aux.loss_ce: 0.9026  aux.acc_seg: 13.2771
2026/04/24 15:25:16 - mmengine - INFO - Iter(train) [7840/8000]  lr: 1.2802e-06  eta: 0:00:48  time: 0.2980  data_time: 0.0053  memory: 5847  loss: 3.0938  decode.loss_ce: 2.1525  decode.acc_seg: 53.9701  aux.loss_ce: 0.9413  aux.acc_seg: 55.1480
2026/04/24 15:25:22 - mmengine - INFO - Iter(train) [7860/8000]  lr: 1.1201e-06  eta: 0:00:42  time: 0.2966  data_time: 0.0053  memory: 5847  loss: 3.1569  decode.loss_ce: 2.1949  decode.acc_seg: 51.2308  aux.loss_ce: 0.9620  aux.acc_seg: 47.6783
2026/04/24 15:25:28 - mmengine - INFO - Iter(train) [7880/8000]  lr: 9.6013e-07  eta: 0:00:36  time: 0.2990  data_time: 0.0054  memory: 5847  loss: 2.9025  decode.loss_ce: 1.9937  decode.acc_seg: 11.6849  aux.loss_ce: 0.9088  aux.acc_seg: 5.2210
2026/04/24 15:25:34 - mmengine - INFO - Iter(train) [7900/8000]  lr: 8.0011e-07  eta: 0:00:30  time: 0.2984  data_time: 0.0052  memory: 5847  loss: 2.4739  decode.loss_ce: 1.7159  decode.acc_seg: 50.5436  aux.loss_ce: 0.7580  aux.acc_seg: 49.0415
2026/04/24 15:25:40 - mmengine - INFO - Iter(train) [7920/8000]  lr: 6.4009e-07  eta: 0:00:24  time: 0.2980  data_time: 0.0053  memory: 5847  loss: 3.3874  decode.loss_ce: 2.3666  decode.acc_seg: 17.7695  aux.loss_ce: 1.0208  aux.acc_seg: 19.4524
2026/04/24 15:25:46 - mmengine - INFO - Iter(train) [7940/8000]  lr: 4.8006e-07  eta: 0:00:18  time: 0.2980  data_time: 0.0053  memory: 5847  loss: 3.7276  decode.loss_ce: 2.6042  decode.acc_seg: 13.9530  aux.loss_ce: 1.1233  aux.acc_seg: 16.2519
2026/04/24 15:25:52 - mmengine - INFO - Iter(train) [7960/8000]  lr: 3.2004e-07  eta: 0:00:12  time: 0.2969  data_time: 0.0052  memory: 5847  loss: 3.5467  decode.loss_ce: 2.4793  decode.acc_seg: 0.1826  aux.loss_ce: 1.0674  aux.acc_seg: 0.0292
2026/04/24 15:25:58 - mmengine - INFO - Iter(train) [7980/8000]  lr: 1.6002e-07  eta: 0:00:06  time: 0.2976  data_time: 0.0051  memory: 5847  loss: 3.2839  decode.loss_ce: 2.2997  decode.acc_seg: 42.5176  aux.loss_ce: 0.9842  aux.acc_seg: 41.8203
2026/04/24 15:26:04 - mmengine - INFO - Exp name: pvmamba_tiny_upernet_ade20k_20260424_142901
2026/04/24 15:26:04 - mmengine - INFO - Iter(train) [8000/8000]  lr: 0.0000e+00  eta: 0:00:00  time: 0.3021  data_time: 0.0053  memory: 5847  loss: 2.8976  decode.loss_ce: 2.0106  decode.acc_seg: 22.1656  aux.loss_ce: 0.8871  aux.acc_seg: 18.2189
2026/04/24 15:26:04 - mmengine - INFO - Saving checkpoint at 8000 iterations
2026/04/24 15:26:06 - mmengine - INFO - Iter(val) [  20/2000]    eta: 0:02:08  time: 0.0622  data_time: 0.0014  memory: 1321  
2026/04/24 15:26:08 - mmengine - INFO - Iter(val) [  40/2000]    eta: 0:02:04  time: 0.0642  data_time: 0.0015  memory: 1354  
2026/04/24 15:26:09 - mmengine - INFO - Iter(val) [  60/2000]    eta: 0:02:03  time: 0.0628  data_time: 0.0015  memory: 1323  
2026/04/24 15:26:10 - mmengine - INFO - Iter(val) [  80/2000]    eta: 0:02:02  time: 0.0638  data_time: 0.0015  memory: 1246  
2026/04/24 15:26:12 - mmengine - INFO - Iter(val) [ 100/2000]    eta: 0:02:00  time: 0.0643  data_time: 0.0015  memory: 1364  
2026/04/24 15:26:13 - mmengine - INFO - Iter(val) [ 120/2000]    eta: 0:01:59  time: 0.0606  data_time: 0.0014  memory: 1258  
2026/04/24 15:26:14 - mmengine - INFO - Iter(val) [ 140/2000]    eta: 0:01:57  time: 0.0624  data_time: 0.0015  memory: 1261  
2026/04/24 15:26:15 - mmengine - INFO - Iter(val) [ 160/2000]    eta: 0:01:57  time: 0.0669  data_time: 0.0015  memory: 1440  
2026/04/24 15:26:17 - mmengine - INFO - Iter(val) [ 180/2000]    eta: 0:01:55  time: 0.0636  data_time: 0.0015  memory: 1246  
2026/04/24 15:26:18 - mmengine - INFO - Iter(val) [ 200/2000]    eta: 0:01:54  time: 0.0637  data_time: 0.0015  memory: 1354  
2026/04/24 15:26:19 - mmengine - INFO - Iter(val) [ 220/2000]    eta: 0:01:52  time: 0.0589  data_time: 0.0014  memory: 1518  
2026/04/24 15:26:20 - mmengine - INFO - Iter(val) [ 240/2000]    eta: 0:01:51  time: 0.0664  data_time: 0.0015  memory: 1471  
2026/04/24 15:26:22 - mmengine - INFO - Iter(val) [ 260/2000]    eta: 0:01:50  time: 0.0603  data_time: 0.0014  memory: 1297  
2026/04/24 15:26:23 - mmengine - INFO - Iter(val) [ 280/2000]    eta: 0:01:48  time: 0.0625  data_time: 0.0015  memory: 1246  
2026/04/24 15:26:24 - mmengine - INFO - Iter(val) [ 300/2000]    eta: 0:01:47  time: 0.0643  data_time: 0.0015  memory: 1349  
2026/04/24 15:26:25 - mmengine - INFO - Iter(val) [ 320/2000]    eta: 0:01:45  time: 0.0626  data_time: 0.0016  memory: 1303  
2026/04/24 15:26:27 - mmengine - INFO - Iter(val) [ 340/2000]    eta: 0:01:44  time: 0.0652  data_time: 0.0014  memory: 1351  
2026/04/24 15:26:28 - mmengine - INFO - Iter(val) [ 360/2000]    eta: 0:01:43  time: 0.0631  data_time: 0.0014  memory: 1246  
2026/04/24 15:26:29 - mmengine - INFO - Iter(val) [ 380/2000]    eta: 0:01:41  time: 0.0640  data_time: 0.0016  memory: 1357  
2026/04/24 15:26:30 - mmengine - INFO - Iter(val) [ 400/2000]    eta: 0:01:40  time: 0.0635  data_time: 0.0014  memory: 1340  
2026/04/24 15:26:32 - mmengine - INFO - Iter(val) [ 420/2000]    eta: 0:01:38  time: 0.0554  data_time: 0.0013  memory: 1187  
2026/04/24 15:26:33 - mmengine - INFO - Iter(val) [ 440/2000]    eta: 0:01:37  time: 0.0643  data_time: 0.0015  memory: 1358  
2026/04/24 15:26:34 - mmengine - INFO - Iter(val) [ 460/2000]    eta: 0:01:36  time: 0.0649  data_time: 0.0015  memory: 1258  
2026/04/24 15:26:35 - mmengine - INFO - Iter(val) [ 480/2000]    eta: 0:01:35  time: 0.0636  data_time: 0.0015  memory: 1246  
2026/04/24 15:26:37 - mmengine - INFO - Iter(val) [ 500/2000]    eta: 0:01:33  time: 0.0613  data_time: 0.0014  memory: 1259  
2026/04/24 15:26:38 - mmengine - INFO - Iter(val) [ 520/2000]    eta: 0:01:32  time: 0.0654  data_time: 0.0015  memory: 1253  
2026/04/24 15:26:39 - mmengine - INFO - Iter(val) [ 540/2000]    eta: 0:01:31  time: 0.0652  data_time: 0.0015  memory: 1280  
2026/04/24 15:26:40 - mmengine - INFO - Iter(val) [ 560/2000]    eta: 0:01:30  time: 0.0584  data_time: 0.0014  memory: 1343  
2026/04/24 15:26:42 - mmengine - INFO - Iter(val) [ 580/2000]    eta: 0:01:29  time: 0.0647  data_time: 0.0016  memory: 1355  
2026/04/24 15:26:43 - mmengine - INFO - Iter(val) [ 600/2000]    eta: 0:01:28  time: 0.0652  data_time: 0.0016  memory: 1261  
2026/04/24 15:26:44 - mmengine - INFO - Iter(val) [ 620/2000]    eta: 0:01:26  time: 0.0598  data_time: 0.0014  memory: 1295  
2026/04/24 15:26:45 - mmengine - INFO - Iter(val) [ 640/2000]    eta: 0:01:25  time: 0.0631  data_time: 0.0015  memory: 1296  
2026/04/24 15:26:47 - mmengine - INFO - Iter(val) [ 660/2000]    eta: 0:01:24  time: 0.0661  data_time: 0.0014  memory: 1327  
2026/04/24 15:26:48 - mmengine - INFO - Iter(val) [ 680/2000]    eta: 0:01:23  time: 0.0647  data_time: 0.0015  memory: 1339  
2026/04/24 15:26:49 - mmengine - INFO - Iter(val) [ 700/2000]    eta: 0:01:21  time: 0.0642  data_time: 0.0015  memory: 1321  
2026/04/24 15:26:51 - mmengine - INFO - Iter(val) [ 720/2000]    eta: 0:01:20  time: 0.0648  data_time: 0.0014  memory: 1272  
2026/04/24 15:26:52 - mmengine - INFO - Iter(val) [ 740/2000]    eta: 0:01:19  time: 0.0648  data_time: 0.0014  memory: 1339  
2026/04/24 15:26:53 - mmengine - INFO - Iter(val) [ 760/2000]    eta: 0:01:17  time: 0.0576  data_time: 0.0014  memory: 1264  
2026/04/24 15:26:54 - mmengine - INFO - Iter(val) [ 780/2000]    eta: 0:01:16  time: 0.0620  data_time: 0.0014  memory: 1246  
2026/04/24 15:26:55 - mmengine - INFO - Iter(val) [ 800/2000]    eta: 0:01:15  time: 0.0628  data_time: 0.0016  memory: 1246  
2026/04/24 15:26:57 - mmengine - INFO - Iter(val) [ 820/2000]    eta: 0:01:14  time: 0.0630  data_time: 0.0016  memory: 1184  
2026/04/24 15:26:58 - mmengine - INFO - Iter(val) [ 840/2000]    eta: 0:01:12  time: 0.0643  data_time: 0.0015  memory: 1246  
2026/04/24 15:26:59 - mmengine - INFO - Iter(val) [ 860/2000]    eta: 0:01:11  time: 0.0626  data_time: 0.0016  memory: 1246  
2026/04/24 15:27:00 - mmengine - INFO - Iter(val) [ 880/2000]    eta: 0:01:10  time: 0.0582  data_time: 0.0014  memory: 1245  
2026/04/24 15:27:02 - mmengine - INFO - Iter(val) [ 900/2000]    eta: 0:01:08  time: 0.0583  data_time: 0.0015  memory: 1296  
2026/04/24 15:27:03 - mmengine - INFO - Iter(val) [ 920/2000]    eta: 0:01:07  time: 0.0637  data_time: 0.0015  memory: 1333  
2026/04/24 15:27:04 - mmengine - INFO - Iter(val) [ 940/2000]    eta: 0:01:06  time: 0.0651  data_time: 0.0015  memory: 1255  
2026/04/24 15:27:05 - mmengine - INFO - Iter(val) [ 960/2000]    eta: 0:01:05  time: 0.0592  data_time: 0.0015  memory: 1245  
2026/04/24 15:27:07 - mmengine - INFO - Iter(val) [ 980/2000]    eta: 0:01:03  time: 0.0582  data_time: 0.0014  memory: 1246  
2026/04/24 15:27:08 - mmengine - INFO - Iter(val) [1000/2000]    eta: 0:01:02  time: 0.0620  data_time: 0.0015  memory: 1336  
2026/04/24 15:27:09 - mmengine - INFO - Iter(val) [1020/2000]    eta: 0:01:01  time: 0.0643  data_time: 0.0015  memory: 1348  
2026/04/24 15:27:10 - mmengine - INFO - Iter(val) [1040/2000]    eta: 0:01:00  time: 0.0644  data_time: 0.0015  memory: 1342  
2026/04/24 15:27:12 - mmengine - INFO - Iter(val) [1060/2000]    eta: 0:00:58  time: 0.0613  data_time: 0.0015  memory: 1264  
2026/04/24 15:27:13 - mmengine - INFO - Iter(val) [1080/2000]    eta: 0:00:57  time: 0.0638  data_time: 0.0015  memory: 1275  
2026/04/24 15:27:14 - mmengine - INFO - Iter(val) [1100/2000]    eta: 0:00:56  time: 0.0619  data_time: 0.0015  memory: 1246  
2026/04/24 15:27:15 - mmengine - INFO - Iter(val) [1120/2000]    eta: 0:00:55  time: 0.0614  data_time: 0.0014  memory: 1310  
2026/04/24 15:27:17 - mmengine - INFO - Iter(val) [1140/2000]    eta: 0:00:53  time: 0.0617  data_time: 0.0015  memory: 1246  
2026/04/24 15:27:18 - mmengine - INFO - Iter(val) [1160/2000]    eta: 0:00:52  time: 0.0625  data_time: 0.0017  memory: 2303  
2026/04/24 15:27:19 - mmengine - INFO - Iter(val) [1180/2000]    eta: 0:00:51  time: 0.0621  data_time: 0.0015  memory: 1246  
2026/04/24 15:27:20 - mmengine - INFO - Iter(val) [1200/2000]    eta: 0:00:50  time: 0.0609  data_time: 0.0015  memory: 1357  
2026/04/24 15:27:22 - mmengine - INFO - Iter(val) [1220/2000]    eta: 0:00:48  time: 0.0625  data_time: 0.0015  memory: 1284  
2026/04/24 15:27:23 - mmengine - INFO - Iter(val) [1240/2000]    eta: 0:00:47  time: 0.0628  data_time: 0.0015  memory: 1289  
2026/04/24 15:27:24 - mmengine - INFO - Iter(val) [1260/2000]    eta: 0:00:46  time: 0.0581  data_time: 0.0014  memory: 1238  
2026/04/24 15:27:25 - mmengine - INFO - Iter(val) [1280/2000]    eta: 0:00:45  time: 0.0620  data_time: 0.0015  memory: 1246  
2026/04/24 15:27:26 - mmengine - INFO - Iter(val) [1300/2000]    eta: 0:00:43  time: 0.0634  data_time: 0.0015  memory: 1245  
2026/04/24 15:27:28 - mmengine - INFO - Iter(val) [1320/2000]    eta: 0:00:42  time: 0.0600  data_time: 0.0015  memory: 1246  
2026/04/24 15:27:29 - mmengine - INFO - Iter(val) [1340/2000]    eta: 0:00:41  time: 0.0645  data_time: 0.0015  memory: 1251  
2026/04/24 15:27:30 - mmengine - INFO - Iter(val) [1360/2000]    eta: 0:00:39  time: 0.0602  data_time: 0.0014  memory: 1214  
2026/04/24 15:27:31 - mmengine - INFO - Iter(val) [1380/2000]    eta: 0:00:38  time: 0.0638  data_time: 0.0015  memory: 1277  
2026/04/24 15:27:33 - mmengine - INFO - Iter(val) [1400/2000]    eta: 0:00:37  time: 0.0636  data_time: 0.0015  memory: 1337  
2026/04/24 15:27:34 - mmengine - INFO - Iter(val) [1420/2000]    eta: 0:00:36  time: 0.0544  data_time: 0.0014  memory: 1246  
2026/04/24 15:27:35 - mmengine - INFO - Iter(val) [1440/2000]    eta: 0:00:34  time: 0.0643  data_time: 0.0015  memory: 1333  
2026/04/24 15:27:36 - mmengine - INFO - Iter(val) [1460/2000]    eta: 0:00:33  time: 0.0617  data_time: 0.0014  memory: 1259  
2026/04/24 15:27:38 - mmengine - INFO - Iter(val) [1480/2000]    eta: 0:00:32  time: 0.0624  data_time: 0.0015  memory: 1246  
2026/04/24 15:27:39 - mmengine - INFO - Iter(val) [1500/2000]    eta: 0:00:31  time: 0.0596  data_time: 0.0014  memory: 1210  
2026/04/24 15:27:40 - mmengine - INFO - Iter(val) [1520/2000]    eta: 0:00:29  time: 0.0645  data_time: 0.0015  memory: 1319  
2026/04/24 15:27:41 - mmengine - INFO - Iter(val) [1540/2000]    eta: 0:00:28  time: 0.0625  data_time: 0.0015  memory: 1282  
2026/04/24 15:27:43 - mmengine - INFO - Iter(val) [1560/2000]    eta: 0:00:27  time: 0.0569  data_time: 0.0014  memory: 1261  
2026/04/24 15:27:44 - mmengine - INFO - Iter(val) [1580/2000]    eta: 0:00:26  time: 0.0626  data_time: 0.0015  memory: 1246  
2026/04/24 15:27:45 - mmengine - INFO - Iter(val) [1600/2000]    eta: 0:00:24  time: 0.0621  data_time: 0.0015  memory: 1236  
2026/04/24 15:27:46 - mmengine - INFO - Iter(val) [1620/2000]    eta: 0:00:23  time: 0.0629  data_time: 0.0014  memory: 1456  
2026/04/24 15:27:48 - mmengine - INFO - Iter(val) [1640/2000]    eta: 0:00:22  time: 0.0665  data_time: 0.0015  memory: 1357  
2026/04/24 15:27:49 - mmengine - INFO - Iter(val) [1660/2000]    eta: 0:00:21  time: 0.0627  data_time: 0.0014  memory: 1265  
2026/04/24 15:27:50 - mmengine - INFO - Iter(val) [1680/2000]    eta: 0:00:19  time: 0.0661  data_time: 0.0014  memory: 1333  
2026/04/24 15:27:51 - mmengine - INFO - Iter(val) [1700/2000]    eta: 0:00:18  time: 0.0627  data_time: 0.0015  memory: 1259  
2026/04/24 15:27:53 - mmengine - INFO - Iter(val) [1720/2000]    eta: 0:00:17  time: 0.0625  data_time: 0.0015  memory: 1252  
2026/04/24 15:27:54 - mmengine - INFO - Iter(val) [1740/2000]    eta: 0:00:16  time: 0.0655  data_time: 0.0015  memory: 1346  
2026/04/24 15:27:55 - mmengine - INFO - Iter(val) [1760/2000]    eta: 0:00:14  time: 0.0532  data_time: 0.0013  memory: 1246  
2026/04/24 15:27:56 - mmengine - INFO - Iter(val) [1780/2000]    eta: 0:00:13  time: 0.0629  data_time: 0.0015  memory: 1258  
2026/04/24 15:27:58 - mmengine - INFO - Iter(val) [1800/2000]    eta: 0:00:12  time: 0.0640  data_time: 0.0015  memory: 1246  
2026/04/24 15:27:59 - mmengine - INFO - Iter(val) [1820/2000]    eta: 0:00:11  time: 0.0635  data_time: 0.0015  memory: 1184  
2026/04/24 15:28:00 - mmengine - INFO - Iter(val) [1840/2000]    eta: 0:00:09  time: 0.0640  data_time: 0.0016  memory: 1184  
2026/04/24 15:28:01 - mmengine - INFO - Iter(val) [1860/2000]    eta: 0:00:08  time: 0.0616  data_time: 0.0015  memory: 1184  
2026/04/24 15:28:02 - mmengine - INFO - Iter(val) [1880/2000]    eta: 0:00:07  time: 0.0591  data_time: 0.0014  memory: 1246  
2026/04/24 15:28:04 - mmengine - INFO - Iter(val) [1900/2000]    eta: 0:00:06  time: 0.0607  data_time: 0.0014  memory: 1336  
2026/04/24 15:28:05 - mmengine - INFO - Iter(val) [1920/2000]    eta: 0:00:04  time: 0.0631  data_time: 0.0015  memory: 1506  
2026/04/24 15:28:06 - mmengine - INFO - Iter(val) [1940/2000]    eta: 0:00:03  time: 0.0632  data_time: 0.0015  memory: 1353  
2026/04/24 15:28:07 - mmengine - INFO - Iter(val) [1960/2000]    eta: 0:00:02  time: 0.0587  data_time: 0.0014  memory: 1251  
2026/04/24 15:28:09 - mmengine - INFO - Iter(val) [1980/2000]    eta: 0:00:01  time: 0.0603  data_time: 0.0014  memory: 1246  
2026/04/24 15:28:10 - mmengine - INFO - Iter(val) [2000/2000]    eta: 0:00:00  time: 0.0588  data_time: 0.0014  memory: 1331  
2026/04/24 15:28:10 - mmengine - INFO - per class results:
2026/04/24 15:28:10 - mmengine - INFO - 
+---------------------+-------+-------+
|        Class        |  IoU  |  Acc  |
+---------------------+-------+-------+
|         wall        | 40.26 | 78.05 |
|       building      | 49.14 | 79.85 |
|         sky         | 77.35 | 92.44 |
|        floor        | 38.99 | 67.46 |
|         tree        |  32.6 | 82.64 |
|       ceiling       | 43.89 | 53.08 |
|         road        | 49.24 | 80.33 |
|         bed         | 18.92 |  41.6 |
|      windowpane     | 22.75 |  33.4 |
|        grass        | 45.05 | 76.51 |
|       cabinet       |  0.02 |  0.02 |
|       sidewalk      |  3.71 |  3.84 |
|        person       |  9.05 | 13.84 |
|        earth        |  0.97 |  1.02 |
|         door        |  0.0  |  0.0  |
|        table        |  0.19 |  0.19 |
|       mountain      |  9.76 | 15.55 |
|        plant        |  1.32 |  1.35 |
|       curtain       |  0.25 |  0.25 |
|        chair        |  0.77 |  0.8  |
|         car         | 20.36 |  26.3 |
|        water        |  0.0  |  0.0  |
|       painting      |  0.05 |  0.05 |
|         sofa        |  0.0  |  0.0  |
|        shelf        |  0.0  |  0.0  |
|        house        |  0.0  |  0.0  |
|         sea         | 18.43 | 39.73 |
|        mirror       |  0.0  |  0.0  |
|         rug         |  0.0  |  0.0  |
|        field        |  1.04 |  1.16 |
|       armchair      |  0.0  |  0.0  |
|         seat        |  0.0  |  0.0  |
|        fence        |  0.0  |  0.0  |
|         desk        |  0.0  |  0.0  |
|         rock        |  0.0  |  0.0  |
|       wardrobe      |  0.0  |  0.0  |
|         lamp        |  0.0  |  0.0  |
|       bathtub       |  0.0  |  0.0  |
|       railing       |  0.0  |  0.0  |
|       cushion       |  0.0  |  0.0  |
|         base        |  0.0  |  0.0  |
|         box         |  0.0  |  0.0  |
|        column       |  0.0  |  0.0  |
|      signboard      |  0.0  |  0.0  |
|   chest of drawers  |  0.0  |  0.0  |
|       counter       |  0.0  |  0.0  |
|         sand        |  0.0  |  0.0  |
|         sink        |  0.0  |  0.0  |
|      skyscraper     |  0.0  |  0.0  |
|      fireplace      |  0.0  |  0.0  |
|     refrigerator    |  0.0  |  0.0  |
|      grandstand     |  0.0  |  0.0  |
|         path        |  0.0  |  0.0  |
|        stairs       |  0.0  |  0.0  |
|        runway       |  0.0  |  0.0  |
|         case        |  0.0  |  0.0  |
|      pool table     |  0.0  |  0.0  |
|        pillow       |  0.0  |  0.0  |
|     screen door     |  0.0  |  0.0  |
|       stairway      |  0.0  |  0.0  |
|        river        |  0.0  |  0.0  |
|        bridge       |  0.0  |  0.0  |
|       bookcase      |  0.0  |  0.0  |
|        blind        |  0.0  |  0.0  |
|     coffee table    |  0.0  |  0.0  |
|        toilet       |  0.0  |  0.0  |
|        flower       |  0.0  |  0.0  |
|         book        |  0.0  |  0.0  |
|         hill        |  0.0  |  0.0  |
|        bench        |  0.0  |  0.0  |
|      countertop     |  0.0  |  0.0  |
|        stove        |  0.0  |  0.0  |
|         palm        |  0.0  |  0.0  |
|    kitchen island   |  0.0  |  0.0  |
|       computer      |  0.0  |  0.0  |
|     swivel chair    |  0.0  |  0.0  |
|         boat        |  0.0  |  0.0  |
|         bar         |  0.0  |  0.0  |
|    arcade machine   |  0.0  |  0.0  |
|        hovel        |  0.0  |  0.0  |
|         bus         |  0.0  |  0.0  |
|        towel        |  0.0  |  0.0  |
|        light        |  0.0  |  0.0  |
|        truck        |  0.0  |  0.0  |
|        tower        |  0.0  |  0.0  |
|      chandelier     |  0.0  |  0.0  |
|        awning       |  0.0  |  0.0  |
|     streetlight     |  0.0  |  0.0  |
|        booth        |  0.0  |  0.0  |
| television receiver |  0.0  |  0.0  |
|       airplane      |  0.0  |  0.0  |
|      dirt track     |  0.0  |  0.0  |
|       apparel       |  0.0  |  0.0  |
|         pole        |  0.0  |  0.0  |
|         land        |  0.0  |  0.0  |
|      bannister      |  0.0  |  0.0  |
|      escalator      |  0.0  |  0.0  |
|       ottoman       |  0.0  |  0.0  |
|        bottle       |  0.0  |  0.0  |
|        buffet       |  0.0  |  0.0  |
|        poster       |  0.0  |  0.0  |
|        stage        |  0.0  |  0.0  |
|         van         |  0.0  |  0.0  |
|         ship        |  0.0  |  0.0  |
|       fountain      |  0.0  |  0.0  |
|    conveyer belt    |  0.0  |  0.0  |
|        canopy       |  0.0  |  0.0  |
|        washer       |  0.0  |  0.0  |
|      plaything      |  0.0  |  0.0  |
|    swimming pool    |  0.0  |  0.0  |
|        stool        |  0.0  |  0.0  |
|        barrel       |  0.0  |  0.0  |
|        basket       |  0.0  |  0.0  |
|      waterfall      |  0.0  |  0.0  |
|         tent        |  0.0  |  0.0  |
|         bag         |  0.0  |  0.0  |
|       minibike      |  0.0  |  0.0  |
|        cradle       |  0.0  |  0.0  |
|         oven        |  0.0  |  0.0  |
|         ball        |  0.0  |  0.0  |
|         food        |  0.0  |  0.0  |
|         step        |  0.0  |  0.0  |
|         tank        |  0.0  |  0.0  |
|      trade name     |  0.0  |  0.0  |
|      microwave      |  0.0  |  0.0  |
|         pot         |  0.0  |  0.0  |
|        animal       |  0.0  |  0.0  |
|       bicycle       |  0.0  |  0.0  |
|         lake        |  0.0  |  0.0  |
|      dishwasher     |  0.0  |  0.0  |
|        screen       |  0.0  |  0.0  |
|       blanket       |  0.0  |  0.0  |
|      sculpture      |  0.0  |  0.0  |
|         hood        |  0.0  |  0.0  |
|        sconce       |  0.0  |  0.0  |
|         vase        |  0.0  |  0.0  |
|    traffic light    |  0.0  |  0.0  |
|         tray        |  0.0  |  0.0  |
|        ashcan       |  0.0  |  0.0  |
|         fan         |  0.0  |  0.0  |
|         pier        |  0.0  |  0.0  |
|      crt screen     |  0.0  |  0.0  |
|        plate        |  0.0  |  0.0  |
|       monitor       |  0.0  |  0.0  |
|    bulletin board   |  0.0  |  0.0  |
|        shower       |  0.0  |  0.0  |
|       radiator      |  0.0  |  0.0  |
|        glass        |  0.0  |  0.0  |
|        clock        |  0.0  |  0.0  |
|         flag        |  0.0  |  0.0  |
+---------------------+-------+-------+
2026/04/24 15:28:10 - mmengine - INFO - Iter(val) [2000/2000]    aAcc: 50.1000  mIoU: 3.2300  mAcc: 5.2600  data_time: 0.0015  time: 0.0623
