2026/04/24 17:36:48 - mmengine - INFO - 
------------------------------------------------------------
System environment:
    sys.platform: linux
    Python: 3.10.20 (main, Mar 11 2026, 17:46:40) [GCC 14.3.0]
    CUDA available: True
    MUSA available: False
    numpy_random_seed: 1930975445
    GPU 0: NVIDIA GeForce RTX 3080 Ti
    CUDA_HOME: /usr/local/cuda
    NVCC: Cuda compilation tools, release 12.8, V12.8.93
    GCC: gcc (Ubuntu 13.3.0-6ubuntu2~24.04.1) 13.3.0
    PyTorch: 2.1.2+cu118
    PyTorch compiling details: PyTorch built with:
  - GCC 9.3
  - C++ Version: 201703
  - Intel(R) oneAPI Math Kernel Library Version 2022.2-Product Build 20220804 for Intel(R) 64 architecture applications
  - Intel(R) MKL-DNN v3.1.1 (Git Hash 64f6bcbcbab628e96f33a62c3e975f8535a7bde4)
  - OpenMP 201511 (a.k.a. OpenMP 4.5)
  - LAPACK is enabled (usually provided by MKL)
  - NNPACK is enabled
  - CPU capability usage: AVX512
  - CUDA Runtime 11.8
  - NVCC architecture flags: -gencode;arch=compute_50,code=sm_50;-gencode;arch=compute_60,code=sm_60;-gencode;arch=compute_70,code=sm_70;-gencode;arch=compute_75,code=sm_75;-gencode;arch=compute_80,code=sm_80;-gencode;arch=compute_86,code=sm_86;-gencode;arch=compute_37,code=sm_37;-gencode;arch=compute_90,code=sm_90
  - CuDNN 8.7
  - Magma 2.6.1
  - Build settings: BLAS_INFO=mkl, BUILD_TYPE=Release, CUDA_VERSION=11.8, CUDNN_VERSION=8.7.0, CXX_COMPILER=/opt/rh/devtoolset-9/root/usr/bin/c++, CXX_FLAGS= -D_GLIBCXX_USE_CXX11_ABI=0 -fabi-version=11 -fvisibility-inlines-hidden -DUSE_PTHREADPOOL -DNDEBUG -DUSE_KINETO -DLIBKINETO_NOROCTRACER -DUSE_FBGEMM -DUSE_QNNPACK -DUSE_PYTORCH_QNNPACK -DUSE_XNNPACK -DSYMBOLICATE_MOBILE_DEBUG_HANDLE -O2 -fPIC -Wall -Wextra -Werror=return-type -Werror=non-virtual-dtor -Werror=bool-operation -Wnarrowing -Wno-missing-field-initializers -Wno-type-limits -Wno-array-bounds -Wno-unknown-pragmas -Wno-unused-parameter -Wno-unused-function -Wno-unused-result -Wno-strict-overflow -Wno-strict-aliasing -Wno-stringop-overflow -Wno-psabi -Wno-error=pedantic -Wno-error=old-style-cast -Wno-invalid-partial-specialization -Wno-unused-private-field -Wno-aligned-allocation-unavailable -Wno-missing-braces -fdiagnostics-color=always -faligned-new -Wno-unused-but-set-variable -Wno-maybe-uninitialized -fno-math-errno -fno-trapping-math -Werror=format -Werror=cast-function-type -Wno-stringop-overflow, LAPACK_INFO=mkl, PERF_WITH_AVX=1, PERF_WITH_AVX2=1, PERF_WITH_AVX512=1, TORCH_DISABLE_GPU_ASSERTS=ON, TORCH_VERSION=2.1.2, USE_CUDA=ON, USE_CUDNN=ON, USE_EXCEPTION_PTR=1, USE_GFLAGS=OFF, USE_GLOG=OFF, USE_MKL=ON, USE_MKLDNN=ON, USE_MPI=OFF, USE_NCCL=1, USE_NNPACK=ON, USE_OPENMP=ON, USE_ROCM=OFF, 

    TorchVision: 0.16.2+cu118
    OpenCV: 4.13.0
    MMEngine: 0.10.7

Runtime environment:
    cudnn_benchmark: True
    mp_cfg: {'mp_start_method': 'fork', 'opencv_num_threads': 0}
    dist_cfg: {'backend': 'nccl'}
    seed: 1930975445
    Distributed launcher: none
    Distributed training: False
    GPU number: 1
------------------------------------------------------------

2026/04/24 17:36:48 - mmengine - INFO - Config:
crop_size = (
    512,
    512,
)
custom_imports = dict(
    allow_failed_imports=False, imports=[
        'model',
    ])
data_preprocessor = dict(
    bgr_to_rgb=True,
    mean=[
        123.675,
        116.28,
        103.53,
    ],
    pad_val=0,
    seg_pad_val=255,
    size=(
        512,
        512,
    ),
    std=[
        58.395,
        57.12,
        57.375,
    ],
    type='SegDataPreProcessor')
data_root = '/home/jlx_75/datasets/ADE20K/ADEChallengeData2016'
dataset_type = 'ADE20KDataset'
default_hooks = dict(
    checkpoint=dict(
        by_epoch=False, interval=1000, save_best='mIoU',
        type='CheckpointHook'),
    logger=dict(interval=20, log_metric_by_epoch=False, type='LoggerHook'),
    param_scheduler=dict(type='ParamSchedulerHook'),
    sampler_seed=dict(type='DistSamplerSeedHook'),
    timer=dict(type='IterTimerHook'),
    visualization=dict(type='SegVisualizationHook'))
default_scope = 'mmseg'
env_cfg = dict(
    cudnn_benchmark=True,
    dist_cfg=dict(backend='nccl'),
    mp_cfg=dict(mp_start_method='fork', opencv_num_threads=0))
launcher = 'none'
load_from = None
log_level = 'INFO'
log_processor = dict(by_epoch=False)
model = dict(
    auxiliary_head=dict(
        align_corners=False,
        channels=256,
        concat_input=False,
        dropout_ratio=0.1,
        in_channels=256,
        in_index=2,
        loss_decode=dict(
            loss_weight=0.4, type='CrossEntropyLoss', use_sigmoid=False),
        norm_cfg=dict(requires_grad=True, type='SyncBN'),
        num_classes=150,
        num_convs=1,
        type='FCNHead'),
    backbone=dict(
        d_state=64,
        depths=[
            2,
            4,
            8,
            4,
        ],
        drop_path_rate=0.2,
        drop_rate=0.0,
        embed_dim=64,
        img_size=224,
        in_chans=3,
        mlp_ratio=4.0,
        num_heads=[
            2,
            4,
            8,
            16,
        ],
        out_indices=(
            0,
            1,
            2,
            3,
        ),
        patch_size=4,
        pretrained=None,
        spatial_flag=[
            [],
            [],
            [
                0,
                2,
                2,
                1,
                2,
                2,
                1,
                2,
            ],
            [
                0,
                2,
                2,
                1,
            ],
        ],
        token_mixer_types=[
            'LoDSA',
            'LoDSA',
            'SaDSA',
            'attention',
        ],
        type='MM_PVMAMBA'),
    data_preprocessor=dict(
        bgr_to_rgb=True,
        mean=[
            123.675,
            116.28,
            103.53,
        ],
        pad_val=0,
        seg_pad_val=255,
        size=(
            512,
            512,
        ),
        std=[
            58.395,
            57.12,
            57.375,
        ],
        type='SegDataPreProcessor'),
    decode_head=dict(
        align_corners=False,
        channels=512,
        dropout_ratio=0.1,
        in_channels=[
            64,
            128,
            256,
            512,
        ],
        in_index=[
            0,
            1,
            2,
            3,
        ],
        loss_decode=dict(
            loss_weight=1.0, type='CrossEntropyLoss', use_sigmoid=False),
        norm_cfg=dict(requires_grad=True, type='SyncBN'),
        num_classes=150,
        pool_scales=(
            1,
            2,
            3,
            6,
        ),
        type='UPerHead'),
    pretrained=None,
    test_cfg=dict(mode='whole'),
    train_cfg=dict(),
    type='EncoderDecoder')
norm_cfg = dict(requires_grad=True, type='SyncBN')
optim_wrapper = dict(
    clip_grad=None,
    optimizer=dict(
        betas=(
            0.9,
            0.999,
        ), lr=6e-05, type='AdamW', weight_decay=0.01),
    type='OptimWrapper')
param_scheduler = [
    dict(
        begin=0, by_epoch=False, end=500, start_factor=1e-06, type='LinearLR'),
    dict(
        begin=500,
        by_epoch=False,
        end=8000,
        eta_min=0.0,
        power=1.0,
        type='PolyLR'),
]
resume = True
test_cfg = dict(type='TestLoop')
test_dataloader = dict(
    batch_size=1,
    dataset=dict(
        data_prefix=dict(
            img_path='images/validation',
            seg_map_path='annotations/validation'),
        data_root='/home/jlx_75/datasets/ADE20K/ADEChallengeData2016',
        pipeline=[
            dict(type='LoadImageFromFile'),
            dict(keep_ratio=True, scale=(
                2048,
                512,
            ), type='Resize'),
            dict(reduce_zero_label=True, type='LoadAnnotations'),
            dict(type='PackSegInputs'),
        ],
        type='ADE20KDataset'),
    num_workers=2,
    persistent_workers=True,
    sampler=dict(shuffle=False, type='DefaultSampler'))
test_evaluator = dict(
    iou_metrics=[
        'mIoU',
    ], type='IoUMetric')
test_pipeline = [
    dict(type='LoadImageFromFile'),
    dict(keep_ratio=True, scale=(
        2048,
        512,
    ), type='Resize'),
    dict(reduce_zero_label=True, type='LoadAnnotations'),
    dict(type='PackSegInputs'),
]
train_cfg = dict(max_iters=8000, type='IterBasedTrainLoop', val_interval=1000)
train_dataloader = dict(
    batch_size=2,
    dataset=dict(
        data_prefix=dict(
            img_path='images/training', seg_map_path='annotations/training'),
        data_root='/home/jlx_75/datasets/ADE20K/ADEChallengeData2016',
        pipeline=[
            dict(type='LoadImageFromFile'),
            dict(reduce_zero_label=True, type='LoadAnnotations'),
            dict(
                keep_ratio=True,
                ratio_range=(
                    0.5,
                    2.0,
                ),
                scale=(
                    2048,
                    512,
                ),
                type='RandomResize'),
            dict(
                cat_max_ratio=0.75, crop_size=(
                    512,
                    512,
                ), type='RandomCrop'),
            dict(prob=0.5, type='RandomFlip'),
            dict(type='PhotoMetricDistortion'),
            dict(type='PackSegInputs'),
        ],
        type='ADE20KDataset'),
    num_workers=2,
    persistent_workers=True,
    sampler=dict(shuffle=True, type='InfiniteSampler'))
train_pipeline = [
    dict(type='LoadImageFromFile'),
    dict(reduce_zero_label=True, type='LoadAnnotations'),
    dict(
        keep_ratio=True,
        ratio_range=(
            0.5,
            2.0,
        ),
        scale=(
            2048,
            512,
        ),
        type='RandomResize'),
    dict(cat_max_ratio=0.75, crop_size=(
        512,
        512,
    ), type='RandomCrop'),
    dict(prob=0.5, type='RandomFlip'),
    dict(type='PhotoMetricDistortion'),
    dict(type='PackSegInputs'),
]
val_cfg = dict(type='ValLoop')
val_dataloader = dict(
    batch_size=1,
    dataset=dict(
        data_prefix=dict(
            img_path='images/validation',
            seg_map_path='annotations/validation'),
        data_root='/home/jlx_75/datasets/ADE20K/ADEChallengeData2016',
        pipeline=[
            dict(type='LoadImageFromFile'),
            dict(keep_ratio=True, scale=(
                2048,
                512,
            ), type='Resize'),
            dict(reduce_zero_label=True, type='LoadAnnotations'),
            dict(type='PackSegInputs'),
        ],
        type='ADE20KDataset'),
    num_workers=2,
    persistent_workers=True,
    sampler=dict(shuffle=False, type='DefaultSampler'))
val_evaluator = dict(
    iou_metrics=[
        'mIoU',
    ], type='IoUMetric')
vis_backends = [
    dict(type='LocalVisBackend'),
]
visualizer = dict(
    name='visualizer',
    type='SegLocalVisualizer',
    vis_backends=[
        dict(type='LocalVisBackend'),
    ])
work_dir = './work_dirs/pvmamba_tiny_upernet_ade20k_base'

2026/04/24 17:36:50 - mmengine - INFO - Distributed training is not used, all SyncBatchNorm (SyncBN) layers in the model will be automatically reverted to BatchNormXd layers if they are used.
2026/04/24 17:36:50 - mmengine - INFO - Hooks will be executed in the following order:
before_run:
(VERY_HIGH   ) RuntimeInfoHook                    
(BELOW_NORMAL) LoggerHook                         
 -------------------- 
before_train:
(VERY_HIGH   ) RuntimeInfoHook                    
(NORMAL      ) IterTimerHook                      
(VERY_LOW    ) CheckpointHook                     
 -------------------- 
before_train_epoch:
(VERY_HIGH   ) RuntimeInfoHook                    
(NORMAL      ) IterTimerHook                      
(NORMAL      ) DistSamplerSeedHook                
 -------------------- 
before_train_iter:
(VERY_HIGH   ) RuntimeInfoHook                    
(NORMAL      ) IterTimerHook                      
 -------------------- 
after_train_iter:
(VERY_HIGH   ) RuntimeInfoHook                    
(NORMAL      ) IterTimerHook                      
(NORMAL      ) SegVisualizationHook               
(BELOW_NORMAL) LoggerHook                         
(LOW         ) ParamSchedulerHook                 
(VERY_LOW    ) CheckpointHook                     
 -------------------- 
after_train_epoch:
(NORMAL      ) IterTimerHook                      
(LOW         ) ParamSchedulerHook                 
(VERY_LOW    ) CheckpointHook                     
 -------------------- 
before_val:
(VERY_HIGH   ) RuntimeInfoHook                    
 -------------------- 
before_val_epoch:
(NORMAL      ) IterTimerHook                      
 -------------------- 
before_val_iter:
(NORMAL      ) IterTimerHook                      
 -------------------- 
after_val_iter:
(NORMAL      ) IterTimerHook                      
(NORMAL      ) SegVisualizationHook               
(BELOW_NORMAL) LoggerHook                         
 -------------------- 
after_val_epoch:
(VERY_HIGH   ) RuntimeInfoHook                    
(NORMAL      ) IterTimerHook                      
(BELOW_NORMAL) LoggerHook                         
(LOW         ) ParamSchedulerHook                 
(VERY_LOW    ) CheckpointHook                     
 -------------------- 
after_val:
(VERY_HIGH   ) RuntimeInfoHook                    
 -------------------- 
after_train:
(VERY_HIGH   ) RuntimeInfoHook                    
(VERY_LOW    ) CheckpointHook                     
 -------------------- 
before_test:
(VERY_HIGH   ) RuntimeInfoHook                    
 -------------------- 
before_test_epoch:
(NORMAL      ) IterTimerHook                      
 -------------------- 
before_test_iter:
(NORMAL      ) IterTimerHook                      
 -------------------- 
after_test_iter:
(NORMAL      ) IterTimerHook                      
(NORMAL      ) SegVisualizationHook               
(BELOW_NORMAL) LoggerHook                         
 -------------------- 
after_test_epoch:
(VERY_HIGH   ) RuntimeInfoHook                    
(NORMAL      ) IterTimerHook                      
(BELOW_NORMAL) LoggerHook                         
 -------------------- 
after_test:
(VERY_HIGH   ) RuntimeInfoHook                    
 -------------------- 
after_run:
(BELOW_NORMAL) LoggerHook                         
 -------------------- 
2026/04/24 17:36:51 - mmengine - WARNING - The prefix is not set in metric class IoUMetric.
Name of parameter - Initialization information

backbone.patch_embed.conv1.conv.weight - torch.Size([32, 3, 3, 3]): 
The value is the same before and after calling `init_weights` of EncoderDecoder  

backbone.patch_embed.conv1.norm.weight - torch.Size([32]): 
The value is the same before and after calling `init_weights` of EncoderDecoder  

backbone.patch_embed.conv1.norm.bias - torch.Size([32]): 
The value is the same before and after calling `init_weights` of EncoderDecoder  

backbone.patch_embed.conv2.0.conv.weight - torch.Size([32, 32, 3, 3]): 
The value is the same before and after calling `init_weights` of EncoderDecoder  

backbone.patch_embed.conv2.0.norm.weight - torch.Size([32]): 
The value is the same before and after calling `init_weights` of EncoderDecoder  

backbone.patch_embed.conv2.0.norm.bias - torch.Size([32]): 
The value is the same before and after calling `init_weights` of EncoderDecoder  

backbone.patch_embed.conv2.1.conv.weight - torch.Size([32, 32, 3, 3]): 
The value is the same before and after calling `init_weights` of EncoderDecoder  

backbone.patch_embed.conv2.1.norm.weight - torch.Size([32]): 
The value is the same before and after calling `init_weights` of EncoderDecoder  

backbone.patch_embed.conv2.1.norm.bias - torch.Size([32]): 
The value is the same before and after calling `init_weights` of EncoderDecoder  

backbone.patch_embed.conv3.0.conv.weight - torch.Size([256, 32, 3, 3]): 
The value is the same before and after calling `init_weights` of EncoderDecoder  

backbone.patch_embed.conv3.0.norm.weight - torch.Size([256]): 
The value is the same before and after calling `init_weights` of EncoderDecoder  

backbone.patch_embed.conv3.0.norm.bias - torch.Size([256]): 
The value is the same before and after calling `init_weights` of EncoderDecoder  

backbone.patch_embed.conv3.1.conv.weight - torch.Size([64, 256, 1, 1]): 
The value is the same before and after calling `init_weights` of EncoderDecoder  

backbone.patch_embed.conv3.1.norm.weight - torch.Size([64]): 
The value is the same before and after calling `init_weights` of EncoderDecoder  

backbone.patch_embed.conv3.1.norm.bias - torch.Size([64]): 
The value is the same before and after calling `init_weights` of EncoderDecoder  

backbone.layers.0.blocks.0.cpe1.weight - torch.Size([64, 1, 3, 3]): 
The value is the same before and after calling `init_weights` of EncoderDecoder  

backbone.layers.0.blocks.0.cpe1.bias - torch.Size([64]): 
The value is the same before and after calling `init_weights` of EncoderDecoder  

backbone.layers.0.blocks.0.norm1.weight - torch.Size([64]): 
The value is the same before and after calling `init_weights` of EncoderDecoder  

backbone.layers.0.blocks.0.norm1.bias - torch.Size([64]): 
The value is the same before and after calling `init_weights` of EncoderDecoder  

backbone.layers.0.blocks.0.token_mixer.dt_bias - torch.Size([2]): 
The value is the same before and after calling `init_weights` of EncoderDecoder  

backbone.layers.0.blocks.0.token_mixer.A_log - torch.Size([128]): 
The value is the same before and after calling `init_weights` of EncoderDecoder  

backbone.layers.0.blocks.0.token_mixer.D - torch.Size([2]): 
The value is the same before and after calling `init_weights` of EncoderDecoder  

backbone.layers.0.blocks.0.token_mixer.in_proj.weight - torch.Size([386, 64]): 
The value is the same before and after calling `init_weights` of EncoderDecoder  

backbone.layers.0.blocks.0.token_mixer.conv2d.weight - torch.Size([256, 1, 3, 3]): 
The value is the same before and after calling `init_weights` of EncoderDecoder  

backbone.layers.0.blocks.0.token_mixer.conv2d.bias - torch.Size([256]): 
The value is the same before and after calling `init_weights` of EncoderDecoder  

backbone.layers.0.blocks.0.token_mixer.norm.weight - torch.Size([128]): 
The value is the same before and after calling `init_weights` of EncoderDecoder  

backbone.layers.0.blocks.0.token_mixer.norm.bias - torch.Size([128]): 
The value is the same before and after calling `init_weights` of EncoderDecoder  

backbone.layers.0.blocks.0.token_mixer.out_proj.weight - torch.Size([64, 128]): 
The value is the same before and after calling `init_weights` of EncoderDecoder  

backbone.layers.0.blocks.0.cpe2.weight - torch.Size([64, 1, 3, 3]): 
The value is the same before and after calling `init_weights` of EncoderDecoder  

backbone.layers.0.blocks.0.cpe2.bias - torch.Size([64]): 
The value is the same before and after calling `init_weights` of EncoderDecoder  

backbone.layers.0.blocks.0.norm2.weight - torch.Size([64]): 
The value is the same before and after calling `init_weights` of EncoderDecoder  

backbone.layers.0.blocks.0.norm2.bias - torch.Size([64]): 
The value is the same before and after calling `init_weights` of EncoderDecoder  

backbone.layers.0.blocks.0.mlp.fc1.weight - torch.Size([256, 64]): 
The value is the same before and after calling `init_weights` of EncoderDecoder  

backbone.layers.0.blocks.0.mlp.fc1.bias - torch.Size([256]): 
The value is the same before and after calling `init_weights` of EncoderDecoder  

backbone.layers.0.blocks.0.mlp.fc2.weight - torch.Size([64, 256]): 
The value is the same before and after calling `init_weights` of EncoderDecoder  

backbone.layers.0.blocks.0.mlp.fc2.bias - torch.Size([64]): 
The value is the same before and after calling `init_weights` of EncoderDecoder  

backbone.layers.0.blocks.1.cpe1.weight - torch.Size([64, 1, 3, 3]): 
The value is the same before and after calling `init_weights` of EncoderDecoder  

backbone.layers.0.blocks.1.cpe1.bias - torch.Size([64]): 
The value is the same before and after calling `init_weights` of EncoderDecoder  

backbone.layers.0.blocks.1.norm1.weight - torch.Size([64]): 
The value is the same before and after calling `init_weights` of EncoderDecoder  

backbone.layers.0.blocks.1.norm1.bias - torch.Size([64]): 
The value is the same before and after calling `init_weights` of EncoderDecoder  

backbone.layers.0.blocks.1.token_mixer.dt_bias - torch.Size([2]): 
The value is the same before and after calling `init_weights` of EncoderDecoder  

backbone.layers.0.blocks.1.token_mixer.A_log - torch.Size([128]): 
The value is the same before and after calling `init_weights` of EncoderDecoder  

backbone.layers.0.blocks.1.token_mixer.D - torch.Size([2]): 
The value is the same before and after calling `init_weights` of EncoderDecoder  

backbone.layers.0.blocks.1.token_mixer.in_proj.weight - torch.Size([386, 64]): 
The value is the same before and after calling `init_weights` of EncoderDecoder  

backbone.layers.0.blocks.1.token_mixer.conv2d.weight - torch.Size([256, 1, 3, 3]): 
The value is the same before and after calling `init_weights` of EncoderDecoder  

backbone.layers.0.blocks.1.token_mixer.conv2d.bias - torch.Size([256]): 
The value is the same before and after calling `init_weights` of EncoderDecoder  

backbone.layers.0.blocks.1.token_mixer.norm.weight - torch.Size([128]): 
The value is the same before and after calling `init_weights` of EncoderDecoder  

backbone.layers.0.blocks.1.token_mixer.norm.bias - torch.Size([128]): 
The value is the same before and after calling `init_weights` of EncoderDecoder  

backbone.layers.0.blocks.1.token_mixer.out_proj.weight - torch.Size([64, 128]): 
The value is the same before and after calling `init_weights` of EncoderDecoder  

backbone.layers.0.blocks.1.cpe2.weight - torch.Size([64, 1, 3, 3]): 
The value is the same before and after calling `init_weights` of EncoderDecoder  

backbone.layers.0.blocks.1.cpe2.bias - torch.Size([64]): 
The value is the same before and after calling `init_weights` of EncoderDecoder  

backbone.layers.0.blocks.1.norm2.weight - torch.Size([64]): 
The value is the same before and after calling `init_weights` of EncoderDecoder  

backbone.layers.0.blocks.1.norm2.bias - torch.Size([64]): 
The value is the same before and after calling `init_weights` of EncoderDecoder  

backbone.layers.0.blocks.1.mlp.fc1.weight - torch.Size([256, 64]): 
The value is the same before and after calling `init_weights` of EncoderDecoder  

backbone.layers.0.blocks.1.mlp.fc1.bias - torch.Size([256]): 
The value is the same before and after calling `init_weights` of EncoderDecoder  

backbone.layers.0.blocks.1.mlp.fc2.weight - torch.Size([64, 256]): 
The value is the same before and after calling `init_weights` of EncoderDecoder  

backbone.layers.0.blocks.1.mlp.fc2.bias - torch.Size([64]): 
The value is the same before and after calling `init_weights` of EncoderDecoder  

backbone.layers.0.downsample.conv.0.conv.weight - torch.Size([512, 64, 1, 1]): 
The value is the same before and after calling `init_weights` of EncoderDecoder  

backbone.layers.0.downsample.conv.0.conv.bias - torch.Size([512]): 
The value is the same before and after calling `init_weights` of EncoderDecoder  

backbone.layers.0.downsample.conv.1.conv.weight - torch.Size([512, 1, 3, 3]): 
The value is the same before and after calling `init_weights` of EncoderDecoder  

backbone.layers.0.downsample.conv.1.conv.bias - torch.Size([512]): 
The value is the same before and after calling `init_weights` of EncoderDecoder  

backbone.layers.0.downsample.conv.2.conv.weight - torch.Size([128, 512, 1, 1]): 
The value is the same before and after calling `init_weights` of EncoderDecoder  

backbone.layers.0.downsample.conv.2.conv.bias - torch.Size([128]): 
The value is the same before and after calling `init_weights` of EncoderDecoder  

backbone.layers.0.downsample.conv.2.norm.weight - torch.Size([128]): 
The value is the same before and after calling `init_weights` of EncoderDecoder  

backbone.layers.0.downsample.conv.2.norm.bias - torch.Size([128]): 
The value is the same before and after calling `init_weights` of EncoderDecoder  

backbone.layers.1.blocks.0.cpe1.weight - torch.Size([128, 1, 3, 3]): 
The value is the same before and after calling `init_weights` of EncoderDecoder  

backbone.layers.1.blocks.0.cpe1.bias - torch.Size([128]): 
The value is the same before and after calling `init_weights` of EncoderDecoder  

backbone.layers.1.blocks.0.norm1.weight - torch.Size([128]): 
The value is the same before and after calling `init_weights` of EncoderDecoder  

backbone.layers.1.blocks.0.norm1.bias - torch.Size([128]): 
The value is the same before and after calling `init_weights` of EncoderDecoder  

backbone.layers.1.blocks.0.token_mixer.dt_bias - torch.Size([4]): 
The value is the same before and after calling `init_weights` of EncoderDecoder  

backbone.layers.1.blocks.0.token_mixer.A_log - torch.Size([256]): 
The value is the same before and after calling `init_weights` of EncoderDecoder  

backbone.layers.1.blocks.0.token_mixer.D - torch.Size([4]): 
The value is the same before and after calling `init_weights` of EncoderDecoder  

backbone.layers.1.blocks.0.token_mixer.in_proj.weight - torch.Size([644, 128]): 
The value is the same before and after calling `init_weights` of EncoderDecoder  

backbone.layers.1.blocks.0.token_mixer.conv2d.weight - torch.Size([384, 1, 3, 3]): 
The value is the same before and after calling `init_weights` of EncoderDecoder  

backbone.layers.1.blocks.0.token_mixer.conv2d.bias - torch.Size([384]): 
The value is the same before and after calling `init_weights` of EncoderDecoder  

backbone.layers.1.blocks.0.token_mixer.norm.weight - torch.Size([256]): 
The value is the same before and after calling `init_weights` of EncoderDecoder  

backbone.layers.1.blocks.0.token_mixer.norm.bias - torch.Size([256]): 
The value is the same before and after calling `init_weights` of EncoderDecoder  

backbone.layers.1.blocks.0.token_mixer.out_proj.weight - torch.Size([128, 256]): 
The value is the same before and after calling `init_weights` of EncoderDecoder  

backbone.layers.1.blocks.0.cpe2.weight - torch.Size([128, 1, 3, 3]): 
The value is the same before and after calling `init_weights` of EncoderDecoder  

backbone.layers.1.blocks.0.cpe2.bias - torch.Size([128]): 
The value is the same before and after calling `init_weights` of EncoderDecoder  

backbone.layers.1.blocks.0.norm2.weight - torch.Size([128]): 
The value is the same before and after calling `init_weights` of EncoderDecoder  

backbone.layers.1.blocks.0.norm2.bias - torch.Size([128]): 
The value is the same before and after calling `init_weights` of EncoderDecoder  

backbone.layers.1.blocks.0.mlp.fc1.weight - torch.Size([512, 128]): 
The value is the same before and after calling `init_weights` of EncoderDecoder  

backbone.layers.1.blocks.0.mlp.fc1.bias - torch.Size([512]): 
The value is the same before and after calling `init_weights` of EncoderDecoder  

backbone.layers.1.blocks.0.mlp.fc2.weight - torch.Size([128, 512]): 
The value is the same before and after calling `init_weights` of EncoderDecoder  

backbone.layers.1.blocks.0.mlp.fc2.bias - torch.Size([128]): 
The value is the same before and after calling `init_weights` of EncoderDecoder  

backbone.layers.1.blocks.1.cpe1.weight - torch.Size([128, 1, 3, 3]): 
The value is the same before and after calling `init_weights` of EncoderDecoder  

backbone.layers.1.blocks.1.cpe1.bias - torch.Size([128]): 
The value is the same before and after calling `init_weights` of EncoderDecoder  

backbone.layers.1.blocks.1.norm1.weight - torch.Size([128]): 
The value is the same before and after calling `init_weights` of EncoderDecoder  

backbone.layers.1.blocks.1.norm1.bias - torch.Size([128]): 
The value is the same before and after calling `init_weights` of EncoderDecoder  

backbone.layers.1.blocks.1.token_mixer.dt_bias - torch.Size([4]): 
The value is the same before and after calling `init_weights` of EncoderDecoder  

backbone.layers.1.blocks.1.token_mixer.A_log - torch.Size([256]): 
The value is the same before and after calling `init_weights` of EncoderDecoder  

backbone.layers.1.blocks.1.token_mixer.D - torch.Size([4]): 
The value is the same before and after calling `init_weights` of EncoderDecoder  

backbone.layers.1.blocks.1.token_mixer.in_proj.weight - torch.Size([644, 128]): 
The value is the same before and after calling `init_weights` of EncoderDecoder  

backbone.layers.1.blocks.1.token_mixer.conv2d.weight - torch.Size([384, 1, 3, 3]): 
The value is the same before and after calling `init_weights` of EncoderDecoder  

backbone.layers.1.blocks.1.token_mixer.conv2d.bias - torch.Size([384]): 
The value is the same before and after calling `init_weights` of EncoderDecoder  

backbone.layers.1.blocks.1.token_mixer.norm.weight - torch.Size([256]): 
The value is the same before and after calling `init_weights` of EncoderDecoder  

backbone.layers.1.blocks.1.token_mixer.norm.bias - torch.Size([256]): 
The value is the same before and after calling `init_weights` of EncoderDecoder  

backbone.layers.1.blocks.1.token_mixer.out_proj.weight - torch.Size([128, 256]): 
The value is the same before and after calling `init_weights` of EncoderDecoder  

backbone.layers.1.blocks.1.cpe2.weight - torch.Size([128, 1, 3, 3]): 
The value is the same before and after calling `init_weights` of EncoderDecoder  

backbone.layers.1.blocks.1.cpe2.bias - torch.Size([128]): 
The value is the same before and after calling `init_weights` of EncoderDecoder  

backbone.layers.1.blocks.1.norm2.weight - torch.Size([128]): 
The value is the same before and after calling `init_weights` of EncoderDecoder  

backbone.layers.1.blocks.1.norm2.bias - torch.Size([128]): 
The value is the same before and after calling `init_weights` of EncoderDecoder  

backbone.layers.1.blocks.1.mlp.fc1.weight - torch.Size([512, 128]): 
The value is the same before and after calling `init_weights` of EncoderDecoder  

backbone.layers.1.blocks.1.mlp.fc1.bias - torch.Size([512]): 
The value is the same before and after calling `init_weights` of EncoderDecoder  

backbone.layers.1.blocks.1.mlp.fc2.weight - torch.Size([128, 512]): 
The value is the same before and after calling `init_weights` of EncoderDecoder  

backbone.layers.1.blocks.1.mlp.fc2.bias - torch.Size([128]): 
The value is the same before and after calling `init_weights` of EncoderDecoder  

backbone.layers.1.blocks.2.cpe1.weight - torch.Size([128, 1, 3, 3]): 
The value is the same before and after calling `init_weights` of EncoderDecoder  

backbone.layers.1.blocks.2.cpe1.bias - torch.Size([128]): 
The value is the same before and after calling `init_weights` of EncoderDecoder  

backbone.layers.1.blocks.2.norm1.weight - torch.Size([128]): 
The value is the same before and after calling `init_weights` of EncoderDecoder  

backbone.layers.1.blocks.2.norm1.bias - torch.Size([128]): 
The value is the same before and after calling `init_weights` of EncoderDecoder  

backbone.layers.1.blocks.2.token_mixer.dt_bias - torch.Size([4]): 
The value is the same before and after calling `init_weights` of EncoderDecoder  

backbone.layers.1.blocks.2.token_mixer.A_log - torch.Size([256]): 
The value is the same before and after calling `init_weights` of EncoderDecoder  

backbone.layers.1.blocks.2.token_mixer.D - torch.Size([4]): 
The value is the same before and after calling `init_weights` of EncoderDecoder  

backbone.layers.1.blocks.2.token_mixer.in_proj.weight - torch.Size([644, 128]): 
The value is the same before and after calling `init_weights` of EncoderDecoder  

backbone.layers.1.blocks.2.token_mixer.conv2d.weight - torch.Size([384, 1, 3, 3]): 
The value is the same before and after calling `init_weights` of EncoderDecoder  

backbone.layers.1.blocks.2.token_mixer.conv2d.bias - torch.Size([384]): 
The value is the same before and after calling `init_weights` of EncoderDecoder  

backbone.layers.1.blocks.2.token_mixer.norm.weight - torch.Size([256]): 
The value is the same before and after calling `init_weights` of EncoderDecoder  

backbone.layers.1.blocks.2.token_mixer.norm.bias - torch.Size([256]): 
The value is the same before and after calling `init_weights` of EncoderDecoder  

backbone.layers.1.blocks.2.token_mixer.out_proj.weight - torch.Size([128, 256]): 
The value is the same before and after calling `init_weights` of EncoderDecoder  

backbone.layers.1.blocks.2.cpe2.weight - torch.Size([128, 1, 3, 3]): 
The value is the same before and after calling `init_weights` of EncoderDecoder  

backbone.layers.1.blocks.2.cpe2.bias - torch.Size([128]): 
The value is the same before and after calling `init_weights` of EncoderDecoder  

backbone.layers.1.blocks.2.norm2.weight - torch.Size([128]): 
The value is the same before and after calling `init_weights` of EncoderDecoder  

backbone.layers.1.blocks.2.norm2.bias - torch.Size([128]): 
The value is the same before and after calling `init_weights` of EncoderDecoder  

backbone.layers.1.blocks.2.mlp.fc1.weight - torch.Size([512, 128]): 
The value is the same before and after calling `init_weights` of EncoderDecoder  

backbone.layers.1.blocks.2.mlp.fc1.bias - torch.Size([512]): 
The value is the same before and after calling `init_weights` of EncoderDecoder  

backbone.layers.1.blocks.2.mlp.fc2.weight - torch.Size([128, 512]): 
The value is the same before and after calling `init_weights` of EncoderDecoder  

backbone.layers.1.blocks.2.mlp.fc2.bias - torch.Size([128]): 
The value is the same before and after calling `init_weights` of EncoderDecoder  

backbone.layers.1.blocks.3.cpe1.weight - torch.Size([128, 1, 3, 3]): 
The value is the same before and after calling `init_weights` of EncoderDecoder  

backbone.layers.1.blocks.3.cpe1.bias - torch.Size([128]): 
The value is the same before and after calling `init_weights` of EncoderDecoder  

backbone.layers.1.blocks.3.norm1.weight - torch.Size([128]): 
The value is the same before and after calling `init_weights` of EncoderDecoder  

backbone.layers.1.blocks.3.norm1.bias - torch.Size([128]): 
The value is the same before and after calling `init_weights` of EncoderDecoder  

backbone.layers.1.blocks.3.token_mixer.dt_bias - torch.Size([4]): 
The value is the same before and after calling `init_weights` of EncoderDecoder  

backbone.layers.1.blocks.3.token_mixer.A_log - torch.Size([256]): 
The value is the same before and after calling `init_weights` of EncoderDecoder  

backbone.layers.1.blocks.3.token_mixer.D - torch.Size([4]): 
The value is the same before and after calling `init_weights` of EncoderDecoder  

backbone.layers.1.blocks.3.token_mixer.in_proj.weight - torch.Size([644, 128]): 
The value is the same before and after calling `init_weights` of EncoderDecoder  

backbone.layers.1.blocks.3.token_mixer.conv2d.weight - torch.Size([384, 1, 3, 3]): 
The value is the same before and after calling `init_weights` of EncoderDecoder  

backbone.layers.1.blocks.3.token_mixer.conv2d.bias - torch.Size([384]): 
The value is the same before and after calling `init_weights` of EncoderDecoder  

backbone.layers.1.blocks.3.token_mixer.norm.weight - torch.Size([256]): 
The value is the same before and after calling `init_weights` of EncoderDecoder  

backbone.layers.1.blocks.3.token_mixer.norm.bias - torch.Size([256]): 
The value is the same before and after calling `init_weights` of EncoderDecoder  

backbone.layers.1.blocks.3.token_mixer.out_proj.weight - torch.Size([128, 256]): 
The value is the same before and after calling `init_weights` of EncoderDecoder  

backbone.layers.1.blocks.3.cpe2.weight - torch.Size([128, 1, 3, 3]): 
The value is the same before and after calling `init_weights` of EncoderDecoder  

backbone.layers.1.blocks.3.cpe2.bias - torch.Size([128]): 
The value is the same before and after calling `init_weights` of EncoderDecoder  

backbone.layers.1.blocks.3.norm2.weight - torch.Size([128]): 
The value is the same before and after calling `init_weights` of EncoderDecoder  

backbone.layers.1.blocks.3.norm2.bias - torch.Size([128]): 
The value is the same before and after calling `init_weights` of EncoderDecoder  

backbone.layers.1.blocks.3.mlp.fc1.weight - torch.Size([512, 128]): 
The value is the same before and after calling `init_weights` of EncoderDecoder  

backbone.layers.1.blocks.3.mlp.fc1.bias - torch.Size([512]): 
The value is the same before and after calling `init_weights` of EncoderDecoder  

backbone.layers.1.blocks.3.mlp.fc2.weight - torch.Size([128, 512]): 
The value is the same before and after calling `init_weights` of EncoderDecoder  

backbone.layers.1.blocks.3.mlp.fc2.bias - torch.Size([128]): 
The value is the same before and after calling `init_weights` of EncoderDecoder  

backbone.layers.1.downsample.conv.0.conv.weight - torch.Size([1024, 128, 1, 1]): 
The value is the same before and after calling `init_weights` of EncoderDecoder  

backbone.layers.1.downsample.conv.0.conv.bias - torch.Size([1024]): 
The value is the same before and after calling `init_weights` of EncoderDecoder  

backbone.layers.1.downsample.conv.1.conv.weight - torch.Size([1024, 1, 3, 3]): 
The value is the same before and after calling `init_weights` of EncoderDecoder  

backbone.layers.1.downsample.conv.1.conv.bias - torch.Size([1024]): 
The value is the same before and after calling `init_weights` of EncoderDecoder  

backbone.layers.1.downsample.conv.2.conv.weight - torch.Size([256, 1024, 1, 1]): 
The value is the same before and after calling `init_weights` of EncoderDecoder  

backbone.layers.1.downsample.conv.2.conv.bias - torch.Size([256]): 
The value is the same before and after calling `init_weights` of EncoderDecoder  

backbone.layers.1.downsample.conv.2.norm.weight - torch.Size([256]): 
The value is the same before and after calling `init_weights` of EncoderDecoder  

backbone.layers.1.downsample.conv.2.norm.bias - torch.Size([256]): 
The value is the same before and after calling `init_weights` of EncoderDecoder  

backbone.layers.2.blocks.0.cpe1.weight - torch.Size([256, 1, 3, 3]): 
The value is the same before and after calling `init_weights` of EncoderDecoder  

backbone.layers.2.blocks.0.cpe1.bias - torch.Size([256]): 
The value is the same before and after calling `init_weights` of EncoderDecoder  

backbone.layers.2.blocks.0.norm1.weight - torch.Size([256]): 
The value is the same before and after calling `init_weights` of EncoderDecoder  

backbone.layers.2.blocks.0.norm1.bias - torch.Size([256]): 
The value is the same before and after calling `init_weights` of EncoderDecoder  

backbone.layers.2.blocks.0.token_mixer.dt_bias - torch.Size([8]): 
The value is the same before and after calling `init_weights` of EncoderDecoder  

backbone.layers.2.blocks.0.token_mixer.A_log - torch.Size([512]): 
The value is the same before and after calling `init_weights` of EncoderDecoder  

backbone.layers.2.blocks.0.token_mixer.D - torch.Size([8]): 
The value is the same before and after calling `init_weights` of EncoderDecoder  

backbone.layers.2.blocks.0.token_mixer.in_proj.weight - torch.Size([1160, 256]): 
The value is the same before and after calling `init_weights` of EncoderDecoder  

backbone.layers.2.blocks.0.token_mixer.conv2d.weight - torch.Size([640, 1, 3, 3]): 
The value is the same before and after calling `init_weights` of EncoderDecoder  

backbone.layers.2.blocks.0.token_mixer.conv2d.bias - torch.Size([640]): 
The value is the same before and after calling `init_weights` of EncoderDecoder  

backbone.layers.2.blocks.0.token_mixer.norm.weight - torch.Size([512]): 
The value is the same before and after calling `init_weights` of EncoderDecoder  

backbone.layers.2.blocks.0.token_mixer.norm.bias - torch.Size([512]): 
The value is the same before and after calling `init_weights` of EncoderDecoder  

backbone.layers.2.blocks.0.token_mixer.out_proj.weight - torch.Size([256, 512]): 
The value is the same before and after calling `init_weights` of EncoderDecoder  

backbone.layers.2.blocks.0.token_mixer.sa_op.sampling_offsets.weight - torch.Size([8, 512]): 
The value is the same before and after calling `init_weights` of EncoderDecoder  

backbone.layers.2.blocks.0.token_mixer.sa_op.sampling_offsets.bias - torch.Size([8]): 
The value is the same before and after calling `init_weights` of EncoderDecoder  

backbone.layers.2.blocks.0.cpe2.weight - torch.Size([256, 1, 3, 3]): 
The value is the same before and after calling `init_weights` of EncoderDecoder  

backbone.layers.2.blocks.0.cpe2.bias - torch.Size([256]): 
The value is the same before and after calling `init_weights` of EncoderDecoder  

backbone.layers.2.blocks.0.norm2.weight - torch.Size([256]): 
The value is the same before and after calling `init_weights` of EncoderDecoder  

backbone.layers.2.blocks.0.norm2.bias - torch.Size([256]): 
The value is the same before and after calling `init_weights` of EncoderDecoder  

backbone.layers.2.blocks.0.mlp.fc1.weight - torch.Size([1024, 256]): 
The value is the same before and after calling `init_weights` of EncoderDecoder  

backbone.layers.2.blocks.0.mlp.fc1.bias - torch.Size([1024]): 
The value is the same before and after calling `init_weights` of EncoderDecoder  

backbone.layers.2.blocks.0.mlp.fc2.weight - torch.Size([256, 1024]): 
The value is the same before and after calling `init_weights` of EncoderDecoder  

backbone.layers.2.blocks.0.mlp.fc2.bias - torch.Size([256]): 
The value is the same before and after calling `init_weights` of EncoderDecoder  

backbone.layers.2.blocks.1.cpe1.weight - torch.Size([256, 1, 3, 3]): 
The value is the same before and after calling `init_weights` of EncoderDecoder  

backbone.layers.2.blocks.1.cpe1.bias - torch.Size([256]): 
The value is the same before and after calling `init_weights` of EncoderDecoder  

backbone.layers.2.blocks.1.norm1.weight - torch.Size([256]): 
The value is the same before and after calling `init_weights` of EncoderDecoder  

backbone.layers.2.blocks.1.norm1.bias - torch.Size([256]): 
The value is the same before and after calling `init_weights` of EncoderDecoder  

backbone.layers.2.blocks.1.token_mixer.dt_bias - torch.Size([8]): 
The value is the same before and after calling `init_weights` of EncoderDecoder  

backbone.layers.2.blocks.1.token_mixer.A_log - torch.Size([512]): 
The value is the same before and after calling `init_weights` of EncoderDecoder  

backbone.layers.2.blocks.1.token_mixer.D - torch.Size([8]): 
The value is the same before and after calling `init_weights` of EncoderDecoder  

backbone.layers.2.blocks.1.token_mixer.in_proj.weight - torch.Size([1160, 256]): 
The value is the same before and after calling `init_weights` of EncoderDecoder  

backbone.layers.2.blocks.1.token_mixer.conv2d.weight - torch.Size([640, 1, 3, 3]): 
The value is the same before and after calling `init_weights` of EncoderDecoder  

backbone.layers.2.blocks.1.token_mixer.conv2d.bias - torch.Size([640]): 
The value is the same before and after calling `init_weights` of EncoderDecoder  

backbone.layers.2.blocks.1.token_mixer.norm.weight - torch.Size([512]): 
The value is the same before and after calling `init_weights` of EncoderDecoder  

backbone.layers.2.blocks.1.token_mixer.norm.bias - torch.Size([512]): 
The value is the same before and after calling `init_weights` of EncoderDecoder  

backbone.layers.2.blocks.1.token_mixer.out_proj.weight - torch.Size([256, 512]): 
The value is the same before and after calling `init_weights` of EncoderDecoder  

backbone.layers.2.blocks.1.cpe2.weight - torch.Size([256, 1, 3, 3]): 
The value is the same before and after calling `init_weights` of EncoderDecoder  

backbone.layers.2.blocks.1.cpe2.bias - torch.Size([256]): 
The value is the same before and after calling `init_weights` of EncoderDecoder  

backbone.layers.2.blocks.1.norm2.weight - torch.Size([256]): 
The value is the same before and after calling `init_weights` of EncoderDecoder  

backbone.layers.2.blocks.1.norm2.bias - torch.Size([256]): 
The value is the same before and after calling `init_weights` of EncoderDecoder  

backbone.layers.2.blocks.1.mlp.fc1.weight - torch.Size([1024, 256]): 
The value is the same before and after calling `init_weights` of EncoderDecoder  

backbone.layers.2.blocks.1.mlp.fc1.bias - torch.Size([1024]): 
The value is the same before and after calling `init_weights` of EncoderDecoder  

backbone.layers.2.blocks.1.mlp.fc2.weight - torch.Size([256, 1024]): 
The value is the same before and after calling `init_weights` of EncoderDecoder  

backbone.layers.2.blocks.1.mlp.fc2.bias - torch.Size([256]): 
The value is the same before and after calling `init_weights` of EncoderDecoder  

backbone.layers.2.blocks.2.cpe1.weight - torch.Size([256, 1, 3, 3]): 
The value is the same before and after calling `init_weights` of EncoderDecoder  

backbone.layers.2.blocks.2.cpe1.bias - torch.Size([256]): 
The value is the same before and after calling `init_weights` of EncoderDecoder  

backbone.layers.2.blocks.2.norm1.weight - torch.Size([256]): 
The value is the same before and after calling `init_weights` of EncoderDecoder  

backbone.layers.2.blocks.2.norm1.bias - torch.Size([256]): 
The value is the same before and after calling `init_weights` of EncoderDecoder  

backbone.layers.2.blocks.2.token_mixer.dt_bias - torch.Size([8]): 
The value is the same before and after calling `init_weights` of EncoderDecoder  

backbone.layers.2.blocks.2.token_mixer.A_log - torch.Size([512]): 
The value is the same before and after calling `init_weights` of EncoderDecoder  

backbone.layers.2.blocks.2.token_mixer.D - torch.Size([8]): 
The value is the same before and after calling `init_weights` of EncoderDecoder  

backbone.layers.2.blocks.2.token_mixer.in_proj.weight - torch.Size([1160, 256]): 
The value is the same before and after calling `init_weights` of EncoderDecoder  

backbone.layers.2.blocks.2.token_mixer.conv2d.weight - torch.Size([640, 1, 3, 3]): 
The value is the same before and after calling `init_weights` of EncoderDecoder  

backbone.layers.2.blocks.2.token_mixer.conv2d.bias - torch.Size([640]): 
The value is the same before and after calling `init_weights` of EncoderDecoder  

backbone.layers.2.blocks.2.token_mixer.norm.weight - torch.Size([512]): 
The value is the same before and after calling `init_weights` of EncoderDecoder  

backbone.layers.2.blocks.2.token_mixer.norm.bias - torch.Size([512]): 
The value is the same before and after calling `init_weights` of EncoderDecoder  

backbone.layers.2.blocks.2.token_mixer.out_proj.weight - torch.Size([256, 512]): 
The value is the same before and after calling `init_weights` of EncoderDecoder  

backbone.layers.2.blocks.2.cpe2.weight - torch.Size([256, 1, 3, 3]): 
The value is the same before and after calling `init_weights` of EncoderDecoder  

backbone.layers.2.blocks.2.cpe2.bias - torch.Size([256]): 
The value is the same before and after calling `init_weights` of EncoderDecoder  

backbone.layers.2.blocks.2.norm2.weight - torch.Size([256]): 
The value is the same before and after calling `init_weights` of EncoderDecoder  

backbone.layers.2.blocks.2.norm2.bias - torch.Size([256]): 
The value is the same before and after calling `init_weights` of EncoderDecoder  

backbone.layers.2.blocks.2.mlp.fc1.weight - torch.Size([1024, 256]): 
The value is the same before and after calling `init_weights` of EncoderDecoder  

backbone.layers.2.blocks.2.mlp.fc1.bias - torch.Size([1024]): 
The value is the same before and after calling `init_weights` of EncoderDecoder  

backbone.layers.2.blocks.2.mlp.fc2.weight - torch.Size([256, 1024]): 
The value is the same before and after calling `init_weights` of EncoderDecoder  

backbone.layers.2.blocks.2.mlp.fc2.bias - torch.Size([256]): 
The value is the same before and after calling `init_weights` of EncoderDecoder  

backbone.layers.2.blocks.3.cpe1.weight - torch.Size([256, 1, 3, 3]): 
The value is the same before and after calling `init_weights` of EncoderDecoder  

backbone.layers.2.blocks.3.cpe1.bias - torch.Size([256]): 
The value is the same before and after calling `init_weights` of EncoderDecoder  

backbone.layers.2.blocks.3.norm1.weight - torch.Size([256]): 
The value is the same before and after calling `init_weights` of EncoderDecoder  

backbone.layers.2.blocks.3.norm1.bias - torch.Size([256]): 
The value is the same before and after calling `init_weights` of EncoderDecoder  

backbone.layers.2.blocks.3.token_mixer.dt_bias - torch.Size([8]): 
The value is the same before and after calling `init_weights` of EncoderDecoder  

backbone.layers.2.blocks.3.token_mixer.A_log - torch.Size([512]): 
The value is the same before and after calling `init_weights` of EncoderDecoder  

backbone.layers.2.blocks.3.token_mixer.D - torch.Size([8]): 
The value is the same before and after calling `init_weights` of EncoderDecoder  

backbone.layers.2.blocks.3.token_mixer.in_proj.weight - torch.Size([1160, 256]): 
The value is the same before and after calling `init_weights` of EncoderDecoder  

backbone.layers.2.blocks.3.token_mixer.conv2d.weight - torch.Size([640, 1, 3, 3]): 
The value is the same before and after calling `init_weights` of EncoderDecoder  

backbone.layers.2.blocks.3.token_mixer.conv2d.bias - torch.Size([640]): 
The value is the same before and after calling `init_weights` of EncoderDecoder  

backbone.layers.2.blocks.3.token_mixer.norm.weight - torch.Size([512]): 
The value is the same before and after calling `init_weights` of EncoderDecoder  

backbone.layers.2.blocks.3.token_mixer.norm.bias - torch.Size([512]): 
The value is the same before and after calling `init_weights` of EncoderDecoder  

backbone.layers.2.blocks.3.token_mixer.out_proj.weight - torch.Size([256, 512]): 
The value is the same before and after calling `init_weights` of EncoderDecoder  

backbone.layers.2.blocks.3.token_mixer.sa_op.sampling_offsets.weight - torch.Size([8, 512]): 
The value is the same before and after calling `init_weights` of EncoderDecoder  

backbone.layers.2.blocks.3.token_mixer.sa_op.sampling_offsets.bias - torch.Size([8]): 
The value is the same before and after calling `init_weights` of EncoderDecoder  

backbone.layers.2.blocks.3.cpe2.weight - torch.Size([256, 1, 3, 3]): 
The value is the same before and after calling `init_weights` of EncoderDecoder  

backbone.layers.2.blocks.3.cpe2.bias - torch.Size([256]): 
The value is the same before and after calling `init_weights` of EncoderDecoder  

backbone.layers.2.blocks.3.norm2.weight - torch.Size([256]): 
The value is the same before and after calling `init_weights` of EncoderDecoder  

backbone.layers.2.blocks.3.norm2.bias - torch.Size([256]): 
The value is the same before and after calling `init_weights` of EncoderDecoder  

backbone.layers.2.blocks.3.mlp.fc1.weight - torch.Size([1024, 256]): 
The value is the same before and after calling `init_weights` of EncoderDecoder  

backbone.layers.2.blocks.3.mlp.fc1.bias - torch.Size([1024]): 
The value is the same before and after calling `init_weights` of EncoderDecoder  

backbone.layers.2.blocks.3.mlp.fc2.weight - torch.Size([256, 1024]): 
The value is the same before and after calling `init_weights` of EncoderDecoder  

backbone.layers.2.blocks.3.mlp.fc2.bias - torch.Size([256]): 
The value is the same before and after calling `init_weights` of EncoderDecoder  

backbone.layers.2.blocks.4.cpe1.weight - torch.Size([256, 1, 3, 3]): 
The value is the same before and after calling `init_weights` of EncoderDecoder  

backbone.layers.2.blocks.4.cpe1.bias - torch.Size([256]): 
The value is the same before and after calling `init_weights` of EncoderDecoder  

backbone.layers.2.blocks.4.norm1.weight - torch.Size([256]): 
The value is the same before and after calling `init_weights` of EncoderDecoder  

backbone.layers.2.blocks.4.norm1.bias - torch.Size([256]): 
The value is the same before and after calling `init_weights` of EncoderDecoder  

backbone.layers.2.blocks.4.token_mixer.dt_bias - torch.Size([8]): 
The value is the same before and after calling `init_weights` of EncoderDecoder  

backbone.layers.2.blocks.4.token_mixer.A_log - torch.Size([512]): 
The value is the same before and after calling `init_weights` of EncoderDecoder  

backbone.layers.2.blocks.4.token_mixer.D - torch.Size([8]): 
The value is the same before and after calling `init_weights` of EncoderDecoder  

backbone.layers.2.blocks.4.token_mixer.in_proj.weight - torch.Size([1160, 256]): 
The value is the same before and after calling `init_weights` of EncoderDecoder  

backbone.layers.2.blocks.4.token_mixer.conv2d.weight - torch.Size([640, 1, 3, 3]): 
The value is the same before and after calling `init_weights` of EncoderDecoder  

backbone.layers.2.blocks.4.token_mixer.conv2d.bias - torch.Size([640]): 
The value is the same before and after calling `init_weights` of EncoderDecoder  

backbone.layers.2.blocks.4.token_mixer.norm.weight - torch.Size([512]): 
The value is the same before and after calling `init_weights` of EncoderDecoder  

backbone.layers.2.blocks.4.token_mixer.norm.bias - torch.Size([512]): 
The value is the same before and after calling `init_weights` of EncoderDecoder  

backbone.layers.2.blocks.4.token_mixer.out_proj.weight - torch.Size([256, 512]): 
The value is the same before and after calling `init_weights` of EncoderDecoder  

backbone.layers.2.blocks.4.cpe2.weight - torch.Size([256, 1, 3, 3]): 
The value is the same before and after calling `init_weights` of EncoderDecoder  

backbone.layers.2.blocks.4.cpe2.bias - torch.Size([256]): 
The value is the same before and after calling `init_weights` of EncoderDecoder  

backbone.layers.2.blocks.4.norm2.weight - torch.Size([256]): 
The value is the same before and after calling `init_weights` of EncoderDecoder  

backbone.layers.2.blocks.4.norm2.bias - torch.Size([256]): 
The value is the same before and after calling `init_weights` of EncoderDecoder  

backbone.layers.2.blocks.4.mlp.fc1.weight - torch.Size([1024, 256]): 
The value is the same before and after calling `init_weights` of EncoderDecoder  

backbone.layers.2.blocks.4.mlp.fc1.bias - torch.Size([1024]): 
The value is the same before and after calling `init_weights` of EncoderDecoder  

backbone.layers.2.blocks.4.mlp.fc2.weight - torch.Size([256, 1024]): 
The value is the same before and after calling `init_weights` of EncoderDecoder  

backbone.layers.2.blocks.4.mlp.fc2.bias - torch.Size([256]): 
The value is the same before and after calling `init_weights` of EncoderDecoder  

backbone.layers.2.blocks.5.cpe1.weight - torch.Size([256, 1, 3, 3]): 
The value is the same before and after calling `init_weights` of EncoderDecoder  

backbone.layers.2.blocks.5.cpe1.bias - torch.Size([256]): 
The value is the same before and after calling `init_weights` of EncoderDecoder  

backbone.layers.2.blocks.5.norm1.weight - torch.Size([256]): 
The value is the same before and after calling `init_weights` of EncoderDecoder  

backbone.layers.2.blocks.5.norm1.bias - torch.Size([256]): 
The value is the same before and after calling `init_weights` of EncoderDecoder  

backbone.layers.2.blocks.5.token_mixer.dt_bias - torch.Size([8]): 
The value is the same before and after calling `init_weights` of EncoderDecoder  

backbone.layers.2.blocks.5.token_mixer.A_log - torch.Size([512]): 
The value is the same before and after calling `init_weights` of EncoderDecoder  

backbone.layers.2.blocks.5.token_mixer.D - torch.Size([8]): 
The value is the same before and after calling `init_weights` of EncoderDecoder  

backbone.layers.2.blocks.5.token_mixer.in_proj.weight - torch.Size([1160, 256]): 
The value is the same before and after calling `init_weights` of EncoderDecoder  

backbone.layers.2.blocks.5.token_mixer.conv2d.weight - torch.Size([640, 1, 3, 3]): 
The value is the same before and after calling `init_weights` of EncoderDecoder  

backbone.layers.2.blocks.5.token_mixer.conv2d.bias - torch.Size([640]): 
The value is the same before and after calling `init_weights` of EncoderDecoder  

backbone.layers.2.blocks.5.token_mixer.norm.weight - torch.Size([512]): 
The value is the same before and after calling `init_weights` of EncoderDecoder  

backbone.layers.2.blocks.5.token_mixer.norm.bias - torch.Size([512]): 
The value is the same before and after calling `init_weights` of EncoderDecoder  

backbone.layers.2.blocks.5.token_mixer.out_proj.weight - torch.Size([256, 512]): 
The value is the same before and after calling `init_weights` of EncoderDecoder  

backbone.layers.2.blocks.5.cpe2.weight - torch.Size([256, 1, 3, 3]): 
The value is the same before and after calling `init_weights` of EncoderDecoder  

backbone.layers.2.blocks.5.cpe2.bias - torch.Size([256]): 
The value is the same before and after calling `init_weights` of EncoderDecoder  

backbone.layers.2.blocks.5.norm2.weight - torch.Size([256]): 
The value is the same before and after calling `init_weights` of EncoderDecoder  

backbone.layers.2.blocks.5.norm2.bias - torch.Size([256]): 
The value is the same before and after calling `init_weights` of EncoderDecoder  

backbone.layers.2.blocks.5.mlp.fc1.weight - torch.Size([1024, 256]): 
The value is the same before and after calling `init_weights` of EncoderDecoder  

backbone.layers.2.blocks.5.mlp.fc1.bias - torch.Size([1024]): 
The value is the same before and after calling `init_weights` of EncoderDecoder  

backbone.layers.2.blocks.5.mlp.fc2.weight - torch.Size([256, 1024]): 
The value is the same before and after calling `init_weights` of EncoderDecoder  

backbone.layers.2.blocks.5.mlp.fc2.bias - torch.Size([256]): 
The value is the same before and after calling `init_weights` of EncoderDecoder  

backbone.layers.2.blocks.6.cpe1.weight - torch.Size([256, 1, 3, 3]): 
The value is the same before and after calling `init_weights` of EncoderDecoder  

backbone.layers.2.blocks.6.cpe1.bias - torch.Size([256]): 
The value is the same before and after calling `init_weights` of EncoderDecoder  

backbone.layers.2.blocks.6.norm1.weight - torch.Size([256]): 
The value is the same before and after calling `init_weights` of EncoderDecoder  

backbone.layers.2.blocks.6.norm1.bias - torch.Size([256]): 
The value is the same before and after calling `init_weights` of EncoderDecoder  

backbone.layers.2.blocks.6.token_mixer.dt_bias - torch.Size([8]): 
The value is the same before and after calling `init_weights` of EncoderDecoder  

backbone.layers.2.blocks.6.token_mixer.A_log - torch.Size([512]): 
The value is the same before and after calling `init_weights` of EncoderDecoder  

backbone.layers.2.blocks.6.token_mixer.D - torch.Size([8]): 
The value is the same before and after calling `init_weights` of EncoderDecoder  

backbone.layers.2.blocks.6.token_mixer.in_proj.weight - torch.Size([1160, 256]): 
The value is the same before and after calling `init_weights` of EncoderDecoder  

backbone.layers.2.blocks.6.token_mixer.conv2d.weight - torch.Size([640, 1, 3, 3]): 
The value is the same before and after calling `init_weights` of EncoderDecoder  

backbone.layers.2.blocks.6.token_mixer.conv2d.bias - torch.Size([640]): 
The value is the same before and after calling `init_weights` of EncoderDecoder  

backbone.layers.2.blocks.6.token_mixer.norm.weight - torch.Size([512]): 
The value is the same before and after calling `init_weights` of EncoderDecoder  

backbone.layers.2.blocks.6.token_mixer.norm.bias - torch.Size([512]): 
The value is the same before and after calling `init_weights` of EncoderDecoder  

backbone.layers.2.blocks.6.token_mixer.out_proj.weight - torch.Size([256, 512]): 
The value is the same before and after calling `init_weights` of EncoderDecoder  

backbone.layers.2.blocks.6.token_mixer.sa_op.sampling_offsets.weight - torch.Size([8, 512]): 
The value is the same before and after calling `init_weights` of EncoderDecoder  

backbone.layers.2.blocks.6.token_mixer.sa_op.sampling_offsets.bias - torch.Size([8]): 
The value is the same before and after calling `init_weights` of EncoderDecoder  

backbone.layers.2.blocks.6.cpe2.weight - torch.Size([256, 1, 3, 3]): 
The value is the same before and after calling `init_weights` of EncoderDecoder  

backbone.layers.2.blocks.6.cpe2.bias - torch.Size([256]): 
The value is the same before and after calling `init_weights` of EncoderDecoder  

backbone.layers.2.blocks.6.norm2.weight - torch.Size([256]): 
The value is the same before and after calling `init_weights` of EncoderDecoder  

backbone.layers.2.blocks.6.norm2.bias - torch.Size([256]): 
The value is the same before and after calling `init_weights` of EncoderDecoder  

backbone.layers.2.blocks.6.mlp.fc1.weight - torch.Size([1024, 256]): 
The value is the same before and after calling `init_weights` of EncoderDecoder  

backbone.layers.2.blocks.6.mlp.fc1.bias - torch.Size([1024]): 
The value is the same before and after calling `init_weights` of EncoderDecoder  

backbone.layers.2.blocks.6.mlp.fc2.weight - torch.Size([256, 1024]): 
The value is the same before and after calling `init_weights` of EncoderDecoder  

backbone.layers.2.blocks.6.mlp.fc2.bias - torch.Size([256]): 
The value is the same before and after calling `init_weights` of EncoderDecoder  

backbone.layers.2.blocks.7.cpe1.weight - torch.Size([256, 1, 3, 3]): 
The value is the same before and after calling `init_weights` of EncoderDecoder  

backbone.layers.2.blocks.7.cpe1.bias - torch.Size([256]): 
The value is the same before and after calling `init_weights` of EncoderDecoder  

backbone.layers.2.blocks.7.norm1.weight - torch.Size([256]): 
The value is the same before and after calling `init_weights` of EncoderDecoder  

backbone.layers.2.blocks.7.norm1.bias - torch.Size([256]): 
The value is the same before and after calling `init_weights` of EncoderDecoder  

backbone.layers.2.blocks.7.token_mixer.dt_bias - torch.Size([8]): 
The value is the same before and after calling `init_weights` of EncoderDecoder  

backbone.layers.2.blocks.7.token_mixer.A_log - torch.Size([512]): 
The value is the same before and after calling `init_weights` of EncoderDecoder  

backbone.layers.2.blocks.7.token_mixer.D - torch.Size([8]): 
The value is the same before and after calling `init_weights` of EncoderDecoder  

backbone.layers.2.blocks.7.token_mixer.in_proj.weight - torch.Size([1160, 256]): 
The value is the same before and after calling `init_weights` of EncoderDecoder  

backbone.layers.2.blocks.7.token_mixer.conv2d.weight - torch.Size([640, 1, 3, 3]): 
The value is the same before and after calling `init_weights` of EncoderDecoder  

backbone.layers.2.blocks.7.token_mixer.conv2d.bias - torch.Size([640]): 
The value is the same before and after calling `init_weights` of EncoderDecoder  

backbone.layers.2.blocks.7.token_mixer.norm.weight - torch.Size([512]): 
The value is the same before and after calling `init_weights` of EncoderDecoder  

backbone.layers.2.blocks.7.token_mixer.norm.bias - torch.Size([512]): 
The value is the same before and after calling `init_weights` of EncoderDecoder  

backbone.layers.2.blocks.7.token_mixer.out_proj.weight - torch.Size([256, 512]): 
The value is the same before and after calling `init_weights` of EncoderDecoder  

backbone.layers.2.blocks.7.cpe2.weight - torch.Size([256, 1, 3, 3]): 
The value is the same before and after calling `init_weights` of EncoderDecoder  

backbone.layers.2.blocks.7.cpe2.bias - torch.Size([256]): 
The value is the same before and after calling `init_weights` of EncoderDecoder  

backbone.layers.2.blocks.7.norm2.weight - torch.Size([256]): 
The value is the same before and after calling `init_weights` of EncoderDecoder  

backbone.layers.2.blocks.7.norm2.bias - torch.Size([256]): 
The value is the same before and after calling `init_weights` of EncoderDecoder  

backbone.layers.2.blocks.7.mlp.fc1.weight - torch.Size([1024, 256]): 
The value is the same before and after calling `init_weights` of EncoderDecoder  

backbone.layers.2.blocks.7.mlp.fc1.bias - torch.Size([1024]): 
The value is the same before and after calling `init_weights` of EncoderDecoder  

backbone.layers.2.blocks.7.mlp.fc2.weight - torch.Size([256, 1024]): 
The value is the same before and after calling `init_weights` of EncoderDecoder  

backbone.layers.2.blocks.7.mlp.fc2.bias - torch.Size([256]): 
The value is the same before and after calling `init_weights` of EncoderDecoder  

backbone.layers.2.downsample.conv.0.conv.weight - torch.Size([2048, 256, 1, 1]): 
The value is the same before and after calling `init_weights` of EncoderDecoder  

backbone.layers.2.downsample.conv.0.conv.bias - torch.Size([2048]): 
The value is the same before and after calling `init_weights` of EncoderDecoder  

backbone.layers.2.downsample.conv.1.conv.weight - torch.Size([2048, 1, 3, 3]): 
The value is the same before and after calling `init_weights` of EncoderDecoder  

backbone.layers.2.downsample.conv.1.conv.bias - torch.Size([2048]): 
The value is the same before and after calling `init_weights` of EncoderDecoder  

backbone.layers.2.downsample.conv.2.conv.weight - torch.Size([512, 2048, 1, 1]): 
The value is the same before and after calling `init_weights` of EncoderDecoder  

backbone.layers.2.downsample.conv.2.conv.bias - torch.Size([512]): 
The value is the same before and after calling `init_weights` of EncoderDecoder  

backbone.layers.2.downsample.conv.2.norm.weight - torch.Size([512]): 
The value is the same before and after calling `init_weights` of EncoderDecoder  

backbone.layers.2.downsample.conv.2.norm.bias - torch.Size([512]): 
The value is the same before and after calling `init_weights` of EncoderDecoder  

backbone.layers.3.blocks.0.cpe1.weight - torch.Size([512, 1, 3, 3]): 
The value is the same before and after calling `init_weights` of EncoderDecoder  

backbone.layers.3.blocks.0.cpe1.bias - torch.Size([512]): 
The value is the same before and after calling `init_weights` of EncoderDecoder  

backbone.layers.3.blocks.0.norm1.weight - torch.Size([512]): 
The value is the same before and after calling `init_weights` of EncoderDecoder  

backbone.layers.3.blocks.0.norm1.bias - torch.Size([512]): 
The value is the same before and after calling `init_weights` of EncoderDecoder  

backbone.layers.3.blocks.0.token_mixer.to_qkv.weight - torch.Size([1536, 512]): 
The value is the same before and after calling `init_weights` of EncoderDecoder  

backbone.layers.3.blocks.0.token_mixer.to_out.weight - torch.Size([512, 512]): 
The value is the same before and after calling `init_weights` of EncoderDecoder  

backbone.layers.3.blocks.0.token_mixer.to_out.bias - torch.Size([512]): 
The value is the same before and after calling `init_weights` of EncoderDecoder  

backbone.layers.3.blocks.0.cpe2.weight - torch.Size([512, 1, 3, 3]): 
The value is the same before and after calling `init_weights` of EncoderDecoder  

backbone.layers.3.blocks.0.cpe2.bias - torch.Size([512]): 
The value is the same before and after calling `init_weights` of EncoderDecoder  

backbone.layers.3.blocks.0.norm2.weight - torch.Size([512]): 
The value is the same before and after calling `init_weights` of EncoderDecoder  

backbone.layers.3.blocks.0.norm2.bias - torch.Size([512]): 
The value is the same before and after calling `init_weights` of EncoderDecoder  

backbone.layers.3.blocks.0.mlp.fc1.weight - torch.Size([2048, 512]): 
The value is the same before and after calling `init_weights` of EncoderDecoder  

backbone.layers.3.blocks.0.mlp.fc1.bias - torch.Size([2048]): 
The value is the same before and after calling `init_weights` of EncoderDecoder  

backbone.layers.3.blocks.0.mlp.fc2.weight - torch.Size([512, 2048]): 
The value is the same before and after calling `init_weights` of EncoderDecoder  

backbone.layers.3.blocks.0.mlp.fc2.bias - torch.Size([512]): 
The value is the same before and after calling `init_weights` of EncoderDecoder  

backbone.layers.3.blocks.1.cpe1.weight - torch.Size([512, 1, 3, 3]): 
The value is the same before and after calling `init_weights` of EncoderDecoder  

backbone.layers.3.blocks.1.cpe1.bias - torch.Size([512]): 
The value is the same before and after calling `init_weights` of EncoderDecoder  

backbone.layers.3.blocks.1.norm1.weight - torch.Size([512]): 
The value is the same before and after calling `init_weights` of EncoderDecoder  

backbone.layers.3.blocks.1.norm1.bias - torch.Size([512]): 
The value is the same before and after calling `init_weights` of EncoderDecoder  

backbone.layers.3.blocks.1.token_mixer.to_qkv.weight - torch.Size([1536, 512]): 
The value is the same before and after calling `init_weights` of EncoderDecoder  

backbone.layers.3.blocks.1.token_mixer.to_out.weight - torch.Size([512, 512]): 
The value is the same before and after calling `init_weights` of EncoderDecoder  

backbone.layers.3.blocks.1.token_mixer.to_out.bias - torch.Size([512]): 
The value is the same before and after calling `init_weights` of EncoderDecoder  

backbone.layers.3.blocks.1.cpe2.weight - torch.Size([512, 1, 3, 3]): 
The value is the same before and after calling `init_weights` of EncoderDecoder  

backbone.layers.3.blocks.1.cpe2.bias - torch.Size([512]): 
The value is the same before and after calling `init_weights` of EncoderDecoder  

backbone.layers.3.blocks.1.norm2.weight - torch.Size([512]): 
The value is the same before and after calling `init_weights` of EncoderDecoder  

backbone.layers.3.blocks.1.norm2.bias - torch.Size([512]): 
The value is the same before and after calling `init_weights` of EncoderDecoder  

backbone.layers.3.blocks.1.mlp.fc1.weight - torch.Size([2048, 512]): 
The value is the same before and after calling `init_weights` of EncoderDecoder  

backbone.layers.3.blocks.1.mlp.fc1.bias - torch.Size([2048]): 
The value is the same before and after calling `init_weights` of EncoderDecoder  

backbone.layers.3.blocks.1.mlp.fc2.weight - torch.Size([512, 2048]): 
The value is the same before and after calling `init_weights` of EncoderDecoder  

backbone.layers.3.blocks.1.mlp.fc2.bias - torch.Size([512]): 
The value is the same before and after calling `init_weights` of EncoderDecoder  

backbone.layers.3.blocks.2.cpe1.weight - torch.Size([512, 1, 3, 3]): 
The value is the same before and after calling `init_weights` of EncoderDecoder  

backbone.layers.3.blocks.2.cpe1.bias - torch.Size([512]): 
The value is the same before and after calling `init_weights` of EncoderDecoder  

backbone.layers.3.blocks.2.norm1.weight - torch.Size([512]): 
The value is the same before and after calling `init_weights` of EncoderDecoder  

backbone.layers.3.blocks.2.norm1.bias - torch.Size([512]): 
The value is the same before and after calling `init_weights` of EncoderDecoder  

backbone.layers.3.blocks.2.token_mixer.to_qkv.weight - torch.Size([1536, 512]): 
The value is the same before and after calling `init_weights` of EncoderDecoder  

backbone.layers.3.blocks.2.token_mixer.to_out.weight - torch.Size([512, 512]): 
The value is the same before and after calling `init_weights` of EncoderDecoder  

backbone.layers.3.blocks.2.token_mixer.to_out.bias - torch.Size([512]): 
The value is the same before and after calling `init_weights` of EncoderDecoder  

backbone.layers.3.blocks.2.cpe2.weight - torch.Size([512, 1, 3, 3]): 
The value is the same before and after calling `init_weights` of EncoderDecoder  

backbone.layers.3.blocks.2.cpe2.bias - torch.Size([512]): 
The value is the same before and after calling `init_weights` of EncoderDecoder  

backbone.layers.3.blocks.2.norm2.weight - torch.Size([512]): 
The value is the same before and after calling `init_weights` of EncoderDecoder  

backbone.layers.3.blocks.2.norm2.bias - torch.Size([512]): 
The value is the same before and after calling `init_weights` of EncoderDecoder  

backbone.layers.3.blocks.2.mlp.fc1.weight - torch.Size([2048, 512]): 
The value is the same before and after calling `init_weights` of EncoderDecoder  

backbone.layers.3.blocks.2.mlp.fc1.bias - torch.Size([2048]): 
The value is the same before and after calling `init_weights` of EncoderDecoder  

backbone.layers.3.blocks.2.mlp.fc2.weight - torch.Size([512, 2048]): 
The value is the same before and after calling `init_weights` of EncoderDecoder  

backbone.layers.3.blocks.2.mlp.fc2.bias - torch.Size([512]): 
The value is the same before and after calling `init_weights` of EncoderDecoder  

backbone.layers.3.blocks.3.cpe1.weight - torch.Size([512, 1, 3, 3]): 
The value is the same before and after calling `init_weights` of EncoderDecoder  

backbone.layers.3.blocks.3.cpe1.bias - torch.Size([512]): 
The value is the same before and after calling `init_weights` of EncoderDecoder  

backbone.layers.3.blocks.3.norm1.weight - torch.Size([512]): 
The value is the same before and after calling `init_weights` of EncoderDecoder  

backbone.layers.3.blocks.3.norm1.bias - torch.Size([512]): 
The value is the same before and after calling `init_weights` of EncoderDecoder  

backbone.layers.3.blocks.3.token_mixer.to_qkv.weight - torch.Size([1536, 512]): 
The value is the same before and after calling `init_weights` of EncoderDecoder  

backbone.layers.3.blocks.3.token_mixer.to_out.weight - torch.Size([512, 512]): 
The value is the same before and after calling `init_weights` of EncoderDecoder  

backbone.layers.3.blocks.3.token_mixer.to_out.bias - torch.Size([512]): 
The value is the same before and after calling `init_weights` of EncoderDecoder  

backbone.layers.3.blocks.3.cpe2.weight - torch.Size([512, 1, 3, 3]): 
The value is the same before and after calling `init_weights` of EncoderDecoder  

backbone.layers.3.blocks.3.cpe2.bias - torch.Size([512]): 
The value is the same before and after calling `init_weights` of EncoderDecoder  

backbone.layers.3.blocks.3.norm2.weight - torch.Size([512]): 
The value is the same before and after calling `init_weights` of EncoderDecoder  

backbone.layers.3.blocks.3.norm2.bias - torch.Size([512]): 
The value is the same before and after calling `init_weights` of EncoderDecoder  

backbone.layers.3.blocks.3.mlp.fc1.weight - torch.Size([2048, 512]): 
The value is the same before and after calling `init_weights` of EncoderDecoder  

backbone.layers.3.blocks.3.mlp.fc1.bias - torch.Size([2048]): 
The value is the same before and after calling `init_weights` of EncoderDecoder  

backbone.layers.3.blocks.3.mlp.fc2.weight - torch.Size([512, 2048]): 
The value is the same before and after calling `init_weights` of EncoderDecoder  

backbone.layers.3.blocks.3.mlp.fc2.bias - torch.Size([512]): 
The value is the same before and after calling `init_weights` of EncoderDecoder  

backbone.outnorm0.weight - torch.Size([64]): 
The value is the same before and after calling `init_weights` of EncoderDecoder  

backbone.outnorm0.bias - torch.Size([64]): 
The value is the same before and after calling `init_weights` of EncoderDecoder  

backbone.outnorm1.weight - torch.Size([128]): 
The value is the same before and after calling `init_weights` of EncoderDecoder  

backbone.outnorm1.bias - torch.Size([128]): 
The value is the same before and after calling `init_weights` of EncoderDecoder  

backbone.outnorm2.weight - torch.Size([256]): 
The value is the same before and after calling `init_weights` of EncoderDecoder  

backbone.outnorm2.bias - torch.Size([256]): 
The value is the same before and after calling `init_weights` of EncoderDecoder  

backbone.outnorm3.weight - torch.Size([512]): 
The value is the same before and after calling `init_weights` of EncoderDecoder  

backbone.outnorm3.bias - torch.Size([512]): 
The value is the same before and after calling `init_weights` of EncoderDecoder  

decode_head.conv_seg.weight - torch.Size([150, 512, 1, 1]): 
NormalInit: mean=0, std=0.01, bias=0 

decode_head.conv_seg.bias - torch.Size([150]): 
NormalInit: mean=0, std=0.01, bias=0 

decode_head.psp_modules.0.1.conv.weight - torch.Size([512, 512, 1, 1]): 
The value is the same before and after calling `init_weights` of EncoderDecoder  

decode_head.psp_modules.0.1.bn.weight - torch.Size([512]): 
The value is the same before and after calling `init_weights` of EncoderDecoder  

decode_head.psp_modules.0.1.bn.bias - torch.Size([512]): 
The value is the same before and after calling `init_weights` of EncoderDecoder  

decode_head.psp_modules.1.1.conv.weight - torch.Size([512, 512, 1, 1]): 
The value is the same before and after calling `init_weights` of EncoderDecoder  

decode_head.psp_modules.1.1.bn.weight - torch.Size([512]): 
The value is the same before and after calling `init_weights` of EncoderDecoder  

decode_head.psp_modules.1.1.bn.bias - torch.Size([512]): 
The value is the same before and after calling `init_weights` of EncoderDecoder  

decode_head.psp_modules.2.1.conv.weight - torch.Size([512, 512, 1, 1]): 
The value is the same before and after calling `init_weights` of EncoderDecoder  

decode_head.psp_modules.2.1.bn.weight - torch.Size([512]): 
The value is the same before and after calling `init_weights` of EncoderDecoder  

decode_head.psp_modules.2.1.bn.bias - torch.Size([512]): 
The value is the same before and after calling `init_weights` of EncoderDecoder  

decode_head.psp_modules.3.1.conv.weight - torch.Size([512, 512, 1, 1]): 
The value is the same before and after calling `init_weights` of EncoderDecoder  

decode_head.psp_modules.3.1.bn.weight - torch.Size([512]): 
The value is the same before and after calling `init_weights` of EncoderDecoder  

decode_head.psp_modules.3.1.bn.bias - torch.Size([512]): 
The value is the same before and after calling `init_weights` of EncoderDecoder  

decode_head.bottleneck.conv.weight - torch.Size([512, 2560, 3, 3]): 
Initialized by user-defined `init_weights` in ConvModule  

decode_head.bottleneck.bn.weight - torch.Size([512]): 
The value is the same before and after calling `init_weights` of EncoderDecoder  

decode_head.bottleneck.bn.bias - torch.Size([512]): 
The value is the same before and after calling `init_weights` of EncoderDecoder  

decode_head.lateral_convs.0.conv.weight - torch.Size([512, 64, 1, 1]): 
The value is the same before and after calling `init_weights` of EncoderDecoder  

decode_head.lateral_convs.0.bn.weight - torch.Size([512]): 
The value is the same before and after calling `init_weights` of EncoderDecoder  

decode_head.lateral_convs.0.bn.bias - torch.Size([512]): 
The value is the same before and after calling `init_weights` of EncoderDecoder  

decode_head.lateral_convs.1.conv.weight - torch.Size([512, 128, 1, 1]): 
The value is the same before and after calling `init_weights` of EncoderDecoder  

decode_head.lateral_convs.1.bn.weight - torch.Size([512]): 
The value is the same before and after calling `init_weights` of EncoderDecoder  

decode_head.lateral_convs.1.bn.bias - torch.Size([512]): 
The value is the same before and after calling `init_weights` of EncoderDecoder  

decode_head.lateral_convs.2.conv.weight - torch.Size([512, 256, 1, 1]): 
The value is the same before and after calling `init_weights` of EncoderDecoder  

decode_head.lateral_convs.2.bn.weight - torch.Size([512]): 
The value is the same before and after calling `init_weights` of EncoderDecoder  

decode_head.lateral_convs.2.bn.bias - torch.Size([512]): 
The value is the same before and after calling `init_weights` of EncoderDecoder  

decode_head.fpn_convs.0.conv.weight - torch.Size([512, 512, 3, 3]): 
The value is the same before and after calling `init_weights` of EncoderDecoder  

decode_head.fpn_convs.0.bn.weight - torch.Size([512]): 
The value is the same before and after calling `init_weights` of EncoderDecoder  

decode_head.fpn_convs.0.bn.bias - torch.Size([512]): 
The value is the same before and after calling `init_weights` of EncoderDecoder  

decode_head.fpn_convs.1.conv.weight - torch.Size([512, 512, 3, 3]): 
The value is the same before and after calling `init_weights` of EncoderDecoder  

decode_head.fpn_convs.1.bn.weight - torch.Size([512]): 
The value is the same before and after calling `init_weights` of EncoderDecoder  

decode_head.fpn_convs.1.bn.bias - torch.Size([512]): 
The value is the same before and after calling `init_weights` of EncoderDecoder  

decode_head.fpn_convs.2.conv.weight - torch.Size([512, 512, 3, 3]): 
The value is the same before and after calling `init_weights` of EncoderDecoder  

decode_head.fpn_convs.2.bn.weight - torch.Size([512]): 
The value is the same before and after calling `init_weights` of EncoderDecoder  

decode_head.fpn_convs.2.bn.bias - torch.Size([512]): 
The value is the same before and after calling `init_weights` of EncoderDecoder  

decode_head.fpn_bottleneck.conv.weight - torch.Size([512, 2048, 3, 3]): 
Initialized by user-defined `init_weights` in ConvModule  

decode_head.fpn_bottleneck.bn.weight - torch.Size([512]): 
The value is the same before and after calling `init_weights` of EncoderDecoder  

decode_head.fpn_bottleneck.bn.bias - torch.Size([512]): 
The value is the same before and after calling `init_weights` of EncoderDecoder  

auxiliary_head.conv_seg.weight - torch.Size([150, 256, 1, 1]): 
NormalInit: mean=0, std=0.01, bias=0 

auxiliary_head.conv_seg.bias - torch.Size([150]): 
NormalInit: mean=0, std=0.01, bias=0 

auxiliary_head.convs.0.conv.weight - torch.Size([256, 256, 3, 3]): 
The value is the same before and after calling `init_weights` of EncoderDecoder  

auxiliary_head.convs.0.bn.weight - torch.Size([256]): 
The value is the same before and after calling `init_weights` of EncoderDecoder  

auxiliary_head.convs.0.bn.bias - torch.Size([256]): 
The value is the same before and after calling `init_weights` of EncoderDecoder  
2026/04/24 17:36:51 - mmengine - INFO - Auto resumed from the latest checkpoint /home/jlx_75/PVMamba_cifar10_base/segmentation/work_dirs/pvmamba_tiny_upernet_ade20k_base/iter_2000.pth.
2026/04/24 17:36:52 - mmengine - INFO - Load checkpoint from /home/jlx_75/PVMamba_cifar10_base/segmentation/work_dirs/pvmamba_tiny_upernet_ade20k_base/iter_2000.pth
2026/04/24 17:36:52 - mmengine - INFO - resumed epoch: 0, iter: 2000
2026/04/24 17:36:52 - mmengine - WARNING - "FileClient" will be deprecated in future. Please use io functions in https://mmengine.readthedocs.io/en/latest/api/fileio.html#file-io
2026/04/24 17:36:52 - mmengine - WARNING - "HardDiskBackend" is the alias of "LocalBackend" and the former will be deprecated in future.
2026/04/24 17:36:52 - mmengine - INFO - Checkpoints will be saved to /home/jlx_75/PVMamba_cifar10_base/segmentation/work_dirs/pvmamba_tiny_upernet_ade20k_base.
2026/04/24 17:36:52 - mmengine - WARNING - Advance dataloader 2000 steps to skip data that has already been trained
2026/04/24 17:37:27 - mmengine - INFO - Iter(train) [2020/8000]  lr: 4.7846e-05  eta: 2:57:22  time: 0.2878  data_time: 0.0053  memory: 10791  loss: 3.3162  decode.loss_ce: 2.3405  decode.acc_seg: 23.4142  aux.loss_ce: 0.9757  aux.acc_seg: 23.2994
2026/04/24 17:37:33 - mmengine - INFO - Iter(train) [2040/8000]  lr: 4.7686e-05  eta: 1:42:34  time: 0.2861  data_time: 0.0047  memory: 5975  loss: 3.5854  decode.loss_ce: 2.5294  decode.acc_seg: 15.1340  aux.loss_ce: 1.0559  aux.acc_seg: 11.8405
2026/04/24 17:37:39 - mmengine - INFO - Iter(train) [2060/8000]  lr: 4.7526e-05  eta: 1:17:36  time: 0.2856  data_time: 0.0047  memory: 5975  loss: 3.4082  decode.loss_ce: 2.3984  decode.acc_seg: 55.2439  aux.loss_ce: 1.0097  aux.acc_seg: 40.5250
2026/04/24 17:37:44 - mmengine - INFO - Iter(train) [2080/8000]  lr: 4.7366e-05  eta: 1:05:04  time: 0.2869  data_time: 0.0050  memory: 5975  loss: 2.8759  decode.loss_ce: 2.0013  decode.acc_seg: 37.4053  aux.loss_ce: 0.8745  aux.acc_seg: 33.1727
2026/04/24 17:37:50 - mmengine - INFO - Iter(train) [2100/8000]  lr: 4.7206e-05  eta: 0:57:33  time: 0.2879  data_time: 0.0050  memory: 5975  loss: 3.1961  decode.loss_ce: 2.2136  decode.acc_seg: 35.2938  aux.loss_ce: 0.9825  aux.acc_seg: 23.1300
2026/04/24 17:37:56 - mmengine - INFO - Iter(train) [2120/8000]  lr: 4.7046e-05  eta: 0:52:30  time: 0.2898  data_time: 0.0051  memory: 5975  loss: 3.7231  decode.loss_ce: 2.6279  decode.acc_seg: 44.6593  aux.loss_ce: 1.0952  aux.acc_seg: 33.2983
2026/04/24 17:38:02 - mmengine - INFO - Iter(train) [2140/8000]  lr: 4.6886e-05  eta: 0:48:54  time: 0.2897  data_time: 0.0051  memory: 5975  loss: 3.8649  decode.loss_ce: 2.7393  decode.acc_seg: 37.7365  aux.loss_ce: 1.1256  aux.acc_seg: 27.2476
2026/04/24 17:38:08 - mmengine - INFO - Iter(train) [2160/8000]  lr: 4.6726e-05  eta: 0:46:14  time: 0.2895  data_time: 0.0050  memory: 5975  loss: 3.9776  decode.loss_ce: 2.7728  decode.acc_seg: 19.3728  aux.loss_ce: 1.2049  aux.acc_seg: 8.8819
2026/04/24 17:38:13 - mmengine - INFO - Iter(train) [2180/8000]  lr: 4.6566e-05  eta: 0:44:06  time: 0.2911  data_time: 0.0049  memory: 5975  loss: 3.1354  decode.loss_ce: 2.1846  decode.acc_seg: 63.2197  aux.loss_ce: 0.9508  aux.acc_seg: 59.0323
2026/04/24 17:38:19 - mmengine - INFO - Iter(train) [2200/8000]  lr: 4.6406e-05  eta: 0:42:22  time: 0.2915  data_time: 0.0048  memory: 5975  loss: 3.2135  decode.loss_ce: 2.2642  decode.acc_seg: 36.1765  aux.loss_ce: 0.9493  aux.acc_seg: 20.8443
2026/04/24 17:38:25 - mmengine - INFO - Iter(train) [2220/8000]  lr: 4.6246e-05  eta: 0:40:58  time: 0.2952  data_time: 0.0047  memory: 5975  loss: 3.3224  decode.loss_ce: 2.3050  decode.acc_seg: 31.7249  aux.loss_ce: 1.0174  aux.acc_seg: 21.4975
2026/04/24 17:38:31 - mmengine - INFO - Iter(train) [2240/8000]  lr: 4.6086e-05  eta: 0:39:46  time: 0.2943  data_time: 0.0046  memory: 5975  loss: 3.0616  decode.loss_ce: 2.1563  decode.acc_seg: 27.3234  aux.loss_ce: 0.9053  aux.acc_seg: 15.6233
2026/04/24 17:38:37 - mmengine - INFO - Iter(train) [2260/8000]  lr: 4.5926e-05  eta: 0:38:47  time: 0.3007  data_time: 0.0049  memory: 5974  loss: 3.5422  decode.loss_ce: 2.4849  decode.acc_seg: 25.4981  aux.loss_ce: 1.0572  aux.acc_seg: 23.5635
2026/04/24 17:38:43 - mmengine - INFO - Iter(train) [2280/8000]  lr: 4.5766e-05  eta: 0:37:54  time: 0.2954  data_time: 0.0051  memory: 5975  loss: 3.8987  decode.loss_ce: 2.7426  decode.acc_seg: 31.1564  aux.loss_ce: 1.1561  aux.acc_seg: 34.1303
2026/04/24 17:38:49 - mmengine - INFO - Iter(train) [2300/8000]  lr: 4.5606e-05  eta: 0:37:08  time: 0.2968  data_time: 0.0049  memory: 5975  loss: 3.6815  decode.loss_ce: 2.5809  decode.acc_seg: 41.1564  aux.loss_ce: 1.1005  aux.acc_seg: 28.5691
2026/04/24 17:38:55 - mmengine - INFO - Iter(train) [2320/8000]  lr: 4.5446e-05  eta: 0:36:27  time: 0.2969  data_time: 0.0049  memory: 5975  loss: 2.8684  decode.loss_ce: 1.9925  decode.acc_seg: 12.4967  aux.loss_ce: 0.8759  aux.acc_seg: 9.4923
2026/04/24 17:39:01 - mmengine - INFO - Iter(train) [2340/8000]  lr: 4.5286e-05  eta: 0:35:50  time: 0.2989  data_time: 0.0049  memory: 5974  loss: 3.6680  decode.loss_ce: 2.5872  decode.acc_seg: 28.8461  aux.loss_ce: 1.0808  aux.acc_seg: 24.1445
2026/04/24 17:39:07 - mmengine - INFO - Iter(train) [2360/8000]  lr: 4.5126e-05  eta: 0:35:17  time: 0.2985  data_time: 0.0050  memory: 5975  loss: 3.4654  decode.loss_ce: 2.4338  decode.acc_seg: 41.6966  aux.loss_ce: 1.0315  aux.acc_seg: 31.1224
2026/04/24 17:39:13 - mmengine - INFO - Iter(train) [2380/8000]  lr: 4.4966e-05  eta: 0:34:47  time: 0.2998  data_time: 0.0049  memory: 5975  loss: 3.4966  decode.loss_ce: 2.4575  decode.acc_seg: 24.0766  aux.loss_ce: 1.0391  aux.acc_seg: 13.9549
2026/04/24 17:39:19 - mmengine - INFO - Iter(train) [2400/8000]  lr: 4.4806e-05  eta: 0:34:22  time: 0.2997  data_time: 0.0049  memory: 5974  loss: 3.0678  decode.loss_ce: 2.1431  decode.acc_seg: 37.1369  aux.loss_ce: 0.9248  aux.acc_seg: 33.2747
2026/04/24 17:39:25 - mmengine - INFO - Iter(train) [2420/8000]  lr: 4.4646e-05  eta: 0:33:56  time: 0.3005  data_time: 0.0048  memory: 5975  loss: 3.1574  decode.loss_ce: 2.2209  decode.acc_seg: 48.3003  aux.loss_ce: 0.9365  aux.acc_seg: 46.0856
2026/04/24 17:39:31 - mmengine - INFO - Iter(train) [2440/8000]  lr: 4.4486e-05  eta: 0:33:32  time: 0.2990  data_time: 0.0049  memory: 5975  loss: 3.6247  decode.loss_ce: 2.5230  decode.acc_seg: 45.4420  aux.loss_ce: 1.1018  aux.acc_seg: 30.3632
2026/04/24 17:39:37 - mmengine - INFO - Iter(train) [2460/8000]  lr: 4.4326e-05  eta: 0:33:10  time: 0.2991  data_time: 0.0049  memory: 5975  loss: 3.5119  decode.loss_ce: 2.4269  decode.acc_seg: 20.7871  aux.loss_ce: 1.0850  aux.acc_seg: 16.2835
2026/04/24 17:39:43 - mmengine - INFO - Iter(train) [2480/8000]  lr: 4.4166e-05  eta: 0:32:50  time: 0.2993  data_time: 0.0049  memory: 5975  loss: 2.8013  decode.loss_ce: 1.9490  decode.acc_seg: 29.8367  aux.loss_ce: 0.8523  aux.acc_seg: 48.0630
2026/04/24 17:39:49 - mmengine - INFO - Iter(train) [2500/8000]  lr: 4.4006e-05  eta: 0:32:31  time: 0.3047  data_time: 0.0049  memory: 5975  loss: 3.3717  decode.loss_ce: 2.3473  decode.acc_seg: 8.9295  aux.loss_ce: 1.0243  aux.acc_seg: 6.5486
2026/04/24 17:39:55 - mmengine - INFO - Iter(train) [2520/8000]  lr: 4.3846e-05  eta: 0:32:13  time: 0.3001  data_time: 0.0050  memory: 5975  loss: 3.3150  decode.loss_ce: 2.3117  decode.acc_seg: 39.3108  aux.loss_ce: 1.0032  aux.acc_seg: 25.7895
2026/04/24 17:40:01 - mmengine - INFO - Iter(train) [2540/8000]  lr: 4.3686e-05  eta: 0:31:55  time: 0.3003  data_time: 0.0049  memory: 5975  loss: 3.3622  decode.loss_ce: 2.3525  decode.acc_seg: 45.4340  aux.loss_ce: 1.0097  aux.acc_seg: 46.3437
2026/04/24 17:40:07 - mmengine - INFO - Iter(train) [2560/8000]  lr: 4.3526e-05  eta: 0:31:39  time: 0.3037  data_time: 0.0049  memory: 5975  loss: 3.4048  decode.loss_ce: 2.3669  decode.acc_seg: 46.0300  aux.loss_ce: 1.0378  aux.acc_seg: 30.8175
2026/04/24 17:40:13 - mmengine - INFO - Iter(train) [2580/8000]  lr: 4.3366e-05  eta: 0:31:23  time: 0.3008  data_time: 0.0052  memory: 5975  loss: 3.2359  decode.loss_ce: 2.2583  decode.acc_seg: 32.2926  aux.loss_ce: 0.9775  aux.acc_seg: 25.4031
2026/04/24 17:40:19 - mmengine - INFO - Iter(train) [2600/8000]  lr: 4.3206e-05  eta: 0:31:08  time: 0.3002  data_time: 0.0051  memory: 5975  loss: 3.5070  decode.loss_ce: 2.4395  decode.acc_seg: 26.9204  aux.loss_ce: 1.0676  aux.acc_seg: 31.6647
2026/04/24 17:40:25 - mmengine - INFO - Iter(train) [2620/8000]  lr: 4.3046e-05  eta: 0:30:53  time: 0.3005  data_time: 0.0050  memory: 5975  loss: 3.9609  decode.loss_ce: 2.7732  decode.acc_seg: 17.7769  aux.loss_ce: 1.1876  aux.acc_seg: 20.1150
2026/04/24 17:40:31 - mmengine - INFO - Iter(train) [2640/8000]  lr: 4.2886e-05  eta: 0:30:39  time: 0.3030  data_time: 0.0050  memory: 5975  loss: 3.6008  decode.loss_ce: 2.5268  decode.acc_seg: 43.6828  aux.loss_ce: 1.0740  aux.acc_seg: 44.1807
2026/04/24 17:40:37 - mmengine - INFO - Iter(train) [2660/8000]  lr: 4.2726e-05  eta: 0:30:26  time: 0.2997  data_time: 0.0049  memory: 5975  loss: 3.6837  decode.loss_ce: 2.5941  decode.acc_seg: 47.4080  aux.loss_ce: 1.0896  aux.acc_seg: 47.7467
2026/04/24 17:40:43 - mmengine - INFO - Iter(train) [2680/8000]  lr: 4.2566e-05  eta: 0:30:12  time: 0.3012  data_time: 0.0050  memory: 5975  loss: 2.8666  decode.loss_ce: 2.0073  decode.acc_seg: 28.1694  aux.loss_ce: 0.8593  aux.acc_seg: 24.3596
2026/04/24 17:40:49 - mmengine - INFO - Iter(train) [2700/8000]  lr: 4.2406e-05  eta: 0:29:59  time: 0.3008  data_time: 0.0050  memory: 5975  loss: 3.2548  decode.loss_ce: 2.2914  decode.acc_seg: 64.3280  aux.loss_ce: 0.9634  aux.acc_seg: 42.5435
2026/04/24 17:40:55 - mmengine - INFO - Iter(train) [2720/8000]  lr: 4.2246e-05  eta: 0:29:47  time: 0.2998  data_time: 0.0049  memory: 5975  loss: 3.5750  decode.loss_ce: 2.4863  decode.acc_seg: 24.8586  aux.loss_ce: 1.0887  aux.acc_seg: 26.2472
2026/04/24 17:41:01 - mmengine - INFO - Iter(train) [2740/8000]  lr: 4.2086e-05  eta: 0:29:35  time: 0.3005  data_time: 0.0050  memory: 5975  loss: 3.3459  decode.loss_ce: 2.3141  decode.acc_seg: 28.8176  aux.loss_ce: 1.0318  aux.acc_seg: 24.8103
2026/04/24 17:41:07 - mmengine - INFO - Iter(train) [2760/8000]  lr: 4.1926e-05  eta: 0:29:23  time: 0.3000  data_time: 0.0049  memory: 5975  loss: 3.1768  decode.loss_ce: 2.2145  decode.acc_seg: 33.9270  aux.loss_ce: 0.9623  aux.acc_seg: 18.2611
2026/04/24 17:41:13 - mmengine - INFO - Iter(train) [2780/8000]  lr: 4.1766e-05  eta: 0:29:12  time: 0.3017  data_time: 0.0050  memory: 5975  loss: 3.7561  decode.loss_ce: 2.6392  decode.acc_seg: 20.2147  aux.loss_ce: 1.1170  aux.acc_seg: 16.2389
2026/04/24 17:41:19 - mmengine - INFO - Iter(train) [2800/8000]  lr: 4.1606e-05  eta: 0:29:00  time: 0.2999  data_time: 0.0049  memory: 5975  loss: 2.6712  decode.loss_ce: 1.8402  decode.acc_seg: 69.1043  aux.loss_ce: 0.8309  aux.acc_seg: 63.7311
2026/04/24 17:41:25 - mmengine - INFO - Iter(train) [2820/8000]  lr: 4.1446e-05  eta: 0:28:49  time: 0.3019  data_time: 0.0050  memory: 5975  loss: 3.0514  decode.loss_ce: 2.0944  decode.acc_seg: 22.3011  aux.loss_ce: 0.9570  aux.acc_seg: 22.4082
2026/04/24 17:41:32 - mmengine - INFO - Iter(train) [2840/8000]  lr: 4.1286e-05  eta: 0:28:39  time: 0.2988  data_time: 0.0047  memory: 5975  loss: 2.5646  decode.loss_ce: 1.7775  decode.acc_seg: 70.6840  aux.loss_ce: 0.7871  aux.acc_seg: 51.1449
2026/04/24 17:41:38 - mmengine - INFO - Iter(train) [2860/8000]  lr: 4.1125e-05  eta: 0:28:28  time: 0.3016  data_time: 0.0048  memory: 5975  loss: 3.4631  decode.loss_ce: 2.4241  decode.acc_seg: 61.9425  aux.loss_ce: 1.0390  aux.acc_seg: 54.6362
2026/04/24 17:41:44 - mmengine - INFO - Iter(train) [2880/8000]  lr: 4.0965e-05  eta: 0:28:18  time: 0.3017  data_time: 0.0048  memory: 5975  loss: 2.6101  decode.loss_ce: 1.8168  decode.acc_seg: 29.3564  aux.loss_ce: 0.7934  aux.acc_seg: 33.3033
2026/04/24 17:41:50 - mmengine - INFO - Iter(train) [2900/8000]  lr: 4.0805e-05  eta: 0:28:08  time: 0.3006  data_time: 0.0049  memory: 5974  loss: 3.3741  decode.loss_ce: 2.3677  decode.acc_seg: 32.5164  aux.loss_ce: 1.0064  aux.acc_seg: 33.6888
2026/04/24 17:41:56 - mmengine - INFO - Iter(train) [2920/8000]  lr: 4.0645e-05  eta: 0:27:58  time: 0.3016  data_time: 0.0049  memory: 5974  loss: 2.6761  decode.loss_ce: 1.8396  decode.acc_seg: 46.5545  aux.loss_ce: 0.8364  aux.acc_seg: 33.5634
2026/04/24 17:42:02 - mmengine - INFO - Iter(train) [2940/8000]  lr: 4.0485e-05  eta: 0:27:49  time: 0.3014  data_time: 0.0049  memory: 5975  loss: 3.5645  decode.loss_ce: 2.5019  decode.acc_seg: 64.5339  aux.loss_ce: 1.0626  aux.acc_seg: 60.2810
2026/04/24 17:42:08 - mmengine - INFO - Iter(train) [2960/8000]  lr: 4.0325e-05  eta: 0:27:39  time: 0.3015  data_time: 0.0049  memory: 5975  loss: 2.9514  decode.loss_ce: 2.0751  decode.acc_seg: 62.3908  aux.loss_ce: 0.8764  aux.acc_seg: 57.8984
2026/04/24 17:42:14 - mmengine - INFO - Iter(train) [2980/8000]  lr: 4.0165e-05  eta: 0:27:30  time: 0.3034  data_time: 0.0051  memory: 5975  loss: 3.2069  decode.loss_ce: 2.2596  decode.acc_seg: 26.3009  aux.loss_ce: 0.9473  aux.acc_seg: 29.5156
2026/04/24 17:42:20 - mmengine - INFO - Exp name: pvmamba_tiny_upernet_ade20k_base_20260424_173648
2026/04/24 17:42:20 - mmengine - INFO - Iter(train) [3000/8000]  lr: 4.0005e-05  eta: 0:27:21  time: 0.3082  data_time: 0.0050  memory: 5975  loss: 3.1488  decode.loss_ce: 2.2106  decode.acc_seg: 26.4428  aux.loss_ce: 0.9382  aux.acc_seg: 27.9711
2026/04/24 17:42:20 - mmengine - INFO - Saving checkpoint at 3000 iterations
2026/04/24 17:42:28 - mmengine - INFO - Iter(val) [  20/2000]    eta: 0:11:11  time: 0.2764  data_time: 0.0017  memory: 9752  
2026/04/24 17:42:35 - mmengine - INFO - Iter(val) [  40/2000]    eta: 0:10:46  time: 0.3432  data_time: 0.0018  memory: 10123  
2026/04/24 17:42:38 - mmengine - INFO - Iter(val) [  60/2000]    eta: 0:08:59  time: 0.1589  data_time: 0.0017  memory: 8815  
2026/04/24 17:42:42 - mmengine - INFO - Iter(val) [  80/2000]    eta: 0:08:07  time: 0.1972  data_time: 0.0016  memory: 9933  
2026/04/24 17:42:46 - mmengine - INFO - Iter(val) [ 100/2000]    eta: 0:07:48  time: 0.2181  data_time: 0.0017  memory: 9935  
2026/04/24 17:42:49 - mmengine - INFO - Iter(val) [ 120/2000]    eta: 0:07:08  time: 0.0648  data_time: 0.0015  memory: 9940  
2026/04/24 17:42:51 - mmengine - INFO - Iter(val) [ 140/2000]    eta: 0:06:33  time: 0.0666  data_time: 0.0015  memory: 10122  
2026/04/24 17:42:54 - mmengine - INFO - Iter(val) [ 160/2000]    eta: 0:06:18  time: 0.2051  data_time: 0.0016  memory: 9940  
2026/04/24 17:42:57 - mmengine - INFO - Iter(val) [ 180/2000]    eta: 0:05:59  time: 0.1065  data_time: 0.0017  memory: 9565  
2026/04/24 17:43:01 - mmengine - INFO - Iter(val) [ 200/2000]    eta: 0:05:54  time: 0.1517  data_time: 0.0015  memory: 10308  
2026/04/24 17:43:05 - mmengine - INFO - Iter(val) [ 220/2000]    eta: 0:05:50  time: 0.2474  data_time: 0.0015  memory: 10125  
2026/04/24 17:43:08 - mmengine - INFO - Iter(val) [ 240/2000]    eta: 0:05:44  time: 0.2520  data_time: 0.0016  memory: 9562  
2026/04/24 17:43:12 - mmengine - INFO - Iter(val) [ 260/2000]    eta: 0:05:38  time: 0.2474  data_time: 0.0016  memory: 10683  
2026/04/24 17:43:14 - mmengine - INFO - Iter(val) [ 280/2000]    eta: 0:05:20  time: 0.1047  data_time: 0.0016  memory: 7325  
2026/04/24 17:43:17 - mmengine - INFO - Iter(val) [ 300/2000]    eta: 0:05:12  time: 0.0665  data_time: 0.0016  memory: 8068  
2026/04/24 17:43:20 - mmengine - INFO - Iter(val) [ 320/2000]    eta: 0:05:07  time: 0.1527  data_time: 0.0017  memory: 10687  
2026/04/24 17:43:23 - mmengine - INFO - Iter(val) [ 340/2000]    eta: 0:05:01  time: 0.1724  data_time: 0.0016  memory: 9191  
2026/04/24 17:43:26 - mmengine - INFO - Iter(val) [ 360/2000]    eta: 0:04:53  time: 0.1495  data_time: 0.0015  memory: 9377  
2026/04/24 17:43:28 - mmengine - INFO - Iter(val) [ 380/2000]    eta: 0:04:43  time: 0.1062  data_time: 0.0017  memory: 8444  
2026/04/24 17:43:31 - mmengine - INFO - Iter(val) [ 400/2000]    eta: 0:04:37  time: 0.1221  data_time: 0.0015  memory: 10873  
2026/04/24 17:43:32 - mmengine - INFO - Iter(val) [ 420/2000]    eta: 0:04:25  time: 0.0531  data_time: 0.0014  memory: 1187  
2026/04/24 17:43:34 - mmengine - INFO - Iter(val) [ 440/2000]    eta: 0:04:17  time: 0.0668  data_time: 0.0015  memory: 9936  
2026/04/24 17:43:36 - mmengine - INFO - Iter(val) [ 460/2000]    eta: 0:04:08  time: 0.0667  data_time: 0.0015  memory: 1248  
2026/04/24 17:43:38 - mmengine - INFO - Iter(val) [ 480/2000]    eta: 0:04:01  time: 0.1034  data_time: 0.0016  memory: 7885  
2026/04/24 17:43:39 - mmengine - INFO - Iter(val) [ 500/2000]    eta: 0:03:52  time: 0.0626  data_time: 0.0015  memory: 1259  
2026/04/24 17:43:40 - mmengine - INFO - Iter(val) [ 520/2000]    eta: 0:03:44  time: 0.0631  data_time: 0.0016  memory: 1253  
2026/04/24 17:43:42 - mmengine - INFO - Iter(val) [ 540/2000]    eta: 0:03:38  time: 0.1232  data_time: 0.0016  memory: 10312  
2026/04/24 17:43:44 - mmengine - INFO - Iter(val) [ 560/2000]    eta: 0:03:32  time: 0.0558  data_time: 0.0015  memory: 1894  
2026/04/24 17:43:46 - mmengine - INFO - Iter(val) [ 580/2000]    eta: 0:03:26  time: 0.0615  data_time: 0.0016  memory: 1413  
2026/04/24 17:43:47 - mmengine - INFO - Iter(val) [ 600/2000]    eta: 0:03:20  time: 0.1082  data_time: 0.0016  memory: 10120  
2026/04/24 17:43:50 - mmengine - INFO - Iter(val) [ 620/2000]    eta: 0:03:16  time: 0.0614  data_time: 0.0014  memory: 10125  
2026/04/24 17:43:51 - mmengine - INFO - Iter(val) [ 640/2000]    eta: 0:03:11  time: 0.0629  data_time: 0.0015  memory: 9748  
2026/04/24 17:43:53 - mmengine - INFO - Iter(val) [ 660/2000]    eta: 0:03:07  time: 0.0702  data_time: 0.0016  memory: 5423  
2026/04/24 17:43:57 - mmengine - INFO - Iter(val) [ 680/2000]    eta: 0:03:05  time: 0.1254  data_time: 0.0016  memory: 11245  
2026/04/24 17:43:59 - mmengine - INFO - Iter(val) [ 700/2000]    eta: 0:03:01  time: 0.0682  data_time: 0.0015  memory: 7325  
2026/04/24 17:44:01 - mmengine - INFO - Iter(val) [ 720/2000]    eta: 0:02:57  time: 0.1564  data_time: 0.0015  memory: 10306  
2026/04/24 17:44:03 - mmengine - INFO - Iter(val) [ 740/2000]    eta: 0:02:53  time: 0.1334  data_time: 0.0016  memory: 5432  
2026/04/24 17:44:07 - mmengine - INFO - Iter(val) [ 760/2000]    eta: 0:02:51  time: 0.1117  data_time: 0.0015  memory: 10123  
2026/04/24 17:44:08 - mmengine - INFO - Iter(val) [ 780/2000]    eta: 0:02:46  time: 0.0626  data_time: 0.0015  memory: 1244  
2026/04/24 17:44:09 - mmengine - INFO - Iter(val) [ 800/2000]    eta: 0:02:41  time: 0.0614  data_time: 0.0016  memory: 1244  
2026/04/24 17:44:10 - mmengine - INFO - Iter(val) [ 820/2000]    eta: 0:02:36  time: 0.0616  data_time: 0.0016  memory: 1183  
2026/04/24 17:44:12 - mmengine - INFO - Iter(val) [ 840/2000]    eta: 0:02:32  time: 0.0619  data_time: 0.0016  memory: 1244  
2026/04/24 17:44:13 - mmengine - INFO - Iter(val) [ 860/2000]    eta: 0:02:27  time: 0.0603  data_time: 0.0016  memory: 1244  
2026/04/24 17:44:14 - mmengine - INFO - Iter(val) [ 880/2000]    eta: 0:02:23  time: 0.0607  data_time: 0.0014  memory: 1247  
2026/04/24 17:44:16 - mmengine - INFO - Iter(val) [ 900/2000]    eta: 0:02:20  time: 0.0925  data_time: 0.0015  memory: 9378  
2026/04/24 17:44:19 - mmengine - INFO - Iter(val) [ 920/2000]    eta: 0:02:18  time: 0.1824  data_time: 0.0016  memory: 10494  
2026/04/24 17:44:21 - mmengine - INFO - Iter(val) [ 940/2000]    eta: 0:02:14  time: 0.1060  data_time: 0.0016  memory: 9190  
2026/04/24 17:44:23 - mmengine - INFO - Iter(val) [ 960/2000]    eta: 0:02:11  time: 0.0587  data_time: 0.0015  memory: 9005  
2026/04/24 17:44:25 - mmengine - INFO - Iter(val) [ 980/2000]    eta: 0:02:08  time: 0.0924  data_time: 0.0015  memory: 1244  
2026/04/24 17:44:27 - mmengine - INFO - Iter(val) [1000/2000]    eta: 0:02:05  time: 0.0586  data_time: 0.0015  memory: 9937  
2026/04/24 17:44:29 - mmengine - INFO - Iter(val) [1020/2000]    eta: 0:02:02  time: 0.1367  data_time: 0.0016  memory: 5436  
2026/04/24 17:44:31 - mmengine - INFO - Iter(val) [1040/2000]    eta: 0:01:59  time: 0.1215  data_time: 0.0016  memory: 5433  
2026/04/24 17:44:33 - mmengine - INFO - Iter(val) [1060/2000]    eta: 0:01:56  time: 0.0610  data_time: 0.0015  memory: 11053  
2026/04/24 17:44:35 - mmengine - INFO - Iter(val) [1080/2000]    eta: 0:01:54  time: 0.0655  data_time: 0.0016  memory: 10310  
2026/04/24 17:44:37 - mmengine - INFO - Iter(val) [1100/2000]    eta: 0:01:51  time: 0.0615  data_time: 0.0015  memory: 9378  
2026/04/24 17:44:39 - mmengine - INFO - Iter(val) [1120/2000]    eta: 0:01:48  time: 0.0601  data_time: 0.0015  memory: 8254  
2026/04/24 17:44:40 - mmengine - INFO - Iter(val) [1140/2000]    eta: 0:01:44  time: 0.0596  data_time: 0.0015  memory: 1277  
2026/04/24 17:44:42 - mmengine - INFO - Iter(val) [1160/2000]    eta: 0:01:41  time: 0.0654  data_time: 0.0017  memory: 8631  
2026/04/24 17:44:43 - mmengine - INFO - Iter(val) [1180/2000]    eta: 0:01:38  time: 0.0618  data_time: 0.0015  memory: 1275  
2026/04/24 17:44:45 - mmengine - INFO - Iter(val) [1200/2000]    eta: 0:01:35  time: 0.0608  data_time: 0.0015  memory: 1357  
2026/04/24 17:44:46 - mmengine - INFO - Iter(val) [1220/2000]    eta: 0:01:32  time: 0.0661  data_time: 0.0015  memory: 1284  
2026/04/24 17:44:48 - mmengine - INFO - Iter(val) [1240/2000]    eta: 0:01:29  time: 0.1364  data_time: 0.0020  memory: 10497  
2026/04/24 17:44:49 - mmengine - INFO - Iter(val) [1260/2000]    eta: 0:01:26  time: 0.0594  data_time: 0.0014  memory: 8072  
2026/04/24 17:44:51 - mmengine - INFO - Iter(val) [1280/2000]    eta: 0:01:23  time: 0.0607  data_time: 0.0014  memory: 1248  
2026/04/24 17:44:52 - mmengine - INFO - Iter(val) [1300/2000]    eta: 0:01:21  time: 0.0607  data_time: 0.0015  memory: 1248  
2026/04/24 17:44:53 - mmengine - INFO - Iter(val) [1320/2000]    eta: 0:01:18  time: 0.0567  data_time: 0.0015  memory: 1247  
2026/04/24 17:44:55 - mmengine - INFO - Iter(val) [1340/2000]    eta: 0:01:15  time: 0.0617  data_time: 0.0016  memory: 7695  
2026/04/24 17:44:57 - mmengine - INFO - Iter(val) [1360/2000]    eta: 0:01:13  time: 0.1563  data_time: 0.0015  memory: 9373  
2026/04/24 17:44:59 - mmengine - INFO - Iter(val) [1380/2000]    eta: 0:01:10  time: 0.0668  data_time: 0.0015  memory: 10311  
2026/04/24 17:45:01 - mmengine - INFO - Iter(val) [1400/2000]    eta: 0:01:08  time: 0.1225  data_time: 0.0015  memory: 10868  
2026/04/24 17:45:02 - mmengine - INFO - Iter(val) [1420/2000]    eta: 0:01:05  time: 0.0520  data_time: 0.0013  memory: 1248  
2026/04/24 17:45:03 - mmengine - INFO - Iter(val) [1440/2000]    eta: 0:01:03  time: 0.0653  data_time: 0.0015  memory: 9378  
2026/04/24 17:45:05 - mmengine - INFO - Iter(val) [1460/2000]    eta: 0:01:00  time: 0.0595  data_time: 0.0015  memory: 9003  
2026/04/24 17:45:06 - mmengine - INFO - Iter(val) [1480/2000]    eta: 0:00:57  time: 0.0603  data_time: 0.0015  memory: 1247  
2026/04/24 17:45:08 - mmengine - INFO - Iter(val) [1500/2000]    eta: 0:00:55  time: 0.0574  data_time: 0.0014  memory: 1209  
2026/04/24 17:45:09 - mmengine - INFO - Iter(val) [1520/2000]    eta: 0:00:53  time: 0.0662  data_time: 0.0015  memory: 11055  
2026/04/24 17:45:11 - mmengine - INFO - Iter(val) [1540/2000]    eta: 0:00:50  time: 0.0648  data_time: 0.0015  memory: 1281  
2026/04/24 17:45:12 - mmengine - INFO - Iter(val) [1560/2000]    eta: 0:00:48  time: 0.0557  data_time: 0.0014  memory: 1260  
2026/04/24 17:45:13 - mmengine - INFO - Iter(val) [1580/2000]    eta: 0:00:45  time: 0.0666  data_time: 0.0015  memory: 1242  
2026/04/24 17:45:14 - mmengine - INFO - Iter(val) [1600/2000]    eta: 0:00:43  time: 0.0598  data_time: 0.0015  memory: 1236  
2026/04/24 17:45:17 - mmengine - INFO - Iter(val) [1620/2000]    eta: 0:00:41  time: 0.1864  data_time: 0.0015  memory: 9935  
2026/04/24 17:45:19 - mmengine - INFO - Iter(val) [1640/2000]    eta: 0:00:38  time: 0.1344  data_time: 0.0015  memory: 11247  
2026/04/24 17:45:20 - mmengine - INFO - Iter(val) [1660/2000]    eta: 0:00:36  time: 0.1024  data_time: 0.0014  memory: 7882  
2026/04/24 17:45:22 - mmengine - INFO - Iter(val) [1680/2000]    eta: 0:00:34  time: 0.0666  data_time: 0.0014  memory: 8254  
2026/04/24 17:45:24 - mmengine - INFO - Iter(val) [1700/2000]    eta: 0:00:32  time: 0.0626  data_time: 0.0015  memory: 9565  
2026/04/24 17:45:26 - mmengine - INFO - Iter(val) [1720/2000]    eta: 0:00:29  time: 0.1031  data_time: 0.0015  memory: 7881  
2026/04/24 17:45:27 - mmengine - INFO - Iter(val) [1740/2000]    eta: 0:00:27  time: 0.1223  data_time: 0.0015  memory: 10686  
2026/04/24 17:45:29 - mmengine - INFO - Iter(val) [1760/2000]    eta: 0:00:25  time: 0.0550  data_time: 0.0014  memory: 1244  
2026/04/24 17:45:30 - mmengine - INFO - Iter(val) [1780/2000]    eta: 0:00:23  time: 0.1033  data_time: 0.0015  memory: 8066  
2026/04/24 17:45:31 - mmengine - INFO - Iter(val) [1800/2000]    eta: 0:00:21  time: 0.0609  data_time: 0.0015  memory: 1244  
2026/04/24 17:45:33 - mmengine - INFO - Iter(val) [1820/2000]    eta: 0:00:18  time: 0.0617  data_time: 0.0015  memory: 1183  
2026/04/24 17:45:34 - mmengine - INFO - Iter(val) [1840/2000]    eta: 0:00:16  time: 0.0604  data_time: 0.0015  memory: 1183  
2026/04/24 17:45:35 - mmengine - INFO - Iter(val) [1860/2000]    eta: 0:00:14  time: 0.0598  data_time: 0.0015  memory: 1183  
2026/04/24 17:45:36 - mmengine - INFO - Iter(val) [1880/2000]    eta: 0:00:12  time: 0.0568  data_time: 0.0014  memory: 1244  
2026/04/24 17:45:38 - mmengine - INFO - Iter(val) [1900/2000]    eta: 0:00:10  time: 0.0639  data_time: 0.0014  memory: 5419  
2026/04/24 17:45:40 - mmengine - INFO - Iter(val) [1920/2000]    eta: 0:00:08  time: 0.1449  data_time: 0.0014  memory: 5537  
2026/04/24 17:45:42 - mmengine - INFO - Iter(val) [1940/2000]    eta: 0:00:06  time: 0.0622  data_time: 0.0015  memory: 8441  
2026/04/24 17:45:43 - mmengine - INFO - Iter(val) [1960/2000]    eta: 0:00:04  time: 0.0997  data_time: 0.0014  memory: 9004  
2026/04/24 17:45:45 - mmengine - INFO - Iter(val) [1980/2000]    eta: 0:00:02  time: 0.0580  data_time: 0.0014  memory: 1244  
2026/04/24 17:45:47 - mmengine - INFO - Iter(val) [2000/2000]    eta: 0:00:00  time: 0.0576  data_time: 0.0014  memory: 7692  
2026/04/24 17:45:47 - mmengine - INFO - per class results:
2026/04/24 17:45:47 - mmengine - INFO - 
+---------------------+-------+-------+
|        Class        |  IoU  |  Acc  |
+---------------------+-------+-------+
|         wall        | 36.17 | 74.83 |
|       building      | 39.65 | 72.25 |
|         sky         | 71.56 | 92.54 |
|        floor        | 30.62 | 58.65 |
|         tree        | 34.36 | 64.19 |
|       ceiling       | 30.99 | 38.12 |
|         road        |  45.0 |  83.0 |
|         bed         | 12.95 | 32.06 |
|      windowpane     | 16.46 | 21.45 |
|        grass        | 38.49 | 75.03 |
|       cabinet       |  0.0  |  0.0  |
|       sidewalk      |  1.33 |  1.35 |
|        person       |  0.11 |  0.11 |
|        earth        |  0.0  |  0.0  |
|         door        |  0.0  |  0.0  |
|        table        |  0.0  |  0.0  |
|       mountain      |  8.46 | 14.47 |
|        plant        |  0.36 |  0.36 |
|       curtain       |  0.0  |  0.0  |
|        chair        |  0.34 |  0.36 |
|         car         | 14.75 | 27.54 |
|        water        |  0.0  |  0.0  |
|       painting      |  0.0  |  0.0  |
|         sofa        |  0.0  |  0.0  |
|        shelf        |  0.0  |  0.0  |
|        house        |  0.0  |  0.0  |
|         sea         |  0.94 |  0.95 |
|        mirror       |  0.0  |  0.0  |
|         rug         |  0.0  |  0.0  |
|        field        |  0.0  |  0.0  |
|       armchair      |  0.0  |  0.0  |
|         seat        |  0.0  |  0.0  |
|        fence        |  0.0  |  0.0  |
|         desk        |  0.0  |  0.0  |
|         rock        |  0.0  |  0.0  |
|       wardrobe      |  0.0  |  0.0  |
|         lamp        |  0.0  |  0.0  |
|       bathtub       |  0.0  |  0.0  |
|       railing       |  0.0  |  0.0  |
|       cushion       |  0.0  |  0.0  |
|         base        |  0.0  |  0.0  |
|         box         |  0.0  |  0.0  |
|        column       |  0.0  |  0.0  |
|      signboard      |  0.0  |  0.0  |
|   chest of drawers  |  0.0  |  0.0  |
|       counter       |  0.0  |  0.0  |
|         sand        |  0.0  |  0.0  |
|         sink        |  0.0  |  0.0  |
|      skyscraper     |  0.0  |  0.0  |
|      fireplace      |  0.0  |  0.0  |
|     refrigerator    |  0.0  |  0.0  |
|      grandstand     |  0.0  |  0.0  |
|         path        |  0.0  |  0.0  |
|        stairs       |  0.0  |  0.0  |
|        runway       |  0.0  |  0.0  |
|         case        |  0.0  |  0.0  |
|      pool table     |  0.0  |  0.0  |
|        pillow       |  0.0  |  0.0  |
|     screen door     |  0.0  |  0.0  |
|       stairway      |  0.0  |  0.0  |
|        river        |  0.0  |  0.0  |
|        bridge       |  0.0  |  0.0  |
|       bookcase      |  0.0  |  0.0  |
|        blind        |  0.0  |  0.0  |
|     coffee table    |  0.0  |  0.0  |
|        toilet       |  0.0  |  0.0  |
|        flower       |  0.0  |  0.0  |
|         book        |  0.0  |  0.0  |
|         hill        |  0.0  |  0.0  |
|        bench        |  0.0  |  0.0  |
|      countertop     |  0.0  |  0.0  |
|        stove        |  0.0  |  0.0  |
|         palm        |  0.0  |  0.0  |
|    kitchen island   |  0.0  |  0.0  |
|       computer      |  0.0  |  0.0  |
|     swivel chair    |  0.0  |  0.0  |
|         boat        |  0.0  |  0.0  |
|         bar         |  0.0  |  0.0  |
|    arcade machine   |  0.0  |  0.0  |
|        hovel        |  0.0  |  0.0  |
|         bus         |  0.0  |  0.0  |
|        towel        |  0.0  |  0.0  |
|        light        |  0.0  |  0.0  |
|        truck        |  0.0  |  0.0  |
|        tower        |  0.0  |  0.0  |
|      chandelier     |  0.0  |  0.0  |
|        awning       |  0.0  |  0.0  |
|     streetlight     |  0.0  |  0.0  |
|        booth        |  0.0  |  0.0  |
| television receiver |  0.0  |  0.0  |
|       airplane      |  0.0  |  0.0  |
|      dirt track     |  0.0  |  0.0  |
|       apparel       |  0.0  |  0.0  |
|         pole        |  0.0  |  0.0  |
|         land        |  0.0  |  0.0  |
|      bannister      |  0.0  |  0.0  |
|      escalator      |  0.0  |  0.0  |
|       ottoman       |  0.0  |  0.0  |
|        bottle       |  0.0  |  0.0  |
|        buffet       |  0.0  |  0.0  |
|        poster       |  0.0  |  0.0  |
|        stage        |  0.0  |  0.0  |
|         van         |  0.0  |  0.0  |
|         ship        |  0.0  |  0.0  |
|       fountain      |  0.0  |  0.0  |
|    conveyer belt    |  0.0  |  0.0  |
|        canopy       |  0.0  |  0.0  |
|        washer       |  0.0  |  0.0  |
|      plaything      |  0.0  |  0.0  |
|    swimming pool    |  0.0  |  0.0  |
|        stool        |  0.0  |  0.0  |
|        barrel       |  0.0  |  0.0  |
|        basket       |  0.0  |  0.0  |
|      waterfall      |  0.0  |  0.0  |
|         tent        |  0.0  |  0.0  |
|         bag         |  0.0  |  0.0  |
|       minibike      |  0.0  |  0.0  |
|        cradle       |  0.0  |  0.0  |
|         oven        |  0.0  |  0.0  |
|         ball        |  0.0  |  0.0  |
|         food        |  0.0  |  0.0  |
|         step        |  0.0  |  0.0  |
|         tank        |  0.0  |  0.0  |
|      trade name     |  0.0  |  0.0  |
|      microwave      |  0.0  |  0.0  |
|         pot         |  0.0  |  0.0  |
|        animal       |  0.0  |  0.0  |
|       bicycle       |  0.0  |  0.0  |
|         lake        |  0.0  |  0.0  |
|      dishwasher     |  0.0  |  0.0  |
|        screen       |  0.0  |  0.0  |
|       blanket       |  0.0  |  0.0  |
|      sculpture      |  0.0  |  0.0  |
|         hood        |  0.0  |  0.0  |
|        sconce       |  0.0  |  0.0  |
|         vase        |  0.0  |  0.0  |
|    traffic light    |  0.0  |  0.0  |
|         tray        |  0.0  |  0.0  |
|        ashcan       |  0.0  |  0.0  |
|         fan         |  0.0  |  0.0  |
|         pier        |  0.0  |  0.0  |
|      crt screen     |  0.0  |  0.0  |
|        plate        |  0.0  |  0.0  |
|       monitor       |  0.0  |  0.0  |
|    bulletin board   |  0.0  |  0.0  |
|        shower       |  0.0  |  0.0  |
|       radiator      |  0.0  |  0.0  |
|        glass        |  0.0  |  0.0  |
|        clock        |  0.0  |  0.0  |
|         flag        |  0.0  |  0.0  |
+---------------------+-------+-------+
2026/04/24 17:45:47 - mmengine - INFO - Iter(val) [2000/2000]    aAcc: 45.5500  mIoU: 2.5500  mAcc: 4.3800  data_time: 0.0016  time: 0.1027
2026/04/24 17:45:47 - mmengine - INFO - The previous best checkpoint /home/jlx_75/PVMamba_cifar10_base/segmentation/work_dirs/pvmamba_tiny_upernet_ade20k_base/best_mIoU_iter_2000.pth is removed
2026/04/24 17:45:47 - mmengine - INFO - The best checkpoint with 2.5500 mIoU at 3000 iter is saved to best_mIoU_iter_3000.pth.
2026/04/24 17:45:56 - mmengine - INFO - Iter(train) [3020/8000]  lr: 3.9845e-05  eta: 0:27:29  time: 0.2934  data_time: 0.0054  memory: 5973  loss: 3.4266  decode.loss_ce: 2.4080  decode.acc_seg: 24.3838  aux.loss_ce: 1.0186  aux.acc_seg: 32.3942
2026/04/24 17:46:02 - mmengine - INFO - Iter(train) [3040/8000]  lr: 3.9685e-05  eta: 0:27:19  time: 0.2962  data_time: 0.0053  memory: 5973  loss: 3.2031  decode.loss_ce: 2.2594  decode.acc_seg: 9.0286  aux.loss_ce: 0.9437  aux.acc_seg: 7.3587
2026/04/24 17:46:08 - mmengine - INFO - Iter(train) [3060/8000]  lr: 3.9525e-05  eta: 0:27:09  time: 0.2992  data_time: 0.0055  memory: 5973  loss: 3.6154  decode.loss_ce: 2.5323  decode.acc_seg: 35.1684  aux.loss_ce: 1.0831  aux.acc_seg: 30.3004
2026/04/24 17:46:14 - mmengine - INFO - Iter(train) [3080/8000]  lr: 3.9365e-05  eta: 0:27:00  time: 0.2991  data_time: 0.0054  memory: 5973  loss: 3.9354  decode.loss_ce: 2.7477  decode.acc_seg: 20.3567  aux.loss_ce: 1.1877  aux.acc_seg: 30.2207
2026/04/24 17:46:20 - mmengine - INFO - Iter(train) [3100/8000]  lr: 3.9205e-05  eta: 0:26:51  time: 0.3018  data_time: 0.0055  memory: 5973  loss: 3.3189  decode.loss_ce: 2.3429  decode.acc_seg: 65.8456  aux.loss_ce: 0.9760  aux.acc_seg: 64.6716
2026/04/24 17:46:26 - mmengine - INFO - Iter(train) [3120/8000]  lr: 3.9045e-05  eta: 0:26:42  time: 0.3008  data_time: 0.0055  memory: 5973  loss: 3.4717  decode.loss_ce: 2.4220  decode.acc_seg: 64.2851  aux.loss_ce: 1.0496  aux.acc_seg: 52.6007
2026/04/24 17:46:32 - mmengine - INFO - Iter(train) [3140/8000]  lr: 3.8885e-05  eta: 0:26:33  time: 0.3015  data_time: 0.0054  memory: 5973  loss: 2.8598  decode.loss_ce: 2.0118  decode.acc_seg: 21.3560  aux.loss_ce: 0.8480  aux.acc_seg: 29.4959
2026/04/24 17:46:38 - mmengine - INFO - Iter(train) [3160/8000]  lr: 3.8725e-05  eta: 0:26:25  time: 0.3010  data_time: 0.0054  memory: 5973  loss: 2.7636  decode.loss_ce: 1.9276  decode.acc_seg: 66.9220  aux.loss_ce: 0.8361  aux.acc_seg: 49.9729
2026/04/24 17:46:44 - mmengine - INFO - Iter(train) [3180/8000]  lr: 3.8565e-05  eta: 0:26:16  time: 0.3007  data_time: 0.0055  memory: 5973  loss: 3.7087  decode.loss_ce: 2.5902  decode.acc_seg: 13.1866  aux.loss_ce: 1.1185  aux.acc_seg: 9.0955
2026/04/24 17:46:50 - mmengine - INFO - Iter(train) [3200/8000]  lr: 3.8405e-05  eta: 0:26:07  time: 0.3017  data_time: 0.0054  memory: 5973  loss: 3.5140  decode.loss_ce: 2.4861  decode.acc_seg: 64.0444  aux.loss_ce: 1.0279  aux.acc_seg: 54.3260
2026/04/24 17:46:57 - mmengine - INFO - Iter(train) [3220/8000]  lr: 3.8245e-05  eta: 0:25:59  time: 0.3034  data_time: 0.0055  memory: 5973  loss: 3.0157  decode.loss_ce: 2.0844  decode.acc_seg: 43.6616  aux.loss_ce: 0.9313  aux.acc_seg: 35.9153
2026/04/24 17:47:03 - mmengine - INFO - Iter(train) [3240/8000]  lr: 3.8085e-05  eta: 0:25:50  time: 0.3013  data_time: 0.0054  memory: 5973  loss: 3.7339  decode.loss_ce: 2.6284  decode.acc_seg: 15.2390  aux.loss_ce: 1.1055  aux.acc_seg: 11.6881
2026/04/24 17:47:09 - mmengine - INFO - Iter(train) [3260/8000]  lr: 3.7925e-05  eta: 0:25:42  time: 0.2999  data_time: 0.0054  memory: 5973  loss: 2.9908  decode.loss_ce: 2.0879  decode.acc_seg: 45.9558  aux.loss_ce: 0.9029  aux.acc_seg: 46.7776
2026/04/24 17:47:15 - mmengine - INFO - Iter(train) [3280/8000]  lr: 3.7765e-05  eta: 0:25:34  time: 0.3048  data_time: 0.0055  memory: 5973  loss: 3.6143  decode.loss_ce: 2.5296  decode.acc_seg: 12.4666  aux.loss_ce: 1.0847  aux.acc_seg: 9.0743
2026/04/24 17:47:21 - mmengine - INFO - Iter(train) [3300/8000]  lr: 3.7605e-05  eta: 0:25:26  time: 0.3020  data_time: 0.0054  memory: 5973  loss: 3.0498  decode.loss_ce: 2.1362  decode.acc_seg: 27.6045  aux.loss_ce: 0.9136  aux.acc_seg: 11.2015
2026/04/24 17:47:27 - mmengine - INFO - Iter(train) [3320/8000]  lr: 3.7445e-05  eta: 0:25:17  time: 0.3021  data_time: 0.0053  memory: 5973  loss: 3.3741  decode.loss_ce: 2.4061  decode.acc_seg: 28.1294  aux.loss_ce: 0.9680  aux.acc_seg: 9.5161
2026/04/24 17:47:33 - mmengine - INFO - Iter(train) [3340/8000]  lr: 3.7285e-05  eta: 0:25:09  time: 0.3010  data_time: 0.0054  memory: 5973  loss: 3.3056  decode.loss_ce: 2.3186  decode.acc_seg: 41.9279  aux.loss_ce: 0.9870  aux.acc_seg: 42.5572
2026/04/24 17:47:39 - mmengine - INFO - Iter(train) [3360/8000]  lr: 3.7125e-05  eta: 0:25:01  time: 0.2988  data_time: 0.0053  memory: 5973  loss: 3.9126  decode.loss_ce: 2.7506  decode.acc_seg: 36.6964  aux.loss_ce: 1.1620  aux.acc_seg: 36.3692
2026/04/24 17:47:45 - mmengine - INFO - Iter(train) [3380/8000]  lr: 3.6965e-05  eta: 0:24:53  time: 0.3017  data_time: 0.0054  memory: 5973  loss: 3.5111  decode.loss_ce: 2.4463  decode.acc_seg: 12.5740  aux.loss_ce: 1.0648  aux.acc_seg: 10.3084
2026/04/24 17:47:51 - mmengine - INFO - Iter(train) [3400/8000]  lr: 3.6805e-05  eta: 0:24:45  time: 0.3015  data_time: 0.0053  memory: 5973  loss: 3.5250  decode.loss_ce: 2.4700  decode.acc_seg: 23.6668  aux.loss_ce: 1.0550  aux.acc_seg: 22.7021
2026/04/24 17:47:57 - mmengine - INFO - Iter(train) [3420/8000]  lr: 3.6645e-05  eta: 0:24:37  time: 0.2992  data_time: 0.0053  memory: 5973  loss: 3.1156  decode.loss_ce: 2.1814  decode.acc_seg: 33.9099  aux.loss_ce: 0.9342  aux.acc_seg: 33.5618
2026/04/24 17:48:03 - mmengine - INFO - Iter(train) [3440/8000]  lr: 3.6485e-05  eta: 0:24:30  time: 0.3021  data_time: 0.0054  memory: 5973  loss: 2.8363  decode.loss_ce: 1.9714  decode.acc_seg: 47.2540  aux.loss_ce: 0.8649  aux.acc_seg: 45.0506
2026/04/24 17:48:09 - mmengine - INFO - Iter(train) [3460/8000]  lr: 3.6325e-05  eta: 0:24:22  time: 0.3036  data_time: 0.0055  memory: 5973  loss: 3.0585  decode.loss_ce: 2.1554  decode.acc_seg: 39.0185  aux.loss_ce: 0.9031  aux.acc_seg: 25.2285
2026/04/24 17:48:15 - mmengine - INFO - Iter(train) [3480/8000]  lr: 3.6165e-05  eta: 0:24:14  time: 0.3008  data_time: 0.0054  memory: 5973  loss: 2.9952  decode.loss_ce: 2.0990  decode.acc_seg: 62.2466  aux.loss_ce: 0.8961  aux.acc_seg: 52.7104
2026/04/24 17:48:21 - mmengine - INFO - Iter(train) [3500/8000]  lr: 3.6005e-05  eta: 0:24:06  time: 0.3001  data_time: 0.0057  memory: 5973  loss: 2.9061  decode.loss_ce: 2.0367  decode.acc_seg: 12.4702  aux.loss_ce: 0.8694  aux.acc_seg: 29.4027
2026/04/24 17:48:27 - mmengine - INFO - Iter(train) [3520/8000]  lr: 3.5845e-05  eta: 0:23:59  time: 0.3011  data_time: 0.0053  memory: 5973  loss: 2.6510  decode.loss_ce: 1.8422  decode.acc_seg: 52.1997  aux.loss_ce: 0.8088  aux.acc_seg: 54.6712
2026/04/24 17:48:33 - mmengine - INFO - Iter(train) [3540/8000]  lr: 3.5685e-05  eta: 0:23:51  time: 0.2997  data_time: 0.0053  memory: 5973  loss: 3.1268  decode.loss_ce: 2.1912  decode.acc_seg: 38.7172  aux.loss_ce: 0.9356  aux.acc_seg: 26.6407
2026/04/24 17:48:39 - mmengine - INFO - Iter(train) [3560/8000]  lr: 3.5525e-05  eta: 0:23:44  time: 0.3014  data_time: 0.0055  memory: 5973  loss: 3.3739  decode.loss_ce: 2.3569  decode.acc_seg: 49.1411  aux.loss_ce: 1.0170  aux.acc_seg: 48.3415
2026/04/24 17:48:45 - mmengine - INFO - Iter(train) [3580/8000]  lr: 3.5365e-05  eta: 0:23:36  time: 0.3010  data_time: 0.0053  memory: 5973  loss: 3.2856  decode.loss_ce: 2.3006  decode.acc_seg: 22.4395  aux.loss_ce: 0.9850  aux.acc_seg: 16.4937
2026/04/24 17:48:51 - mmengine - INFO - Iter(train) [3600/8000]  lr: 3.5205e-05  eta: 0:23:29  time: 0.3008  data_time: 0.0053  memory: 5973  loss: 2.8481  decode.loss_ce: 1.9957  decode.acc_seg: 35.7299  aux.loss_ce: 0.8525  aux.acc_seg: 28.2378
2026/04/24 17:48:57 - mmengine - INFO - Iter(train) [3620/8000]  lr: 3.5045e-05  eta: 0:23:21  time: 0.3003  data_time: 0.0054  memory: 5973  loss: 2.7470  decode.loss_ce: 1.9041  decode.acc_seg: 56.6404  aux.loss_ce: 0.8428  aux.acc_seg: 53.6349
2026/04/24 17:49:03 - mmengine - INFO - Iter(train) [3640/8000]  lr: 3.4885e-05  eta: 0:23:14  time: 0.3002  data_time: 0.0054  memory: 5973  loss: 3.0335  decode.loss_ce: 2.1136  decode.acc_seg: 25.9074  aux.loss_ce: 0.9199  aux.acc_seg: 14.9300
2026/04/24 17:49:09 - mmengine - INFO - Iter(train) [3660/8000]  lr: 3.4725e-05  eta: 0:23:06  time: 0.3023  data_time: 0.0054  memory: 5973  loss: 3.4881  decode.loss_ce: 2.4571  decode.acc_seg: 23.4159  aux.loss_ce: 1.0310  aux.acc_seg: 25.4642
2026/04/24 17:49:15 - mmengine - INFO - Iter(train) [3680/8000]  lr: 3.4565e-05  eta: 0:22:59  time: 0.3026  data_time: 0.0054  memory: 5973  loss: 3.2826  decode.loss_ce: 2.2942  decode.acc_seg: 29.5682  aux.loss_ce: 0.9884  aux.acc_seg: 25.8646
2026/04/24 17:49:21 - mmengine - INFO - Iter(train) [3700/8000]  lr: 3.4405e-05  eta: 0:22:52  time: 0.3016  data_time: 0.0054  memory: 5973  loss: 3.1311  decode.loss_ce: 2.1727  decode.acc_seg: 34.2453  aux.loss_ce: 0.9584  aux.acc_seg: 37.2134
2026/04/24 17:49:27 - mmengine - INFO - Iter(train) [3720/8000]  lr: 3.4245e-05  eta: 0:22:45  time: 0.2999  data_time: 0.0054  memory: 5973  loss: 2.7391  decode.loss_ce: 1.8855  decode.acc_seg: 65.2470  aux.loss_ce: 0.8536  aux.acc_seg: 63.5059
2026/04/24 17:49:33 - mmengine - INFO - Iter(train) [3740/8000]  lr: 3.4085e-05  eta: 0:22:38  time: 0.3042  data_time: 0.0057  memory: 5973  loss: 3.3637  decode.loss_ce: 2.3800  decode.acc_seg: 28.8969  aux.loss_ce: 0.9837  aux.acc_seg: 34.2233
2026/04/24 17:49:39 - mmengine - INFO - Iter(train) [3760/8000]  lr: 3.3925e-05  eta: 0:22:30  time: 0.3024  data_time: 0.0053  memory: 5973  loss: 2.9626  decode.loss_ce: 2.0883  decode.acc_seg: 39.6418  aux.loss_ce: 0.8743  aux.acc_seg: 31.3996
2026/04/24 17:49:45 - mmengine - INFO - Iter(train) [3780/8000]  lr: 3.3765e-05  eta: 0:22:23  time: 0.3015  data_time: 0.0053  memory: 5973  loss: 3.3835  decode.loss_ce: 2.3857  decode.acc_seg: 13.9655  aux.loss_ce: 0.9978  aux.acc_seg: 12.7625
2026/04/24 17:49:51 - mmengine - INFO - Iter(train) [3800/8000]  lr: 3.3604e-05  eta: 0:22:16  time: 0.2993  data_time: 0.0054  memory: 5973  loss: 3.3073  decode.loss_ce: 2.3379  decode.acc_seg: 37.2086  aux.loss_ce: 0.9694  aux.acc_seg: 34.5819
2026/04/24 17:49:57 - mmengine - INFO - Iter(train) [3820/8000]  lr: 3.3444e-05  eta: 0:22:09  time: 0.2994  data_time: 0.0054  memory: 5973  loss: 3.2034  decode.loss_ce: 2.2676  decode.acc_seg: 8.3385  aux.loss_ce: 0.9358  aux.acc_seg: 16.6263
2026/04/24 17:50:03 - mmengine - INFO - Iter(train) [3840/8000]  lr: 3.3284e-05  eta: 0:22:02  time: 0.3013  data_time: 0.0054  memory: 5973  loss: 3.7512  decode.loss_ce: 2.6379  decode.acc_seg: 69.5443  aux.loss_ce: 1.1133  aux.acc_seg: 65.8597
2026/04/24 17:50:10 - mmengine - INFO - Iter(train) [3860/8000]  lr: 3.3124e-05  eta: 0:21:55  time: 0.3079  data_time: 0.0053  memory: 5973  loss: 2.5627  decode.loss_ce: 1.7759  decode.acc_seg: 67.0741  aux.loss_ce: 0.7868  aux.acc_seg: 31.7939
2026/04/24 17:50:16 - mmengine - INFO - Iter(train) [3880/8000]  lr: 3.2964e-05  eta: 0:21:48  time: 0.3022  data_time: 0.0055  memory: 5973  loss: 3.4205  decode.loss_ce: 2.3936  decode.acc_seg: 65.8781  aux.loss_ce: 1.0268  aux.acc_seg: 53.3903
2026/04/24 17:50:22 - mmengine - INFO - Iter(train) [3900/8000]  lr: 3.2804e-05  eta: 0:21:41  time: 0.3018  data_time: 0.0054  memory: 5973  loss: 3.0630  decode.loss_ce: 2.1291  decode.acc_seg: 47.9685  aux.loss_ce: 0.9339  aux.acc_seg: 48.1801
2026/04/24 17:50:28 - mmengine - INFO - Iter(train) [3920/8000]  lr: 3.2644e-05  eta: 0:21:34  time: 0.3009  data_time: 0.0053  memory: 5973  loss: 3.4588  decode.loss_ce: 2.4439  decode.acc_seg: 14.1761  aux.loss_ce: 1.0149  aux.acc_seg: 14.3324
2026/04/24 17:50:34 - mmengine - INFO - Iter(train) [3940/8000]  lr: 3.2484e-05  eta: 0:21:27  time: 0.3031  data_time: 0.0054  memory: 5973  loss: 3.3055  decode.loss_ce: 2.3192  decode.acc_seg: 56.5459  aux.loss_ce: 0.9863  aux.acc_seg: 66.6025
2026/04/24 17:50:40 - mmengine - INFO - Iter(train) [3960/8000]  lr: 3.2324e-05  eta: 0:21:20  time: 0.3059  data_time: 0.0053  memory: 5973  loss: 2.3455  decode.loss_ce: 1.6342  decode.acc_seg: 53.5744  aux.loss_ce: 0.7113  aux.acc_seg: 41.4349
2026/04/24 17:50:46 - mmengine - INFO - Iter(train) [3980/8000]  lr: 3.2164e-05  eta: 0:21:13  time: 0.2994  data_time: 0.0053  memory: 5973  loss: 2.2509  decode.loss_ce: 1.5575  decode.acc_seg: 62.1411  aux.loss_ce: 0.6933  aux.acc_seg: 65.1466
2026/04/24 17:50:52 - mmengine - INFO - Exp name: pvmamba_tiny_upernet_ade20k_base_20260424_173648
2026/04/24 17:50:52 - mmengine - INFO - Iter(train) [4000/8000]  lr: 3.2004e-05  eta: 0:21:06  time: 0.3077  data_time: 0.0054  memory: 5973  loss: 2.7718  decode.loss_ce: 1.9263  decode.acc_seg: 35.3442  aux.loss_ce: 0.8455  aux.acc_seg: 36.3767
2026/04/24 17:50:52 - mmengine - INFO - Saving checkpoint at 4000 iterations
2026/04/24 17:50:54 - mmengine - INFO - Iter(val) [  20/2000]    eta: 0:02:02  time: 0.0601  data_time: 0.0015  memory: 1320  
2026/04/24 17:50:56 - mmengine - INFO - Iter(val) [  40/2000]    eta: 0:01:59  time: 0.0621  data_time: 0.0015  memory: 1353  
2026/04/24 17:50:57 - mmengine - INFO - Iter(val) [  60/2000]    eta: 0:01:59  time: 0.0613  data_time: 0.0015  memory: 1321  
2026/04/24 17:50:58 - mmengine - INFO - Iter(val) [  80/2000]    eta: 0:01:57  time: 0.0611  data_time: 0.0015  memory: 1246  
2026/04/24 17:50:59 - mmengine - INFO - Iter(val) [ 100/2000]    eta: 0:01:56  time: 0.0633  data_time: 0.0016  memory: 1363  
2026/04/24 17:51:01 - mmengine - INFO - Iter(val) [ 120/2000]    eta: 0:01:54  time: 0.0584  data_time: 0.0014  memory: 1256  
2026/04/24 17:51:02 - mmengine - INFO - Iter(val) [ 140/2000]    eta: 0:01:53  time: 0.0618  data_time: 0.0015  memory: 1259  
2026/04/24 17:51:03 - mmengine - INFO - Iter(val) [ 160/2000]    eta: 0:01:52  time: 0.0635  data_time: 0.0015  memory: 1439  
2026/04/24 17:51:04 - mmengine - INFO - Iter(val) [ 180/2000]    eta: 0:01:51  time: 0.0618  data_time: 0.0015  memory: 1277  
2026/04/24 17:51:05 - mmengine - INFO - Iter(val) [ 200/2000]    eta: 0:01:50  time: 0.0605  data_time: 0.0015  memory: 1353  
2026/04/24 17:51:07 - mmengine - INFO - Iter(val) [ 220/2000]    eta: 0:01:48  time: 0.0581  data_time: 0.0014  memory: 1517  
2026/04/24 17:51:08 - mmengine - INFO - Iter(val) [ 240/2000]    eta: 0:01:47  time: 0.0639  data_time: 0.0015  memory: 1468  
2026/04/24 17:51:09 - mmengine - INFO - Iter(val) [ 260/2000]    eta: 0:01:45  time: 0.0583  data_time: 0.0014  memory: 1297  
2026/04/24 17:51:10 - mmengine - INFO - Iter(val) [ 280/2000]    eta: 0:01:44  time: 0.0600  data_time: 0.0015  memory: 1244  
2026/04/24 17:51:11 - mmengine - INFO - Iter(val) [ 300/2000]    eta: 0:01:43  time: 0.0623  data_time: 0.0015  memory: 1404  
2026/04/24 17:51:13 - mmengine - INFO - Iter(val) [ 320/2000]    eta: 0:01:42  time: 0.0599  data_time: 0.0015  memory: 1303  
2026/04/24 17:51:14 - mmengine - INFO - Iter(val) [ 340/2000]    eta: 0:01:40  time: 0.0621  data_time: 0.0014  memory: 1348  
2026/04/24 17:51:15 - mmengine - INFO - Iter(val) [ 360/2000]    eta: 0:01:39  time: 0.0602  data_time: 0.0014  memory: 1246  
2026/04/24 17:51:16 - mmengine - INFO - Iter(val) [ 380/2000]    eta: 0:01:38  time: 0.0616  data_time: 0.0015  memory: 1356  
2026/04/24 17:51:18 - mmengine - INFO - Iter(val) [ 400/2000]    eta: 0:01:37  time: 0.0615  data_time: 0.0015  memory: 1339  
2026/04/24 17:51:19 - mmengine - INFO - Iter(val) [ 420/2000]    eta: 0:01:35  time: 0.0527  data_time: 0.0013  memory: 1186  
2026/04/24 17:51:20 - mmengine - INFO - Iter(val) [ 440/2000]    eta: 0:01:34  time: 0.0629  data_time: 0.0014  memory: 1357  
2026/04/24 17:51:21 - mmengine - INFO - Iter(val) [ 460/2000]    eta: 0:01:32  time: 0.0615  data_time: 0.0015  memory: 1248  
2026/04/24 17:51:22 - mmengine - INFO - Iter(val) [ 480/2000]    eta: 0:01:31  time: 0.0622  data_time: 0.0015  memory: 1248  
2026/04/24 17:51:23 - mmengine - INFO - Iter(val) [ 500/2000]    eta: 0:01:30  time: 0.0593  data_time: 0.0014  memory: 1258  
2026/04/24 17:51:25 - mmengine - INFO - Iter(val) [ 520/2000]    eta: 0:01:29  time: 0.0636  data_time: 0.0015  memory: 1252  
2026/04/24 17:51:26 - mmengine - INFO - Iter(val) [ 540/2000]    eta: 0:01:28  time: 0.0635  data_time: 0.0015  memory: 1278  
2026/04/24 17:51:27 - mmengine - INFO - Iter(val) [ 560/2000]    eta: 0:01:27  time: 0.0557  data_time: 0.0014  memory: 1342  
2026/04/24 17:51:28 - mmengine - INFO - Iter(val) [ 580/2000]    eta: 0:01:25  time: 0.0612  data_time: 0.0015  memory: 1354  
2026/04/24 17:51:30 - mmengine - INFO - Iter(val) [ 600/2000]    eta: 0:01:24  time: 0.0630  data_time: 0.0016  memory: 1260  
2026/04/24 17:51:31 - mmengine - INFO - Iter(val) [ 620/2000]    eta: 0:01:23  time: 0.0585  data_time: 0.0014  memory: 1293  
2026/04/24 17:51:32 - mmengine - INFO - Iter(val) [ 640/2000]    eta: 0:01:22  time: 0.0614  data_time: 0.0015  memory: 1296  
2026/04/24 17:51:33 - mmengine - INFO - Iter(val) [ 660/2000]    eta: 0:01:21  time: 0.0632  data_time: 0.0015  memory: 1326  
2026/04/24 17:51:34 - mmengine - INFO - Iter(val) [ 680/2000]    eta: 0:01:20  time: 0.0627  data_time: 0.0015  memory: 1337  
2026/04/24 17:51:36 - mmengine - INFO - Iter(val) [ 700/2000]    eta: 0:01:18  time: 0.0619  data_time: 0.0015  memory: 1318  
2026/04/24 17:51:37 - mmengine - INFO - Iter(val) [ 720/2000]    eta: 0:01:17  time: 0.0634  data_time: 0.0014  memory: 1270  
2026/04/24 17:51:38 - mmengine - INFO - Iter(val) [ 740/2000]    eta: 0:01:16  time: 0.0621  data_time: 0.0014  memory: 1339  
2026/04/24 17:51:39 - mmengine - INFO - Iter(val) [ 760/2000]    eta: 0:01:15  time: 0.0558  data_time: 0.0014  memory: 1243  
2026/04/24 17:51:40 - mmengine - INFO - Iter(val) [ 780/2000]    eta: 0:01:13  time: 0.0603  data_time: 0.0014  memory: 1244  
2026/04/24 17:51:42 - mmengine - INFO - Iter(val) [ 800/2000]    eta: 0:01:12  time: 0.0617  data_time: 0.0015  memory: 1244  
2026/04/24 17:51:43 - mmengine - INFO - Iter(val) [ 820/2000]    eta: 0:01:11  time: 0.0616  data_time: 0.0016  memory: 1183  
2026/04/24 17:51:44 - mmengine - INFO - Iter(val) [ 840/2000]    eta: 0:01:10  time: 0.0617  data_time: 0.0015  memory: 1244  
2026/04/24 17:51:45 - mmengine - INFO - Iter(val) [ 860/2000]    eta: 0:01:09  time: 0.0605  data_time: 0.0016  memory: 1244  
2026/04/24 17:51:46 - mmengine - INFO - Iter(val) [ 880/2000]    eta: 0:01:07  time: 0.0580  data_time: 0.0014  memory: 1247  
2026/04/24 17:51:48 - mmengine - INFO - Iter(val) [ 900/2000]    eta: 0:01:06  time: 0.0562  data_time: 0.0014  memory: 1296  
2026/04/24 17:51:49 - mmengine - INFO - Iter(val) [ 920/2000]    eta: 0:01:05  time: 0.0621  data_time: 0.0014  memory: 1332  
2026/04/24 17:51:50 - mmengine - INFO - Iter(val) [ 940/2000]    eta: 0:01:04  time: 0.0620  data_time: 0.0015  memory: 1253  
2026/04/24 17:51:51 - mmengine - INFO - Iter(val) [ 960/2000]    eta: 0:01:02  time: 0.0571  data_time: 0.0014  memory: 1248  
2026/04/24 17:51:52 - mmengine - INFO - Iter(val) [ 980/2000]    eta: 0:01:01  time: 0.0556  data_time: 0.0014  memory: 1244  
2026/04/24 17:51:54 - mmengine - INFO - Iter(val) [1000/2000]    eta: 0:01:00  time: 0.0591  data_time: 0.0015  memory: 1335  
2026/04/24 17:51:55 - mmengine - INFO - Iter(val) [1020/2000]    eta: 0:00:59  time: 0.0616  data_time: 0.0015  memory: 1348  
2026/04/24 17:51:56 - mmengine - INFO - Iter(val) [1040/2000]    eta: 0:00:58  time: 0.0628  data_time: 0.0015  memory: 1342  
2026/04/24 17:51:57 - mmengine - INFO - Iter(val) [1060/2000]    eta: 0:00:56  time: 0.0580  data_time: 0.0014  memory: 1318  
2026/04/24 17:51:59 - mmengine - INFO - Iter(val) [1080/2000]    eta: 0:00:55  time: 0.0621  data_time: 0.0015  memory: 1318  
2026/04/24 17:52:00 - mmengine - INFO - Iter(val) [1100/2000]    eta: 0:00:54  time: 0.0606  data_time: 0.0015  memory: 1244  
2026/04/24 17:52:01 - mmengine - INFO - Iter(val) [1120/2000]    eta: 0:00:53  time: 0.0601  data_time: 0.0014  memory: 1309  
2026/04/24 17:52:02 - mmengine - INFO - Iter(val) [1140/2000]    eta: 0:00:51  time: 0.0603  data_time: 0.0015  memory: 1277  
2026/04/24 17:52:03 - mmengine - INFO - Iter(val) [1160/2000]    eta: 0:00:50  time: 0.0615  data_time: 0.0017  memory: 2303  
2026/04/24 17:52:05 - mmengine - INFO - Iter(val) [1180/2000]    eta: 0:00:49  time: 0.0614  data_time: 0.0015  memory: 1275  
2026/04/24 17:52:06 - mmengine - INFO - Iter(val) [1200/2000]    eta: 0:00:48  time: 0.0596  data_time: 0.0015  memory: 1356  
2026/04/24 17:52:07 - mmengine - INFO - Iter(val) [1220/2000]    eta: 0:00:47  time: 0.0618  data_time: 0.0014  memory: 1284  
2026/04/24 17:52:08 - mmengine - INFO - Iter(val) [1240/2000]    eta: 0:00:45  time: 0.0609  data_time: 0.0014  memory: 1289  
2026/04/24 17:52:09 - mmengine - INFO - Iter(val) [1260/2000]    eta: 0:00:44  time: 0.0567  data_time: 0.0014  memory: 1247  
2026/04/24 17:52:11 - mmengine - INFO - Iter(val) [1280/2000]    eta: 0:00:43  time: 0.0595  data_time: 0.0015  memory: 1248  
2026/04/24 17:52:12 - mmengine - INFO - Iter(val) [1300/2000]    eta: 0:00:42  time: 0.0605  data_time: 0.0015  memory: 1248  
2026/04/24 17:52:13 - mmengine - INFO - Iter(val) [1320/2000]    eta: 0:00:41  time: 0.0582  data_time: 0.0015  memory: 1247  
2026/04/24 17:52:14 - mmengine - INFO - Iter(val) [1340/2000]    eta: 0:00:39  time: 0.0626  data_time: 0.0016  memory: 1248  
2026/04/24 17:52:15 - mmengine - INFO - Iter(val) [1360/2000]    eta: 0:00:38  time: 0.0580  data_time: 0.0014  memory: 1213  
2026/04/24 17:52:17 - mmengine - INFO - Iter(val) [1380/2000]    eta: 0:00:37  time: 0.0623  data_time: 0.0015  memory: 1276  
2026/04/24 17:52:18 - mmengine - INFO - Iter(val) [1400/2000]    eta: 0:00:36  time: 0.0624  data_time: 0.0014  memory: 1336  
2026/04/24 17:52:19 - mmengine - INFO - Iter(val) [1420/2000]    eta: 0:00:34  time: 0.0527  data_time: 0.0013  memory: 1248  
2026/04/24 17:52:20 - mmengine - INFO - Iter(val) [1440/2000]    eta: 0:00:33  time: 0.0616  data_time: 0.0015  memory: 1332  
2026/04/24 17:52:21 - mmengine - INFO - Iter(val) [1460/2000]    eta: 0:00:32  time: 0.0593  data_time: 0.0015  memory: 1258  
2026/04/24 17:52:22 - mmengine - INFO - Iter(val) [1480/2000]    eta: 0:00:31  time: 0.0600  data_time: 0.0015  memory: 1247  
2026/04/24 17:52:24 - mmengine - INFO - Iter(val) [1500/2000]    eta: 0:00:30  time: 0.0580  data_time: 0.0014  memory: 1209  
2026/04/24 17:52:25 - mmengine - INFO - Iter(val) [1520/2000]    eta: 0:00:28  time: 0.0634  data_time: 0.0016  memory: 1318  
2026/04/24 17:52:26 - mmengine - INFO - Iter(val) [1540/2000]    eta: 0:00:27  time: 0.0615  data_time: 0.0014  memory: 1280  
2026/04/24 17:52:27 - mmengine - INFO - Iter(val) [1560/2000]    eta: 0:00:26  time: 0.0550  data_time: 0.0014  memory: 1260  
2026/04/24 17:52:29 - mmengine - INFO - Iter(val) [1580/2000]    eta: 0:00:25  time: 0.0612  data_time: 0.0015  memory: 1243  
2026/04/24 17:52:30 - mmengine - INFO - Iter(val) [1600/2000]    eta: 0:00:24  time: 0.0602  data_time: 0.0015  memory: 1236  
2026/04/24 17:52:31 - mmengine - INFO - Iter(val) [1620/2000]    eta: 0:00:22  time: 0.0722  data_time: 0.0015  memory: 1454  
2026/04/24 17:52:32 - mmengine - INFO - Iter(val) [1640/2000]    eta: 0:00:21  time: 0.0641  data_time: 0.0015  memory: 1356  
2026/04/24 17:52:33 - mmengine - INFO - Iter(val) [1660/2000]    eta: 0:00:20  time: 0.0606  data_time: 0.0014  memory: 1263  
2026/04/24 17:52:35 - mmengine - INFO - Iter(val) [1680/2000]    eta: 0:00:19  time: 0.0635  data_time: 0.0014  memory: 1332  
2026/04/24 17:52:36 - mmengine - INFO - Iter(val) [1700/2000]    eta: 0:00:18  time: 0.0610  data_time: 0.0015  memory: 1258  
2026/04/24 17:52:37 - mmengine - INFO - Iter(val) [1720/2000]    eta: 0:00:16  time: 0.0602  data_time: 0.0014  memory: 1267  
2026/04/24 17:52:38 - mmengine - INFO - Iter(val) [1740/2000]    eta: 0:00:15  time: 0.0637  data_time: 0.0015  memory: 1401  
2026/04/24 17:52:40 - mmengine - INFO - Iter(val) [1760/2000]    eta: 0:00:14  time: 0.0775  data_time: 0.0020  memory: 1244  
2026/04/24 17:52:41 - mmengine - INFO - Iter(val) [1780/2000]    eta: 0:00:13  time: 0.0628  data_time: 0.0016  memory: 1266  
2026/04/24 17:52:42 - mmengine - INFO - Iter(val) [1800/2000]    eta: 0:00:12  time: 0.0625  data_time: 0.0017  memory: 1244  
2026/04/24 17:52:44 - mmengine - INFO - Iter(val) [1820/2000]    eta: 0:00:10  time: 0.0631  data_time: 0.0017  memory: 1183  
2026/04/24 17:52:45 - mmengine - INFO - Iter(val) [1840/2000]    eta: 0:00:09  time: 0.0624  data_time: 0.0017  memory: 1183  
2026/04/24 17:52:46 - mmengine - INFO - Iter(val) [1860/2000]    eta: 0:00:08  time: 0.0613  data_time: 0.0017  memory: 1183  
2026/04/24 17:52:47 - mmengine - INFO - Iter(val) [1880/2000]    eta: 0:00:07  time: 0.0582  data_time: 0.0014  memory: 1244  
2026/04/24 17:52:49 - mmengine - INFO - Iter(val) [1900/2000]    eta: 0:00:06  time: 0.0603  data_time: 0.0015  memory: 1335  
2026/04/24 17:52:50 - mmengine - INFO - Iter(val) [1920/2000]    eta: 0:00:04  time: 0.0631  data_time: 0.0015  memory: 1504  
2026/04/24 17:52:51 - mmengine - INFO - Iter(val) [1940/2000]    eta: 0:00:03  time: 0.0619  data_time: 0.0016  memory: 1351  
2026/04/24 17:52:52 - mmengine - INFO - Iter(val) [1960/2000]    eta: 0:00:02  time: 0.0577  data_time: 0.0015  memory: 1248  
2026/04/24 17:52:53 - mmengine - INFO - Iter(val) [1980/2000]    eta: 0:00:01  time: 0.0591  data_time: 0.0016  memory: 1244  
2026/04/24 17:52:55 - mmengine - INFO - Iter(val) [2000/2000]    eta: 0:00:00  time: 0.0576  data_time: 0.0015  memory: 1329  
2026/04/24 17:52:55 - mmengine - INFO - per class results:
2026/04/24 17:52:55 - mmengine - INFO - 
+---------------------+-------+-------+
|        Class        |  IoU  |  Acc  |
+---------------------+-------+-------+
|         wall        | 37.62 | 74.88 |
|       building      | 39.65 | 71.75 |
|         sky         | 70.71 | 93.31 |
|        floor        | 34.36 | 61.44 |
|         tree        | 25.76 | 83.46 |
|       ceiling       | 20.81 | 22.64 |
|         road        | 46.62 | 77.74 |
|         bed         |  17.1 | 36.12 |
|      windowpane     | 12.12 | 13.57 |
|        grass        | 31.22 | 49.96 |
|       cabinet       |  0.0  |  0.0  |
|       sidewalk      |  4.69 |  4.96 |
|        person       |  3.81 |  4.53 |
|        earth        |  0.37 |  0.37 |
|         door        |  0.0  |  0.0  |
|        table        |  0.07 |  0.07 |
|       mountain      |  3.34 |  4.28 |
|        plant        |  0.01 |  0.01 |
|       curtain       |  0.0  |  0.0  |
|        chair        |  0.1  |  0.11 |
|         car         | 15.46 | 22.78 |
|        water        |  0.0  |  0.0  |
|       painting      |  0.0  |  0.0  |
|         sofa        |  0.0  |  0.0  |
|        shelf        |  0.0  |  0.0  |
|        house        |  0.0  |  0.0  |
|         sea         | 14.06 | 19.34 |
|        mirror       |  0.0  |  0.0  |
|         rug         |  0.0  |  0.0  |
|        field        |  0.0  |  0.0  |
|       armchair      |  0.0  |  0.0  |
|         seat        |  0.0  |  0.0  |
|        fence        |  0.0  |  0.0  |
|         desk        |  0.0  |  0.0  |
|         rock        |  0.0  |  0.0  |
|       wardrobe      |  0.0  |  0.0  |
|         lamp        |  0.0  |  0.0  |
|       bathtub       |  0.0  |  0.0  |
|       railing       |  0.0  |  0.0  |
|       cushion       |  0.0  |  0.0  |
|         base        |  0.0  |  0.0  |
|         box         |  0.0  |  0.0  |
|        column       |  0.0  |  0.0  |
|      signboard      |  0.0  |  0.0  |
|   chest of drawers  |  0.0  |  0.0  |
|       counter       |  0.0  |  0.0  |
|         sand        |  0.0  |  0.0  |
|         sink        |  0.0  |  0.0  |
|      skyscraper     |  0.0  |  0.0  |
|      fireplace      |  0.0  |  0.0  |
|     refrigerator    |  0.0  |  0.0  |
|      grandstand     |  0.0  |  0.0  |
|         path        |  0.0  |  0.0  |
|        stairs       |  0.0  |  0.0  |
|        runway       |  0.0  |  0.0  |
|         case        |  0.0  |  0.0  |
|      pool table     |  0.0  |  0.0  |
|        pillow       |  0.0  |  0.0  |
|     screen door     |  0.0  |  0.0  |
|       stairway      |  0.0  |  0.0  |
|        river        |  0.0  |  0.0  |
|        bridge       |  0.0  |  0.0  |
|       bookcase      |  0.0  |  0.0  |
|        blind        |  0.0  |  0.0  |
|     coffee table    |  0.0  |  0.0  |
|        toilet       |  0.0  |  0.0  |
|        flower       |  0.0  |  0.0  |
|         book        |  0.0  |  0.0  |
|         hill        |  0.0  |  0.0  |
|        bench        |  0.0  |  0.0  |
|      countertop     |  0.0  |  0.0  |
|        stove        |  0.0  |  0.0  |
|         palm        |  0.0  |  0.0  |
|    kitchen island   |  0.0  |  0.0  |
|       computer      |  0.0  |  0.0  |
|     swivel chair    |  0.0  |  0.0  |
|         boat        |  0.0  |  0.0  |
|         bar         |  0.0  |  0.0  |
|    arcade machine   |  0.0  |  0.0  |
|        hovel        |  0.0  |  0.0  |
|         bus         |  0.0  |  0.0  |
|        towel        |  0.0  |  0.0  |
|        light        |  0.0  |  0.0  |
|        truck        |  0.0  |  0.0  |
|        tower        |  0.0  |  0.0  |
|      chandelier     |  0.0  |  0.0  |
|        awning       |  0.0  |  0.0  |
|     streetlight     |  0.0  |  0.0  |
|        booth        |  0.0  |  0.0  |
| television receiver |  0.0  |  0.0  |
|       airplane      |  0.0  |  0.0  |
|      dirt track     |  0.0  |  0.0  |
|       apparel       |  0.0  |  0.0  |
|         pole        |  0.0  |  0.0  |
|         land        |  0.0  |  0.0  |
|      bannister      |  0.0  |  0.0  |
|      escalator      |  0.0  |  0.0  |
|       ottoman       |  0.0  |  0.0  |
|        bottle       |  0.0  |  0.0  |
|        buffet       |  0.0  |  0.0  |
|        poster       |  0.0  |  0.0  |
|        stage        |  0.0  |  0.0  |
|         van         |  0.0  |  0.0  |
|         ship        |  0.0  |  0.0  |
|       fountain      |  0.0  |  0.0  |
|    conveyer belt    |  0.0  |  0.0  |
|        canopy       |  0.0  |  0.0  |
|        washer       |  0.0  |  0.0  |
|      plaything      |  0.0  |  0.0  |
|    swimming pool    |  0.0  |  0.0  |
|        stool        |  0.0  |  0.0  |
|        barrel       |  0.0  |  0.0  |
|        basket       |  0.0  |  0.0  |
|      waterfall      |  0.0  |  0.0  |
|         tent        |  0.0  |  0.0  |
|         bag         |  0.0  |  0.0  |
|       minibike      |  0.0  |  0.0  |
|        cradle       |  0.0  |  0.0  |
|         oven        |  0.0  |  0.0  |
|         ball        |  0.0  |  0.0  |
|         food        |  0.0  |  0.0  |
|         step        |  0.0  |  0.0  |
|         tank        |  0.0  |  0.0  |
|      trade name     |  0.0  |  0.0  |
|      microwave      |  0.0  |  0.0  |
|         pot         |  0.0  |  0.0  |
|        animal       |  0.0  |  0.0  |
|       bicycle       |  0.0  |  0.0  |
|         lake        |  0.0  |  0.0  |
|      dishwasher     |  0.0  |  0.0  |
|        screen       |  0.0  |  0.0  |
|       blanket       |  0.0  |  0.0  |
|      sculpture      |  0.0  |  0.0  |
|         hood        |  0.0  |  0.0  |
|        sconce       |  0.0  |  0.0  |
|         vase        |  0.0  |  0.0  |
|    traffic light    |  0.0  |  0.0  |
|         tray        |  0.0  |  0.0  |
|        ashcan       |  0.0  |  0.0  |
|         fan         |  0.0  |  0.0  |
|         pier        |  0.0  |  0.0  |
|      crt screen     |  0.0  |  0.0  |
|        plate        |  0.0  |  0.0  |
|       monitor       |  0.0  |  0.0  |
|    bulletin board   |  0.0  |  0.0  |
|        shower       |  0.0  |  0.0  |
|       radiator      |  0.0  |  0.0  |
|        glass        |  0.0  |  0.0  |
|        clock        |  0.0  |  0.0  |
|         flag        |  0.0  |  0.0  |
+---------------------+-------+-------+
2026/04/24 17:52:55 - mmengine - INFO - Iter(val) [2000/2000]    aAcc: 45.1700  mIoU: 2.5200  mAcc: 4.2800  data_time: 0.0015  time: 0.0607
2026/04/24 17:53:01 - mmengine - INFO - Iter(train) [4020/8000]  lr: 3.1844e-05  eta: 0:20:59  time: 0.3027  data_time: 0.0056  memory: 5973  loss: 2.7682  decode.loss_ce: 1.9270  decode.acc_seg: 50.2400  aux.loss_ce: 0.8412  aux.acc_seg: 48.5565
2026/04/24 17:53:07 - mmengine - INFO - Iter(train) [4040/8000]  lr: 3.1684e-05  eta: 0:20:53  time: 0.3093  data_time: 0.0064  memory: 5973  loss: 2.6424  decode.loss_ce: 1.8494  decode.acc_seg: 7.7604  aux.loss_ce: 0.7930  aux.acc_seg: 7.1636
2026/04/24 17:53:13 - mmengine - INFO - Iter(train) [4060/8000]  lr: 3.1524e-05  eta: 0:20:46  time: 0.3025  data_time: 0.0056  memory: 5973  loss: 3.8534  decode.loss_ce: 2.7062  decode.acc_seg: 73.2340  aux.loss_ce: 1.1472  aux.acc_seg: 67.5725
2026/04/24 17:53:19 - mmengine - INFO - Iter(train) [4080/8000]  lr: 3.1364e-05  eta: 0:20:39  time: 0.3134  data_time: 0.0055  memory: 5973  loss: 2.7630  decode.loss_ce: 1.9338  decode.acc_seg: 39.5134  aux.loss_ce: 0.8292  aux.acc_seg: 44.3863
2026/04/24 17:53:25 - mmengine - INFO - Iter(train) [4100/8000]  lr: 3.1204e-05  eta: 0:20:32  time: 0.3011  data_time: 0.0055  memory: 5973  loss: 3.6052  decode.loss_ce: 2.4968  decode.acc_seg: 24.5849  aux.loss_ce: 1.1085  aux.acc_seg: 21.4869
2026/04/24 17:53:31 - mmengine - INFO - Iter(train) [4120/8000]  lr: 3.1044e-05  eta: 0:20:25  time: 0.2997  data_time: 0.0056  memory: 5973  loss: 3.0857  decode.loss_ce: 2.1463  decode.acc_seg: 40.7643  aux.loss_ce: 0.9394  aux.acc_seg: 40.2302
2026/04/24 17:53:37 - mmengine - INFO - Iter(train) [4140/8000]  lr: 3.0884e-05  eta: 0:20:18  time: 0.3008  data_time: 0.0056  memory: 5973  loss: 3.1182  decode.loss_ce: 2.1756  decode.acc_seg: 32.4156  aux.loss_ce: 0.9426  aux.acc_seg: 27.6741
2026/04/24 17:53:43 - mmengine - INFO - Iter(train) [4160/8000]  lr: 3.0724e-05  eta: 0:20:12  time: 0.3015  data_time: 0.0055  memory: 5973  loss: 2.8848  decode.loss_ce: 2.0152  decode.acc_seg: 39.7455  aux.loss_ce: 0.8695  aux.acc_seg: 35.9304
2026/04/24 17:53:49 - mmengine - INFO - Iter(train) [4180/8000]  lr: 3.0564e-05  eta: 0:20:05  time: 0.3043  data_time: 0.0055  memory: 5973  loss: 3.3470  decode.loss_ce: 2.3383  decode.acc_seg: 35.6585  aux.loss_ce: 1.0087  aux.acc_seg: 33.2941
2026/04/24 17:53:55 - mmengine - INFO - Iter(train) [4200/8000]  lr: 3.0404e-05  eta: 0:19:58  time: 0.3017  data_time: 0.0056  memory: 5973  loss: 3.2770  decode.loss_ce: 2.2954  decode.acc_seg: 58.9708  aux.loss_ce: 0.9817  aux.acc_seg: 58.5435
2026/04/24 17:54:01 - mmengine - INFO - Iter(train) [4220/8000]  lr: 3.0244e-05  eta: 0:19:51  time: 0.3015  data_time: 0.0057  memory: 5973  loss: 3.1247  decode.loss_ce: 2.2030  decode.acc_seg: 46.8714  aux.loss_ce: 0.9217  aux.acc_seg: 51.0657
2026/04/24 17:54:07 - mmengine - INFO - Iter(train) [4240/8000]  lr: 3.0084e-05  eta: 0:19:45  time: 0.3027  data_time: 0.0055  memory: 5973  loss: 3.4513  decode.loss_ce: 2.4145  decode.acc_seg: 20.4334  aux.loss_ce: 1.0368  aux.acc_seg: 17.0153
2026/04/24 17:54:13 - mmengine - INFO - Iter(train) [4260/8000]  lr: 2.9924e-05  eta: 0:19:38  time: 0.3009  data_time: 0.0056  memory: 5973  loss: 3.1527  decode.loss_ce: 2.2117  decode.acc_seg: 55.4859  aux.loss_ce: 0.9410  aux.acc_seg: 39.7032
2026/04/24 17:54:19 - mmengine - INFO - Iter(train) [4280/8000]  lr: 2.9764e-05  eta: 0:19:31  time: 0.2986  data_time: 0.0055  memory: 5973  loss: 2.9026  decode.loss_ce: 2.0075  decode.acc_seg: 66.5259  aux.loss_ce: 0.8951  aux.acc_seg: 52.8114
2026/04/24 17:54:25 - mmengine - INFO - Iter(train) [4300/8000]  lr: 2.9604e-05  eta: 0:19:24  time: 0.3000  data_time: 0.0054  memory: 5973  loss: 2.7790  decode.loss_ce: 1.9531  decode.acc_seg: 37.4728  aux.loss_ce: 0.8259  aux.acc_seg: 33.7659
2026/04/24 17:54:31 - mmengine - INFO - Iter(train) [4320/8000]  lr: 2.9444e-05  eta: 0:19:17  time: 0.3012  data_time: 0.0055  memory: 5973  loss: 3.3032  decode.loss_ce: 2.3152  decode.acc_seg: 31.6078  aux.loss_ce: 0.9881  aux.acc_seg: 27.3432
2026/04/24 17:54:37 - mmengine - INFO - Iter(train) [4340/8000]  lr: 2.9284e-05  eta: 0:19:11  time: 0.3001  data_time: 0.0056  memory: 5973  loss: 4.1582  decode.loss_ce: 2.9234  decode.acc_seg: 28.3653  aux.loss_ce: 1.2349  aux.acc_seg: 28.2622
2026/04/24 17:54:43 - mmengine - INFO - Iter(train) [4360/8000]  lr: 2.9124e-05  eta: 0:19:04  time: 0.3017  data_time: 0.0056  memory: 5973  loss: 3.1615  decode.loss_ce: 2.1930  decode.acc_seg: 20.7506  aux.loss_ce: 0.9685  aux.acc_seg: 14.4819
2026/04/24 17:54:50 - mmengine - INFO - Iter(train) [4380/8000]  lr: 2.8964e-05  eta: 0:18:57  time: 0.2998  data_time: 0.0055  memory: 5973  loss: 2.4467  decode.loss_ce: 1.6911  decode.acc_seg: 76.0651  aux.loss_ce: 0.7556  aux.acc_seg: 59.6444
2026/04/24 17:54:56 - mmengine - INFO - Iter(train) [4400/8000]  lr: 2.8804e-05  eta: 0:18:51  time: 0.3010  data_time: 0.0056  memory: 5973  loss: 3.3121  decode.loss_ce: 2.3245  decode.acc_seg: 61.5695  aux.loss_ce: 0.9876  aux.acc_seg: 45.8801
2026/04/24 17:55:02 - mmengine - INFO - Iter(train) [4420/8000]  lr: 2.8644e-05  eta: 0:18:44  time: 0.3021  data_time: 0.0055  memory: 5973  loss: 2.9951  decode.loss_ce: 2.1070  decode.acc_seg: 68.7938  aux.loss_ce: 0.8881  aux.acc_seg: 64.3273
2026/04/24 17:55:08 - mmengine - INFO - Iter(train) [4440/8000]  lr: 2.8484e-05  eta: 0:18:38  time: 0.3022  data_time: 0.0055  memory: 5973  loss: 2.8350  decode.loss_ce: 1.9745  decode.acc_seg: 16.0657  aux.loss_ce: 0.8605  aux.acc_seg: 22.1653
2026/04/24 17:55:14 - mmengine - INFO - Iter(train) [4460/8000]  lr: 2.8324e-05  eta: 0:18:31  time: 0.3013  data_time: 0.0055  memory: 5973  loss: 3.0571  decode.loss_ce: 2.1284  decode.acc_seg: 62.4869  aux.loss_ce: 0.9287  aux.acc_seg: 61.6746
2026/04/24 17:55:20 - mmengine - INFO - Iter(train) [4480/8000]  lr: 2.8164e-05  eta: 0:18:24  time: 0.3015  data_time: 0.0056  memory: 5973  loss: 3.8421  decode.loss_ce: 2.7072  decode.acc_seg: 8.1329  aux.loss_ce: 1.1350  aux.acc_seg: 9.9750
2026/04/24 17:55:26 - mmengine - INFO - Iter(train) [4500/8000]  lr: 2.8004e-05  eta: 0:18:18  time: 0.2984  data_time: 0.0055  memory: 5973  loss: 2.8833  decode.loss_ce: 2.0041  decode.acc_seg: 33.0302  aux.loss_ce: 0.8792  aux.acc_seg: 23.5823
2026/04/24 17:55:32 - mmengine - INFO - Iter(train) [4520/8000]  lr: 2.7844e-05  eta: 0:18:11  time: 0.3006  data_time: 0.0054  memory: 5973  loss: 3.3344  decode.loss_ce: 2.3421  decode.acc_seg: 29.2812  aux.loss_ce: 0.9923  aux.acc_seg: 26.5593
2026/04/24 17:55:38 - mmengine - INFO - Iter(train) [4540/8000]  lr: 2.7684e-05  eta: 0:18:04  time: 0.3006  data_time: 0.0056  memory: 5973  loss: 3.1346  decode.loss_ce: 2.1961  decode.acc_seg: 36.8310  aux.loss_ce: 0.9385  aux.acc_seg: 29.1738
2026/04/24 17:55:44 - mmengine - INFO - Iter(train) [4560/8000]  lr: 2.7524e-05  eta: 0:17:58  time: 0.3031  data_time: 0.0056  memory: 5973  loss: 2.9484  decode.loss_ce: 2.0279  decode.acc_seg: 27.6826  aux.loss_ce: 0.9204  aux.acc_seg: 26.4707
2026/04/24 17:55:50 - mmengine - INFO - Iter(train) [4580/8000]  lr: 2.7364e-05  eta: 0:17:51  time: 0.2993  data_time: 0.0055  memory: 5973  loss: 3.5721  decode.loss_ce: 2.4903  decode.acc_seg: 58.1887  aux.loss_ce: 1.0818  aux.acc_seg: 60.1785
2026/04/24 17:55:56 - mmengine - INFO - Iter(train) [4600/8000]  lr: 2.7204e-05  eta: 0:17:45  time: 0.3004  data_time: 0.0055  memory: 5973  loss: 3.4193  decode.loss_ce: 2.4081  decode.acc_seg: 18.2436  aux.loss_ce: 1.0112  aux.acc_seg: 20.6921
2026/04/24 17:56:02 - mmengine - INFO - Iter(train) [4620/8000]  lr: 2.7044e-05  eta: 0:17:38  time: 0.3029  data_time: 0.0056  memory: 5973  loss: 3.4948  decode.loss_ce: 2.4587  decode.acc_seg: 36.9524  aux.loss_ce: 1.0361  aux.acc_seg: 37.8474
2026/04/24 17:56:08 - mmengine - INFO - Iter(train) [4640/8000]  lr: 2.6884e-05  eta: 0:17:32  time: 0.3007  data_time: 0.0055  memory: 5973  loss: 3.5302  decode.loss_ce: 2.4803  decode.acc_seg: 6.1082  aux.loss_ce: 1.0499  aux.acc_seg: 6.9312
2026/04/24 17:56:14 - mmengine - INFO - Iter(train) [4660/8000]  lr: 2.6724e-05  eta: 0:17:25  time: 0.3017  data_time: 0.0055  memory: 5973  loss: 3.0797  decode.loss_ce: 2.1766  decode.acc_seg: 14.5532  aux.loss_ce: 0.9031  aux.acc_seg: 25.7169
2026/04/24 17:56:20 - mmengine - INFO - Iter(train) [4680/8000]  lr: 2.6564e-05  eta: 0:17:18  time: 0.3039  data_time: 0.0055  memory: 5973  loss: 3.4535  decode.loss_ce: 2.4148  decode.acc_seg: 48.0099  aux.loss_ce: 1.0387  aux.acc_seg: 23.1115
2026/04/24 17:56:26 - mmengine - INFO - Iter(train) [4700/8000]  lr: 2.6404e-05  eta: 0:17:12  time: 0.3113  data_time: 0.0055  memory: 5973  loss: 3.7153  decode.loss_ce: 2.6063  decode.acc_seg: 16.4500  aux.loss_ce: 1.1091  aux.acc_seg: 15.3485
2026/04/24 17:56:32 - mmengine - INFO - Iter(train) [4720/8000]  lr: 2.6243e-05  eta: 0:17:05  time: 0.3013  data_time: 0.0055  memory: 5973  loss: 3.3007  decode.loss_ce: 2.3075  decode.acc_seg: 0.2851  aux.loss_ce: 0.9932  aux.acc_seg: 0.8756
2026/04/24 17:56:38 - mmengine - INFO - Iter(train) [4740/8000]  lr: 2.6083e-05  eta: 0:16:59  time: 0.2986  data_time: 0.0054  memory: 5973  loss: 2.9571  decode.loss_ce: 2.0768  decode.acc_seg: 13.6363  aux.loss_ce: 0.8803  aux.acc_seg: 17.3023
2026/04/24 17:56:44 - mmengine - INFO - Iter(train) [4760/8000]  lr: 2.5923e-05  eta: 0:16:52  time: 0.3021  data_time: 0.0055  memory: 5973  loss: 3.0722  decode.loss_ce: 2.1501  decode.acc_seg: 9.6797  aux.loss_ce: 0.9221  aux.acc_seg: 3.0155
2026/04/24 17:56:50 - mmengine - INFO - Iter(train) [4780/8000]  lr: 2.5763e-05  eta: 0:16:46  time: 0.3037  data_time: 0.0056  memory: 5973  loss: 3.2787  decode.loss_ce: 2.3045  decode.acc_seg: 26.8350  aux.loss_ce: 0.9743  aux.acc_seg: 24.3181
2026/04/24 17:56:56 - mmengine - INFO - Iter(train) [4800/8000]  lr: 2.5603e-05  eta: 0:16:39  time: 0.3015  data_time: 0.0055  memory: 5973  loss: 3.7060  decode.loss_ce: 2.6066  decode.acc_seg: 52.7867  aux.loss_ce: 1.0994  aux.acc_seg: 41.6871
2026/04/24 17:57:02 - mmengine - INFO - Iter(train) [4820/8000]  lr: 2.5443e-05  eta: 0:16:33  time: 0.3032  data_time: 0.0055  memory: 5973  loss: 3.2555  decode.loss_ce: 2.2817  decode.acc_seg: 40.4787  aux.loss_ce: 0.9737  aux.acc_seg: 31.1522
2026/04/24 17:57:08 - mmengine - INFO - Iter(train) [4840/8000]  lr: 2.5283e-05  eta: 0:16:26  time: 0.3015  data_time: 0.0055  memory: 5973  loss: 2.8497  decode.loss_ce: 1.9978  decode.acc_seg: 43.7151  aux.loss_ce: 0.8519  aux.acc_seg: 40.5913
2026/04/24 17:57:14 - mmengine - INFO - Iter(train) [4860/8000]  lr: 2.5123e-05  eta: 0:16:20  time: 0.3026  data_time: 0.0056  memory: 5973  loss: 3.5958  decode.loss_ce: 2.5217  decode.acc_seg: 61.1548  aux.loss_ce: 1.0741  aux.acc_seg: 54.7728
2026/04/24 17:57:21 - mmengine - INFO - Iter(train) [4880/8000]  lr: 2.4963e-05  eta: 0:16:14  time: 0.3078  data_time: 0.0056  memory: 5973  loss: 3.4772  decode.loss_ce: 2.4330  decode.acc_seg: 31.8304  aux.loss_ce: 1.0443  aux.acc_seg: 32.1799
2026/04/24 17:57:27 - mmengine - INFO - Iter(train) [4900/8000]  lr: 2.4803e-05  eta: 0:16:07  time: 0.3015  data_time: 0.0054  memory: 5973  loss: 2.9960  decode.loss_ce: 2.0801  decode.acc_seg: 40.8835  aux.loss_ce: 0.9159  aux.acc_seg: 38.2776
2026/04/24 17:57:33 - mmengine - INFO - Iter(train) [4920/8000]  lr: 2.4643e-05  eta: 0:16:01  time: 0.3026  data_time: 0.0056  memory: 5973  loss: 2.9259  decode.loss_ce: 2.0433  decode.acc_seg: 25.7410  aux.loss_ce: 0.8826  aux.acc_seg: 25.9286
2026/04/24 17:57:39 - mmengine - INFO - Iter(train) [4940/8000]  lr: 2.4483e-05  eta: 0:15:54  time: 0.3018  data_time: 0.0056  memory: 5973  loss: 3.1189  decode.loss_ce: 2.1553  decode.acc_seg: 8.9869  aux.loss_ce: 0.9636  aux.acc_seg: 7.5190
2026/04/24 17:57:45 - mmengine - INFO - Iter(train) [4960/8000]  lr: 2.4323e-05  eta: 0:15:48  time: 0.3027  data_time: 0.0056  memory: 5973  loss: 3.2374  decode.loss_ce: 2.2687  decode.acc_seg: 27.0498  aux.loss_ce: 0.9687  aux.acc_seg: 23.1567
2026/04/24 17:57:51 - mmengine - INFO - Iter(train) [4980/8000]  lr: 2.4163e-05  eta: 0:15:41  time: 0.3011  data_time: 0.0055  memory: 5973  loss: 3.4320  decode.loss_ce: 2.3797  decode.acc_seg: 20.7530  aux.loss_ce: 1.0523  aux.acc_seg: 17.8108
2026/04/24 17:57:57 - mmengine - INFO - Exp name: pvmamba_tiny_upernet_ade20k_base_20260424_173648
2026/04/24 17:57:57 - mmengine - INFO - Iter(train) [5000/8000]  lr: 2.4003e-05  eta: 0:15:35  time: 0.2997  data_time: 0.0056  memory: 5973  loss: 3.3422  decode.loss_ce: 2.3430  decode.acc_seg: 41.7674  aux.loss_ce: 0.9993  aux.acc_seg: 35.2333
2026/04/24 17:57:57 - mmengine - INFO - Saving checkpoint at 5000 iterations
2026/04/24 17:58:00 - mmengine - INFO - Iter(val) [  20/2000]    eta: 0:02:04  time: 0.0612  data_time: 0.0015  memory: 1320  
2026/04/24 17:58:01 - mmengine - INFO - Iter(val) [  40/2000]    eta: 0:02:00  time: 0.0624  data_time: 0.0015  memory: 1353  
2026/04/24 17:58:02 - mmengine - INFO - Iter(val) [  60/2000]    eta: 0:02:00  time: 0.0617  data_time: 0.0015  memory: 1321  
2026/04/24 17:58:03 - mmengine - INFO - Iter(val) [  80/2000]    eta: 0:01:58  time: 0.0625  data_time: 0.0015  memory: 1246  
2026/04/24 17:58:04 - mmengine - INFO - Iter(val) [ 100/2000]    eta: 0:01:57  time: 0.0634  data_time: 0.0015  memory: 1363  
2026/04/24 17:58:06 - mmengine - INFO - Iter(val) [ 120/2000]    eta: 0:01:55  time: 0.0586  data_time: 0.0015  memory: 1256  
2026/04/24 17:58:07 - mmengine - INFO - Iter(val) [ 140/2000]    eta: 0:01:54  time: 0.0621  data_time: 0.0015  memory: 1259  
2026/04/24 17:58:08 - mmengine - INFO - Iter(val) [ 160/2000]    eta: 0:01:54  time: 0.0654  data_time: 0.0015  memory: 1439  
2026/04/24 17:58:09 - mmengine - INFO - Iter(val) [ 180/2000]    eta: 0:01:52  time: 0.0613  data_time: 0.0016  memory: 1277  
2026/04/24 17:58:11 - mmengine - INFO - Iter(val) [ 200/2000]    eta: 0:01:51  time: 0.0616  data_time: 0.0015  memory: 1353  
2026/04/24 17:58:12 - mmengine - INFO - Iter(val) [ 220/2000]    eta: 0:01:49  time: 0.0579  data_time: 0.0015  memory: 1517  
2026/04/24 17:58:13 - mmengine - INFO - Iter(val) [ 240/2000]    eta: 0:01:48  time: 0.0634  data_time: 0.0015  memory: 1468  
2026/04/24 17:58:14 - mmengine - INFO - Iter(val) [ 260/2000]    eta: 0:01:47  time: 0.0592  data_time: 0.0014  memory: 1297  
2026/04/24 17:58:15 - mmengine - INFO - Iter(val) [ 280/2000]    eta: 0:01:45  time: 0.0603  data_time: 0.0015  memory: 1244  
2026/04/24 17:58:17 - mmengine - INFO - Iter(val) [ 300/2000]    eta: 0:01:44  time: 0.0631  data_time: 0.0016  memory: 1404  
2026/04/24 17:58:18 - mmengine - INFO - Iter(val) [ 320/2000]    eta: 0:01:43  time: 0.0599  data_time: 0.0016  memory: 1303  
2026/04/24 17:58:19 - mmengine - INFO - Iter(val) [ 340/2000]    eta: 0:01:41  time: 0.0629  data_time: 0.0015  memory: 1348  
2026/04/24 17:58:20 - mmengine - INFO - Iter(val) [ 360/2000]    eta: 0:01:40  time: 0.0607  data_time: 0.0015  memory: 1246  
2026/04/24 17:58:22 - mmengine - INFO - Iter(val) [ 380/2000]    eta: 0:01:39  time: 0.0624  data_time: 0.0016  memory: 1356  
2026/04/24 17:58:23 - mmengine - INFO - Iter(val) [ 400/2000]    eta: 0:01:38  time: 0.0621  data_time: 0.0015  memory: 1339  
2026/04/24 17:58:24 - mmengine - INFO - Iter(val) [ 420/2000]    eta: 0:01:36  time: 0.0533  data_time: 0.0014  memory: 1186  
2026/04/24 17:58:25 - mmengine - INFO - Iter(val) [ 440/2000]    eta: 0:01:35  time: 0.0636  data_time: 0.0015  memory: 1357  
2026/04/24 17:58:26 - mmengine - INFO - Iter(val) [ 460/2000]    eta: 0:01:33  time: 0.0623  data_time: 0.0015  memory: 1248  
2026/04/24 17:58:28 - mmengine - INFO - Iter(val) [ 480/2000]    eta: 0:01:32  time: 0.0624  data_time: 0.0015  memory: 1248  
2026/04/24 17:58:29 - mmengine - INFO - Iter(val) [ 500/2000]    eta: 0:01:31  time: 0.0601  data_time: 0.0014  memory: 1258  
2026/04/24 17:58:30 - mmengine - INFO - Iter(val) [ 520/2000]    eta: 0:01:30  time: 0.0648  data_time: 0.0016  memory: 1252  
2026/04/24 17:58:31 - mmengine - INFO - Iter(val) [ 540/2000]    eta: 0:01:29  time: 0.0647  data_time: 0.0015  memory: 1278  
2026/04/24 17:58:32 - mmengine - INFO - Iter(val) [ 560/2000]    eta: 0:01:27  time: 0.0567  data_time: 0.0014  memory: 1342  
2026/04/24 17:58:34 - mmengine - INFO - Iter(val) [ 580/2000]    eta: 0:01:26  time: 0.0625  data_time: 0.0016  memory: 1354  
2026/04/24 17:58:35 - mmengine - INFO - Iter(val) [ 600/2000]    eta: 0:01:25  time: 0.0626  data_time: 0.0015  memory: 1260  
2026/04/24 17:58:36 - mmengine - INFO - Iter(val) [ 620/2000]    eta: 0:01:24  time: 0.0592  data_time: 0.0014  memory: 1293  
2026/04/24 17:58:37 - mmengine - INFO - Iter(val) [ 640/2000]    eta: 0:01:23  time: 0.0617  data_time: 0.0015  memory: 1296  
2026/04/24 17:58:39 - mmengine - INFO - Iter(val) [ 660/2000]    eta: 0:01:21  time: 0.0637  data_time: 0.0015  memory: 1326  
2026/04/24 17:58:40 - mmengine - INFO - Iter(val) [ 680/2000]    eta: 0:01:20  time: 0.0630  data_time: 0.0015  memory: 1337  
2026/04/24 17:58:41 - mmengine - INFO - Iter(val) [ 700/2000]    eta: 0:01:19  time: 0.0627  data_time: 0.0016  memory: 1318  
2026/04/24 17:58:42 - mmengine - INFO - Iter(val) [ 720/2000]    eta: 0:01:18  time: 0.0641  data_time: 0.0014  memory: 1270  
2026/04/24 17:58:44 - mmengine - INFO - Iter(val) [ 740/2000]    eta: 0:01:17  time: 0.0632  data_time: 0.0014  memory: 1339  
2026/04/24 17:58:45 - mmengine - INFO - Iter(val) [ 760/2000]    eta: 0:01:15  time: 0.0557  data_time: 0.0014  memory: 1243  
2026/04/24 17:58:46 - mmengine - INFO - Iter(val) [ 780/2000]    eta: 0:01:14  time: 0.0602  data_time: 0.0015  memory: 1244  
2026/04/24 17:58:47 - mmengine - INFO - Iter(val) [ 800/2000]    eta: 0:01:13  time: 0.0622  data_time: 0.0016  memory: 1244  
2026/04/24 17:58:48 - mmengine - INFO - Iter(val) [ 820/2000]    eta: 0:01:12  time: 0.0617  data_time: 0.0016  memory: 1183  
2026/04/24 17:58:50 - mmengine - INFO - Iter(val) [ 840/2000]    eta: 0:01:10  time: 0.0622  data_time: 0.0016  memory: 1244  
2026/04/24 17:58:51 - mmengine - INFO - Iter(val) [ 860/2000]    eta: 0:01:09  time: 0.0618  data_time: 0.0016  memory: 1244  
2026/04/24 17:58:52 - mmengine - INFO - Iter(val) [ 880/2000]    eta: 0:01:08  time: 0.0582  data_time: 0.0014  memory: 1247  
2026/04/24 17:58:53 - mmengine - INFO - Iter(val) [ 900/2000]    eta: 0:01:07  time: 0.0579  data_time: 0.0014  memory: 1296  
2026/04/24 17:58:54 - mmengine - INFO - Iter(val) [ 920/2000]    eta: 0:01:05  time: 0.0620  data_time: 0.0014  memory: 1332  
2026/04/24 17:58:56 - mmengine - INFO - Iter(val) [ 940/2000]    eta: 0:01:04  time: 0.0627  data_time: 0.0015  memory: 1253  
2026/04/24 17:58:57 - mmengine - INFO - Iter(val) [ 960/2000]    eta: 0:01:03  time: 0.0572  data_time: 0.0014  memory: 1248  
2026/04/24 17:58:58 - mmengine - INFO - Iter(val) [ 980/2000]    eta: 0:01:02  time: 0.0563  data_time: 0.0014  memory: 1244  
2026/04/24 17:58:59 - mmengine - INFO - Iter(val) [1000/2000]    eta: 0:01:00  time: 0.0598  data_time: 0.0015  memory: 1335  
2026/04/24 17:59:01 - mmengine - INFO - Iter(val) [1020/2000]    eta: 0:00:59  time: 0.0623  data_time: 0.0015  memory: 1348  
2026/04/24 17:59:02 - mmengine - INFO - Iter(val) [1040/2000]    eta: 0:00:58  time: 0.0636  data_time: 0.0015  memory: 1342  
2026/04/24 17:59:03 - mmengine - INFO - Iter(val) [1060/2000]    eta: 0:00:57  time: 0.0598  data_time: 0.0015  memory: 1318  
2026/04/24 17:59:04 - mmengine - INFO - Iter(val) [1080/2000]    eta: 0:00:56  time: 0.0628  data_time: 0.0015  memory: 1318  
2026/04/24 17:59:05 - mmengine - INFO - Iter(val) [1100/2000]    eta: 0:00:54  time: 0.0609  data_time: 0.0015  memory: 1244  
2026/04/24 17:59:07 - mmengine - INFO - Iter(val) [1120/2000]    eta: 0:00:53  time: 0.0611  data_time: 0.0014  memory: 1309  
2026/04/24 17:59:08 - mmengine - INFO - Iter(val) [1140/2000]    eta: 0:00:52  time: 0.0606  data_time: 0.0015  memory: 1277  
2026/04/24 17:59:09 - mmengine - INFO - Iter(val) [1160/2000]    eta: 0:00:51  time: 0.0621  data_time: 0.0017  memory: 2303  
2026/04/24 17:59:10 - mmengine - INFO - Iter(val) [1180/2000]    eta: 0:00:50  time: 0.0619  data_time: 0.0015  memory: 1275  
2026/04/24 17:59:12 - mmengine - INFO - Iter(val) [1200/2000]    eta: 0:00:48  time: 0.0601  data_time: 0.0015  memory: 1356  
2026/04/24 17:59:13 - mmengine - INFO - Iter(val) [1220/2000]    eta: 0:00:47  time: 0.0624  data_time: 0.0015  memory: 1284  
2026/04/24 17:59:14 - mmengine - INFO - Iter(val) [1240/2000]    eta: 0:00:46  time: 0.0610  data_time: 0.0015  memory: 1289  
2026/04/24 17:59:15 - mmengine - INFO - Iter(val) [1260/2000]    eta: 0:00:45  time: 0.0572  data_time: 0.0014  memory: 1247  
2026/04/24 17:59:16 - mmengine - INFO - Iter(val) [1280/2000]    eta: 0:00:43  time: 0.0604  data_time: 0.0015  memory: 1248  
2026/04/24 17:59:18 - mmengine - INFO - Iter(val) [1300/2000]    eta: 0:00:42  time: 0.0616  data_time: 0.0015  memory: 1248  
2026/04/24 17:59:19 - mmengine - INFO - Iter(val) [1320/2000]    eta: 0:00:41  time: 0.0582  data_time: 0.0015  memory: 1247  
2026/04/24 17:59:20 - mmengine - INFO - Iter(val) [1340/2000]    eta: 0:00:40  time: 0.0625  data_time: 0.0016  memory: 1248  
2026/04/24 17:59:21 - mmengine - INFO - Iter(val) [1360/2000]    eta: 0:00:38  time: 0.0586  data_time: 0.0014  memory: 1213  
2026/04/24 17:59:22 - mmengine - INFO - Iter(val) [1380/2000]    eta: 0:00:37  time: 0.0623  data_time: 0.0015  memory: 1276  
2026/04/24 17:59:24 - mmengine - INFO - Iter(val) [1400/2000]    eta: 0:00:36  time: 0.0626  data_time: 0.0015  memory: 1336  
2026/04/24 17:59:25 - mmengine - INFO - Iter(val) [1420/2000]    eta: 0:00:35  time: 0.0537  data_time: 0.0014  memory: 1248  
2026/04/24 17:59:26 - mmengine - INFO - Iter(val) [1440/2000]    eta: 0:00:34  time: 0.0626  data_time: 0.0015  memory: 1332  
2026/04/24 17:59:27 - mmengine - INFO - Iter(val) [1460/2000]    eta: 0:00:32  time: 0.0597  data_time: 0.0015  memory: 1258  
2026/04/24 17:59:28 - mmengine - INFO - Iter(val) [1480/2000]    eta: 0:00:31  time: 0.0610  data_time: 0.0015  memory: 1247  
2026/04/24 17:59:30 - mmengine - INFO - Iter(val) [1500/2000]    eta: 0:00:30  time: 0.0586  data_time: 0.0015  memory: 1209  
2026/04/24 17:59:31 - mmengine - INFO - Iter(val) [1520/2000]    eta: 0:00:29  time: 0.0638  data_time: 0.0016  memory: 1318  
2026/04/24 17:59:32 - mmengine - INFO - Iter(val) [1540/2000]    eta: 0:00:28  time: 0.0618  data_time: 0.0015  memory: 1280  
2026/04/24 17:59:33 - mmengine - INFO - Iter(val) [1560/2000]    eta: 0:00:26  time: 0.0560  data_time: 0.0015  memory: 1260  
2026/04/24 17:59:34 - mmengine - INFO - Iter(val) [1580/2000]    eta: 0:00:25  time: 0.0622  data_time: 0.0016  memory: 1243  
2026/04/24 17:59:36 - mmengine - INFO - Iter(val) [1600/2000]    eta: 0:00:24  time: 0.0606  data_time: 0.0016  memory: 1236  
2026/04/24 17:59:37 - mmengine - INFO - Iter(val) [1620/2000]    eta: 0:00:23  time: 0.0611  data_time: 0.0015  memory: 1454  
2026/04/24 17:59:38 - mmengine - INFO - Iter(val) [1640/2000]    eta: 0:00:21  time: 0.0647  data_time: 0.0016  memory: 1356  
2026/04/24 17:59:39 - mmengine - INFO - Iter(val) [1660/2000]    eta: 0:00:20  time: 0.0611  data_time: 0.0014  memory: 1263  
2026/04/24 17:59:41 - mmengine - INFO - Iter(val) [1680/2000]    eta: 0:00:19  time: 0.0643  data_time: 0.0015  memory: 1332  
2026/04/24 17:59:42 - mmengine - INFO - Iter(val) [1700/2000]    eta: 0:00:18  time: 0.0610  data_time: 0.0016  memory: 1258  
2026/04/24 17:59:43 - mmengine - INFO - Iter(val) [1720/2000]    eta: 0:00:17  time: 0.0608  data_time: 0.0015  memory: 1267  
2026/04/24 17:59:44 - mmengine - INFO - Iter(val) [1740/2000]    eta: 0:00:15  time: 0.0639  data_time: 0.0015  memory: 1401  
2026/04/24 17:59:45 - mmengine - INFO - Iter(val) [1760/2000]    eta: 0:00:14  time: 0.0527  data_time: 0.0014  memory: 1244  
2026/04/24 17:59:47 - mmengine - INFO - Iter(val) [1780/2000]    eta: 0:00:13  time: 0.0608  data_time: 0.0015  memory: 1266  
2026/04/24 17:59:48 - mmengine - INFO - Iter(val) [1800/2000]    eta: 0:00:12  time: 0.0621  data_time: 0.0016  memory: 1244  
2026/04/24 17:59:49 - mmengine - INFO - Iter(val) [1820/2000]    eta: 0:00:10  time: 0.0618  data_time: 0.0016  memory: 1183  
2026/04/24 17:59:50 - mmengine - INFO - Iter(val) [1840/2000]    eta: 0:00:09  time: 0.0616  data_time: 0.0016  memory: 1183  
2026/04/24 17:59:52 - mmengine - INFO - Iter(val) [1860/2000]    eta: 0:00:08  time: 0.0604  data_time: 0.0016  memory: 1183  
2026/04/24 17:59:53 - mmengine - INFO - Iter(val) [1880/2000]    eta: 0:00:07  time: 0.0584  data_time: 0.0014  memory: 1244  
2026/04/24 17:59:54 - mmengine - INFO - Iter(val) [1900/2000]    eta: 0:00:06  time: 0.0595  data_time: 0.0015  memory: 1335  
2026/04/24 17:59:55 - mmengine - INFO - Iter(val) [1920/2000]    eta: 0:00:04  time: 0.0609  data_time: 0.0015  memory: 1504  
2026/04/24 17:59:56 - mmengine - INFO - Iter(val) [1940/2000]    eta: 0:00:03  time: 0.0615  data_time: 0.0016  memory: 1351  
2026/04/24 17:59:58 - mmengine - INFO - Iter(val) [1960/2000]    eta: 0:00:02  time: 0.0568  data_time: 0.0014  memory: 1248  
2026/04/24 17:59:59 - mmengine - INFO - Iter(val) [1980/2000]    eta: 0:00:01  time: 0.0585  data_time: 0.0015  memory: 1244  
2026/04/24 18:00:00 - mmengine - INFO - Iter(val) [2000/2000]    eta: 0:00:00  time: 0.0574  data_time: 0.0014  memory: 1329  
2026/04/24 18:00:00 - mmengine - INFO - per class results:
2026/04/24 18:00:00 - mmengine - INFO - 
+---------------------+-------+-------+
|        Class        |  IoU  |  Acc  |
+---------------------+-------+-------+
|         wall        | 37.39 |  73.7 |
|       building      | 44.49 | 79.77 |
|         sky         | 71.32 | 76.88 |
|        floor        |  34.7 | 65.52 |
|         tree        | 35.51 | 70.49 |
|       ceiling       | 43.01 |  59.1 |
|         road        | 47.28 | 82.44 |
|         bed         | 13.21 | 24.97 |
|      windowpane     | 23.62 | 39.55 |
|        grass        | 43.83 |  66.1 |
|       cabinet       |  0.05 |  0.05 |
|       sidewalk      |  1.5  |  1.53 |
|        person       |  2.49 |  2.67 |
|        earth        |  1.85 |  1.94 |
|         door        |  0.0  |  0.0  |
|        table        |  0.25 |  0.26 |
|       mountain      |  10.0 | 47.76 |
|        plant        |  0.96 |  0.99 |
|       curtain       |  0.0  |  0.0  |
|        chair        |  2.18 |  2.53 |
|         car         |  15.7 | 20.93 |
|        water        |  0.0  |  0.0  |
|       painting      |  0.0  |  0.0  |
|         sofa        |  0.0  |  0.0  |
|        shelf        |  0.0  |  0.0  |
|        house        |  0.0  |  0.0  |
|         sea         |  0.06 |  0.07 |
|        mirror       |  0.0  |  0.0  |
|         rug         |  0.0  |  0.0  |
|        field        |  0.0  |  0.0  |
|       armchair      |  0.0  |  0.0  |
|         seat        |  0.0  |  0.0  |
|        fence        |  0.0  |  0.0  |
|         desk        |  0.0  |  0.0  |
|         rock        |  0.0  |  0.0  |
|       wardrobe      |  0.0  |  0.0  |
|         lamp        |  0.0  |  0.0  |
|       bathtub       |  0.0  |  0.0  |
|       railing       |  0.0  |  0.0  |
|       cushion       |  0.0  |  0.0  |
|         base        |  0.0  |  0.0  |
|         box         |  0.0  |  0.0  |
|        column       |  0.0  |  0.0  |
|      signboard      |  0.0  |  0.0  |
|   chest of drawers  |  0.0  |  0.0  |
|       counter       |  0.0  |  0.0  |
|         sand        |  0.0  |  0.0  |
|         sink        |  0.0  |  0.0  |
|      skyscraper     |  0.0  |  0.0  |
|      fireplace      |  0.0  |  0.0  |
|     refrigerator    |  0.0  |  0.0  |
|      grandstand     |  0.0  |  0.0  |
|         path        |  0.0  |  0.0  |
|        stairs       |  0.0  |  0.0  |
|        runway       |  0.0  |  0.0  |
|         case        |  0.0  |  0.0  |
|      pool table     |  0.0  |  0.0  |
|        pillow       |  0.0  |  0.0  |
|     screen door     |  0.0  |  0.0  |
|       stairway      |  0.0  |  0.0  |
|        river        |  0.0  |  0.0  |
|        bridge       |  0.0  |  0.0  |
|       bookcase      |  0.0  |  0.0  |
|        blind        |  0.0  |  0.0  |
|     coffee table    |  0.0  |  0.0  |
|        toilet       |  0.0  |  0.0  |
|        flower       |  0.0  |  0.0  |
|         book        |  0.0  |  0.0  |
|         hill        |  0.0  |  0.0  |
|        bench        |  0.0  |  0.0  |
|      countertop     |  0.0  |  0.0  |
|        stove        |  0.0  |  0.0  |
|         palm        |  0.0  |  0.0  |
|    kitchen island   |  0.0  |  0.0  |
|       computer      |  0.0  |  0.0  |
|     swivel chair    |  0.0  |  0.0  |
|         boat        |  0.0  |  0.0  |
|         bar         |  0.0  |  0.0  |
|    arcade machine   |  0.0  |  0.0  |
|        hovel        |  0.0  |  0.0  |
|         bus         |  0.0  |  0.0  |
|        towel        |  0.0  |  0.0  |
|        light        |  0.0  |  0.0  |
|        truck        |  0.0  |  0.0  |
|        tower        |  0.0  |  0.0  |
|      chandelier     |  0.0  |  0.0  |
|        awning       |  0.0  |  0.0  |
|     streetlight     |  0.0  |  0.0  |
|        booth        |  0.0  |  0.0  |
| television receiver |  0.0  |  0.0  |
|       airplane      |  0.0  |  0.0  |
|      dirt track     |  0.0  |  0.0  |
|       apparel       |  0.0  |  0.0  |
|         pole        |  0.0  |  0.0  |
|         land        |  0.0  |  0.0  |
|      bannister      |  0.0  |  0.0  |
|      escalator      |  0.0  |  0.0  |
|       ottoman       |  0.0  |  0.0  |
|        bottle       |  0.0  |  0.0  |
|        buffet       |  0.0  |  0.0  |
|        poster       |  0.0  |  0.0  |
|        stage        |  0.0  |  0.0  |
|         van         |  0.0  |  0.0  |
|         ship        |  0.0  |  0.0  |
|       fountain      |  0.0  |  0.0  |
|    conveyer belt    |  0.0  |  0.0  |
|        canopy       |  0.0  |  0.0  |
|        washer       |  0.0  |  0.0  |
|      plaything      |  0.0  |  0.0  |
|    swimming pool    |  0.0  |  0.0  |
|        stool        |  0.0  |  0.0  |
|        barrel       |  0.0  |  0.0  |
|        basket       |  0.0  |  0.0  |
|      waterfall      |  0.0  |  0.0  |
|         tent        |  0.0  |  0.0  |
|         bag         |  0.0  |  0.0  |
|       minibike      |  0.0  |  0.0  |
|        cradle       |  0.0  |  0.0  |
|         oven        |  0.0  |  0.0  |
|         ball        |  0.0  |  0.0  |
|         food        |  0.0  |  0.0  |
|         step        |  0.0  |  0.0  |
|         tank        |  0.0  |  0.0  |
|      trade name     |  0.0  |  0.0  |
|      microwave      |  0.0  |  0.0  |
|         pot         |  0.0  |  0.0  |
|        animal       |  0.0  |  0.0  |
|       bicycle       |  0.0  |  0.0  |
|         lake        |  0.0  |  0.0  |
|      dishwasher     |  0.0  |  0.0  |
|        screen       |  0.0  |  0.0  |
|       blanket       |  0.0  |  0.0  |
|      sculpture      |  0.0  |  0.0  |
|         hood        |  0.0  |  0.0  |
|        sconce       |  0.0  |  0.0  |
|         vase        |  0.0  |  0.0  |
|    traffic light    |  0.0  |  0.0  |
|         tray        |  0.0  |  0.0  |
|        ashcan       |  0.0  |  0.0  |
|         fan         |  0.0  |  0.0  |
|         pier        |  0.0  |  0.0  |
|      crt screen     |  0.0  |  0.0  |
|        plate        |  0.0  |  0.0  |
|       monitor       |  0.0  |  0.0  |
|    bulletin board   |  0.0  |  0.0  |
|        shower       |  0.0  |  0.0  |
|       radiator      |  0.0  |  0.0  |
|        glass        |  0.0  |  0.0  |
|        clock        |  0.0  |  0.0  |
|         flag        |  0.0  |  0.0  |
+---------------------+-------+-------+
2026/04/24 18:00:00 - mmengine - INFO - Iter(val) [2000/2000]    aAcc: 47.0200  mIoU: 2.8600  mAcc: 4.7800  data_time: 0.0015  time: 0.0608
2026/04/24 18:00:00 - mmengine - INFO - The previous best checkpoint /home/jlx_75/PVMamba_cifar10_base/segmentation/work_dirs/pvmamba_tiny_upernet_ade20k_base/best_mIoU_iter_3000.pth is removed
2026/04/24 18:00:01 - mmengine - INFO - The best checkpoint with 2.8600 mIoU at 5000 iter is saved to best_mIoU_iter_5000.pth.
2026/04/24 18:00:09 - mmengine - INFO - Iter(train) [5020/8000]  lr: 2.3843e-05  eta: 0:15:32  time: 0.2947  data_time: 0.0055  memory: 5973  loss: 2.7583  decode.loss_ce: 1.9275  decode.acc_seg: 33.3570  aux.loss_ce: 0.8309  aux.acc_seg: 24.6295
2026/04/24 18:00:15 - mmengine - INFO - Iter(train) [5040/8000]  lr: 2.3683e-05  eta: 0:15:25  time: 0.2977  data_time: 0.0054  memory: 5973  loss: 3.7691  decode.loss_ce: 2.6481  decode.acc_seg: 35.5238  aux.loss_ce: 1.1210  aux.acc_seg: 31.2451
2026/04/24 18:00:21 - mmengine - INFO - Iter(train) [5060/8000]  lr: 2.3523e-05  eta: 0:15:19  time: 0.2993  data_time: 0.0053  memory: 5973  loss: 3.3421  decode.loss_ce: 2.3512  decode.acc_seg: 27.6249  aux.loss_ce: 0.9909  aux.acc_seg: 22.7527
2026/04/24 18:00:27 - mmengine - INFO - Iter(train) [5080/8000]  lr: 2.3363e-05  eta: 0:15:12  time: 0.2996  data_time: 0.0053  memory: 5973  loss: 3.3012  decode.loss_ce: 2.3080  decode.acc_seg: 21.1531  aux.loss_ce: 0.9932  aux.acc_seg: 21.6464
2026/04/24 18:00:33 - mmengine - INFO - Iter(train) [5100/8000]  lr: 2.3203e-05  eta: 0:15:06  time: 0.2999  data_time: 0.0054  memory: 5973  loss: 3.7137  decode.loss_ce: 2.6198  decode.acc_seg: 50.8432  aux.loss_ce: 1.0940  aux.acc_seg: 54.0984
2026/04/24 18:00:39 - mmengine - INFO - Iter(train) [5120/8000]  lr: 2.3043e-05  eta: 0:14:59  time: 0.3004  data_time: 0.0054  memory: 5973  loss: 2.7231  decode.loss_ce: 1.9108  decode.acc_seg: 51.7963  aux.loss_ce: 0.8123  aux.acc_seg: 50.1887
2026/04/24 18:00:45 - mmengine - INFO - Iter(train) [5140/8000]  lr: 2.2883e-05  eta: 0:14:53  time: 0.3013  data_time: 0.0054  memory: 5973  loss: 4.0373  decode.loss_ce: 2.8260  decode.acc_seg: 4.3982  aux.loss_ce: 1.2113  aux.acc_seg: 4.6328
2026/04/24 18:00:51 - mmengine - INFO - Iter(train) [5160/8000]  lr: 2.2723e-05  eta: 0:14:46  time: 0.3002  data_time: 0.0053  memory: 5973  loss: 3.5016  decode.loss_ce: 2.4738  decode.acc_seg: 24.2186  aux.loss_ce: 1.0278  aux.acc_seg: 15.3020
2026/04/24 18:00:58 - mmengine - INFO - Iter(train) [5180/8000]  lr: 2.2563e-05  eta: 0:14:40  time: 0.3033  data_time: 0.0054  memory: 5973  loss: 3.4577  decode.loss_ce: 2.4165  decode.acc_seg: 44.8787  aux.loss_ce: 1.0412  aux.acc_seg: 40.2691
2026/04/24 18:01:04 - mmengine - INFO - Iter(train) [5200/8000]  lr: 2.2403e-05  eta: 0:14:34  time: 0.3006  data_time: 0.0053  memory: 5973  loss: 3.0387  decode.loss_ce: 2.1225  decode.acc_seg: 33.3611  aux.loss_ce: 0.9162  aux.acc_seg: 33.6604
2026/04/24 18:01:10 - mmengine - INFO - Iter(train) [5220/8000]  lr: 2.2243e-05  eta: 0:14:27  time: 0.2997  data_time: 0.0053  memory: 5973  loss: 3.0747  decode.loss_ce: 2.1481  decode.acc_seg: 37.6643  aux.loss_ce: 0.9266  aux.acc_seg: 32.1283
2026/04/24 18:01:16 - mmengine - INFO - Iter(train) [5240/8000]  lr: 2.2083e-05  eta: 0:14:21  time: 0.3025  data_time: 0.0053  memory: 5973  loss: 3.2787  decode.loss_ce: 2.3063  decode.acc_seg: 37.6818  aux.loss_ce: 0.9724  aux.acc_seg: 34.7028
2026/04/24 18:01:22 - mmengine - INFO - Iter(train) [5260/8000]  lr: 2.1923e-05  eta: 0:14:14  time: 0.3012  data_time: 0.0053  memory: 5973  loss: 3.6359  decode.loss_ce: 2.5438  decode.acc_seg: 37.5753  aux.loss_ce: 1.0922  aux.acc_seg: 28.7931
2026/04/24 18:01:28 - mmengine - INFO - Iter(train) [5280/8000]  lr: 2.1763e-05  eta: 0:14:08  time: 0.2996  data_time: 0.0054  memory: 5973  loss: 3.1258  decode.loss_ce: 2.1601  decode.acc_seg: 29.5837  aux.loss_ce: 0.9657  aux.acc_seg: 20.3861
2026/04/24 18:01:34 - mmengine - INFO - Iter(train) [5300/8000]  lr: 2.1603e-05  eta: 0:14:01  time: 0.3014  data_time: 0.0054  memory: 5973  loss: 3.1010  decode.loss_ce: 2.1589  decode.acc_seg: 34.3335  aux.loss_ce: 0.9421  aux.acc_seg: 35.1424
2026/04/24 18:01:40 - mmengine - INFO - Iter(train) [5320/8000]  lr: 2.1443e-05  eta: 0:13:55  time: 0.3003  data_time: 0.0054  memory: 5973  loss: 3.2849  decode.loss_ce: 2.2954  decode.acc_seg: 15.9282  aux.loss_ce: 0.9895  aux.acc_seg: 16.3803
2026/04/24 18:01:46 - mmengine - INFO - Iter(train) [5340/8000]  lr: 2.1283e-05  eta: 0:13:49  time: 0.2998  data_time: 0.0054  memory: 5973  loss: 2.9676  decode.loss_ce: 2.0393  decode.acc_seg: 27.6349  aux.loss_ce: 0.9283  aux.acc_seg: 20.8683
2026/04/24 18:01:52 - mmengine - INFO - Iter(train) [5360/8000]  lr: 2.1123e-05  eta: 0:13:42  time: 0.3013  data_time: 0.0053  memory: 5973  loss: 2.5814  decode.loss_ce: 1.7997  decode.acc_seg: 46.1850  aux.loss_ce: 0.7816  aux.acc_seg: 40.0098
2026/04/24 18:01:58 - mmengine - INFO - Iter(train) [5380/8000]  lr: 2.0963e-05  eta: 0:13:36  time: 0.3008  data_time: 0.0052  memory: 5973  loss: 2.9715  decode.loss_ce: 2.0988  decode.acc_seg: 28.0052  aux.loss_ce: 0.8728  aux.acc_seg: 35.3333
2026/04/24 18:02:04 - mmengine - INFO - Iter(train) [5400/8000]  lr: 2.0803e-05  eta: 0:13:29  time: 0.2992  data_time: 0.0053  memory: 5973  loss: 2.7208  decode.loss_ce: 1.8971  decode.acc_seg: 34.2174  aux.loss_ce: 0.8238  aux.acc_seg: 21.9342
2026/04/24 18:02:10 - mmengine - INFO - Iter(train) [5420/8000]  lr: 2.0643e-05  eta: 0:13:23  time: 0.3029  data_time: 0.0053  memory: 5973  loss: 3.1493  decode.loss_ce: 2.2020  decode.acc_seg: 40.7621  aux.loss_ce: 0.9472  aux.acc_seg: 31.3460
2026/04/24 18:02:16 - mmengine - INFO - Iter(train) [5440/8000]  lr: 2.0483e-05  eta: 0:13:17  time: 0.2992  data_time: 0.0053  memory: 5973  loss: 2.9685  decode.loss_ce: 2.0648  decode.acc_seg: 46.2724  aux.loss_ce: 0.9037  aux.acc_seg: 39.6923
2026/04/24 18:02:22 - mmengine - INFO - Iter(train) [5460/8000]  lr: 2.0323e-05  eta: 0:13:10  time: 0.3000  data_time: 0.0054  memory: 5973  loss: 3.3319  decode.loss_ce: 2.3455  decode.acc_seg: 17.8971  aux.loss_ce: 0.9864  aux.acc_seg: 21.9000
2026/04/24 18:02:28 - mmengine - INFO - Iter(train) [5480/8000]  lr: 2.0163e-05  eta: 0:13:04  time: 0.3023  data_time: 0.0053  memory: 5973  loss: 3.0784  decode.loss_ce: 2.1575  decode.acc_seg: 47.3407  aux.loss_ce: 0.9209  aux.acc_seg: 32.0856
2026/04/24 18:02:34 - mmengine - INFO - Iter(train) [5500/8000]  lr: 2.0003e-05  eta: 0:12:58  time: 0.3033  data_time: 0.0053  memory: 5973  loss: 2.8953  decode.loss_ce: 2.0236  decode.acc_seg: 41.1321  aux.loss_ce: 0.8716  aux.acc_seg: 35.9999
2026/04/24 18:02:40 - mmengine - INFO - Iter(train) [5520/8000]  lr: 1.9843e-05  eta: 0:12:51  time: 0.3004  data_time: 0.0054  memory: 5973  loss: 2.5849  decode.loss_ce: 1.7776  decode.acc_seg: 70.1587  aux.loss_ce: 0.8073  aux.acc_seg: 39.4183
2026/04/24 18:02:46 - mmengine - INFO - Iter(train) [5540/8000]  lr: 1.9683e-05  eta: 0:12:45  time: 0.2987  data_time: 0.0054  memory: 5973  loss: 3.1393  decode.loss_ce: 2.2322  decode.acc_seg: 37.8122  aux.loss_ce: 0.9070  aux.acc_seg: 39.6258
2026/04/24 18:02:52 - mmengine - INFO - Iter(train) [5560/8000]  lr: 1.9523e-05  eta: 0:12:38  time: 0.3019  data_time: 0.0054  memory: 5973  loss: 3.1358  decode.loss_ce: 2.1922  decode.acc_seg: 5.0208  aux.loss_ce: 0.9436  aux.acc_seg: 5.3732
2026/04/24 18:02:58 - mmengine - INFO - Iter(train) [5580/8000]  lr: 1.9363e-05  eta: 0:12:32  time: 0.3016  data_time: 0.0053  memory: 5973  loss: 3.1961  decode.loss_ce: 2.2230  decode.acc_seg: 33.8261  aux.loss_ce: 0.9731  aux.acc_seg: 30.2045
2026/04/24 18:03:04 - mmengine - INFO - Iter(train) [5600/8000]  lr: 1.9203e-05  eta: 0:12:26  time: 0.3002  data_time: 0.0053  memory: 5973  loss: 3.2435  decode.loss_ce: 2.2929  decode.acc_seg: 23.6276  aux.loss_ce: 0.9506  aux.acc_seg: 21.3156
2026/04/24 18:03:10 - mmengine - INFO - Iter(train) [5620/8000]  lr: 1.9043e-05  eta: 0:12:19  time: 0.3014  data_time: 0.0053  memory: 5973  loss: 3.1450  decode.loss_ce: 2.2320  decode.acc_seg: 56.7418  aux.loss_ce: 0.9130  aux.acc_seg: 55.3007
2026/04/24 18:03:16 - mmengine - INFO - Iter(train) [5640/8000]  lr: 1.8883e-05  eta: 0:12:13  time: 0.3014  data_time: 0.0053  memory: 5973  loss: 3.1645  decode.loss_ce: 2.2220  decode.acc_seg: 45.2398  aux.loss_ce: 0.9425  aux.acc_seg: 38.2780
2026/04/24 18:03:22 - mmengine - INFO - Iter(train) [5660/8000]  lr: 1.8722e-05  eta: 0:12:07  time: 0.3026  data_time: 0.0053  memory: 5973  loss: 2.2636  decode.loss_ce: 1.5736  decode.acc_seg: 58.2774  aux.loss_ce: 0.6900  aux.acc_seg: 50.8238
2026/04/24 18:03:28 - mmengine - INFO - Iter(train) [5680/8000]  lr: 1.8562e-05  eta: 0:12:00  time: 0.3084  data_time: 0.0055  memory: 5973  loss: 2.8434  decode.loss_ce: 1.9793  decode.acc_seg: 52.9183  aux.loss_ce: 0.8641  aux.acc_seg: 46.5833
2026/04/24 18:03:34 - mmengine - INFO - Iter(train) [5700/8000]  lr: 1.8402e-05  eta: 0:11:54  time: 0.3009  data_time: 0.0054  memory: 5973  loss: 2.3295  decode.loss_ce: 1.6169  decode.acc_seg: 68.7135  aux.loss_ce: 0.7127  aux.acc_seg: 63.8775
2026/04/24 18:03:40 - mmengine - INFO - Iter(train) [5720/8000]  lr: 1.8242e-05  eta: 0:11:48  time: 0.2992  data_time: 0.0054  memory: 5973  loss: 2.7957  decode.loss_ce: 1.9540  decode.acc_seg: 80.4366  aux.loss_ce: 0.8416  aux.acc_seg: 72.2518
2026/04/24 18:03:46 - mmengine - INFO - Iter(train) [5740/8000]  lr: 1.8082e-05  eta: 0:11:41  time: 0.3003  data_time: 0.0053  memory: 5973  loss: 3.3336  decode.loss_ce: 2.3317  decode.acc_seg: 67.0583  aux.loss_ce: 1.0019  aux.acc_seg: 61.1753
2026/04/24 18:03:52 - mmengine - INFO - Iter(train) [5760/8000]  lr: 1.7922e-05  eta: 0:11:35  time: 0.3028  data_time: 0.0053  memory: 5973  loss: 2.5348  decode.loss_ce: 1.7490  decode.acc_seg: 84.3087  aux.loss_ce: 0.7858  aux.acc_seg: 82.7904
2026/04/24 18:03:58 - mmengine - INFO - Iter(train) [5780/8000]  lr: 1.7762e-05  eta: 0:11:29  time: 0.2994  data_time: 0.0053  memory: 5973  loss: 2.9949  decode.loss_ce: 2.0972  decode.acc_seg: 58.7155  aux.loss_ce: 0.8977  aux.acc_seg: 53.1827
2026/04/24 18:04:04 - mmengine - INFO - Iter(train) [5800/8000]  lr: 1.7602e-05  eta: 0:11:22  time: 0.3017  data_time: 0.0054  memory: 5973  loss: 2.9480  decode.loss_ce: 2.0640  decode.acc_seg: 28.9344  aux.loss_ce: 0.8840  aux.acc_seg: 30.3553
2026/04/24 18:04:10 - mmengine - INFO - Iter(train) [5820/8000]  lr: 1.7442e-05  eta: 0:11:16  time: 0.3006  data_time: 0.0053  memory: 5973  loss: 3.2111  decode.loss_ce: 2.2604  decode.acc_seg: 65.4633  aux.loss_ce: 0.9507  aux.acc_seg: 42.2391
2026/04/24 18:04:16 - mmengine - INFO - Iter(train) [5840/8000]  lr: 1.7282e-05  eta: 0:11:10  time: 0.3008  data_time: 0.0054  memory: 5973  loss: 3.4695  decode.loss_ce: 2.4164  decode.acc_seg: 72.0194  aux.loss_ce: 1.0531  aux.acc_seg: 64.7377
2026/04/24 18:04:22 - mmengine - INFO - Iter(train) [5860/8000]  lr: 1.7122e-05  eta: 0:11:03  time: 0.2991  data_time: 0.0053  memory: 5973  loss: 2.7162  decode.loss_ce: 1.8921  decode.acc_seg: 73.7385  aux.loss_ce: 0.8241  aux.acc_seg: 62.8255
2026/04/24 18:04:28 - mmengine - INFO - Iter(train) [5880/8000]  lr: 1.6962e-05  eta: 0:10:57  time: 0.3016  data_time: 0.0053  memory: 5973  loss: 2.7617  decode.loss_ce: 1.9326  decode.acc_seg: 72.5411  aux.loss_ce: 0.8291  aux.acc_seg: 68.7306
2026/04/24 18:04:34 - mmengine - INFO - Iter(train) [5900/8000]  lr: 1.6802e-05  eta: 0:10:51  time: 0.3002  data_time: 0.0053  memory: 5973  loss: 3.2806  decode.loss_ce: 2.3032  decode.acc_seg: 25.8464  aux.loss_ce: 0.9773  aux.acc_seg: 22.4271
2026/04/24 18:04:40 - mmengine - INFO - Iter(train) [5920/8000]  lr: 1.6642e-05  eta: 0:10:45  time: 0.2995  data_time: 0.0053  memory: 5973  loss: 3.3883  decode.loss_ce: 2.4067  decode.acc_seg: 3.9621  aux.loss_ce: 0.9815  aux.acc_seg: 4.5551
2026/04/24 18:04:46 - mmengine - INFO - Iter(train) [5940/8000]  lr: 1.6482e-05  eta: 0:10:38  time: 0.3012  data_time: 0.0053  memory: 5973  loss: 2.5054  decode.loss_ce: 1.7253  decode.acc_seg: 33.3462  aux.loss_ce: 0.7801  aux.acc_seg: 28.5835
2026/04/24 18:04:52 - mmengine - INFO - Iter(train) [5960/8000]  lr: 1.6322e-05  eta: 0:10:32  time: 0.2995  data_time: 0.0054  memory: 5973  loss: 3.1739  decode.loss_ce: 2.2025  decode.acc_seg: 20.3511  aux.loss_ce: 0.9714  aux.acc_seg: 16.8533
2026/04/24 18:04:58 - mmengine - INFO - Iter(train) [5980/8000]  lr: 1.6162e-05  eta: 0:10:26  time: 0.3010  data_time: 0.0054  memory: 5973  loss: 3.8227  decode.loss_ce: 2.6851  decode.acc_seg: 50.2598  aux.loss_ce: 1.1377  aux.acc_seg: 44.7062
2026/04/24 18:05:04 - mmengine - INFO - Exp name: pvmamba_tiny_upernet_ade20k_base_20260424_173648
2026/04/24 18:05:04 - mmengine - INFO - Iter(train) [6000/8000]  lr: 1.6002e-05  eta: 0:10:19  time: 0.3109  data_time: 0.0055  memory: 5973  loss: 2.6889  decode.loss_ce: 1.8574  decode.acc_seg: 54.5824  aux.loss_ce: 0.8315  aux.acc_seg: 50.6169
2026/04/24 18:05:04 - mmengine - INFO - Saving checkpoint at 6000 iterations
2026/04/24 18:05:07 - mmengine - INFO - Iter(val) [  20/2000]    eta: 0:02:05  time: 0.0610  data_time: 0.0015  memory: 1320  
2026/04/24 18:05:08 - mmengine - INFO - Iter(val) [  40/2000]    eta: 0:02:01  time: 0.0623  data_time: 0.0015  memory: 1353  
2026/04/24 18:05:10 - mmengine - INFO - Iter(val) [  60/2000]    eta: 0:02:00  time: 0.0615  data_time: 0.0016  memory: 1321  
2026/04/24 18:05:11 - mmengine - INFO - Iter(val) [  80/2000]    eta: 0:01:59  time: 0.0626  data_time: 0.0015  memory: 1246  
2026/04/24 18:05:12 - mmengine - INFO - Iter(val) [ 100/2000]    eta: 0:01:57  time: 0.0636  data_time: 0.0016  memory: 1363  
2026/04/24 18:05:13 - mmengine - INFO - Iter(val) [ 120/2000]    eta: 0:01:56  time: 0.0597  data_time: 0.0014  memory: 1256  
2026/04/24 18:05:15 - mmengine - INFO - Iter(val) [ 140/2000]    eta: 0:01:55  time: 0.0616  data_time: 0.0015  memory: 1259  
2026/04/24 18:05:16 - mmengine - INFO - Iter(val) [ 160/2000]    eta: 0:01:54  time: 0.0656  data_time: 0.0016  memory: 1439  
2026/04/24 18:05:17 - mmengine - INFO - Iter(val) [ 180/2000]    eta: 0:01:53  time: 0.0618  data_time: 0.0016  memory: 1277  
2026/04/24 18:05:18 - mmengine - INFO - Iter(val) [ 200/2000]    eta: 0:01:51  time: 0.0617  data_time: 0.0015  memory: 1353  
2026/04/24 18:05:19 - mmengine - INFO - Iter(val) [ 220/2000]    eta: 0:01:49  time: 0.0580  data_time: 0.0014  memory: 1517  
2026/04/24 18:05:21 - mmengine - INFO - Iter(val) [ 240/2000]    eta: 0:01:48  time: 0.0635  data_time: 0.0015  memory: 1468  
2026/04/24 18:05:22 - mmengine - INFO - Iter(val) [ 260/2000]    eta: 0:01:47  time: 0.0590  data_time: 0.0015  memory: 1297  
2026/04/24 18:05:23 - mmengine - INFO - Iter(val) [ 280/2000]    eta: 0:01:45  time: 0.0604  data_time: 0.0015  memory: 1244  
2026/04/24 18:05:24 - mmengine - INFO - Iter(val) [ 300/2000]    eta: 0:01:44  time: 0.0624  data_time: 0.0015  memory: 1404  
2026/04/24 18:05:26 - mmengine - INFO - Iter(val) [ 320/2000]    eta: 0:01:43  time: 0.0603  data_time: 0.0016  memory: 1303  
2026/04/24 18:05:27 - mmengine - INFO - Iter(val) [ 340/2000]    eta: 0:01:42  time: 0.0628  data_time: 0.0015  memory: 1348  
2026/04/24 18:05:28 - mmengine - INFO - Iter(val) [ 360/2000]    eta: 0:01:40  time: 0.0608  data_time: 0.0015  memory: 1246  
2026/04/24 18:05:29 - mmengine - INFO - Iter(val) [ 380/2000]    eta: 0:01:39  time: 0.0619  data_time: 0.0016  memory: 1356  
2026/04/24 18:05:30 - mmengine - INFO - Iter(val) [ 400/2000]    eta: 0:01:38  time: 0.0618  data_time: 0.0015  memory: 1339  
2026/04/24 18:05:32 - mmengine - INFO - Iter(val) [ 420/2000]    eta: 0:01:36  time: 0.0536  data_time: 0.0014  memory: 1186  
2026/04/24 18:05:33 - mmengine - INFO - Iter(val) [ 440/2000]    eta: 0:01:35  time: 0.0632  data_time: 0.0015  memory: 1357  
2026/04/24 18:05:34 - mmengine - INFO - Iter(val) [ 460/2000]    eta: 0:01:33  time: 0.0618  data_time: 0.0015  memory: 1248  
2026/04/24 18:05:35 - mmengine - INFO - Iter(val) [ 480/2000]    eta: 0:01:32  time: 0.0627  data_time: 0.0015  memory: 1248  
2026/04/24 18:05:36 - mmengine - INFO - Iter(val) [ 500/2000]    eta: 0:01:31  time: 0.0601  data_time: 0.0015  memory: 1258  
2026/04/24 18:05:38 - mmengine - INFO - Iter(val) [ 520/2000]    eta: 0:01:30  time: 0.0644  data_time: 0.0016  memory: 1252  
2026/04/24 18:05:39 - mmengine - INFO - Iter(val) [ 540/2000]    eta: 0:01:29  time: 0.0639  data_time: 0.0015  memory: 1278  
2026/04/24 18:05:40 - mmengine - INFO - Iter(val) [ 560/2000]    eta: 0:01:28  time: 0.0567  data_time: 0.0015  memory: 1342  
2026/04/24 18:05:41 - mmengine - INFO - Iter(val) [ 580/2000]    eta: 0:01:26  time: 0.0628  data_time: 0.0016  memory: 1354  
2026/04/24 18:05:43 - mmengine - INFO - Iter(val) [ 600/2000]    eta: 0:01:25  time: 0.0630  data_time: 0.0016  memory: 1260  
2026/04/24 18:05:44 - mmengine - INFO - Iter(val) [ 620/2000]    eta: 0:01:24  time: 0.0586  data_time: 0.0014  memory: 1293  
2026/04/24 18:05:45 - mmengine - INFO - Iter(val) [ 640/2000]    eta: 0:01:23  time: 0.0616  data_time: 0.0015  memory: 1296  
2026/04/24 18:05:46 - mmengine - INFO - Iter(val) [ 660/2000]    eta: 0:01:22  time: 0.0639  data_time: 0.0015  memory: 1326  
2026/04/24 18:05:48 - mmengine - INFO - Iter(val) [ 680/2000]    eta: 0:01:20  time: 0.0635  data_time: 0.0015  memory: 1337  
2026/04/24 18:05:49 - mmengine - INFO - Iter(val) [ 700/2000]    eta: 0:01:19  time: 0.0628  data_time: 0.0016  memory: 1318  
2026/04/24 18:05:50 - mmengine - INFO - Iter(val) [ 720/2000]    eta: 0:01:18  time: 0.0643  data_time: 0.0015  memory: 1270  
2026/04/24 18:05:51 - mmengine - INFO - Iter(val) [ 740/2000]    eta: 0:01:17  time: 0.0629  data_time: 0.0015  memory: 1339  
2026/04/24 18:05:52 - mmengine - INFO - Iter(val) [ 760/2000]    eta: 0:01:15  time: 0.0562  data_time: 0.0015  memory: 1243  
2026/04/24 18:05:54 - mmengine - INFO - Iter(val) [ 780/2000]    eta: 0:01:14  time: 0.0605  data_time: 0.0015  memory: 1244  
2026/04/24 18:05:55 - mmengine - INFO - Iter(val) [ 800/2000]    eta: 0:01:13  time: 0.0614  data_time: 0.0016  memory: 1244  
2026/04/24 18:05:56 - mmengine - INFO - Iter(val) [ 820/2000]    eta: 0:01:12  time: 0.0619  data_time: 0.0016  memory: 1183  
2026/04/24 18:05:57 - mmengine - INFO - Iter(val) [ 840/2000]    eta: 0:01:10  time: 0.0624  data_time: 0.0016  memory: 1244  
2026/04/24 18:05:59 - mmengine - INFO - Iter(val) [ 860/2000]    eta: 0:01:09  time: 0.0615  data_time: 0.0016  memory: 1244  
2026/04/24 18:06:00 - mmengine - INFO - Iter(val) [ 880/2000]    eta: 0:01:08  time: 0.0583  data_time: 0.0014  memory: 1247  
2026/04/24 18:06:01 - mmengine - INFO - Iter(val) [ 900/2000]    eta: 0:01:07  time: 0.0579  data_time: 0.0014  memory: 1296  
2026/04/24 18:06:02 - mmengine - INFO - Iter(val) [ 920/2000]    eta: 0:01:05  time: 0.0621  data_time: 0.0015  memory: 1332  
2026/04/24 18:06:03 - mmengine - INFO - Iter(val) [ 940/2000]    eta: 0:01:04  time: 0.0626  data_time: 0.0015  memory: 1253  
2026/04/24 18:06:04 - mmengine - INFO - Iter(val) [ 960/2000]    eta: 0:01:03  time: 0.0574  data_time: 0.0015  memory: 1248  
2026/04/24 18:06:06 - mmengine - INFO - Iter(val) [ 980/2000]    eta: 0:01:02  time: 0.0562  data_time: 0.0015  memory: 1244  
2026/04/24 18:06:07 - mmengine - INFO - Iter(val) [1000/2000]    eta: 0:01:01  time: 0.0596  data_time: 0.0015  memory: 1335  
2026/04/24 18:06:08 - mmengine - INFO - Iter(val) [1020/2000]    eta: 0:00:59  time: 0.0628  data_time: 0.0015  memory: 1348  
2026/04/24 18:06:09 - mmengine - INFO - Iter(val) [1040/2000]    eta: 0:00:58  time: 0.0627  data_time: 0.0015  memory: 1342  
2026/04/24 18:06:11 - mmengine - INFO - Iter(val) [1060/2000]    eta: 0:00:57  time: 0.0598  data_time: 0.0015  memory: 1318  
2026/04/24 18:06:12 - mmengine - INFO - Iter(val) [1080/2000]    eta: 0:00:56  time: 0.0618  data_time: 0.0015  memory: 1318  
2026/04/24 18:06:13 - mmengine - INFO - Iter(val) [1100/2000]    eta: 0:00:54  time: 0.0604  data_time: 0.0015  memory: 1244  
2026/04/24 18:06:14 - mmengine - INFO - Iter(val) [1120/2000]    eta: 0:00:53  time: 0.0607  data_time: 0.0014  memory: 1309  
2026/04/24 18:06:15 - mmengine - INFO - Iter(val) [1140/2000]    eta: 0:00:52  time: 0.0609  data_time: 0.0015  memory: 1277  
2026/04/24 18:06:17 - mmengine - INFO - Iter(val) [1160/2000]    eta: 0:00:51  time: 0.0621  data_time: 0.0017  memory: 2303  
2026/04/24 18:06:18 - mmengine - INFO - Iter(val) [1180/2000]    eta: 0:00:50  time: 0.0622  data_time: 0.0015  memory: 1275  
2026/04/24 18:06:19 - mmengine - INFO - Iter(val) [1200/2000]    eta: 0:00:48  time: 0.0602  data_time: 0.0015  memory: 1356  
2026/04/24 18:06:20 - mmengine - INFO - Iter(val) [1220/2000]    eta: 0:00:47  time: 0.0619  data_time: 0.0015  memory: 1284  
2026/04/24 18:06:22 - mmengine - INFO - Iter(val) [1240/2000]    eta: 0:00:46  time: 0.0611  data_time: 0.0014  memory: 1289  
2026/04/24 18:06:23 - mmengine - INFO - Iter(val) [1260/2000]    eta: 0:00:45  time: 0.0570  data_time: 0.0014  memory: 1247  
2026/04/24 18:06:24 - mmengine - INFO - Iter(val) [1280/2000]    eta: 0:00:43  time: 0.0598  data_time: 0.0015  memory: 1248  
2026/04/24 18:06:25 - mmengine - INFO - Iter(val) [1300/2000]    eta: 0:00:42  time: 0.0617  data_time: 0.0015  memory: 1248  
2026/04/24 18:06:26 - mmengine - INFO - Iter(val) [1320/2000]    eta: 0:00:41  time: 0.0587  data_time: 0.0014  memory: 1247  
2026/04/24 18:06:28 - mmengine - INFO - Iter(val) [1340/2000]    eta: 0:00:40  time: 0.0635  data_time: 0.0016  memory: 1248  
2026/04/24 18:06:29 - mmengine - INFO - Iter(val) [1360/2000]    eta: 0:00:38  time: 0.0578  data_time: 0.0014  memory: 1213  
2026/04/24 18:06:30 - mmengine - INFO - Iter(val) [1380/2000]    eta: 0:00:37  time: 0.0624  data_time: 0.0015  memory: 1276  
2026/04/24 18:06:31 - mmengine - INFO - Iter(val) [1400/2000]    eta: 0:00:36  time: 0.0622  data_time: 0.0014  memory: 1336  
2026/04/24 18:06:32 - mmengine - INFO - Iter(val) [1420/2000]    eta: 0:00:35  time: 0.0528  data_time: 0.0014  memory: 1248  
2026/04/24 18:06:33 - mmengine - INFO - Iter(val) [1440/2000]    eta: 0:00:34  time: 0.0619  data_time: 0.0015  memory: 1332  
2026/04/24 18:06:35 - mmengine - INFO - Iter(val) [1460/2000]    eta: 0:00:32  time: 0.0599  data_time: 0.0015  memory: 1258  
2026/04/24 18:06:36 - mmengine - INFO - Iter(val) [1480/2000]    eta: 0:00:31  time: 0.0604  data_time: 0.0015  memory: 1247  
2026/04/24 18:06:37 - mmengine - INFO - Iter(val) [1500/2000]    eta: 0:00:30  time: 0.0583  data_time: 0.0015  memory: 1209  
2026/04/24 18:06:38 - mmengine - INFO - Iter(val) [1520/2000]    eta: 0:00:29  time: 0.0637  data_time: 0.0016  memory: 1318  
2026/04/24 18:06:40 - mmengine - INFO - Iter(val) [1540/2000]    eta: 0:00:27  time: 0.0616  data_time: 0.0015  memory: 1280  
2026/04/24 18:06:41 - mmengine - INFO - Iter(val) [1560/2000]    eta: 0:00:26  time: 0.0553  data_time: 0.0014  memory: 1260  
2026/04/24 18:06:42 - mmengine - INFO - Iter(val) [1580/2000]    eta: 0:00:25  time: 0.0618  data_time: 0.0016  memory: 1243  
2026/04/24 18:06:43 - mmengine - INFO - Iter(val) [1600/2000]    eta: 0:00:24  time: 0.0604  data_time: 0.0015  memory: 1236  
2026/04/24 18:06:44 - mmengine - INFO - Iter(val) [1620/2000]    eta: 0:00:23  time: 0.0609  data_time: 0.0014  memory: 1454  
2026/04/24 18:06:46 - mmengine - INFO - Iter(val) [1640/2000]    eta: 0:00:21  time: 0.0641  data_time: 0.0015  memory: 1356  
2026/04/24 18:06:47 - mmengine - INFO - Iter(val) [1660/2000]    eta: 0:00:20  time: 0.0606  data_time: 0.0014  memory: 1263  
2026/04/24 18:06:48 - mmengine - INFO - Iter(val) [1680/2000]    eta: 0:00:19  time: 0.0638  data_time: 0.0015  memory: 1332  
2026/04/24 18:06:49 - mmengine - INFO - Iter(val) [1700/2000]    eta: 0:00:18  time: 0.0615  data_time: 0.0016  memory: 1258  
2026/04/24 18:06:51 - mmengine - INFO - Iter(val) [1720/2000]    eta: 0:00:17  time: 0.0609  data_time: 0.0015  memory: 1267  
2026/04/24 18:06:52 - mmengine - INFO - Iter(val) [1740/2000]    eta: 0:00:15  time: 0.0637  data_time: 0.0015  memory: 1401  
2026/04/24 18:06:53 - mmengine - INFO - Iter(val) [1760/2000]    eta: 0:00:14  time: 0.0533  data_time: 0.0014  memory: 1244  
2026/04/24 18:06:54 - mmengine - INFO - Iter(val) [1780/2000]    eta: 0:00:13  time: 0.0603  data_time: 0.0015  memory: 1266  
2026/04/24 18:06:55 - mmengine - INFO - Iter(val) [1800/2000]    eta: 0:00:12  time: 0.0624  data_time: 0.0016  memory: 1244  
2026/04/24 18:06:57 - mmengine - INFO - Iter(val) [1820/2000]    eta: 0:00:10  time: 0.0620  data_time: 0.0016  memory: 1183  
2026/04/24 18:06:58 - mmengine - INFO - Iter(val) [1840/2000]    eta: 0:00:09  time: 0.0616  data_time: 0.0016  memory: 1183  
2026/04/24 18:06:59 - mmengine - INFO - Iter(val) [1860/2000]    eta: 0:00:08  time: 0.0607  data_time: 0.0016  memory: 1183  
2026/04/24 18:07:00 - mmengine - INFO - Iter(val) [1880/2000]    eta: 0:00:07  time: 0.0580  data_time: 0.0015  memory: 1244  
2026/04/24 18:07:01 - mmengine - INFO - Iter(val) [1900/2000]    eta: 0:00:06  time: 0.0599  data_time: 0.0015  memory: 1335  
2026/04/24 18:07:03 - mmengine - INFO - Iter(val) [1920/2000]    eta: 0:00:04  time: 0.0620  data_time: 0.0015  memory: 1504  
2026/04/24 18:07:04 - mmengine - INFO - Iter(val) [1940/2000]    eta: 0:00:03  time: 0.0607  data_time: 0.0016  memory: 1351  
2026/04/24 18:07:05 - mmengine - INFO - Iter(val) [1960/2000]    eta: 0:00:02  time: 0.0568  data_time: 0.0015  memory: 1248  
2026/04/24 18:07:06 - mmengine - INFO - Iter(val) [1980/2000]    eta: 0:00:01  time: 0.0585  data_time: 0.0015  memory: 1244  
2026/04/24 18:07:07 - mmengine - INFO - Iter(val) [2000/2000]    eta: 0:00:00  time: 0.0568  data_time: 0.0014  memory: 1329  
2026/04/24 18:07:07 - mmengine - INFO - per class results:
2026/04/24 18:07:07 - mmengine - INFO - 
+---------------------+-------+-------+
|        Class        |  IoU  |  Acc  |
+---------------------+-------+-------+
|         wall        |  36.9 | 79.91 |
|       building      | 47.88 | 75.44 |
|         sky         | 80.45 |  91.8 |
|        floor        | 34.31 | 52.11 |
|         tree        | 31.47 | 82.65 |
|       ceiling       | 44.08 | 59.09 |
|         road        | 46.62 | 83.23 |
|         bed         | 16.37 | 36.94 |
|      windowpane     | 19.83 | 25.98 |
|        grass        | 43.38 | 66.35 |
|       cabinet       |  0.0  |  0.0  |
|       sidewalk      |  3.24 |  3.37 |
|        person       |  4.75 |  5.78 |
|        earth        |  3.16 |  3.44 |
|         door        |  0.0  |  0.0  |
|        table        |  0.5  |  0.5  |
|       mountain      |  6.58 |  9.54 |
|        plant        |  0.96 |  0.99 |
|       curtain       |  0.0  |  0.0  |
|        chair        |  0.24 |  0.24 |
|         car         | 22.37 | 33.85 |
|        water        |  0.0  |  0.0  |
|       painting      |  0.0  |  0.0  |
|         sofa        |  0.0  |  0.0  |
|        shelf        |  0.0  |  0.0  |
|        house        |  0.0  |  0.0  |
|         sea         |  3.76 |  3.99 |
|        mirror       |  0.0  |  0.0  |
|         rug         |  0.0  |  0.0  |
|        field        |  0.0  |  0.0  |
|       armchair      |  0.0  |  0.0  |
|         seat        |  0.0  |  0.0  |
|        fence        |  0.0  |  0.0  |
|         desk        |  0.0  |  0.0  |
|         rock        |  0.0  |  0.0  |
|       wardrobe      |  0.0  |  0.0  |
|         lamp        |  0.0  |  0.0  |
|       bathtub       |  0.0  |  0.0  |
|       railing       |  0.0  |  0.0  |
|       cushion       |  0.0  |  0.0  |
|         base        |  0.0  |  0.0  |
|         box         |  0.0  |  0.0  |
|        column       |  0.0  |  0.0  |
|      signboard      |  0.0  |  0.0  |
|   chest of drawers  |  0.0  |  0.0  |
|       counter       |  0.0  |  0.0  |
|         sand        |  0.0  |  0.0  |
|         sink        |  0.0  |  0.0  |
|      skyscraper     |  0.0  |  0.0  |
|      fireplace      |  0.0  |  0.0  |
|     refrigerator    |  0.0  |  0.0  |
|      grandstand     |  0.0  |  0.0  |
|         path        |  0.0  |  0.0  |
|        stairs       |  0.0  |  0.0  |
|        runway       |  0.0  |  0.0  |
|         case        |  0.0  |  0.0  |
|      pool table     |  0.0  |  0.0  |
|        pillow       |  0.0  |  0.0  |
|     screen door     |  0.0  |  0.0  |
|       stairway      |  0.0  |  0.0  |
|        river        |  0.0  |  0.0  |
|        bridge       |  0.0  |  0.0  |
|       bookcase      |  0.0  |  0.0  |
|        blind        |  0.0  |  0.0  |
|     coffee table    |  0.0  |  0.0  |
|        toilet       |  0.0  |  0.0  |
|        flower       |  0.0  |  0.0  |
|         book        |  0.0  |  0.0  |
|         hill        |  0.0  |  0.0  |
|        bench        |  0.0  |  0.0  |
|      countertop     |  0.0  |  0.0  |
|        stove        |  0.0  |  0.0  |
|         palm        |  0.0  |  0.0  |
|    kitchen island   |  0.0  |  0.0  |
|       computer      |  0.0  |  0.0  |
|     swivel chair    |  0.0  |  0.0  |
|         boat        |  0.0  |  0.0  |
|         bar         |  0.0  |  0.0  |
|    arcade machine   |  0.0  |  0.0  |
|        hovel        |  0.0  |  0.0  |
|         bus         |  0.0  |  0.0  |
|        towel        |  0.0  |  0.0  |
|        light        |  0.0  |  0.0  |
|        truck        |  0.0  |  0.0  |
|        tower        |  0.0  |  0.0  |
|      chandelier     |  0.0  |  0.0  |
|        awning       |  0.0  |  0.0  |
|     streetlight     |  0.0  |  0.0  |
|        booth        |  0.0  |  0.0  |
| television receiver |  0.0  |  0.0  |
|       airplane      |  0.0  |  0.0  |
|      dirt track     |  0.0  |  0.0  |
|       apparel       |  0.0  |  0.0  |
|         pole        |  0.0  |  0.0  |
|         land        |  0.0  |  0.0  |
|      bannister      |  0.0  |  0.0  |
|      escalator      |  0.0  |  0.0  |
|       ottoman       |  0.0  |  0.0  |
|        bottle       |  0.0  |  0.0  |
|        buffet       |  0.0  |  0.0  |
|        poster       |  0.0  |  0.0  |
|        stage        |  0.0  |  0.0  |
|         van         |  0.0  |  0.0  |
|         ship        |  0.0  |  0.0  |
|       fountain      |  0.0  |  0.0  |
|    conveyer belt    |  0.0  |  0.0  |
|        canopy       |  0.0  |  0.0  |
|        washer       |  0.0  |  0.0  |
|      plaything      |  0.0  |  0.0  |
|    swimming pool    |  0.0  |  0.0  |
|        stool        |  0.0  |  0.0  |
|        barrel       |  0.0  |  0.0  |
|        basket       |  0.0  |  0.0  |
|      waterfall      |  0.0  |  0.0  |
|         tent        |  0.0  |  0.0  |
|         bag         |  0.0  |  0.0  |
|       minibike      |  0.0  |  0.0  |
|        cradle       |  0.0  |  0.0  |
|         oven        |  0.0  |  0.0  |
|         ball        |  0.0  |  0.0  |
|         food        |  0.0  |  0.0  |
|         step        |  0.0  |  0.0  |
|         tank        |  0.0  |  0.0  |
|      trade name     |  0.0  |  0.0  |
|      microwave      |  0.0  |  0.0  |
|         pot         |  0.0  |  0.0  |
|        animal       |  0.0  |  0.0  |
|       bicycle       |  0.0  |  0.0  |
|         lake        |  0.0  |  0.0  |
|      dishwasher     |  0.0  |  0.0  |
|        screen       |  0.0  |  0.0  |
|       blanket       |  0.0  |  0.0  |
|      sculpture      |  0.0  |  0.0  |
|         hood        |  0.0  |  0.0  |
|        sconce       |  0.0  |  0.0  |
|         vase        |  0.0  |  0.0  |
|    traffic light    |  0.0  |  0.0  |
|         tray        |  0.0  |  0.0  |
|        ashcan       |  0.0  |  0.0  |
|         fan         |  0.0  |  0.0  |
|         pier        |  0.0  |  0.0  |
|      crt screen     |  0.0  |  0.0  |
|        plate        |  0.0  |  0.0  |
|       monitor       |  0.0  |  0.0  |
|    bulletin board   |  0.0  |  0.0  |
|        shower       |  0.0  |  0.0  |
|       radiator      |  0.0  |  0.0  |
|        glass        |  0.0  |  0.0  |
|        clock        |  0.0  |  0.0  |
|         flag        |  0.0  |  0.0  |
+---------------------+-------+-------+
2026/04/24 18:07:08 - mmengine - INFO - Iter(val) [2000/2000]    aAcc: 48.4400  mIoU: 2.9800  mAcc: 4.7700  data_time: 0.0015  time: 0.0607
2026/04/24 18:07:08 - mmengine - INFO - The previous best checkpoint /home/jlx_75/PVMamba_cifar10_base/segmentation/work_dirs/pvmamba_tiny_upernet_ade20k_base/best_mIoU_iter_5000.pth is removed
2026/04/24 18:07:08 - mmengine - INFO - The best checkpoint with 2.9800 mIoU at 6000 iter is saved to best_mIoU_iter_6000.pth.
2026/04/24 18:07:17 - mmengine - INFO - Iter(train) [6020/8000]  lr: 1.5842e-05  eta: 0:10:15  time: 0.2926  data_time: 0.0053  memory: 5973  loss: 2.8817  decode.loss_ce: 2.0032  decode.acc_seg: 70.0085  aux.loss_ce: 0.8785  aux.acc_seg: 61.6157
2026/04/24 18:07:23 - mmengine - INFO - Iter(train) [6040/8000]  lr: 1.5682e-05  eta: 0:10:09  time: 0.2959  data_time: 0.0052  memory: 5973  loss: 2.4295  decode.loss_ce: 1.6935  decode.acc_seg: 46.4491  aux.loss_ce: 0.7360  aux.acc_seg: 44.3546
2026/04/24 18:07:29 - mmengine - INFO - Iter(train) [6060/8000]  lr: 1.5522e-05  eta: 0:10:02  time: 0.2955  data_time: 0.0054  memory: 5973  loss: 3.3012  decode.loss_ce: 2.3030  decode.acc_seg: 17.8111  aux.loss_ce: 0.9983  aux.acc_seg: 17.9441
2026/04/24 18:07:35 - mmengine - INFO - Iter(train) [6080/8000]  lr: 1.5362e-05  eta: 0:09:56  time: 0.2963  data_time: 0.0054  memory: 5973  loss: 3.5591  decode.loss_ce: 2.4985  decode.acc_seg: 38.4105  aux.loss_ce: 1.0607  aux.acc_seg: 26.1919
2026/04/24 18:07:41 - mmengine - INFO - Iter(train) [6100/8000]  lr: 1.5202e-05  eta: 0:09:50  time: 0.2970  data_time: 0.0054  memory: 5973  loss: 2.6045  decode.loss_ce: 1.8189  decode.acc_seg: 58.7108  aux.loss_ce: 0.7856  aux.acc_seg: 48.7190
2026/04/24 18:07:47 - mmengine - INFO - Iter(train) [6120/8000]  lr: 1.5042e-05  eta: 0:09:43  time: 0.2966  data_time: 0.0053  memory: 5973  loss: 2.8013  decode.loss_ce: 1.9519  decode.acc_seg: 35.0927  aux.loss_ce: 0.8493  aux.acc_seg: 30.3006
2026/04/24 18:07:53 - mmengine - INFO - Iter(train) [6140/8000]  lr: 1.4882e-05  eta: 0:09:37  time: 0.2986  data_time: 0.0054  memory: 5973  loss: 3.6377  decode.loss_ce: 2.5582  decode.acc_seg: 33.5562  aux.loss_ce: 1.0796  aux.acc_seg: 31.3150
2026/04/24 18:07:59 - mmengine - INFO - Iter(train) [6160/8000]  lr: 1.4722e-05  eta: 0:09:31  time: 0.2985  data_time: 0.0055  memory: 5973  loss: 3.1283  decode.loss_ce: 2.1951  decode.acc_seg: 19.4274  aux.loss_ce: 0.9332  aux.acc_seg: 23.1333
2026/04/24 18:08:05 - mmengine - INFO - Iter(train) [6180/8000]  lr: 1.4562e-05  eta: 0:09:24  time: 0.3007  data_time: 0.0055  memory: 5973  loss: 2.5235  decode.loss_ce: 1.7655  decode.acc_seg: 61.5741  aux.loss_ce: 0.7580  aux.acc_seg: 58.2096
2026/04/24 18:08:11 - mmengine - INFO - Iter(train) [6200/8000]  lr: 1.4402e-05  eta: 0:09:18  time: 0.2973  data_time: 0.0054  memory: 5973  loss: 3.0738  decode.loss_ce: 2.1362  decode.acc_seg: 39.7405  aux.loss_ce: 0.9376  aux.acc_seg: 35.9207
2026/04/24 18:08:17 - mmengine - INFO - Iter(train) [6220/8000]  lr: 1.4242e-05  eta: 0:09:12  time: 0.2987  data_time: 0.0054  memory: 5973  loss: 2.5940  decode.loss_ce: 1.7946  decode.acc_seg: 25.5319  aux.loss_ce: 0.7994  aux.acc_seg: 17.5624
2026/04/24 18:08:23 - mmengine - INFO - Iter(train) [6240/8000]  lr: 1.4082e-05  eta: 0:09:05  time: 0.2989  data_time: 0.0054  memory: 5973  loss: 3.0121  decode.loss_ce: 2.1158  decode.acc_seg: 40.2556  aux.loss_ce: 0.8964  aux.acc_seg: 37.7295
2026/04/24 18:08:29 - mmengine - INFO - Iter(train) [6260/8000]  lr: 1.3922e-05  eta: 0:08:59  time: 0.2987  data_time: 0.0054  memory: 5973  loss: 3.1189  decode.loss_ce: 2.1815  decode.acc_seg: 55.1082  aux.loss_ce: 0.9374  aux.acc_seg: 51.9323
2026/04/24 18:08:35 - mmengine - INFO - Iter(train) [6280/8000]  lr: 1.3762e-05  eta: 0:08:53  time: 0.2971  data_time: 0.0055  memory: 5973  loss: 2.8458  decode.loss_ce: 1.9797  decode.acc_seg: 19.2669  aux.loss_ce: 0.8661  aux.acc_seg: 15.5580
2026/04/24 18:08:41 - mmengine - INFO - Iter(train) [6300/8000]  lr: 1.3602e-05  eta: 0:08:46  time: 0.3036  data_time: 0.0055  memory: 5973  loss: 3.6135  decode.loss_ce: 2.5260  decode.acc_seg: 23.1013  aux.loss_ce: 1.0875  aux.acc_seg: 22.9430
2026/04/24 18:08:47 - mmengine - INFO - Iter(train) [6320/8000]  lr: 1.3442e-05  eta: 0:08:40  time: 0.2996  data_time: 0.0054  memory: 5973  loss: 3.2110  decode.loss_ce: 2.2263  decode.acc_seg: 43.6473  aux.loss_ce: 0.9846  aux.acc_seg: 54.5056
2026/04/24 18:08:53 - mmengine - INFO - Iter(train) [6340/8000]  lr: 1.3282e-05  eta: 0:08:34  time: 0.2984  data_time: 0.0055  memory: 5973  loss: 3.2481  decode.loss_ce: 2.2634  decode.acc_seg: 40.7566  aux.loss_ce: 0.9848  aux.acc_seg: 24.7641
2026/04/24 18:08:58 - mmengine - INFO - Iter(train) [6360/8000]  lr: 1.3122e-05  eta: 0:08:28  time: 0.2980  data_time: 0.0055  memory: 5973  loss: 2.6154  decode.loss_ce: 1.8087  decode.acc_seg: 71.1379  aux.loss_ce: 0.8067  aux.acc_seg: 58.0260
2026/04/24 18:09:04 - mmengine - INFO - Iter(train) [6380/8000]  lr: 1.2962e-05  eta: 0:08:21  time: 0.2990  data_time: 0.0054  memory: 5973  loss: 3.2896  decode.loss_ce: 2.3029  decode.acc_seg: 1.0999  aux.loss_ce: 0.9867  aux.acc_seg: 1.7043
2026/04/24 18:09:10 - mmengine - INFO - Iter(train) [6400/8000]  lr: 1.2802e-05  eta: 0:08:15  time: 0.2993  data_time: 0.0054  memory: 5973  loss: 2.8924  decode.loss_ce: 2.0181  decode.acc_seg: 70.0359  aux.loss_ce: 0.8743  aux.acc_seg: 65.4161
2026/04/24 18:09:16 - mmengine - INFO - Iter(train) [6420/8000]  lr: 1.2642e-05  eta: 0:08:09  time: 0.2992  data_time: 0.0055  memory: 5973  loss: 3.7331  decode.loss_ce: 2.6246  decode.acc_seg: 60.8583  aux.loss_ce: 1.1086  aux.acc_seg: 60.2045
2026/04/24 18:09:22 - mmengine - INFO - Iter(train) [6440/8000]  lr: 1.2482e-05  eta: 0:08:03  time: 0.3005  data_time: 0.0053  memory: 5973  loss: 2.8579  decode.loss_ce: 1.9957  decode.acc_seg: 77.5352  aux.loss_ce: 0.8622  aux.acc_seg: 63.6186
2026/04/24 18:09:28 - mmengine - INFO - Iter(train) [6460/8000]  lr: 1.2322e-05  eta: 0:07:56  time: 0.2986  data_time: 0.0054  memory: 5973  loss: 2.8533  decode.loss_ce: 1.9701  decode.acc_seg: 51.4399  aux.loss_ce: 0.8832  aux.acc_seg: 51.2472
2026/04/24 18:09:34 - mmengine - INFO - Iter(train) [6480/8000]  lr: 1.2162e-05  eta: 0:07:50  time: 0.3001  data_time: 0.0054  memory: 5973  loss: 3.4825  decode.loss_ce: 2.4453  decode.acc_seg: 22.6583  aux.loss_ce: 1.0372  aux.acc_seg: 21.6224
2026/04/24 18:09:40 - mmengine - INFO - Iter(train) [6500/8000]  lr: 1.2002e-05  eta: 0:07:44  time: 0.2982  data_time: 0.0054  memory: 5973  loss: 2.7922  decode.loss_ce: 1.9362  decode.acc_seg: 47.9111  aux.loss_ce: 0.8559  aux.acc_seg: 39.2919
2026/04/24 18:09:46 - mmengine - INFO - Iter(train) [6520/8000]  lr: 1.1842e-05  eta: 0:07:38  time: 0.3036  data_time: 0.0054  memory: 5973  loss: 2.5303  decode.loss_ce: 1.7603  decode.acc_seg: 61.9951  aux.loss_ce: 0.7701  aux.acc_seg: 51.5997
2026/04/24 18:09:53 - mmengine - INFO - Iter(train) [6540/8000]  lr: 1.1682e-05  eta: 0:07:31  time: 0.2990  data_time: 0.0054  memory: 5973  loss: 2.6404  decode.loss_ce: 1.8242  decode.acc_seg: 45.0187  aux.loss_ce: 0.8163  aux.acc_seg: 35.2254
2026/04/24 18:09:59 - mmengine - INFO - Iter(train) [6560/8000]  lr: 1.1522e-05  eta: 0:07:25  time: 0.3008  data_time: 0.0057  memory: 5973  loss: 3.4702  decode.loss_ce: 2.4142  decode.acc_seg: 49.7874  aux.loss_ce: 1.0561  aux.acc_seg: 40.1721
2026/04/24 18:10:05 - mmengine - INFO - Iter(train) [6580/8000]  lr: 1.1362e-05  eta: 0:07:19  time: 0.2985  data_time: 0.0056  memory: 5973  loss: 3.3227  decode.loss_ce: 2.3340  decode.acc_seg: 57.3569  aux.loss_ce: 0.9887  aux.acc_seg: 56.9921
2026/04/24 18:10:11 - mmengine - INFO - Iter(train) [6600/8000]  lr: 1.1201e-05  eta: 0:07:13  time: 0.2993  data_time: 0.0054  memory: 5973  loss: 2.4591  decode.loss_ce: 1.7073  decode.acc_seg: 67.2058  aux.loss_ce: 0.7518  aux.acc_seg: 51.3875
2026/04/24 18:10:17 - mmengine - INFO - Iter(train) [6620/8000]  lr: 1.1041e-05  eta: 0:07:06  time: 0.2988  data_time: 0.0056  memory: 5973  loss: 3.0273  decode.loss_ce: 2.1109  decode.acc_seg: 34.5884  aux.loss_ce: 0.9164  aux.acc_seg: 31.0824
2026/04/24 18:10:23 - mmengine - INFO - Iter(train) [6640/8000]  lr: 1.0881e-05  eta: 0:07:00  time: 0.2989  data_time: 0.0055  memory: 5973  loss: 3.0149  decode.loss_ce: 2.0978  decode.acc_seg: 49.6787  aux.loss_ce: 0.9171  aux.acc_seg: 39.9300
2026/04/24 18:10:29 - mmengine - INFO - Iter(train) [6660/8000]  lr: 1.0721e-05  eta: 0:06:54  time: 0.3003  data_time: 0.0055  memory: 5973  loss: 3.3794  decode.loss_ce: 2.3470  decode.acc_seg: 16.3062  aux.loss_ce: 1.0325  aux.acc_seg: 12.2208
2026/04/24 18:10:35 - mmengine - INFO - Iter(train) [6680/8000]  lr: 1.0561e-05  eta: 0:06:48  time: 0.3001  data_time: 0.0055  memory: 5973  loss: 3.1991  decode.loss_ce: 2.2185  decode.acc_seg: 48.9361  aux.loss_ce: 0.9805  aux.acc_seg: 41.6793
2026/04/24 18:10:41 - mmengine - INFO - Iter(train) [6700/8000]  lr: 1.0401e-05  eta: 0:06:41  time: 0.2984  data_time: 0.0055  memory: 5973  loss: 3.5694  decode.loss_ce: 2.5120  decode.acc_seg: 22.4423  aux.loss_ce: 1.0574  aux.acc_seg: 43.4186
2026/04/24 18:10:47 - mmengine - INFO - Iter(train) [6720/8000]  lr: 1.0241e-05  eta: 0:06:35  time: 0.2985  data_time: 0.0055  memory: 5973  loss: 3.3835  decode.loss_ce: 2.3850  decode.acc_seg: 49.4196  aux.loss_ce: 0.9985  aux.acc_seg: 53.9322
2026/04/24 18:10:53 - mmengine - INFO - Iter(train) [6740/8000]  lr: 1.0081e-05  eta: 0:06:29  time: 0.2988  data_time: 0.0056  memory: 5973  loss: 2.8598  decode.loss_ce: 1.9806  decode.acc_seg: 69.3273  aux.loss_ce: 0.8792  aux.acc_seg: 63.5102
2026/04/24 18:10:59 - mmengine - INFO - Iter(train) [6760/8000]  lr: 9.9213e-06  eta: 0:06:23  time: 0.3007  data_time: 0.0055  memory: 5973  loss: 2.8453  decode.loss_ce: 1.9681  decode.acc_seg: 29.8849  aux.loss_ce: 0.8772  aux.acc_seg: 28.1483
2026/04/24 18:11:05 - mmengine - INFO - Iter(train) [6780/8000]  lr: 9.7613e-06  eta: 0:06:16  time: 0.2994  data_time: 0.0055  memory: 5973  loss: 3.0494  decode.loss_ce: 2.1346  decode.acc_seg: 0.0779  aux.loss_ce: 0.9147  aux.acc_seg: 0.6278
2026/04/24 18:11:11 - mmengine - INFO - Iter(train) [6800/8000]  lr: 9.6013e-06  eta: 0:06:10  time: 0.2994  data_time: 0.0055  memory: 5973  loss: 2.2551  decode.loss_ce: 1.5508  decode.acc_seg: 57.8529  aux.loss_ce: 0.7043  aux.acc_seg: 48.8443
2026/04/24 18:11:17 - mmengine - INFO - Iter(train) [6820/8000]  lr: 9.4413e-06  eta: 0:06:04  time: 0.2996  data_time: 0.0056  memory: 5973  loss: 3.8443  decode.loss_ce: 2.6924  decode.acc_seg: 26.9458  aux.loss_ce: 1.1519  aux.acc_seg: 23.4962
2026/04/24 18:11:22 - mmengine - INFO - Iter(train) [6840/8000]  lr: 9.2812e-06  eta: 0:05:58  time: 0.2981  data_time: 0.0055  memory: 5973  loss: 2.9675  decode.loss_ce: 2.0675  decode.acc_seg: 6.8082  aux.loss_ce: 0.9000  aux.acc_seg: 5.5129
2026/04/24 18:11:29 - mmengine - INFO - Iter(train) [6860/8000]  lr: 9.1212e-06  eta: 0:05:52  time: 0.3001  data_time: 0.0055  memory: 5973  loss: 2.6774  decode.loss_ce: 1.8454  decode.acc_seg: 61.8249  aux.loss_ce: 0.8320  aux.acc_seg: 51.9555
2026/04/24 18:11:35 - mmengine - INFO - Iter(train) [6880/8000]  lr: 8.9612e-06  eta: 0:05:45  time: 0.2999  data_time: 0.0055  memory: 5973  loss: 3.3381  decode.loss_ce: 2.3480  decode.acc_seg: 25.5038  aux.loss_ce: 0.9901  aux.acc_seg: 25.4388
2026/04/24 18:11:41 - mmengine - INFO - Iter(train) [6900/8000]  lr: 8.8012e-06  eta: 0:05:39  time: 0.3002  data_time: 0.0055  memory: 5973  loss: 2.6963  decode.loss_ce: 1.8626  decode.acc_seg: 40.6996  aux.loss_ce: 0.8338  aux.acc_seg: 38.5976
2026/04/24 18:11:47 - mmengine - INFO - Iter(train) [6920/8000]  lr: 8.6412e-06  eta: 0:05:33  time: 0.2995  data_time: 0.0056  memory: 5973  loss: 3.0968  decode.loss_ce: 2.1530  decode.acc_seg: 44.6647  aux.loss_ce: 0.9437  aux.acc_seg: 45.7079
2026/04/24 18:11:53 - mmengine - INFO - Iter(train) [6940/8000]  lr: 8.4811e-06  eta: 0:05:27  time: 0.3018  data_time: 0.0055  memory: 5973  loss: 2.5866  decode.loss_ce: 1.8192  decode.acc_seg: 20.8818  aux.loss_ce: 0.7674  aux.acc_seg: 18.2702
2026/04/24 18:11:59 - mmengine - INFO - Iter(train) [6960/8000]  lr: 8.3211e-06  eta: 0:05:20  time: 0.3013  data_time: 0.0055  memory: 5973  loss: 2.2782  decode.loss_ce: 1.5920  decode.acc_seg: 74.9884  aux.loss_ce: 0.6862  aux.acc_seg: 70.9383
2026/04/24 18:12:05 - mmengine - INFO - Iter(train) [6980/8000]  lr: 8.1611e-06  eta: 0:05:14  time: 0.3002  data_time: 0.0057  memory: 5973  loss: 2.9826  decode.loss_ce: 2.0751  decode.acc_seg: 31.9433  aux.loss_ce: 0.9075  aux.acc_seg: 30.6001
2026/04/24 18:12:11 - mmengine - INFO - Exp name: pvmamba_tiny_upernet_ade20k_base_20260424_173648
2026/04/24 18:12:11 - mmengine - INFO - Iter(train) [7000/8000]  lr: 8.0011e-06  eta: 0:05:08  time: 0.2991  data_time: 0.0055  memory: 5973  loss: 3.5251  decode.loss_ce: 2.4805  decode.acc_seg: 64.2429  aux.loss_ce: 1.0446  aux.acc_seg: 53.0559
2026/04/24 18:12:11 - mmengine - INFO - Saving checkpoint at 7000 iterations
2026/04/24 18:12:13 - mmengine - INFO - Iter(val) [  20/2000]    eta: 0:02:05  time: 0.0614  data_time: 0.0015  memory: 1320  
2026/04/24 18:12:15 - mmengine - INFO - Iter(val) [  40/2000]    eta: 0:02:01  time: 0.0632  data_time: 0.0015  memory: 1353  
2026/04/24 18:12:16 - mmengine - INFO - Iter(val) [  60/2000]    eta: 0:02:00  time: 0.0615  data_time: 0.0016  memory: 1321  
2026/04/24 18:12:17 - mmengine - INFO - Iter(val) [  80/2000]    eta: 0:01:58  time: 0.0617  data_time: 0.0015  memory: 1246  
2026/04/24 18:12:18 - mmengine - INFO - Iter(val) [ 100/2000]    eta: 0:01:57  time: 0.0633  data_time: 0.0016  memory: 1363  
2026/04/24 18:12:19 - mmengine - INFO - Iter(val) [ 120/2000]    eta: 0:01:55  time: 0.0592  data_time: 0.0015  memory: 1256  
2026/04/24 18:12:21 - mmengine - INFO - Iter(val) [ 140/2000]    eta: 0:01:54  time: 0.0618  data_time: 0.0015  memory: 1259  
2026/04/24 18:12:22 - mmengine - INFO - Iter(val) [ 160/2000]    eta: 0:01:53  time: 0.0644  data_time: 0.0015  memory: 1439  
2026/04/24 18:12:23 - mmengine - INFO - Iter(val) [ 180/2000]    eta: 0:01:52  time: 0.0620  data_time: 0.0016  memory: 1277  
2026/04/24 18:12:24 - mmengine - INFO - Iter(val) [ 200/2000]    eta: 0:01:51  time: 0.0610  data_time: 0.0015  memory: 1353  
2026/04/24 18:12:26 - mmengine - INFO - Iter(val) [ 220/2000]    eta: 0:01:49  time: 0.0585  data_time: 0.0014  memory: 1517  
2026/04/24 18:12:27 - mmengine - INFO - Iter(val) [ 240/2000]    eta: 0:01:48  time: 0.0635  data_time: 0.0015  memory: 1468  
2026/04/24 18:12:28 - mmengine - INFO - Iter(val) [ 260/2000]    eta: 0:01:46  time: 0.0598  data_time: 0.0015  memory: 1297  
2026/04/24 18:12:29 - mmengine - INFO - Iter(val) [ 280/2000]    eta: 0:01:45  time: 0.0608  data_time: 0.0015  memory: 1244  
2026/04/24 18:12:30 - mmengine - INFO - Iter(val) [ 300/2000]    eta: 0:01:44  time: 0.0623  data_time: 0.0016  memory: 1404  
2026/04/24 18:12:32 - mmengine - INFO - Iter(val) [ 320/2000]    eta: 0:01:42  time: 0.0604  data_time: 0.0016  memory: 1303  
2026/04/24 18:12:33 - mmengine - INFO - Iter(val) [ 340/2000]    eta: 0:01:41  time: 0.0631  data_time: 0.0015  memory: 1348  
2026/04/24 18:12:34 - mmengine - INFO - Iter(val) [ 360/2000]    eta: 0:01:40  time: 0.0601  data_time: 0.0015  memory: 1246  
2026/04/24 18:12:35 - mmengine - INFO - Iter(val) [ 380/2000]    eta: 0:01:39  time: 0.0625  data_time: 0.0016  memory: 1356  
2026/04/24 18:12:37 - mmengine - INFO - Iter(val) [ 400/2000]    eta: 0:01:38  time: 0.0621  data_time: 0.0015  memory: 1339  
2026/04/24 18:12:38 - mmengine - INFO - Iter(val) [ 420/2000]    eta: 0:01:36  time: 0.0539  data_time: 0.0014  memory: 1186  
2026/04/24 18:12:39 - mmengine - INFO - Iter(val) [ 440/2000]    eta: 0:01:35  time: 0.0631  data_time: 0.0015  memory: 1357  
2026/04/24 18:12:40 - mmengine - INFO - Iter(val) [ 460/2000]    eta: 0:01:33  time: 0.0619  data_time: 0.0015  memory: 1248  
2026/04/24 18:12:41 - mmengine - INFO - Iter(val) [ 480/2000]    eta: 0:01:32  time: 0.0620  data_time: 0.0015  memory: 1248  
2026/04/24 18:12:43 - mmengine - INFO - Iter(val) [ 500/2000]    eta: 0:01:31  time: 0.0599  data_time: 0.0015  memory: 1258  
2026/04/24 18:12:44 - mmengine - INFO - Iter(val) [ 520/2000]    eta: 0:01:30  time: 0.0642  data_time: 0.0016  memory: 1252  
2026/04/24 18:12:45 - mmengine - INFO - Iter(val) [ 540/2000]    eta: 0:01:29  time: 0.0638  data_time: 0.0015  memory: 1278  
2026/04/24 18:12:46 - mmengine - INFO - Iter(val) [ 560/2000]    eta: 0:01:27  time: 0.0562  data_time: 0.0014  memory: 1342  
2026/04/24 18:12:48 - mmengine - INFO - Iter(val) [ 580/2000]    eta: 0:01:26  time: 0.0621  data_time: 0.0016  memory: 1354  
2026/04/24 18:12:49 - mmengine - INFO - Iter(val) [ 600/2000]    eta: 0:01:25  time: 0.0627  data_time: 0.0016  memory: 1260  
2026/04/24 18:12:50 - mmengine - INFO - Iter(val) [ 620/2000]    eta: 0:01:24  time: 0.0579  data_time: 0.0015  memory: 1293  
2026/04/24 18:12:51 - mmengine - INFO - Iter(val) [ 640/2000]    eta: 0:01:22  time: 0.0610  data_time: 0.0015  memory: 1296  
2026/04/24 18:12:52 - mmengine - INFO - Iter(val) [ 660/2000]    eta: 0:01:21  time: 0.0645  data_time: 0.0015  memory: 1326  
2026/04/24 18:12:54 - mmengine - INFO - Iter(val) [ 680/2000]    eta: 0:01:20  time: 0.0626  data_time: 0.0015  memory: 1337  
2026/04/24 18:12:55 - mmengine - INFO - Iter(val) [ 700/2000]    eta: 0:01:19  time: 0.0624  data_time: 0.0016  memory: 1318  
2026/04/24 18:12:56 - mmengine - INFO - Iter(val) [ 720/2000]    eta: 0:01:18  time: 0.0629  data_time: 0.0014  memory: 1270  
2026/04/24 18:12:57 - mmengine - INFO - Iter(val) [ 740/2000]    eta: 0:01:17  time: 0.0630  data_time: 0.0014  memory: 1339  
2026/04/24 18:12:59 - mmengine - INFO - Iter(val) [ 760/2000]    eta: 0:01:15  time: 0.0561  data_time: 0.0014  memory: 1243  
2026/04/24 18:13:00 - mmengine - INFO - Iter(val) [ 780/2000]    eta: 0:01:14  time: 0.0599  data_time: 0.0014  memory: 1244  
2026/04/24 18:13:01 - mmengine - INFO - Iter(val) [ 800/2000]    eta: 0:01:13  time: 0.0613  data_time: 0.0015  memory: 1244  
2026/04/24 18:13:02 - mmengine - INFO - Iter(val) [ 820/2000]    eta: 0:01:12  time: 0.0616  data_time: 0.0016  memory: 1183  
2026/04/24 18:13:03 - mmengine - INFO - Iter(val) [ 840/2000]    eta: 0:01:10  time: 0.0616  data_time: 0.0016  memory: 1244  
2026/04/24 18:13:05 - mmengine - INFO - Iter(val) [ 860/2000]    eta: 0:01:09  time: 0.0615  data_time: 0.0016  memory: 1244  
2026/04/24 18:13:06 - mmengine - INFO - Iter(val) [ 880/2000]    eta: 0:01:08  time: 0.0578  data_time: 0.0014  memory: 1247  
2026/04/24 18:13:07 - mmengine - INFO - Iter(val) [ 900/2000]    eta: 0:01:07  time: 0.0577  data_time: 0.0014  memory: 1296  
2026/04/24 18:13:08 - mmengine - INFO - Iter(val) [ 920/2000]    eta: 0:01:05  time: 0.0622  data_time: 0.0015  memory: 1332  
2026/04/24 18:13:09 - mmengine - INFO - Iter(val) [ 940/2000]    eta: 0:01:04  time: 0.0631  data_time: 0.0015  memory: 1253  
2026/04/24 18:13:11 - mmengine - INFO - Iter(val) [ 960/2000]    eta: 0:01:03  time: 0.0581  data_time: 0.0014  memory: 1248  
2026/04/24 18:13:12 - mmengine - INFO - Iter(val) [ 980/2000]    eta: 0:01:02  time: 0.0562  data_time: 0.0015  memory: 1244  
2026/04/24 18:13:13 - mmengine - INFO - Iter(val) [1000/2000]    eta: 0:01:00  time: 0.0594  data_time: 0.0015  memory: 1335  
2026/04/24 18:13:14 - mmengine - INFO - Iter(val) [1020/2000]    eta: 0:00:59  time: 0.0616  data_time: 0.0015  memory: 1348  
2026/04/24 18:13:15 - mmengine - INFO - Iter(val) [1040/2000]    eta: 0:00:58  time: 0.0632  data_time: 0.0015  memory: 1342  
2026/04/24 18:13:17 - mmengine - INFO - Iter(val) [1060/2000]    eta: 0:00:57  time: 0.0600  data_time: 0.0014  memory: 1318  
2026/04/24 18:13:18 - mmengine - INFO - Iter(val) [1080/2000]    eta: 0:00:56  time: 0.0619  data_time: 0.0015  memory: 1318  
2026/04/24 18:13:19 - mmengine - INFO - Iter(val) [1100/2000]    eta: 0:00:54  time: 0.0608  data_time: 0.0015  memory: 1244  
2026/04/24 18:13:20 - mmengine - INFO - Iter(val) [1120/2000]    eta: 0:00:53  time: 0.0607  data_time: 0.0015  memory: 1309  
2026/04/24 18:13:22 - mmengine - INFO - Iter(val) [1140/2000]    eta: 0:00:52  time: 0.0595  data_time: 0.0015  memory: 1277  
2026/04/24 18:13:23 - mmengine - INFO - Iter(val) [1160/2000]    eta: 0:00:51  time: 0.0617  data_time: 0.0017  memory: 2303  
2026/04/24 18:13:24 - mmengine - INFO - Iter(val) [1180/2000]    eta: 0:00:49  time: 0.0613  data_time: 0.0015  memory: 1275  
2026/04/24 18:13:25 - mmengine - INFO - Iter(val) [1200/2000]    eta: 0:00:48  time: 0.0605  data_time: 0.0015  memory: 1356  
2026/04/24 18:13:26 - mmengine - INFO - Iter(val) [1220/2000]    eta: 0:00:47  time: 0.0618  data_time: 0.0014  memory: 1284  
2026/04/24 18:13:28 - mmengine - INFO - Iter(val) [1240/2000]    eta: 0:00:46  time: 0.0601  data_time: 0.0014  memory: 1289  
2026/04/24 18:13:29 - mmengine - INFO - Iter(val) [1260/2000]    eta: 0:00:45  time: 0.0566  data_time: 0.0014  memory: 1247  
2026/04/24 18:13:30 - mmengine - INFO - Iter(val) [1280/2000]    eta: 0:00:43  time: 0.0595  data_time: 0.0015  memory: 1248  
2026/04/24 18:13:31 - mmengine - INFO - Iter(val) [1300/2000]    eta: 0:00:42  time: 0.0612  data_time: 0.0015  memory: 1248  
2026/04/24 18:13:32 - mmengine - INFO - Iter(val) [1320/2000]    eta: 0:00:41  time: 0.0580  data_time: 0.0015  memory: 1247  
2026/04/24 18:13:34 - mmengine - INFO - Iter(val) [1340/2000]    eta: 0:00:40  time: 0.0621  data_time: 0.0016  memory: 1248  
2026/04/24 18:13:35 - mmengine - INFO - Iter(val) [1360/2000]    eta: 0:00:38  time: 0.0580  data_time: 0.0014  memory: 1213  
2026/04/24 18:13:36 - mmengine - INFO - Iter(val) [1380/2000]    eta: 0:00:37  time: 0.0630  data_time: 0.0015  memory: 1276  
2026/04/24 18:13:37 - mmengine - INFO - Iter(val) [1400/2000]    eta: 0:00:36  time: 0.0623  data_time: 0.0014  memory: 1336  
2026/04/24 18:13:38 - mmengine - INFO - Iter(val) [1420/2000]    eta: 0:00:35  time: 0.0528  data_time: 0.0014  memory: 1248  
2026/04/24 18:13:40 - mmengine - INFO - Iter(val) [1440/2000]    eta: 0:00:33  time: 0.0626  data_time: 0.0015  memory: 1332  
2026/04/24 18:13:41 - mmengine - INFO - Iter(val) [1460/2000]    eta: 0:00:32  time: 0.0597  data_time: 0.0015  memory: 1258  
2026/04/24 18:13:42 - mmengine - INFO - Iter(val) [1480/2000]    eta: 0:00:31  time: 0.0607  data_time: 0.0015  memory: 1247  
2026/04/24 18:13:43 - mmengine - INFO - Iter(val) [1500/2000]    eta: 0:00:30  time: 0.0582  data_time: 0.0014  memory: 1209  
2026/04/24 18:13:44 - mmengine - INFO - Iter(val) [1520/2000]    eta: 0:00:29  time: 0.0643  data_time: 0.0016  memory: 1318  
2026/04/24 18:13:46 - mmengine - INFO - Iter(val) [1540/2000]    eta: 0:00:27  time: 0.0617  data_time: 0.0015  memory: 1280  
2026/04/24 18:13:47 - mmengine - INFO - Iter(val) [1560/2000]    eta: 0:00:26  time: 0.0555  data_time: 0.0014  memory: 1260  
2026/04/24 18:13:48 - mmengine - INFO - Iter(val) [1580/2000]    eta: 0:00:25  time: 0.0620  data_time: 0.0015  memory: 1243  
2026/04/24 18:13:49 - mmengine - INFO - Iter(val) [1600/2000]    eta: 0:00:24  time: 0.0604  data_time: 0.0015  memory: 1236  
2026/04/24 18:13:50 - mmengine - INFO - Iter(val) [1620/2000]    eta: 0:00:23  time: 0.0612  data_time: 0.0014  memory: 1454  
2026/04/24 18:13:52 - mmengine - INFO - Iter(val) [1640/2000]    eta: 0:00:21  time: 0.0634  data_time: 0.0015  memory: 1356  
2026/04/24 18:13:53 - mmengine - INFO - Iter(val) [1660/2000]    eta: 0:00:20  time: 0.0602  data_time: 0.0014  memory: 1263  
2026/04/24 18:13:54 - mmengine - INFO - Iter(val) [1680/2000]    eta: 0:00:19  time: 0.0635  data_time: 0.0014  memory: 1332  
2026/04/24 18:13:55 - mmengine - INFO - Iter(val) [1700/2000]    eta: 0:00:18  time: 0.0614  data_time: 0.0016  memory: 1258  
2026/04/24 18:13:57 - mmengine - INFO - Iter(val) [1720/2000]    eta: 0:00:16  time: 0.0605  data_time: 0.0014  memory: 1267  
2026/04/24 18:13:58 - mmengine - INFO - Iter(val) [1740/2000]    eta: 0:00:15  time: 0.0628  data_time: 0.0015  memory: 1401  
2026/04/24 18:13:59 - mmengine - INFO - Iter(val) [1760/2000]    eta: 0:00:14  time: 0.0537  data_time: 0.0014  memory: 1244  
2026/04/24 18:14:00 - mmengine - INFO - Iter(val) [1780/2000]    eta: 0:00:13  time: 0.0597  data_time: 0.0015  memory: 1266  
2026/04/24 18:14:01 - mmengine - INFO - Iter(val) [1800/2000]    eta: 0:00:12  time: 0.0624  data_time: 0.0016  memory: 1244  
2026/04/24 18:14:03 - mmengine - INFO - Iter(val) [1820/2000]    eta: 0:00:10  time: 0.0618  data_time: 0.0016  memory: 1183  
2026/04/24 18:14:04 - mmengine - INFO - Iter(val) [1840/2000]    eta: 0:00:09  time: 0.0615  data_time: 0.0016  memory: 1183  
2026/04/24 18:14:05 - mmengine - INFO - Iter(val) [1860/2000]    eta: 0:00:08  time: 0.0600  data_time: 0.0016  memory: 1183  
2026/04/24 18:14:06 - mmengine - INFO - Iter(val) [1880/2000]    eta: 0:00:07  time: 0.0576  data_time: 0.0014  memory: 1244  
2026/04/24 18:14:07 - mmengine - INFO - Iter(val) [1900/2000]    eta: 0:00:06  time: 0.0597  data_time: 0.0014  memory: 1335  
2026/04/24 18:14:09 - mmengine - INFO - Iter(val) [1920/2000]    eta: 0:00:04  time: 0.0619  data_time: 0.0015  memory: 1504  
2026/04/24 18:14:10 - mmengine - INFO - Iter(val) [1940/2000]    eta: 0:00:03  time: 0.0613  data_time: 0.0015  memory: 1351  
2026/04/24 18:14:11 - mmengine - INFO - Iter(val) [1960/2000]    eta: 0:00:02  time: 0.0570  data_time: 0.0014  memory: 1248  
2026/04/24 18:14:12 - mmengine - INFO - Iter(val) [1980/2000]    eta: 0:00:01  time: 0.0583  data_time: 0.0015  memory: 1244  
2026/04/24 18:14:13 - mmengine - INFO - Iter(val) [2000/2000]    eta: 0:00:00  time: 0.0576  data_time: 0.0014  memory: 1329  
2026/04/24 18:14:14 - mmengine - INFO - per class results:
2026/04/24 18:14:14 - mmengine - INFO - 
+---------------------+-------+-------+
|        Class        |  IoU  |  Acc  |
+---------------------+-------+-------+
|         wall        | 39.71 |  79.4 |
|       building      | 49.26 | 69.72 |
|         sky         |  78.1 | 92.55 |
|        floor        | 36.82 | 66.78 |
|         tree        | 33.63 | 81.91 |
|       ceiling       | 39.77 | 48.29 |
|         road        | 40.91 | 87.43 |
|         bed         | 16.13 | 42.85 |
|      windowpane     | 24.62 | 37.33 |
|        grass        | 44.24 | 71.23 |
|       cabinet       |  0.1  |  0.1  |
|       sidewalk      |  4.15 |  4.55 |
|        person       |  2.68 |  2.91 |
|        earth        |  2.17 |  2.35 |
|         door        |  0.0  |  0.0  |
|        table        |  0.48 |  0.49 |
|       mountain      | 10.94 | 20.01 |
|        plant        |  0.75 |  0.76 |
|       curtain       |  0.0  |  0.0  |
|        chair        |  1.2  |  1.29 |
|         car         | 14.16 | 18.34 |
|        water        |  0.0  |  0.0  |
|       painting      |  0.02 |  0.02 |
|         sofa        |  0.0  |  0.0  |
|        shelf        |  0.0  |  0.0  |
|        house        |  0.0  |  0.0  |
|         sea         |  4.23 |  4.79 |
|        mirror       |  0.0  |  0.0  |
|         rug         |  0.0  |  0.0  |
|        field        |  0.01 |  0.01 |
|       armchair      |  0.0  |  0.0  |
|         seat        |  0.0  |  0.0  |
|        fence        |  0.0  |  0.0  |
|         desk        |  0.0  |  0.0  |
|         rock        |  0.0  |  0.0  |
|       wardrobe      |  0.0  |  0.0  |
|         lamp        |  0.0  |  0.0  |
|       bathtub       |  0.0  |  0.0  |
|       railing       |  0.0  |  0.0  |
|       cushion       |  0.0  |  0.0  |
|         base        |  0.0  |  0.0  |
|         box         |  0.0  |  0.0  |
|        column       |  0.0  |  0.0  |
|      signboard      |  0.0  |  0.0  |
|   chest of drawers  |  0.0  |  0.0  |
|       counter       |  0.0  |  0.0  |
|         sand        |  0.0  |  0.0  |
|         sink        |  0.0  |  0.0  |
|      skyscraper     |  0.0  |  0.0  |
|      fireplace      |  0.0  |  0.0  |
|     refrigerator    |  0.0  |  0.0  |
|      grandstand     |  0.0  |  0.0  |
|         path        |  0.0  |  0.0  |
|        stairs       |  0.0  |  0.0  |
|        runway       |  0.0  |  0.0  |
|         case        |  0.0  |  0.0  |
|      pool table     |  0.0  |  0.0  |
|        pillow       |  0.0  |  0.0  |
|     screen door     |  0.0  |  0.0  |
|       stairway      |  0.0  |  0.0  |
|        river        |  0.0  |  0.0  |
|        bridge       |  0.0  |  0.0  |
|       bookcase      |  0.0  |  0.0  |
|        blind        |  0.0  |  0.0  |
|     coffee table    |  0.0  |  0.0  |
|        toilet       |  0.0  |  0.0  |
|        flower       |  0.0  |  0.0  |
|         book        |  0.0  |  0.0  |
|         hill        |  0.0  |  0.0  |
|        bench        |  0.0  |  0.0  |
|      countertop     |  0.0  |  0.0  |
|        stove        |  0.0  |  0.0  |
|         palm        |  0.0  |  0.0  |
|    kitchen island   |  0.0  |  0.0  |
|       computer      |  0.0  |  0.0  |
|     swivel chair    |  0.0  |  0.0  |
|         boat        |  0.0  |  0.0  |
|         bar         |  0.0  |  0.0  |
|    arcade machine   |  0.0  |  0.0  |
|        hovel        |  0.0  |  0.0  |
|         bus         |  0.0  |  0.0  |
|        towel        |  0.0  |  0.0  |
|        light        |  0.0  |  0.0  |
|        truck        |  0.0  |  0.0  |
|        tower        |  0.0  |  0.0  |
|      chandelier     |  0.0  |  0.0  |
|        awning       |  0.0  |  0.0  |
|     streetlight     |  0.0  |  0.0  |
|        booth        |  0.0  |  0.0  |
| television receiver |  0.0  |  0.0  |
|       airplane      |  0.0  |  0.0  |
|      dirt track     |  0.0  |  0.0  |
|       apparel       |  0.0  |  0.0  |
|         pole        |  0.0  |  0.0  |
|         land        |  0.0  |  0.0  |
|      bannister      |  0.0  |  0.0  |
|      escalator      |  0.0  |  0.0  |
|       ottoman       |  0.0  |  0.0  |
|        bottle       |  0.0  |  0.0  |
|        buffet       |  0.0  |  0.0  |
|        poster       |  0.0  |  0.0  |
|        stage        |  0.0  |  0.0  |
|         van         |  0.0  |  0.0  |
|         ship        |  0.0  |  0.0  |
|       fountain      |  0.0  |  0.0  |
|    conveyer belt    |  0.0  |  0.0  |
|        canopy       |  0.0  |  0.0  |
|        washer       |  0.0  |  0.0  |
|      plaything      |  0.0  |  0.0  |
|    swimming pool    |  0.0  |  0.0  |
|        stool        |  0.0  |  0.0  |
|        barrel       |  0.0  |  0.0  |
|        basket       |  0.0  |  0.0  |
|      waterfall      |  0.0  |  0.0  |
|         tent        |  0.0  |  0.0  |
|         bag         |  0.0  |  0.0  |
|       minibike      |  0.0  |  0.0  |
|        cradle       |  0.0  |  0.0  |
|         oven        |  0.0  |  0.0  |
|         ball        |  0.0  |  0.0  |
|         food        |  0.0  |  0.0  |
|         step        |  0.0  |  0.0  |
|         tank        |  0.0  |  0.0  |
|      trade name     |  0.0  |  0.0  |
|      microwave      |  0.0  |  0.0  |
|         pot         |  0.0  |  0.0  |
|        animal       |  0.0  |  0.0  |
|       bicycle       |  0.0  |  0.0  |
|         lake        |  0.0  |  0.0  |
|      dishwasher     |  0.0  |  0.0  |
|        screen       |  0.0  |  0.0  |
|       blanket       |  0.0  |  0.0  |
|      sculpture      |  0.0  |  0.0  |
|         hood        |  0.0  |  0.0  |
|        sconce       |  0.0  |  0.0  |
|         vase        |  0.0  |  0.0  |
|    traffic light    |  0.0  |  0.0  |
|         tray        |  0.0  |  0.0  |
|        ashcan       |  0.0  |  0.0  |
|         fan         |  0.0  |  0.0  |
|         pier        |  0.0  |  0.0  |
|      crt screen     |  0.0  |  0.0  |
|        plate        |  0.0  |  0.0  |
|       monitor       |  0.0  |  0.0  |
|    bulletin board   |  0.0  |  0.0  |
|        shower       |  0.0  |  0.0  |
|       radiator      |  0.0  |  0.0  |
|        glass        |  0.0  |  0.0  |
|        clock        |  0.0  |  0.0  |
|         flag        |  0.0  |  0.0  |
+---------------------+-------+-------+
2026/04/24 18:14:14 - mmengine - INFO - Iter(val) [2000/2000]    aAcc: 48.8400  mIoU: 2.9600  mAcc: 4.8900  data_time: 0.0015  time: 0.0606
2026/04/24 18:14:19 - mmengine - INFO - Iter(train) [7020/8000]  lr: 7.8410e-06  eta: 0:05:02  time: 0.2987  data_time: 0.0056  memory: 5973  loss: 3.1075  decode.loss_ce: 2.1340  decode.acc_seg: 28.4462  aux.loss_ce: 0.9735  aux.acc_seg: 28.6399
2026/04/24 18:14:25 - mmengine - INFO - Iter(train) [7040/8000]  lr: 7.6810e-06  eta: 0:04:56  time: 0.2986  data_time: 0.0056  memory: 5973  loss: 3.0111  decode.loss_ce: 2.1017  decode.acc_seg: 74.1911  aux.loss_ce: 0.9094  aux.acc_seg: 62.4153
2026/04/24 18:14:31 - mmengine - INFO - Iter(train) [7060/8000]  lr: 7.5210e-06  eta: 0:04:49  time: 0.3000  data_time: 0.0055  memory: 5973  loss: 2.9442  decode.loss_ce: 2.0443  decode.acc_seg: 58.4090  aux.loss_ce: 0.8999  aux.acc_seg: 51.8996
2026/04/24 18:14:37 - mmengine - INFO - Iter(train) [7080/8000]  lr: 7.3610e-06  eta: 0:04:43  time: 0.3004  data_time: 0.0055  memory: 5973  loss: 2.6054  decode.loss_ce: 1.8024  decode.acc_seg: 41.5274  aux.loss_ce: 0.8030  aux.acc_seg: 40.2258
2026/04/24 18:14:43 - mmengine - INFO - Iter(train) [7100/8000]  lr: 7.2010e-06  eta: 0:04:37  time: 0.3004  data_time: 0.0055  memory: 5973  loss: 3.2909  decode.loss_ce: 2.2895  decode.acc_seg: 32.7401  aux.loss_ce: 1.0014  aux.acc_seg: 27.2391
2026/04/24 18:14:49 - mmengine - INFO - Iter(train) [7120/8000]  lr: 7.0409e-06  eta: 0:04:31  time: 0.2981  data_time: 0.0054  memory: 5973  loss: 2.6465  decode.loss_ce: 1.8682  decode.acc_seg: 54.2527  aux.loss_ce: 0.7782  aux.acc_seg: 53.9317
2026/04/24 18:14:55 - mmengine - INFO - Iter(train) [7140/8000]  lr: 6.8809e-06  eta: 0:04:25  time: 0.2987  data_time: 0.0055  memory: 5973  loss: 2.9465  decode.loss_ce: 2.0384  decode.acc_seg: 20.2616  aux.loss_ce: 0.9081  aux.acc_seg: 23.3039
2026/04/24 18:15:01 - mmengine - INFO - Iter(train) [7160/8000]  lr: 6.7209e-06  eta: 0:04:18  time: 0.2995  data_time: 0.0054  memory: 5973  loss: 3.0697  decode.loss_ce: 2.1429  decode.acc_seg: 51.3035  aux.loss_ce: 0.9268  aux.acc_seg: 48.9346
2026/04/24 18:15:07 - mmengine - INFO - Iter(train) [7180/8000]  lr: 6.5609e-06  eta: 0:04:12  time: 0.2975  data_time: 0.0056  memory: 5973  loss: 3.5726  decode.loss_ce: 2.5117  decode.acc_seg: 52.7798  aux.loss_ce: 1.0609  aux.acc_seg: 39.6480
2026/04/24 18:15:13 - mmengine - INFO - Iter(train) [7200/8000]  lr: 6.4009e-06  eta: 0:04:06  time: 0.2985  data_time: 0.0055  memory: 5973  loss: 3.0697  decode.loss_ce: 2.1337  decode.acc_seg: 36.4404  aux.loss_ce: 0.9360  aux.acc_seg: 38.1264
2026/04/24 18:15:19 - mmengine - INFO - Iter(train) [7220/8000]  lr: 6.2408e-06  eta: 0:04:00  time: 0.3022  data_time: 0.0055  memory: 5973  loss: 3.3614  decode.loss_ce: 2.3341  decode.acc_seg: 48.4921  aux.loss_ce: 1.0273  aux.acc_seg: 44.9052
2026/04/24 18:15:25 - mmengine - INFO - Iter(train) [7240/8000]  lr: 6.0808e-06  eta: 0:03:54  time: 0.2996  data_time: 0.0055  memory: 5973  loss: 2.8259  decode.loss_ce: 1.9431  decode.acc_seg: 51.7648  aux.loss_ce: 0.8828  aux.acc_seg: 41.8873
2026/04/24 18:15:31 - mmengine - INFO - Iter(train) [7260/8000]  lr: 5.9208e-06  eta: 0:03:48  time: 0.2991  data_time: 0.0055  memory: 5973  loss: 2.8960  decode.loss_ce: 2.0029  decode.acc_seg: 34.1807  aux.loss_ce: 0.8930  aux.acc_seg: 34.0005
2026/04/24 18:15:37 - mmengine - INFO - Iter(train) [7280/8000]  lr: 5.7608e-06  eta: 0:03:41  time: 0.3004  data_time: 0.0055  memory: 5973  loss: 2.6872  decode.loss_ce: 1.8810  decode.acc_seg: 11.8840  aux.loss_ce: 0.8062  aux.acc_seg: 8.7397
2026/04/24 18:15:43 - mmengine - INFO - Iter(train) [7300/8000]  lr: 5.6007e-06  eta: 0:03:35  time: 0.2992  data_time: 0.0055  memory: 5973  loss: 2.9301  decode.loss_ce: 2.0249  decode.acc_seg: 64.2404  aux.loss_ce: 0.9051  aux.acc_seg: 41.7497
2026/04/24 18:15:49 - mmengine - INFO - Iter(train) [7320/8000]  lr: 5.4407e-06  eta: 0:03:29  time: 0.2987  data_time: 0.0055  memory: 5973  loss: 3.3760  decode.loss_ce: 2.3619  decode.acc_seg: 32.3962  aux.loss_ce: 1.0141  aux.acc_seg: 25.5327
2026/04/24 18:15:55 - mmengine - INFO - Iter(train) [7340/8000]  lr: 5.2807e-06  eta: 0:03:23  time: 0.2989  data_time: 0.0055  memory: 5973  loss: 3.4514  decode.loss_ce: 2.4382  decode.acc_seg: 60.2009  aux.loss_ce: 1.0132  aux.acc_seg: 45.5328
2026/04/24 18:16:01 - mmengine - INFO - Iter(train) [7360/8000]  lr: 5.1207e-06  eta: 0:03:17  time: 0.3063  data_time: 0.0056  memory: 5973  loss: 3.4031  decode.loss_ce: 2.3955  decode.acc_seg: 23.8608  aux.loss_ce: 1.0076  aux.acc_seg: 16.6462
2026/04/24 18:16:07 - mmengine - INFO - Iter(train) [7380/8000]  lr: 4.9607e-06  eta: 0:03:10  time: 0.3002  data_time: 0.0056  memory: 5973  loss: 3.3937  decode.loss_ce: 2.3665  decode.acc_seg: 33.6984  aux.loss_ce: 1.0273  aux.acc_seg: 40.3143
2026/04/24 18:16:13 - mmengine - INFO - Iter(train) [7400/8000]  lr: 4.8006e-06  eta: 0:03:04  time: 0.2991  data_time: 0.0055  memory: 5973  loss: 3.6180  decode.loss_ce: 2.5493  decode.acc_seg: 34.4044  aux.loss_ce: 1.0687  aux.acc_seg: 33.7925
2026/04/24 18:16:19 - mmengine - INFO - Iter(train) [7420/8000]  lr: 4.6406e-06  eta: 0:02:58  time: 0.2990  data_time: 0.0055  memory: 5973  loss: 2.4325  decode.loss_ce: 1.6903  decode.acc_seg: 34.0958  aux.loss_ce: 0.7422  aux.acc_seg: 27.5866
2026/04/24 18:16:25 - mmengine - INFO - Iter(train) [7440/8000]  lr: 4.4806e-06  eta: 0:02:52  time: 0.3043  data_time: 0.0055  memory: 5973  loss: 3.3119  decode.loss_ce: 2.3092  decode.acc_seg: 18.1164  aux.loss_ce: 1.0027  aux.acc_seg: 13.4427
2026/04/24 18:16:31 - mmengine - INFO - Iter(train) [7460/8000]  lr: 4.3206e-06  eta: 0:02:46  time: 0.2995  data_time: 0.0055  memory: 5973  loss: 2.3509  decode.loss_ce: 1.6026  decode.acc_seg: 63.1727  aux.loss_ce: 0.7483  aux.acc_seg: 52.6637
2026/04/24 18:16:37 - mmengine - INFO - Iter(train) [7480/8000]  lr: 4.1606e-06  eta: 0:02:40  time: 0.3003  data_time: 0.0055  memory: 5973  loss: 2.7682  decode.loss_ce: 1.8982  decode.acc_seg: 51.0873  aux.loss_ce: 0.8700  aux.acc_seg: 46.0043
2026/04/24 18:16:43 - mmengine - INFO - Iter(train) [7500/8000]  lr: 4.0005e-06  eta: 0:02:33  time: 0.2997  data_time: 0.0055  memory: 5973  loss: 2.4221  decode.loss_ce: 1.6938  decode.acc_seg: 53.6615  aux.loss_ce: 0.7283  aux.acc_seg: 62.7147
2026/04/24 18:16:49 - mmengine - INFO - Iter(train) [7520/8000]  lr: 3.8405e-06  eta: 0:02:27  time: 0.2996  data_time: 0.0055  memory: 5973  loss: 2.6414  decode.loss_ce: 1.8394  decode.acc_seg: 54.8871  aux.loss_ce: 0.8020  aux.acc_seg: 60.3726
2026/04/24 18:16:56 - mmengine - INFO - Iter(train) [7540/8000]  lr: 3.6805e-06  eta: 0:02:21  time: 0.3095  data_time: 0.0055  memory: 5973  loss: 2.4002  decode.loss_ce: 1.6762  decode.acc_seg: 35.8094  aux.loss_ce: 0.7241  aux.acc_seg: 27.8912
2026/04/24 18:17:02 - mmengine - INFO - Iter(train) [7560/8000]  lr: 3.5205e-06  eta: 0:02:15  time: 0.2980  data_time: 0.0054  memory: 5973  loss: 2.4809  decode.loss_ce: 1.7259  decode.acc_seg: 36.9218  aux.loss_ce: 0.7550  aux.acc_seg: 44.7208
2026/04/24 18:17:07 - mmengine - INFO - Iter(train) [7580/8000]  lr: 3.3604e-06  eta: 0:02:09  time: 0.2980  data_time: 0.0055  memory: 5973  loss: 2.4334  decode.loss_ce: 1.6902  decode.acc_seg: 22.1255  aux.loss_ce: 0.7432  aux.acc_seg: 28.1542
2026/04/24 18:17:13 - mmengine - INFO - Iter(train) [7600/8000]  lr: 3.2004e-06  eta: 0:02:03  time: 0.2997  data_time: 0.0057  memory: 5973  loss: 3.0747  decode.loss_ce: 2.1622  decode.acc_seg: 27.6742  aux.loss_ce: 0.9126  aux.acc_seg: 24.9301
2026/04/24 18:17:20 - mmengine - INFO - Iter(train) [7620/8000]  lr: 3.0404e-06  eta: 0:01:56  time: 0.3028  data_time: 0.0056  memory: 5973  loss: 3.4659  decode.loss_ce: 2.4099  decode.acc_seg: 35.7389  aux.loss_ce: 1.0559  aux.acc_seg: 14.8599
2026/04/24 18:17:25 - mmengine - INFO - Iter(train) [7640/8000]  lr: 2.8804e-06  eta: 0:01:50  time: 0.2993  data_time: 0.0056  memory: 5973  loss: 3.1114  decode.loss_ce: 2.1558  decode.acc_seg: 65.4802  aux.loss_ce: 0.9556  aux.acc_seg: 52.0911
2026/04/24 18:17:31 - mmengine - INFO - Iter(train) [7660/8000]  lr: 2.7204e-06  eta: 0:01:44  time: 0.2992  data_time: 0.0056  memory: 5973  loss: 2.9112  decode.loss_ce: 2.0138  decode.acc_seg: 48.0751  aux.loss_ce: 0.8974  aux.acc_seg: 44.6887
2026/04/24 18:17:37 - mmengine - INFO - Iter(train) [7680/8000]  lr: 2.5603e-06  eta: 0:01:38  time: 0.2976  data_time: 0.0055  memory: 5973  loss: 3.2229  decode.loss_ce: 2.2640  decode.acc_seg: 57.2136  aux.loss_ce: 0.9589  aux.acc_seg: 78.2348
2026/04/24 18:17:43 - mmengine - INFO - Iter(train) [7700/8000]  lr: 2.4003e-06  eta: 0:01:32  time: 0.3005  data_time: 0.0056  memory: 5973  loss: 3.4947  decode.loss_ce: 2.4404  decode.acc_seg: 29.8138  aux.loss_ce: 1.0543  aux.acc_seg: 34.1887
2026/04/24 18:17:49 - mmengine - INFO - Iter(train) [7720/8000]  lr: 2.2403e-06  eta: 0:01:26  time: 0.2992  data_time: 0.0054  memory: 5973  loss: 3.0874  decode.loss_ce: 2.1588  decode.acc_seg: 49.4856  aux.loss_ce: 0.9286  aux.acc_seg: 39.5330
2026/04/24 18:17:55 - mmengine - INFO - Iter(train) [7740/8000]  lr: 2.0803e-06  eta: 0:01:19  time: 0.3002  data_time: 0.0055  memory: 5973  loss: 3.2919  decode.loss_ce: 2.3040  decode.acc_seg: 45.9734  aux.loss_ce: 0.9879  aux.acc_seg: 46.6158
2026/04/24 18:18:01 - mmengine - INFO - Iter(train) [7760/8000]  lr: 1.9203e-06  eta: 0:01:13  time: 0.2997  data_time: 0.0056  memory: 5973  loss: 2.8644  decode.loss_ce: 1.9873  decode.acc_seg: 35.7826  aux.loss_ce: 0.8770  aux.acc_seg: 31.0889
2026/04/24 18:18:07 - mmengine - INFO - Iter(train) [7780/8000]  lr: 1.7602e-06  eta: 0:01:07  time: 0.2999  data_time: 0.0056  memory: 5973  loss: 3.1658  decode.loss_ce: 2.2202  decode.acc_seg: 26.1854  aux.loss_ce: 0.9456  aux.acc_seg: 32.4265
2026/04/24 18:18:13 - mmengine - INFO - Iter(train) [7800/8000]  lr: 1.6002e-06  eta: 0:01:01  time: 0.3006  data_time: 0.0055  memory: 5973  loss: 2.7254  decode.loss_ce: 1.8837  decode.acc_seg: 32.4199  aux.loss_ce: 0.8417  aux.acc_seg: 23.2072
2026/04/24 18:18:19 - mmengine - INFO - Iter(train) [7820/8000]  lr: 1.4402e-06  eta: 0:00:55  time: 0.2981  data_time: 0.0054  memory: 5973  loss: 3.2020  decode.loss_ce: 2.2175  decode.acc_seg: 49.5877  aux.loss_ce: 0.9845  aux.acc_seg: 34.7637
2026/04/24 18:18:25 - mmengine - INFO - Iter(train) [7840/8000]  lr: 1.2802e-06  eta: 0:00:49  time: 0.2985  data_time: 0.0055  memory: 5973  loss: 3.1365  decode.loss_ce: 2.1885  decode.acc_seg: 45.0309  aux.loss_ce: 0.9479  aux.acc_seg: 37.9950
2026/04/24 18:18:31 - mmengine - INFO - Iter(train) [7860/8000]  lr: 1.1201e-06  eta: 0:00:43  time: 0.2994  data_time: 0.0056  memory: 5973  loss: 3.0831  decode.loss_ce: 2.1413  decode.acc_seg: 58.5120  aux.loss_ce: 0.9418  aux.acc_seg: 53.4631
2026/04/24 18:18:37 - mmengine - INFO - Iter(train) [7880/8000]  lr: 9.6013e-07  eta: 0:00:36  time: 0.3008  data_time: 0.0055  memory: 5973  loss: 2.9340  decode.loss_ce: 2.0423  decode.acc_seg: 33.9457  aux.loss_ce: 0.8917  aux.acc_seg: 32.3755
2026/04/24 18:18:43 - mmengine - INFO - Iter(train) [7900/8000]  lr: 8.0011e-07  eta: 0:00:30  time: 0.2996  data_time: 0.0056  memory: 5973  loss: 2.5442  decode.loss_ce: 1.7556  decode.acc_seg: 54.6313  aux.loss_ce: 0.7886  aux.acc_seg: 51.9808
2026/04/24 18:18:49 - mmengine - INFO - Iter(train) [7920/8000]  lr: 6.4009e-07  eta: 0:00:24  time: 0.2991  data_time: 0.0055  memory: 5973  loss: 2.8824  decode.loss_ce: 1.9971  decode.acc_seg: 64.6843  aux.loss_ce: 0.8853  aux.acc_seg: 64.3334
2026/04/24 18:18:55 - mmengine - INFO - Iter(train) [7940/8000]  lr: 4.8006e-07  eta: 0:00:18  time: 0.2977  data_time: 0.0055  memory: 5973  loss: 3.3352  decode.loss_ce: 2.3254  decode.acc_seg: 56.8539  aux.loss_ce: 1.0098  aux.acc_seg: 51.6595
2026/04/24 18:19:01 - mmengine - INFO - Iter(train) [7960/8000]  lr: 3.2004e-07  eta: 0:00:12  time: 0.3010  data_time: 0.0055  memory: 5973  loss: 2.9611  decode.loss_ce: 2.0659  decode.acc_seg: 84.0257  aux.loss_ce: 0.8952  aux.acc_seg: 78.7605
2026/04/24 18:19:07 - mmengine - INFO - Iter(train) [7980/8000]  lr: 1.6002e-07  eta: 0:00:06  time: 0.2980  data_time: 0.0055  memory: 5973  loss: 2.8485  decode.loss_ce: 1.9903  decode.acc_seg: 46.2632  aux.loss_ce: 0.8581  aux.acc_seg: 50.4454
2026/04/24 18:19:13 - mmengine - INFO - Exp name: pvmamba_tiny_upernet_ade20k_base_20260424_173648
2026/04/24 18:19:13 - mmengine - INFO - Iter(train) [8000/8000]  lr: 0.0000e+00  eta: 0:00:00  time: 0.3001  data_time: 0.0054  memory: 5973  loss: 3.4716  decode.loss_ce: 2.4132  decode.acc_seg: 35.3991  aux.loss_ce: 1.0584  aux.acc_seg: 13.7839
2026/04/24 18:19:13 - mmengine - INFO - Saving checkpoint at 8000 iterations
2026/04/24 18:19:16 - mmengine - INFO - Iter(val) [  20/2000]    eta: 0:02:04  time: 0.0606  data_time: 0.0015  memory: 1320  
2026/04/24 18:19:17 - mmengine - INFO - Iter(val) [  40/2000]    eta: 0:02:01  time: 0.0626  data_time: 0.0015  memory: 1353  
2026/04/24 18:19:19 - mmengine - INFO - Iter(val) [  60/2000]    eta: 0:02:00  time: 0.0615  data_time: 0.0015  memory: 1321  
2026/04/24 18:19:20 - mmengine - INFO - Iter(val) [  80/2000]    eta: 0:01:58  time: 0.0617  data_time: 0.0016  memory: 1246  
2026/04/24 18:19:21 - mmengine - INFO - Iter(val) [ 100/2000]    eta: 0:01:57  time: 0.0624  data_time: 0.0016  memory: 1363  
2026/04/24 18:19:22 - mmengine - INFO - Iter(val) [ 120/2000]    eta: 0:01:55  time: 0.0591  data_time: 0.0015  memory: 1256  
2026/04/24 18:19:24 - mmengine - INFO - Iter(val) [ 140/2000]    eta: 0:01:54  time: 0.0617  data_time: 0.0015  memory: 1259  
2026/04/24 18:19:25 - mmengine - INFO - Iter(val) [ 160/2000]    eta: 0:01:53  time: 0.0642  data_time: 0.0015  memory: 1439  
2026/04/24 18:19:26 - mmengine - INFO - Iter(val) [ 180/2000]    eta: 0:01:52  time: 0.0622  data_time: 0.0016  memory: 1277  
2026/04/24 18:19:27 - mmengine - INFO - Iter(val) [ 200/2000]    eta: 0:01:51  time: 0.0616  data_time: 0.0015  memory: 1353  
2026/04/24 18:19:28 - mmengine - INFO - Iter(val) [ 220/2000]    eta: 0:01:49  time: 0.0582  data_time: 0.0014  memory: 1517  
2026/04/24 18:19:30 - mmengine - INFO - Iter(val) [ 240/2000]    eta: 0:01:48  time: 0.0634  data_time: 0.0015  memory: 1468  
2026/04/24 18:19:31 - mmengine - INFO - Iter(val) [ 260/2000]    eta: 0:01:46  time: 0.0593  data_time: 0.0014  memory: 1297  
2026/04/24 18:19:32 - mmengine - INFO - Iter(val) [ 280/2000]    eta: 0:01:45  time: 0.0602  data_time: 0.0015  memory: 1244  
2026/04/24 18:19:33 - mmengine - INFO - Iter(val) [ 300/2000]    eta: 0:01:44  time: 0.0628  data_time: 0.0016  memory: 1404  
2026/04/24 18:19:35 - mmengine - INFO - Iter(val) [ 320/2000]    eta: 0:01:42  time: 0.0599  data_time: 0.0016  memory: 1303  
2026/04/24 18:19:36 - mmengine - INFO - Iter(val) [ 340/2000]    eta: 0:01:41  time: 0.0636  data_time: 0.0014  memory: 1348  
2026/04/24 18:19:37 - mmengine - INFO - Iter(val) [ 360/2000]    eta: 0:01:40  time: 0.0609  data_time: 0.0015  memory: 1246  
2026/04/24 18:19:38 - mmengine - INFO - Iter(val) [ 380/2000]    eta: 0:01:39  time: 0.0624  data_time: 0.0016  memory: 1356  
2026/04/24 18:19:39 - mmengine - INFO - Iter(val) [ 400/2000]    eta: 0:01:37  time: 0.0619  data_time: 0.0014  memory: 1339  
2026/04/24 18:19:40 - mmengine - INFO - Iter(val) [ 420/2000]    eta: 0:01:36  time: 0.0533  data_time: 0.0013  memory: 1186  
2026/04/24 18:19:42 - mmengine - INFO - Iter(val) [ 440/2000]    eta: 0:01:34  time: 0.0639  data_time: 0.0015  memory: 1357  
2026/04/24 18:19:43 - mmengine - INFO - Iter(val) [ 460/2000]    eta: 0:01:33  time: 0.0622  data_time: 0.0015  memory: 1248  
2026/04/24 18:19:44 - mmengine - INFO - Iter(val) [ 480/2000]    eta: 0:01:32  time: 0.0622  data_time: 0.0015  memory: 1248  
2026/04/24 18:19:45 - mmengine - INFO - Iter(val) [ 500/2000]    eta: 0:01:31  time: 0.0602  data_time: 0.0015  memory: 1258  
2026/04/24 18:19:47 - mmengine - INFO - Iter(val) [ 520/2000]    eta: 0:01:30  time: 0.0643  data_time: 0.0015  memory: 1252  
2026/04/24 18:19:48 - mmengine - INFO - Iter(val) [ 540/2000]    eta: 0:01:29  time: 0.0635  data_time: 0.0015  memory: 1278  
2026/04/24 18:19:49 - mmengine - INFO - Iter(val) [ 560/2000]    eta: 0:01:27  time: 0.0567  data_time: 0.0014  memory: 1342  
2026/04/24 18:19:50 - mmengine - INFO - Iter(val) [ 580/2000]    eta: 0:01:26  time: 0.0623  data_time: 0.0016  memory: 1354  
2026/04/24 18:19:52 - mmengine - INFO - Iter(val) [ 600/2000]    eta: 0:01:25  time: 0.0623  data_time: 0.0016  memory: 1260  
2026/04/24 18:19:53 - mmengine - INFO - Iter(val) [ 620/2000]    eta: 0:01:24  time: 0.0588  data_time: 0.0014  memory: 1293  
2026/04/24 18:19:54 - mmengine - INFO - Iter(val) [ 640/2000]    eta: 0:01:22  time: 0.0611  data_time: 0.0015  memory: 1296  
2026/04/24 18:19:55 - mmengine - INFO - Iter(val) [ 660/2000]    eta: 0:01:21  time: 0.0642  data_time: 0.0015  memory: 1326  
2026/04/24 18:19:56 - mmengine - INFO - Iter(val) [ 680/2000]    eta: 0:01:20  time: 0.0627  data_time: 0.0015  memory: 1337  
2026/04/24 18:19:58 - mmengine - INFO - Iter(val) [ 700/2000]    eta: 0:01:19  time: 0.0628  data_time: 0.0015  memory: 1318  
2026/04/24 18:19:59 - mmengine - INFO - Iter(val) [ 720/2000]    eta: 0:01:18  time: 0.0637  data_time: 0.0014  memory: 1270  
2026/04/24 18:20:00 - mmengine - INFO - Iter(val) [ 740/2000]    eta: 0:01:17  time: 0.0631  data_time: 0.0014  memory: 1339  
2026/04/24 18:20:01 - mmengine - INFO - Iter(val) [ 760/2000]    eta: 0:01:15  time: 0.0563  data_time: 0.0014  memory: 1243  
2026/04/24 18:20:03 - mmengine - INFO - Iter(val) [ 780/2000]    eta: 0:01:14  time: 0.0608  data_time: 0.0015  memory: 1244  
2026/04/24 18:20:04 - mmengine - INFO - Iter(val) [ 800/2000]    eta: 0:01:13  time: 0.0614  data_time: 0.0015  memory: 1244  
2026/04/24 18:20:05 - mmengine - INFO - Iter(val) [ 820/2000]    eta: 0:01:12  time: 0.0611  data_time: 0.0015  memory: 1183  
2026/04/24 18:20:06 - mmengine - INFO - Iter(val) [ 840/2000]    eta: 0:01:10  time: 0.0622  data_time: 0.0016  memory: 1244  
2026/04/24 18:20:07 - mmengine - INFO - Iter(val) [ 860/2000]    eta: 0:01:09  time: 0.0615  data_time: 0.0016  memory: 1244  
2026/04/24 18:20:09 - mmengine - INFO - Iter(val) [ 880/2000]    eta: 0:01:08  time: 0.0577  data_time: 0.0014  memory: 1247  
2026/04/24 18:20:10 - mmengine - INFO - Iter(val) [ 900/2000]    eta: 0:01:06  time: 0.0565  data_time: 0.0014  memory: 1296  
2026/04/24 18:20:11 - mmengine - INFO - Iter(val) [ 920/2000]    eta: 0:01:05  time: 0.0624  data_time: 0.0015  memory: 1332  
2026/04/24 18:20:12 - mmengine - INFO - Iter(val) [ 940/2000]    eta: 0:01:04  time: 0.0635  data_time: 0.0015  memory: 1253  
2026/04/24 18:20:13 - mmengine - INFO - Iter(val) [ 960/2000]    eta: 0:01:03  time: 0.0577  data_time: 0.0014  memory: 1248  
2026/04/24 18:20:15 - mmengine - INFO - Iter(val) [ 980/2000]    eta: 0:01:02  time: 0.0554  data_time: 0.0014  memory: 1244  
2026/04/24 18:20:16 - mmengine - INFO - Iter(val) [1000/2000]    eta: 0:01:00  time: 0.0599  data_time: 0.0015  memory: 1335  
2026/04/24 18:20:17 - mmengine - INFO - Iter(val) [1020/2000]    eta: 0:00:59  time: 0.0619  data_time: 0.0015  memory: 1348  
2026/04/24 18:20:18 - mmengine - INFO - Iter(val) [1040/2000]    eta: 0:00:58  time: 0.0625  data_time: 0.0015  memory: 1342  
2026/04/24 18:20:20 - mmengine - INFO - Iter(val) [1060/2000]    eta: 0:00:57  time: 0.0604  data_time: 0.0015  memory: 1318  
2026/04/24 18:20:21 - mmengine - INFO - Iter(val) [1080/2000]    eta: 0:00:56  time: 0.0626  data_time: 0.0015  memory: 1318  
2026/04/24 18:20:22 - mmengine - INFO - Iter(val) [1100/2000]    eta: 0:00:54  time: 0.0606  data_time: 0.0015  memory: 1244  
2026/04/24 18:20:23 - mmengine - INFO - Iter(val) [1120/2000]    eta: 0:00:53  time: 0.0606  data_time: 0.0014  memory: 1309  
2026/04/24 18:20:24 - mmengine - INFO - Iter(val) [1140/2000]    eta: 0:00:52  time: 0.0595  data_time: 0.0015  memory: 1277  
2026/04/24 18:20:26 - mmengine - INFO - Iter(val) [1160/2000]    eta: 0:00:51  time: 0.0625  data_time: 0.0017  memory: 2303  
2026/04/24 18:20:27 - mmengine - INFO - Iter(val) [1180/2000]    eta: 0:00:49  time: 0.0617  data_time: 0.0015  memory: 1275  
2026/04/24 18:20:28 - mmengine - INFO - Iter(val) [1200/2000]    eta: 0:00:48  time: 0.0603  data_time: 0.0014  memory: 1356  
2026/04/24 18:20:29 - mmengine - INFO - Iter(val) [1220/2000]    eta: 0:00:47  time: 0.0623  data_time: 0.0014  memory: 1284  
2026/04/24 18:20:31 - mmengine - INFO - Iter(val) [1240/2000]    eta: 0:00:46  time: 0.0611  data_time: 0.0014  memory: 1289  
2026/04/24 18:20:32 - mmengine - INFO - Iter(val) [1260/2000]    eta: 0:00:45  time: 0.0568  data_time: 0.0013  memory: 1247  
2026/04/24 18:20:33 - mmengine - INFO - Iter(val) [1280/2000]    eta: 0:00:43  time: 0.0597  data_time: 0.0015  memory: 1248  
2026/04/24 18:20:34 - mmengine - INFO - Iter(val) [1300/2000]    eta: 0:00:42  time: 0.0612  data_time: 0.0015  memory: 1248  
2026/04/24 18:20:35 - mmengine - INFO - Iter(val) [1320/2000]    eta: 0:00:41  time: 0.0578  data_time: 0.0014  memory: 1247  
2026/04/24 18:20:36 - mmengine - INFO - Iter(val) [1340/2000]    eta: 0:00:40  time: 0.0626  data_time: 0.0015  memory: 1248  
2026/04/24 18:20:38 - mmengine - INFO - Iter(val) [1360/2000]    eta: 0:00:38  time: 0.0582  data_time: 0.0014  memory: 1213  
2026/04/24 18:20:39 - mmengine - INFO - Iter(val) [1380/2000]    eta: 0:00:37  time: 0.0625  data_time: 0.0015  memory: 1276  
2026/04/24 18:20:40 - mmengine - INFO - Iter(val) [1400/2000]    eta: 0:00:36  time: 0.0620  data_time: 0.0014  memory: 1336  
2026/04/24 18:20:41 - mmengine - INFO - Iter(val) [1420/2000]    eta: 0:00:35  time: 0.0532  data_time: 0.0014  memory: 1248  
2026/04/24 18:20:42 - mmengine - INFO - Iter(val) [1440/2000]    eta: 0:00:33  time: 0.0616  data_time: 0.0015  memory: 1332  
2026/04/24 18:20:44 - mmengine - INFO - Iter(val) [1460/2000]    eta: 0:00:32  time: 0.0589  data_time: 0.0015  memory: 1258  
2026/04/24 18:20:45 - mmengine - INFO - Iter(val) [1480/2000]    eta: 0:00:31  time: 0.0611  data_time: 0.0015  memory: 1247  
2026/04/24 18:20:46 - mmengine - INFO - Iter(val) [1500/2000]    eta: 0:00:30  time: 0.0582  data_time: 0.0014  memory: 1209  
2026/04/24 18:20:47 - mmengine - INFO - Iter(val) [1520/2000]    eta: 0:00:29  time: 0.0640  data_time: 0.0016  memory: 1318  
2026/04/24 18:20:49 - mmengine - INFO - Iter(val) [1540/2000]    eta: 0:00:27  time: 0.0621  data_time: 0.0015  memory: 1280  
2026/04/24 18:20:50 - mmengine - INFO - Iter(val) [1560/2000]    eta: 0:00:26  time: 0.0553  data_time: 0.0014  memory: 1260  
2026/04/24 18:20:51 - mmengine - INFO - Iter(val) [1580/2000]    eta: 0:00:25  time: 0.0614  data_time: 0.0015  memory: 1243  
2026/04/24 18:20:52 - mmengine - INFO - Iter(val) [1600/2000]    eta: 0:00:24  time: 0.0593  data_time: 0.0015  memory: 1236  
2026/04/24 18:20:53 - mmengine - INFO - Iter(val) [1620/2000]    eta: 0:00:23  time: 0.0614  data_time: 0.0014  memory: 1454  
2026/04/24 18:20:55 - mmengine - INFO - Iter(val) [1640/2000]    eta: 0:00:21  time: 0.0639  data_time: 0.0015  memory: 1356  
2026/04/24 18:20:56 - mmengine - INFO - Iter(val) [1660/2000]    eta: 0:00:20  time: 0.0608  data_time: 0.0014  memory: 1263  
2026/04/24 18:20:57 - mmengine - INFO - Iter(val) [1680/2000]    eta: 0:00:19  time: 0.0637  data_time: 0.0014  memory: 1332  
2026/04/24 18:20:58 - mmengine - INFO - Iter(val) [1700/2000]    eta: 0:00:18  time: 0.0617  data_time: 0.0016  memory: 1258  
2026/04/24 18:20:59 - mmengine - INFO - Iter(val) [1720/2000]    eta: 0:00:17  time: 0.0606  data_time: 0.0015  memory: 1267  
2026/04/24 18:21:01 - mmengine - INFO - Iter(val) [1740/2000]    eta: 0:00:15  time: 0.0640  data_time: 0.0014  memory: 1401  
2026/04/24 18:21:02 - mmengine - INFO - Iter(val) [1760/2000]    eta: 0:00:14  time: 0.0535  data_time: 0.0013  memory: 1244  
2026/04/24 18:21:03 - mmengine - INFO - Iter(val) [1780/2000]    eta: 0:00:13  time: 0.0614  data_time: 0.0015  memory: 1266  
2026/04/24 18:21:04 - mmengine - INFO - Iter(val) [1800/2000]    eta: 0:00:12  time: 0.0623  data_time: 0.0015  memory: 1244  
2026/04/24 18:21:05 - mmengine - INFO - Iter(val) [1820/2000]    eta: 0:00:10  time: 0.0614  data_time: 0.0016  memory: 1183  
2026/04/24 18:21:07 - mmengine - INFO - Iter(val) [1840/2000]    eta: 0:00:09  time: 0.0618  data_time: 0.0016  memory: 1183  
2026/04/24 18:21:08 - mmengine - INFO - Iter(val) [1860/2000]    eta: 0:00:08  time: 0.0598  data_time: 0.0015  memory: 1183  
2026/04/24 18:21:09 - mmengine - INFO - Iter(val) [1880/2000]    eta: 0:00:07  time: 0.0572  data_time: 0.0014  memory: 1244  
2026/04/24 18:21:10 - mmengine - INFO - Iter(val) [1900/2000]    eta: 0:00:06  time: 0.0591  data_time: 0.0014  memory: 1335  
2026/04/24 18:21:11 - mmengine - INFO - Iter(val) [1920/2000]    eta: 0:00:04  time: 0.0623  data_time: 0.0014  memory: 1504  
2026/04/24 18:21:13 - mmengine - INFO - Iter(val) [1940/2000]    eta: 0:00:03  time: 0.0615  data_time: 0.0015  memory: 1351  
2026/04/24 18:21:14 - mmengine - INFO - Iter(val) [1960/2000]    eta: 0:00:02  time: 0.0563  data_time: 0.0014  memory: 1248  
2026/04/24 18:21:15 - mmengine - INFO - Iter(val) [1980/2000]    eta: 0:00:01  time: 0.0583  data_time: 0.0014  memory: 1244  
2026/04/24 18:21:16 - mmengine - INFO - Iter(val) [2000/2000]    eta: 0:00:00  time: 0.0572  data_time: 0.0014  memory: 1329  
2026/04/24 18:21:16 - mmengine - INFO - per class results:
2026/04/24 18:21:16 - mmengine - INFO - 
+---------------------+-------+-------+
|        Class        |  IoU  |  Acc  |
+---------------------+-------+-------+
|         wall        | 40.46 | 79.56 |
|       building      | 49.58 | 77.43 |
|         sky         |  79.9 | 92.58 |
|        floor        | 37.43 | 66.95 |
|         tree        | 35.87 | 78.78 |
|       ceiling       | 43.35 | 54.07 |
|         road        |  42.8 |  87.1 |
|         bed         | 16.68 |  38.3 |
|      windowpane     | 24.71 | 36.32 |
|        grass        | 46.68 |  70.3 |
|       cabinet       |  0.16 |  0.16 |
|       sidewalk      |  4.97 |  5.44 |
|        person       |  6.2  |  7.65 |
|        earth        |  4.79 |  5.76 |
|         door        |  0.0  |  0.0  |
|        table        |  0.75 |  0.77 |
|       mountain      |  13.1 | 27.56 |
|        plant        |  0.88 |  0.89 |
|       curtain       |  0.0  |  0.0  |
|        chair        |  0.81 |  0.87 |
|         car         |  15.5 | 20.17 |
|        water        |  0.0  |  0.0  |
|       painting      |  0.0  |  0.0  |
|         sofa        |  0.0  |  0.0  |
|        shelf        |  0.0  |  0.0  |
|        house        |  0.0  |  0.0  |
|         sea         |  9.0  | 10.77 |
|        mirror       |  0.0  |  0.0  |
|         rug         |  0.0  |  0.0  |
|        field        |  0.15 |  0.15 |
|       armchair      |  0.0  |  0.0  |
|         seat        |  0.0  |  0.0  |
|        fence        |  0.0  |  0.0  |
|         desk        |  0.0  |  0.0  |
|         rock        |  0.0  |  0.0  |
|       wardrobe      |  0.0  |  0.0  |
|         lamp        |  0.0  |  0.0  |
|       bathtub       |  0.0  |  0.0  |
|       railing       |  0.0  |  0.0  |
|       cushion       |  0.0  |  0.0  |
|         base        |  0.0  |  0.0  |
|         box         |  0.0  |  0.0  |
|        column       |  0.0  |  0.0  |
|      signboard      |  0.0  |  0.0  |
|   chest of drawers  |  0.0  |  0.0  |
|       counter       |  0.0  |  0.0  |
|         sand        |  0.0  |  0.0  |
|         sink        |  0.0  |  0.0  |
|      skyscraper     |  0.0  |  0.0  |
|      fireplace      |  0.0  |  0.0  |
|     refrigerator    |  0.0  |  0.0  |
|      grandstand     |  0.0  |  0.0  |
|         path        |  0.0  |  0.0  |
|        stairs       |  0.0  |  0.0  |
|        runway       |  0.0  |  0.0  |
|         case        |  0.0  |  0.0  |
|      pool table     |  0.0  |  0.0  |
|        pillow       |  0.0  |  0.0  |
|     screen door     |  0.0  |  0.0  |
|       stairway      |  0.0  |  0.0  |
|        river        |  0.0  |  0.0  |
|        bridge       |  0.0  |  0.0  |
|       bookcase      |  0.0  |  0.0  |
|        blind        |  0.0  |  0.0  |
|     coffee table    |  0.0  |  0.0  |
|        toilet       |  0.0  |  0.0  |
|        flower       |  0.0  |  0.0  |
|         book        |  0.0  |  0.0  |
|         hill        |  0.0  |  0.0  |
|        bench        |  0.0  |  0.0  |
|      countertop     |  0.0  |  0.0  |
|        stove        |  0.0  |  0.0  |
|         palm        |  0.0  |  0.0  |
|    kitchen island   |  0.0  |  0.0  |
|       computer      |  0.0  |  0.0  |
|     swivel chair    |  0.0  |  0.0  |
|         boat        |  0.0  |  0.0  |
|         bar         |  0.0  |  0.0  |
|    arcade machine   |  0.0  |  0.0  |
|        hovel        |  0.0  |  0.0  |
|         bus         |  0.0  |  0.0  |
|        towel        |  0.0  |  0.0  |
|        light        |  0.0  |  0.0  |
|        truck        |  0.0  |  0.0  |
|        tower        |  0.0  |  0.0  |
|      chandelier     |  0.0  |  0.0  |
|        awning       |  0.0  |  0.0  |
|     streetlight     |  0.0  |  0.0  |
|        booth        |  0.0  |  0.0  |
| television receiver |  0.0  |  0.0  |
|       airplane      |  0.0  |  0.0  |
|      dirt track     |  0.0  |  0.0  |
|       apparel       |  0.0  |  0.0  |
|         pole        |  0.0  |  0.0  |
|         land        |  0.0  |  0.0  |
|      bannister      |  0.0  |  0.0  |
|      escalator      |  0.0  |  0.0  |
|       ottoman       |  0.0  |  0.0  |
|        bottle       |  0.0  |  0.0  |
|        buffet       |  0.0  |  0.0  |
|        poster       |  0.0  |  0.0  |
|        stage        |  0.0  |  0.0  |
|         van         |  0.0  |  0.0  |
|         ship        |  0.0  |  0.0  |
|       fountain      |  0.0  |  0.0  |
|    conveyer belt    |  0.0  |  0.0  |
|        canopy       |  0.0  |  0.0  |
|        washer       |  0.0  |  0.0  |
|      plaything      |  0.0  |  0.0  |
|    swimming pool    |  0.0  |  0.0  |
|        stool        |  0.0  |  0.0  |
|        barrel       |  0.0  |  0.0  |
|        basket       |  0.0  |  0.0  |
|      waterfall      |  0.0  |  0.0  |
|         tent        |  0.0  |  0.0  |
|         bag         |  0.0  |  0.0  |
|       minibike      |  0.0  |  0.0  |
|        cradle       |  0.0  |  0.0  |
|         oven        |  0.0  |  0.0  |
|         ball        |  0.0  |  0.0  |
|         food        |  0.0  |  0.0  |
|         step        |  0.0  |  0.0  |
|         tank        |  0.0  |  0.0  |
|      trade name     |  0.0  |  0.0  |
|      microwave      |  0.0  |  0.0  |
|         pot         |  0.0  |  0.0  |
|        animal       |  0.0  |  0.0  |
|       bicycle       |  0.0  |  0.0  |
|         lake        |  0.0  |  0.0  |
|      dishwasher     |  0.0  |  0.0  |
|        screen       |  0.0  |  0.0  |
|       blanket       |  0.0  |  0.0  |
|      sculpture      |  0.0  |  0.0  |
|         hood        |  0.0  |  0.0  |
|        sconce       |  0.0  |  0.0  |
|         vase        |  0.0  |  0.0  |
|    traffic light    |  0.0  |  0.0  |
|         tray        |  0.0  |  0.0  |
|        ashcan       |  0.0  |  0.0  |
|         fan         |  0.0  |  0.0  |
|         pier        |  0.0  |  0.0  |
|      crt screen     |  0.0  |  0.0  |
|        plate        |  0.0  |  0.0  |
|       monitor       |  0.0  |  0.0  |
|    bulletin board   |  0.0  |  0.0  |
|        shower       |  0.0  |  0.0  |
|       radiator      |  0.0  |  0.0  |
|        glass        |  0.0  |  0.0  |
|        clock        |  0.0  |  0.0  |
|         flag        |  0.0  |  0.0  |
+---------------------+-------+-------+
2026/04/24 18:21:16 - mmengine - INFO - Iter(val) [2000/2000]    aAcc: 50.0200  mIoU: 3.1600  mAcc: 5.0800  data_time: 0.0015  time: 0.0606
2026/04/24 18:21:16 - mmengine - INFO - The previous best checkpoint /home/jlx_75/PVMamba_cifar10_base/segmentation/work_dirs/pvmamba_tiny_upernet_ade20k_base/best_mIoU_iter_6000.pth is removed
2026/04/24 18:21:17 - mmengine - INFO - The best checkpoint with 3.1600 mIoU at 8000 iter is saved to best_mIoU_iter_8000.pth.
