/home/jlx_75/miniconda3/envs/pvmamba/lib/python3.10/site-packages/requests/__init__.py:109: RequestsDependencyWarning: urllib3 (1.26.13) or chardet (7.2.0)/charset_normalizer (2.1.1) doesn't match a supported version!
  warnings.warn(
=> merge config from configs/pvmamba/base.yaml
=> merge config from configs/pvmamba/tiny_cifar100_10ep.yaml
RANK and WORLD_SIZE in environ: 0/1
[2026-03-25 01:40:09 tiny_cifar100_10ep](main.py 516): INFO Full config saved to ./output_cifar100_noema_10ep/tiny_cifar100_10ep/20260325014008/config.json
[2026-03-25 01:40:09 tiny_cifar100_10ep](main.py 520): INFO AMP_ENABLE: true
AMP_OPT_LEVEL: ''
AUG:
  AUTO_AUGMENT: rand-m9-mstd0.5-inc1
  COLOR_JITTER: 0.4
  CUTMIX: 1.0
  CUTMIX_MINMAX: null
  MIXUP: 0.8
  MIXUP_MODE: batch
  MIXUP_PROB: 1.0
  MIXUP_SWITCH_PROB: 0.5
  RECOUNT: 1
  REMODE: pixel
  REPROB: 0.25
BASE:
- base.yaml
DATA:
  BATCH_SIZE: 128
  CACHE_MODE: part
  DATASET: cifar100
  DATA_PATH: /home/jlx_75/datasets/cifar100
  IMG_SIZE: 32
  INTERPOLATION: bicubic
  MASK_PATCH_SIZE: 32
  MASK_RATIO: 0.6
  NUM_WORKERS: 8
  PERSISTENT_WORKERS: false
  PIN_MEMORY: true
  ZIP_MODE: false
ENABLE_AMP: false
EVAL_MODE: false
FUSED_LAYERNORM: false
MODEL:
  DDP: torch
  DROP_PATH_RATE: 0.2
  DROP_RATE: 0.0
  LABEL_SMOOTHING: 0.1
  MMCKPT: false
  NAME: tiny_cifar100_10ep
  NUM_CLASSES: 100
  PRETRAINED: ''
  PVMAMBA:
    DEPTHS:
    - 2
    - 4
    - 8
    - 4
    DT_INIT: random
    D_STATE: 64
    EMBED_DIM: 64
    IMAGE_SIZE: 224
    IN_CHANS: 3
    MLP_RATIO: 4.0
    NUM_HEADS:
    - 2
    - 4
    - 8
    - 16
    PATCH_SIZE: 4
    SPATIAL_FLAG:
    - []
    - []
    - - 0
      - 2
      - 2
      - 1
      - 2
      - 2
      - 1
      - 2
    - - 0
      - 2
      - 2
      - 1
    SSD_CHUNK_SIZE: 256
    SSD_EXPANSION: 2
    TOKEN_MIXER_TYPES:
    - LoDSA
    - LoDSA
    - SaDSA
    - attention
  RESUME: ''
  TYPE: pvmamba
OUTPUT: ./output_cifar100_noema_10ep/tiny_cifar100_10ep/20260325014008
PRINT_FREQ: 10
SAVE_FREQ: 1
SEED: 0
TAG: '20260325014008'
TEST:
  CROP: true
  SEQUENTIAL: false
  SHUFFLE: false
THROUGHPUT_MODE: false
TRAIN:
  ACCUMULATION_STEPS: 1
  AUTO_RESUME: false
  BASE_LR: 0.000125
  CLIP_GRAD: 5.0
  EPOCHS: 10
  LAYER_DECAY: 1.0
  LR_SCHEDULER:
    DECAY_EPOCHS: 30
    DECAY_RATE: 0.1
    GAMMA: 0.1
    MULTISTEPS: []
    NAME: cosine
    WARMUP_PREFIX: true
  MESA: 1.0
  MIN_LR: 1.25e-06
  MOE:
    SAVE_MASTER: false
  OPTIMIZER:
    BETAS:
    - 0.9
    - 0.999
    EPS: 1.0e-08
    MOMENTUM: 0.9
    NAME: adamw
  START_EPOCH: 0
  USE_CHECKPOINT: false
  WARMUP_EPOCHS: 1
  WARMUP_LR: 1.25e-07
  WEIGHT_DECAY: 0.05
TRAINCOST_MODE: false

[2026-03-25 01:40:09 tiny_cifar100_10ep](main.py 521): INFO {"cfg": "configs/pvmamba/tiny_cifar100_10ep.yaml", "opts": null, "batch_size": null, "data_path": "/home/jlx_75/datasets/cifar100", "zip": false, "cache_mode": "part", "pretrained": null, "resume": null, "accumulation_steps": null, "use_checkpoint": false, "disable_amp": false, "output": "./output_cifar100_noema_10ep", "tag": "20260325014008", "eval": false, "throughput": false, "fused_layernorm": false, "optim": null, "model_ema": false, "model_ema_decay": 0.9999, "model_ema_force_cpu": false, "memory_limit_rate": -1, "ddp": "torch", "enable_preload": false, "enable_persistance": false, "mesa": false, "mesa_value": 1.0, "mute_repeat": false}
rank 0 successfully build train dataset
rank 0 successfully build val dataset
[2026-03-25 01:40:10 tiny_cifar100_10ep](main.py 122): INFO Creating model:pvmamba/tiny_cifar100_10ep
[2026-03-25 01:40:10 tiny_cifar100_10ep](main.py 128): INFO PVMAMBA(
  (patch_embed): PatchEmbeding(
    (conv1): ConvLayer(
      (conv): Conv2d(3, 32, kernel_size=(3, 3), stride=(2, 2), padding=(1, 1), bias=False)
      (norm): BatchNorm2d(32, eps=1e-05, momentum=0.1, affine=True, track_running_stats=True)
      (act): ReLU()
    )
    (conv2): Sequential(
      (0): ConvLayer(
        (conv): Conv2d(32, 32, kernel_size=(3, 3), stride=(1, 1), padding=(1, 1), bias=False)
        (norm): BatchNorm2d(32, eps=1e-05, momentum=0.1, affine=True, track_running_stats=True)
        (act): ReLU()
      )
      (1): ConvLayer(
        (conv): Conv2d(32, 32, kernel_size=(3, 3), stride=(1, 1), padding=(1, 1), bias=False)
        (norm): BatchNorm2d(32, eps=1e-05, momentum=0.1, affine=True, track_running_stats=True)
      )
    )
    (conv3): Sequential(
      (0): ConvLayer(
        (conv): Conv2d(32, 256, kernel_size=(3, 3), stride=(2, 2), padding=(1, 1), bias=False)
        (norm): BatchNorm2d(256, eps=1e-05, momentum=0.1, affine=True, track_running_stats=True)
        (act): ReLU()
      )
      (1): ConvLayer(
        (conv): Conv2d(256, 64, kernel_size=(1, 1), stride=(1, 1), bias=False)
        (norm): BatchNorm2d(64, eps=1e-05, momentum=0.1, affine=True, track_running_stats=True)
      )
    )
  )
  (pos_drop): Dropout(p=0.0, inplace=False)
  (layers): ModuleList(
    (0): BasicLayer(
      dim=64, input_resolution=(56, 56), depth=2
      (blocks): ModuleList(
        (0): PVMAMBABlock(
          (cpe1): Conv2d(64, 64, kernel_size=(3, 3), stride=(1, 1), padding=(1, 1), groups=64)
          (norm1): LayerNorm((64,), eps=1e-05, elementwise_affine=True)
          (token_mixer): mamba_op(
            (in_proj): Linear(in_features=64, out_features=386, bias=False)
            (conv2d): Conv2d(256, 256, kernel_size=(3, 3), stride=(1, 1), padding=(1, 1), groups=256)
            (act): SiLU()
            (norm): LayerNorm((128,), eps=1e-05, elementwise_affine=True)
            (out_proj): Linear(in_features=128, out_features=64, bias=False)
            (pool): AvgPool2d(kernel_size=3, stride=1, padding=1)
          )
          (drop_path): Identity()
          (cpe2): Conv2d(64, 64, kernel_size=(3, 3), stride=(1, 1), padding=(1, 1), groups=64)
          (norm2): LayerNorm((64,), eps=1e-05, elementwise_affine=True)
          (mlp): Mlp(
            (fc1): Linear(in_features=64, out_features=256, bias=True)
            (act): GELU(approximate='none')
            (fc2): Linear(in_features=256, out_features=64, bias=True)
            (drop): Dropout(p=0.0, inplace=False)
          )
        )
        (1): PVMAMBABlock(
          (cpe1): Conv2d(64, 64, kernel_size=(3, 3), stride=(1, 1), padding=(1, 1), groups=64)
          (norm1): LayerNorm((64,), eps=1e-05, elementwise_affine=True)
          (token_mixer): mamba_op(
            (in_proj): Linear(in_features=64, out_features=386, bias=False)
            (conv2d): Conv2d(256, 256, kernel_size=(3, 3), stride=(1, 1), padding=(1, 1), groups=256)
            (act): SiLU()
            (norm): LayerNorm((128,), eps=1e-05, elementwise_affine=True)
            (out_proj): Linear(in_features=128, out_features=64, bias=False)
            (pool): AvgPool2d(kernel_size=3, stride=1, padding=1)
          )
          (drop_path): DropPath()
          (cpe2): Conv2d(64, 64, kernel_size=(3, 3), stride=(1, 1), padding=(1, 1), groups=64)
          (norm2): LayerNorm((64,), eps=1e-05, elementwise_affine=True)
          (mlp): Mlp(
            (fc1): Linear(in_features=64, out_features=256, bias=True)
            (act): GELU(approximate='none')
            (fc2): Linear(in_features=256, out_features=64, bias=True)
            (drop): Dropout(p=0.0, inplace=False)
          )
        )
      )
      (downsample): PatchMerging(
        (conv): Sequential(
          (0): ConvLayer(
            (conv): Conv2d(64, 512, kernel_size=(1, 1), stride=(1, 1))
            (act): ReLU()
          )
          (1): ConvLayer(
            (conv): Conv2d(512, 512, kernel_size=(3, 3), stride=(2, 2), padding=(1, 1), groups=512)
            (act): ReLU()
          )
          (2): ConvLayer(
            (conv): Conv2d(512, 128, kernel_size=(1, 1), stride=(1, 1))
            (norm): BatchNorm2d(128, eps=1e-05, momentum=0.1, affine=True, track_running_stats=True)
          )
        )
      )
    )
    (1): BasicLayer(
      dim=128, input_resolution=(28, 28), depth=4
      (blocks): ModuleList(
        (0-3): 4 x PVMAMBABlock(
          (cpe1): Conv2d(128, 128, kernel_size=(3, 3), stride=(1, 1), padding=(1, 1), groups=128)
          (norm1): LayerNorm((128,), eps=1e-05, elementwise_affine=True)
          (token_mixer): mamba_op(
            (in_proj): Linear(in_features=128, out_features=644, bias=False)
            (conv2d): Conv2d(384, 384, kernel_size=(3, 3), stride=(1, 1), padding=(1, 1), groups=384)
            (act): SiLU()
            (norm): LayerNorm((256,), eps=1e-05, elementwise_affine=True)
            (out_proj): Linear(in_features=256, out_features=128, bias=False)
            (pool): AvgPool2d(kernel_size=3, stride=1, padding=1)
          )
          (drop_path): DropPath()
          (cpe2): Conv2d(128, 128, kernel_size=(3, 3), stride=(1, 1), padding=(1, 1), groups=128)
          (norm2): LayerNorm((128,), eps=1e-05, elementwise_affine=True)
          (mlp): Mlp(
            (fc1): Linear(in_features=128, out_features=512, bias=True)
            (act): GELU(approximate='none')
            (fc2): Linear(in_features=512, out_features=128, bias=True)
            (drop): Dropout(p=0.0, inplace=False)
          )
        )
      )
      (downsample): PatchMerging(
        (conv): Sequential(
          (0): ConvLayer(
            (conv): Conv2d(128, 1024, kernel_size=(1, 1), stride=(1, 1))
            (act): ReLU()
          )
          (1): ConvLayer(
            (conv): Conv2d(1024, 1024, kernel_size=(3, 3), stride=(2, 2), padding=(1, 1), groups=1024)
            (act): ReLU()
          )
          (2): ConvLayer(
            (conv): Conv2d(1024, 256, kernel_size=(1, 1), stride=(1, 1))
            (norm): BatchNorm2d(256, eps=1e-05, momentum=0.1, affine=True, track_running_stats=True)
          )
        )
      )
    )
    (2): BasicLayer(
      dim=256, input_resolution=(14, 14), depth=8
      (blocks): ModuleList(
        (0): PVMAMBABlock(
          (cpe1): Conv2d(256, 256, kernel_size=(3, 3), stride=(1, 1), padding=(1, 1), groups=256)
          (norm1): LayerNorm((256,), eps=1e-05, elementwise_affine=True)
          (token_mixer): mamba_op(
            (in_proj): Linear(in_features=256, out_features=1160, bias=False)
            (conv2d): Conv2d(640, 640, kernel_size=(3, 3), stride=(1, 1), padding=(1, 1), groups=640)
            (act): SiLU()
            (norm): LayerNorm((512,), eps=1e-05, elementwise_affine=True)
            (out_proj): Linear(in_features=512, out_features=256, bias=False)
            (sa_op): spatial_adaptive_operator(
              (sampling_offsets): Linear(in_features=512, out_features=8, bias=True)
            )
          )
          (drop_path): DropPath()
          (cpe2): Conv2d(256, 256, kernel_size=(3, 3), stride=(1, 1), padding=(1, 1), groups=256)
          (norm2): LayerNorm((256,), eps=1e-05, elementwise_affine=True)
          (mlp): Mlp(
            (fc1): Linear(in_features=256, out_features=1024, bias=True)
            (act): GELU(approximate='none')
            (fc2): Linear(in_features=1024, out_features=256, bias=True)
            (drop): Dropout(p=0.0, inplace=False)
          )
        )
        (1-2): 2 x PVMAMBABlock(
          (cpe1): Conv2d(256, 256, kernel_size=(3, 3), stride=(1, 1), padding=(1, 1), groups=256)
          (norm1): LayerNorm((256,), eps=1e-05, elementwise_affine=True)
          (token_mixer): mamba_op(
            (in_proj): Linear(in_features=256, out_features=1160, bias=False)
            (conv2d): Conv2d(640, 640, kernel_size=(3, 3), stride=(1, 1), padding=(1, 1), groups=640)
            (act): SiLU()
            (norm): LayerNorm((512,), eps=1e-05, elementwise_affine=True)
            (out_proj): Linear(in_features=512, out_features=256, bias=False)
            (sa_op): spatial_adaptive_operator()
          )
          (drop_path): DropPath()
          (cpe2): Conv2d(256, 256, kernel_size=(3, 3), stride=(1, 1), padding=(1, 1), groups=256)
          (norm2): LayerNorm((256,), eps=1e-05, elementwise_affine=True)
          (mlp): Mlp(
            (fc1): Linear(in_features=256, out_features=1024, bias=True)
            (act): GELU(approximate='none')
            (fc2): Linear(in_features=1024, out_features=256, bias=True)
            (drop): Dropout(p=0.0, inplace=False)
          )
        )
        (3): PVMAMBABlock(
          (cpe1): Conv2d(256, 256, kernel_size=(3, 3), stride=(1, 1), padding=(1, 1), groups=256)
          (norm1): LayerNorm((256,), eps=1e-05, elementwise_affine=True)
          (token_mixer): mamba_op(
            (in_proj): Linear(in_features=256, out_features=1160, bias=False)
            (conv2d): Conv2d(640, 640, kernel_size=(3, 3), stride=(1, 1), padding=(1, 1), groups=640)
            (act): SiLU()
            (norm): LayerNorm((512,), eps=1e-05, elementwise_affine=True)
            (out_proj): Linear(in_features=512, out_features=256, bias=False)
            (sa_op): spatial_adaptive_operator(
              (sampling_offsets): Linear(in_features=512, out_features=8, bias=True)
            )
          )
          (drop_path): DropPath()
          (cpe2): Conv2d(256, 256, kernel_size=(3, 3), stride=(1, 1), padding=(1, 1), groups=256)
          (norm2): LayerNorm((256,), eps=1e-05, elementwise_affine=True)
          (mlp): Mlp(
            (fc1): Linear(in_features=256, out_features=1024, bias=True)
            (act): GELU(approximate='none')
            (fc2): Linear(in_features=1024, out_features=256, bias=True)
            (drop): Dropout(p=0.0, inplace=False)
          )
        )
        (4-5): 2 x PVMAMBABlock(
          (cpe1): Conv2d(256, 256, kernel_size=(3, 3), stride=(1, 1), padding=(1, 1), groups=256)
          (norm1): LayerNorm((256,), eps=1e-05, elementwise_affine=True)
          (token_mixer): mamba_op(
            (in_proj): Linear(in_features=256, out_features=1160, bias=False)
            (conv2d): Conv2d(640, 640, kernel_size=(3, 3), stride=(1, 1), padding=(1, 1), groups=640)
            (act): SiLU()
            (norm): LayerNorm((512,), eps=1e-05, elementwise_affine=True)
            (out_proj): Linear(in_features=512, out_features=256, bias=False)
            (sa_op): spatial_adaptive_operator()
          )
          (drop_path): DropPath()
          (cpe2): Conv2d(256, 256, kernel_size=(3, 3), stride=(1, 1), padding=(1, 1), groups=256)
          (norm2): LayerNorm((256,), eps=1e-05, elementwise_affine=True)
          (mlp): Mlp(
            (fc1): Linear(in_features=256, out_features=1024, bias=True)
            (act): GELU(approximate='none')
            (fc2): Linear(in_features=1024, out_features=256, bias=True)
            (drop): Dropout(p=0.0, inplace=False)
          )
        )
        (6): PVMAMBABlock(
          (cpe1): Conv2d(256, 256, kernel_size=(3, 3), stride=(1, 1), padding=(1, 1), groups=256)
          (norm1): LayerNorm((256,), eps=1e-05, elementwise_affine=True)
          (token_mixer): mamba_op(
            (in_proj): Linear(in_features=256, out_features=1160, bias=False)
            (conv2d): Conv2d(640, 640, kernel_size=(3, 3), stride=(1, 1), padding=(1, 1), groups=640)
            (act): SiLU()
            (norm): LayerNorm((512,), eps=1e-05, elementwise_affine=True)
            (out_proj): Linear(in_features=512, out_features=256, bias=False)
            (sa_op): spatial_adaptive_operator(
              (sampling_offsets): Linear(in_features=512, out_features=8, bias=True)
            )
          )
          (drop_path): DropPath()
          (cpe2): Conv2d(256, 256, kernel_size=(3, 3), stride=(1, 1), padding=(1, 1), groups=256)
          (norm2): LayerNorm((256,), eps=1e-05, elementwise_affine=True)
          (mlp): Mlp(
            (fc1): Linear(in_features=256, out_features=1024, bias=True)
            (act): GELU(approximate='none')
            (fc2): Linear(in_features=1024, out_features=256, bias=True)
            (drop): Dropout(p=0.0, inplace=False)
          )
        )
        (7): PVMAMBABlock(
          (cpe1): Conv2d(256, 256, kernel_size=(3, 3), stride=(1, 1), padding=(1, 1), groups=256)
          (norm1): LayerNorm((256,), eps=1e-05, elementwise_affine=True)
          (token_mixer): mamba_op(
            (in_proj): Linear(in_features=256, out_features=1160, bias=False)
            (conv2d): Conv2d(640, 640, kernel_size=(3, 3), stride=(1, 1), padding=(1, 1), groups=640)
            (act): SiLU()
            (norm): LayerNorm((512,), eps=1e-05, elementwise_affine=True)
            (out_proj): Linear(in_features=512, out_features=256, bias=False)
            (sa_op): spatial_adaptive_operator()
          )
          (drop_path): DropPath()
          (cpe2): Conv2d(256, 256, kernel_size=(3, 3), stride=(1, 1), padding=(1, 1), groups=256)
          (norm2): LayerNorm((256,), eps=1e-05, elementwise_affine=True)
          (mlp): Mlp(
            (fc1): Linear(in_features=256, out_features=1024, bias=True)
            (act): GELU(approximate='none')
            (fc2): Linear(in_features=1024, out_features=256, bias=True)
            (drop): Dropout(p=0.0, inplace=False)
          )
        )
      )
      (downsample): PatchMerging(
        (conv): Sequential(
          (0): ConvLayer(
            (conv): Conv2d(256, 2048, kernel_size=(1, 1), stride=(1, 1))
            (act): ReLU()
          )
          (1): ConvLayer(
            (conv): Conv2d(2048, 2048, kernel_size=(3, 3), stride=(2, 2), padding=(1, 1), groups=2048)
            (act): ReLU()
          )
          (2): ConvLayer(
            (conv): Conv2d(2048, 512, kernel_size=(1, 1), stride=(1, 1))
            (norm): BatchNorm2d(512, eps=1e-05, momentum=0.1, affine=True, track_running_stats=True)
          )
        )
      )
    )
    (3): BasicLayer(
      dim=512, input_resolution=(7, 7), depth=4
      (blocks): ModuleList(
        (0-3): 4 x PVMAMBABlock(
          (cpe1): Conv2d(512, 512, kernel_size=(3, 3), stride=(1, 1), padding=(1, 1), groups=512)
          (norm1): LayerNorm((512,), eps=1e-05, elementwise_affine=True)
          (token_mixer): Attention(
            (to_qkv): Linear(in_features=512, out_features=1536, bias=False)
            (to_out): Linear(in_features=512, out_features=512, bias=True)
            (dropout): Dropout(p=0.0, inplace=False)
          )
          (drop_path): DropPath()
          (cpe2): Conv2d(512, 512, kernel_size=(3, 3), stride=(1, 1), padding=(1, 1), groups=512)
          (norm2): LayerNorm((512,), eps=1e-05, elementwise_affine=True)
          (mlp): Mlp(
            (fc1): Linear(in_features=512, out_features=2048, bias=True)
            (act): GELU(approximate='none')
            (fc2): Linear(in_features=2048, out_features=512, bias=True)
            (drop): Dropout(p=0.0, inplace=False)
          )
        )
      )
    )
  )
  (norm): LayerNorm((512,), eps=1e-05, elementwise_affine=True)
  (avgpool): AdaptiveAvgPool1d(output_size=1)
  (head): Linear(in_features=512, out_features=100, bias=True)
)
[2026-03-25 01:40:10 tiny_cifar100_10ep](main.py 130): INFO number of params: 23826628
/home/jlx_75/miniconda3/envs/pvmamba/lib/python3.10/site-packages/torch/functional.py:504: UserWarning: torch.meshgrid: in an upcoming release, it will be required to pass the indexing argument. (Triggered internally at ../aten/src/ATen/native/TensorShape.cpp:3526.)
  return _VF.meshgrid(tensors, **kwargs)  # type: ignore[attr-defined]
Unsupported operator aten::add encountered 104 time(s)
Unsupported operator aten::softplus encountered 14 time(s)
Unsupported operator aten::mul encountered 93 time(s)
Unsupported operator aten::alias encountered 1299 time(s)
Unsupported operator aten::repeat encountered 28 time(s)
Unsupported operator aten::avg_pool2d encountered 6 time(s)
Unsupported operator aten::gelu encountered 18 time(s)
Unsupported operator aten::sub encountered 18 time(s)
Unsupported operator aten::linspace encountered 2 time(s)
Unsupported operator aten::meshgrid encountered 1 time(s)
Unsupported operator aten::div encountered 5 time(s)
Unsupported operator aten::mean encountered 8 time(s)
Unsupported operator aten::softmax encountered 4 time(s)
Unsupported operator aten::adaptive_avg_pool1d encountered 1 time(s)
The following submodules of the model were never called during the trace of the graph. They may be unused, or they were accessed by direct calls to .forward() or via other python methods. In the latter case they will have zeros for statistics, though their statistics will still contribute to their parent calling module.
layers.0.blocks.1.drop_path, layers.1.blocks.0.drop_path, layers.1.blocks.1.drop_path, layers.1.blocks.2.drop_path, layers.1.blocks.3.drop_path, layers.2.blocks.0.drop_path, layers.2.blocks.1.drop_path, layers.2.blocks.2.drop_path, layers.2.blocks.3.drop_path, layers.2.blocks.4.drop_path, layers.2.blocks.5.drop_path, layers.2.blocks.6.drop_path, layers.2.blocks.7.drop_path, layers.3.blocks.0.drop_path, layers.3.blocks.1.drop_path, layers.3.blocks.2.drop_path, layers.3.blocks.3.drop_path
[2026-03-25 01:40:11 tiny_cifar100_10ep](main.py 132): INFO number of GFLOPs: 4.503022560000001
[2026-03-25 01:40:11 tiny_cifar100_10ep](optimizer.py 18): INFO ==============> building optimizer adamw....................
[2026-03-25 01:40:11 tiny_cifar100_10ep](optimizer.py 27): INFO No weight decay list: ['patch_embed.conv1.norm.weight', 'patch_embed.conv1.norm.bias', 'patch_embed.conv2.0.norm.weight', 'patch_embed.conv2.0.norm.bias', 'patch_embed.conv2.1.norm.weight', 'patch_embed.conv2.1.norm.bias', 'patch_embed.conv3.0.norm.weight', 'patch_embed.conv3.0.norm.bias', 'patch_embed.conv3.1.norm.weight', 'patch_embed.conv3.1.norm.bias', 'layers.0.blocks.0.cpe1.bias', 'layers.0.blocks.0.norm1.weight', 'layers.0.blocks.0.norm1.bias', 'layers.0.blocks.0.token_mixer.dt_bias', 'layers.0.blocks.0.token_mixer.A_log', 'layers.0.blocks.0.token_mixer.D', 'layers.0.blocks.0.token_mixer.conv2d.bias', 'layers.0.blocks.0.token_mixer.norm.weight', 'layers.0.blocks.0.token_mixer.norm.bias', 'layers.0.blocks.0.cpe2.bias', 'layers.0.blocks.0.norm2.weight', 'layers.0.blocks.0.norm2.bias', 'layers.0.blocks.0.mlp.fc1.bias', 'layers.0.blocks.0.mlp.fc2.bias', 'layers.0.blocks.1.cpe1.bias', 'layers.0.blocks.1.norm1.weight', 'layers.0.blocks.1.norm1.bias', 'layers.0.blocks.1.token_mixer.dt_bias', 'layers.0.blocks.1.token_mixer.A_log', 'layers.0.blocks.1.token_mixer.D', 'layers.0.blocks.1.token_mixer.conv2d.bias', 'layers.0.blocks.1.token_mixer.norm.weight', 'layers.0.blocks.1.token_mixer.norm.bias', 'layers.0.blocks.1.cpe2.bias', 'layers.0.blocks.1.norm2.weight', 'layers.0.blocks.1.norm2.bias', 'layers.0.blocks.1.mlp.fc1.bias', 'layers.0.blocks.1.mlp.fc2.bias', 'layers.0.downsample.conv.0.conv.bias', 'layers.0.downsample.conv.1.conv.bias', 'layers.0.downsample.conv.2.conv.bias', 'layers.0.downsample.conv.2.norm.weight', 'layers.0.downsample.conv.2.norm.bias', 'layers.1.blocks.0.cpe1.bias', 'layers.1.blocks.0.norm1.weight', 'layers.1.blocks.0.norm1.bias', 'layers.1.blocks.0.token_mixer.dt_bias', 'layers.1.blocks.0.token_mixer.A_log', 'layers.1.blocks.0.token_mixer.D', 'layers.1.blocks.0.token_mixer.conv2d.bias', 'layers.1.blocks.0.token_mixer.norm.weight', 'layers.1.blocks.0.token_mixer.norm.bias', 'layers.1.blocks.0.cpe2.bias', 'layers.1.blocks.0.norm2.weight', 'layers.1.blocks.0.norm2.bias', 'layers.1.blocks.0.mlp.fc1.bias', 'layers.1.blocks.0.mlp.fc2.bias', 'layers.1.blocks.1.cpe1.bias', 'layers.1.blocks.1.norm1.weight', 'layers.1.blocks.1.norm1.bias', 'layers.1.blocks.1.token_mixer.dt_bias', 'layers.1.blocks.1.token_mixer.A_log', 'layers.1.blocks.1.token_mixer.D', 'layers.1.blocks.1.token_mixer.conv2d.bias', 'layers.1.blocks.1.token_mixer.norm.weight', 'layers.1.blocks.1.token_mixer.norm.bias', 'layers.1.blocks.1.cpe2.bias', 'layers.1.blocks.1.norm2.weight', 'layers.1.blocks.1.norm2.bias', 'layers.1.blocks.1.mlp.fc1.bias', 'layers.1.blocks.1.mlp.fc2.bias', 'layers.1.blocks.2.cpe1.bias', 'layers.1.blocks.2.norm1.weight', 'layers.1.blocks.2.norm1.bias', 'layers.1.blocks.2.token_mixer.dt_bias', 'layers.1.blocks.2.token_mixer.A_log', 'layers.1.blocks.2.token_mixer.D', 'layers.1.blocks.2.token_mixer.conv2d.bias', 'layers.1.blocks.2.token_mixer.norm.weight', 'layers.1.blocks.2.token_mixer.norm.bias', 'layers.1.blocks.2.cpe2.bias', 'layers.1.blocks.2.norm2.weight', 'layers.1.blocks.2.norm2.bias', 'layers.1.blocks.2.mlp.fc1.bias', 'layers.1.blocks.2.mlp.fc2.bias', 'layers.1.blocks.3.cpe1.bias', 'layers.1.blocks.3.norm1.weight', 'layers.1.blocks.3.norm1.bias', 'layers.1.blocks.3.token_mixer.dt_bias', 'layers.1.blocks.3.token_mixer.A_log', 'layers.1.blocks.3.token_mixer.D', 'layers.1.blocks.3.token_mixer.conv2d.bias', 'layers.1.blocks.3.token_mixer.norm.weight', 'layers.1.blocks.3.token_mixer.norm.bias', 'layers.1.blocks.3.cpe2.bias', 'layers.1.blocks.3.norm2.weight', 'layers.1.blocks.3.norm2.bias', 'layers.1.blocks.3.mlp.fc1.bias', 'layers.1.blocks.3.mlp.fc2.bias', 'layers.1.downsample.conv.0.conv.bias', 'layers.1.downsample.conv.1.conv.bias', 'layers.1.downsample.conv.2.conv.bias', 'layers.1.downsample.conv.2.norm.weight', 'layers.1.downsample.conv.2.norm.bias', 'layers.2.blocks.0.cpe1.bias', 'layers.2.blocks.0.norm1.weight', 'layers.2.blocks.0.norm1.bias', 'layers.2.blocks.0.token_mixer.dt_bias', 'layers.2.blocks.0.token_mixer.A_log', 'layers.2.blocks.0.token_mixer.D', 'layers.2.blocks.0.token_mixer.conv2d.bias', 'layers.2.blocks.0.token_mixer.norm.weight', 'layers.2.blocks.0.token_mixer.norm.bias', 'layers.2.blocks.0.token_mixer.sa_op.sampling_offsets.bias', 'layers.2.blocks.0.cpe2.bias', 'layers.2.blocks.0.norm2.weight', 'layers.2.blocks.0.norm2.bias', 'layers.2.blocks.0.mlp.fc1.bias', 'layers.2.blocks.0.mlp.fc2.bias', 'layers.2.blocks.1.cpe1.bias', 'layers.2.blocks.1.norm1.weight', 'layers.2.blocks.1.norm1.bias', 'layers.2.blocks.1.token_mixer.dt_bias', 'layers.2.blocks.1.token_mixer.A_log', 'layers.2.blocks.1.token_mixer.D', 'layers.2.blocks.1.token_mixer.conv2d.bias', 'layers.2.blocks.1.token_mixer.norm.weight', 'layers.2.blocks.1.token_mixer.norm.bias', 'layers.2.blocks.1.cpe2.bias', 'layers.2.blocks.1.norm2.weight', 'layers.2.blocks.1.norm2.bias', 'layers.2.blocks.1.mlp.fc1.bias', 'layers.2.blocks.1.mlp.fc2.bias', 'layers.2.blocks.2.cpe1.bias', 'layers.2.blocks.2.norm1.weight', 'layers.2.blocks.2.norm1.bias', 'layers.2.blocks.2.token_mixer.dt_bias', 'layers.2.blocks.2.token_mixer.A_log', 'layers.2.blocks.2.token_mixer.D', 'layers.2.blocks.2.token_mixer.conv2d.bias', 'layers.2.blocks.2.token_mixer.norm.weight', 'layers.2.blocks.2.token_mixer.norm.bias', 'layers.2.blocks.2.cpe2.bias', 'layers.2.blocks.2.norm2.weight', 'layers.2.blocks.2.norm2.bias', 'layers.2.blocks.2.mlp.fc1.bias', 'layers.2.blocks.2.mlp.fc2.bias', 'layers.2.blocks.3.cpe1.bias', 'layers.2.blocks.3.norm1.weight', 'layers.2.blocks.3.norm1.bias', 'layers.2.blocks.3.token_mixer.dt_bias', 'layers.2.blocks.3.token_mixer.A_log', 'layers.2.blocks.3.token_mixer.D', 'layers.2.blocks.3.token_mixer.conv2d.bias', 'layers.2.blocks.3.token_mixer.norm.weight', 'layers.2.blocks.3.token_mixer.norm.bias', 'layers.2.blocks.3.token_mixer.sa_op.sampling_offsets.bias', 'layers.2.blocks.3.cpe2.bias', 'layers.2.blocks.3.norm2.weight', 'layers.2.blocks.3.norm2.bias', 'layers.2.blocks.3.mlp.fc1.bias', 'layers.2.blocks.3.mlp.fc2.bias', 'layers.2.blocks.4.cpe1.bias', 'layers.2.blocks.4.norm1.weight', 'layers.2.blocks.4.norm1.bias', 'layers.2.blocks.4.token_mixer.dt_bias', 'layers.2.blocks.4.token_mixer.A_log', 'layers.2.blocks.4.token_mixer.D', 'layers.2.blocks.4.token_mixer.conv2d.bias', 'layers.2.blocks.4.token_mixer.norm.weight', 'layers.2.blocks.4.token_mixer.norm.bias', 'layers.2.blocks.4.cpe2.bias', 'layers.2.blocks.4.norm2.weight', 'layers.2.blocks.4.norm2.bias', 'layers.2.blocks.4.mlp.fc1.bias', 'layers.2.blocks.4.mlp.fc2.bias', 'layers.2.blocks.5.cpe1.bias', 'layers.2.blocks.5.norm1.weight', 'layers.2.blocks.5.norm1.bias', 'layers.2.blocks.5.token_mixer.dt_bias', 'layers.2.blocks.5.token_mixer.A_log', 'layers.2.blocks.5.token_mixer.D', 'layers.2.blocks.5.token_mixer.conv2d.bias', 'layers.2.blocks.5.token_mixer.norm.weight', 'layers.2.blocks.5.token_mixer.norm.bias', 'layers.2.blocks.5.cpe2.bias', 'layers.2.blocks.5.norm2.weight', 'layers.2.blocks.5.norm2.bias', 'layers.2.blocks.5.mlp.fc1.bias', 'layers.2.blocks.5.mlp.fc2.bias', 'layers.2.blocks.6.cpe1.bias', 'layers.2.blocks.6.norm1.weight', 'layers.2.blocks.6.norm1.bias', 'layers.2.blocks.6.token_mixer.dt_bias', 'layers.2.blocks.6.token_mixer.A_log', 'layers.2.blocks.6.token_mixer.D', 'layers.2.blocks.6.token_mixer.conv2d.bias', 'layers.2.blocks.6.token_mixer.norm.weight', 'layers.2.blocks.6.token_mixer.norm.bias', 'layers.2.blocks.6.token_mixer.sa_op.sampling_offsets.bias', 'layers.2.blocks.6.cpe2.bias', 'layers.2.blocks.6.norm2.weight', 'layers.2.blocks.6.norm2.bias', 'layers.2.blocks.6.mlp.fc1.bias', 'layers.2.blocks.6.mlp.fc2.bias', 'layers.2.blocks.7.cpe1.bias', 'layers.2.blocks.7.norm1.weight', 'layers.2.blocks.7.norm1.bias', 'layers.2.blocks.7.token_mixer.dt_bias', 'layers.2.blocks.7.token_mixer.A_log', 'layers.2.blocks.7.token_mixer.D', 'layers.2.blocks.7.token_mixer.conv2d.bias', 'layers.2.blocks.7.token_mixer.norm.weight', 'layers.2.blocks.7.token_mixer.norm.bias', 'layers.2.blocks.7.cpe2.bias', 'layers.2.blocks.7.norm2.weight', 'layers.2.blocks.7.norm2.bias', 'layers.2.blocks.7.mlp.fc1.bias', 'layers.2.blocks.7.mlp.fc2.bias', 'layers.2.downsample.conv.0.conv.bias', 'layers.2.downsample.conv.1.conv.bias', 'layers.2.downsample.conv.2.conv.bias', 'layers.2.downsample.conv.2.norm.weight', 'layers.2.downsample.conv.2.norm.bias', 'layers.3.blocks.0.cpe1.bias', 'layers.3.blocks.0.norm1.weight', 'layers.3.blocks.0.norm1.bias', 'layers.3.blocks.0.token_mixer.to_out.bias', 'layers.3.blocks.0.cpe2.bias', 'layers.3.blocks.0.norm2.weight', 'layers.3.blocks.0.norm2.bias', 'layers.3.blocks.0.mlp.fc1.bias', 'layers.3.blocks.0.mlp.fc2.bias', 'layers.3.blocks.1.cpe1.bias', 'layers.3.blocks.1.norm1.weight', 'layers.3.blocks.1.norm1.bias', 'layers.3.blocks.1.token_mixer.to_out.bias', 'layers.3.blocks.1.cpe2.bias', 'layers.3.blocks.1.norm2.weight', 'layers.3.blocks.1.norm2.bias', 'layers.3.blocks.1.mlp.fc1.bias', 'layers.3.blocks.1.mlp.fc2.bias', 'layers.3.blocks.2.cpe1.bias', 'layers.3.blocks.2.norm1.weight', 'layers.3.blocks.2.norm1.bias', 'layers.3.blocks.2.token_mixer.to_out.bias', 'layers.3.blocks.2.cpe2.bias', 'layers.3.blocks.2.norm2.weight', 'layers.3.blocks.2.norm2.bias', 'layers.3.blocks.2.mlp.fc1.bias', 'layers.3.blocks.2.mlp.fc2.bias', 'layers.3.blocks.3.cpe1.bias', 'layers.3.blocks.3.norm1.weight', 'layers.3.blocks.3.norm1.bias', 'layers.3.blocks.3.token_mixer.to_out.bias', 'layers.3.blocks.3.cpe2.bias', 'layers.3.blocks.3.norm2.weight', 'layers.3.blocks.3.norm2.bias', 'layers.3.blocks.3.mlp.fc1.bias', 'layers.3.blocks.3.mlp.fc2.bias', 'norm.weight', 'norm.bias', 'head.bias']
[2026-03-25 01:40:11 tiny_cifar100_10ep](main.py 217): INFO Start training
/home/jlx_75/miniconda3/envs/pvmamba/lib/python3.10/site-packages/requests/__init__.py:109: RequestsDependencyWarning: urllib3 (1.26.13) or chardet (7.2.0)/charset_normalizer (2.1.1) doesn't match a supported version!
  warnings.warn(
/home/jlx_75/miniconda3/envs/pvmamba/lib/python3.10/site-packages/requests/__init__.py:109: RequestsDependencyWarning: urllib3 (1.26.13) or chardet (7.2.0)/charset_normalizer (2.1.1) doesn't match a supported version!
  warnings.warn(
/home/jlx_75/miniconda3/envs/pvmamba/lib/python3.10/site-packages/requests/__init__.py:109: RequestsDependencyWarning: urllib3 (1.26.13) or chardet (7.2.0)/charset_normalizer (2.1.1) doesn't match a supported version!
  warnings.warn(
/home/jlx_75/miniconda3/envs/pvmamba/lib/python3.10/site-packages/requests/__init__.py:109: RequestsDependencyWarning: urllib3 (1.26.13) or chardet (7.2.0)/charset_normalizer (2.1.1) doesn't match a supported version!
  warnings.warn(
/home/jlx_75/miniconda3/envs/pvmamba/lib/python3.10/site-packages/requests/__init__.py:109: RequestsDependencyWarning: urllib3 (1.26.13) or chardet (7.2.0)/charset_normalizer (2.1.1) doesn't match a supported version!
  warnings.warn(
/home/jlx_75/miniconda3/envs/pvmamba/lib/python3.10/site-packages/requests/__init__.py:109: RequestsDependencyWarning: urllib3 (1.26.13) or chardet (7.2.0)/charset_normalizer (2.1.1) doesn't match a supported version!
  warnings.warn(
/home/jlx_75/miniconda3/envs/pvmamba/lib/python3.10/site-packages/requests/__init__.py:109: RequestsDependencyWarning: urllib3 (1.26.13) or chardet (7.2.0)/charset_normalizer (2.1.1) doesn't match a supported version!
  warnings.warn(
/home/jlx_75/miniconda3/envs/pvmamba/lib/python3.10/site-packages/requests/__init__.py:109: RequestsDependencyWarning: urllib3 (1.26.13) or chardet (7.2.0)/charset_normalizer (2.1.1) doesn't match a supported version!
  warnings.warn(
/home/jlx_75/miniconda3/envs/pvmamba/lib/python3.10/site-packages/torch/autograd/__init__.py:251: UserWarning: Grad strides do not match bucket view strides. This may indicate grad was not created according to the gradient layout contract, or that the param's strides changed since DDP was constructed.  This is not an error, but may impair performance.
grad.sizes() = [512, 1, 3, 3], strides() = [9, 1, 3, 1]
bucket_view.sizes() = [512, 1, 3, 3], strides() = [9, 9, 3, 1] (Triggered internally at ../torch/csrc/distributed/c10d/reducer.cpp:320.)
  Variable._execution_engine.run_backward(  # Calls into the C++ engine to run the backward pass
[2026-03-25 01:40:33 tiny_cifar100_10ep](main.py 348): INFO Train: [0/10][0/390]	eta 2:19:57 lr 0.000000	 wd 0.0500	time 21.5330 (21.5330)	data time 20.5974 (20.5974)	model time 0.0000 (0.0000)	loss 4.7621 (4.7621)	grad_norm 6.7947 (6.7947)	loss_scale 65536.0000 (65536.0000)	mem 1536MB
[2026-03-25 01:40:34 tiny_cifar100_10ep](main.py 348): INFO Train: [0/10][10/390]	eta 0:12:57 lr 0.000003	 wd 0.0500	time 0.1000 (2.0456)	data time 0.0006 (1.8731)	model time 0.0000 (0.0000)	loss 4.7445 (4.7152)	grad_norm 7.0389 (6.3487)	loss_scale 65536.0000 (65536.0000)	mem 1082MB
[2026-03-25 01:40:35 tiny_cifar100_10ep](main.py 348): INFO Train: [0/10][20/390]	eta 0:06:54 lr 0.000007	 wd 0.0500	time 0.1016 (1.1197)	data time 0.0006 (0.9814)	model time 0.0000 (0.0000)	loss 4.7070 (4.7120)	grad_norm 5.9881 (6.1806)	loss_scale 65536.0000 (65536.0000)	mem 1082MB
[2026-03-25 01:40:36 tiny_cifar100_10ep](main.py 348): INFO Train: [0/10][30/390]	eta 0:04:45 lr 0.000010	 wd 0.0500	time 0.1077 (0.7930)	data time 0.0007 (0.6650)	model time 0.0000 (0.0000)	loss 4.7113 (4.7115)	grad_norm 5.6001 (6.1914)	loss_scale 65536.0000 (65536.0000)	mem 1082MB
[2026-03-25 01:40:37 tiny_cifar100_10ep](main.py 348): INFO Train: [0/10][40/390]	eta 0:03:39 lr 0.000013	 wd 0.0500	time 0.1139 (0.6268)	data time 0.0008 (0.5030)	model time 0.0000 (0.0000)	loss 4.6142 (4.7004)	grad_norm 6.6045 (6.1575)	loss_scale 65536.0000 (65536.0000)	mem 1082MB
[2026-03-25 01:40:38 tiny_cifar100_10ep](main.py 348): INFO Train: [0/10][50/390]	eta 0:02:58 lr 0.000016	 wd 0.0500	time 0.1099 (0.5255)	data time 0.0005 (0.4045)	model time 0.0000 (0.0000)	loss 4.6749 (4.6938)	grad_norm 5.6026 (6.0788)	loss_scale 65536.0000 (65536.0000)	mem 1082MB
[2026-03-25 01:40:39 tiny_cifar100_10ep](main.py 348): INFO Train: [0/10][60/390]	eta 0:02:31 lr 0.000019	 wd 0.0500	time 0.1121 (0.4587)	data time 0.0007 (0.3383)	model time 0.1114 (0.1170)	loss 4.6046 (4.6848)	grad_norm 6.2810 (6.0918)	loss_scale 65536.0000 (65536.0000)	mem 1082MB
[2026-03-25 01:40:41 tiny_cifar100_10ep](main.py 348): INFO Train: [0/10][70/390]	eta 0:02:11 lr 0.000023	 wd 0.0500	time 0.1287 (0.4111)	data time 0.0009 (0.2908)	model time 0.1278 (0.1186)	loss 4.6724 (4.6773)	grad_norm 5.6748 (6.1051)	loss_scale 65536.0000 (65536.0000)	mem 1082MB
[2026-03-25 01:40:42 tiny_cifar100_10ep](main.py 348): INFO Train: [0/10][80/390]	eta 0:01:56 lr 0.000026	 wd 0.0500	time 0.1278 (0.3761)	data time 0.0008 (0.2550)	model time 0.1269 (0.1212)	loss 4.6499 (4.6704)	grad_norm 5.2082 (6.0413)	loss_scale 65536.0000 (65536.0000)	mem 1082MB
[2026-03-25 01:40:43 tiny_cifar100_10ep](main.py 348): INFO Train: [0/10][90/390]	eta 0:01:44 lr 0.000029	 wd 0.0500	time 0.1032 (0.3472)	data time 0.0007 (0.2270)	model time 0.1025 (0.1191)	loss 4.5035 (4.6589)	grad_norm 6.6764 (5.9984)	loss_scale 65536.0000 (65536.0000)	mem 1082MB
[2026-03-25 01:40:44 tiny_cifar100_10ep](main.py 348): INFO Train: [0/10][100/390]	eta 0:01:34 lr 0.000032	 wd 0.0500	time 0.1121 (0.3243)	data time 0.0006 (0.2046)	model time 0.1115 (0.1183)	loss 4.4887 (4.6500)	grad_norm 5.3949 (5.9256)	loss_scale 65536.0000 (65536.0000)	mem 1082MB
[2026-03-25 01:40:45 tiny_cifar100_10ep](main.py 348): INFO Train: [0/10][110/390]	eta 0:01:25 lr 0.000035	 wd 0.0500	time 0.1264 (0.3054)	data time 0.0006 (0.1863)	model time 0.1258 (0.1175)	loss 4.4352 (4.6395)	grad_norm 5.1559 (5.8771)	loss_scale 65536.0000 (65536.0000)	mem 1082MB
[2026-03-25 01:40:46 tiny_cifar100_10ep](main.py 348): INFO Train: [0/10][120/390]	eta 0:01:18 lr 0.000039	 wd 0.0500	time 0.1120 (0.2895)	data time 0.0006 (0.1709)	model time 0.1114 (0.1168)	loss 4.5337 (4.6286)	grad_norm 4.3663 (5.8012)	loss_scale 65536.0000 (65536.0000)	mem 1082MB
[2026-03-25 01:40:48 tiny_cifar100_10ep](main.py 348): INFO Train: [0/10][130/390]	eta 0:01:11 lr 0.000042	 wd 0.0500	time 0.1134 (0.2762)	data time 0.0007 (0.1579)	model time 0.1127 (0.1165)	loss 4.5225 (4.6175)	grad_norm 4.3357 (5.7280)	loss_scale 65536.0000 (65536.0000)	mem 1082MB
[2026-03-25 01:40:49 tiny_cifar100_10ep](main.py 348): INFO Train: [0/10][140/390]	eta 0:01:06 lr 0.000045	 wd 0.0500	time 0.1170 (0.2647)	data time 0.0006 (0.1468)	model time 0.1164 (0.1162)	loss 4.4739 (4.6057)	grad_norm 4.5246 (5.6554)	loss_scale 65536.0000 (65536.0000)	mem 1082MB
[2026-03-25 01:40:50 tiny_cifar100_10ep](main.py 348): INFO Train: [0/10][150/390]	eta 0:01:01 lr 0.000048	 wd 0.0500	time 0.1186 (0.2548)	data time 0.0007 (0.1371)	model time 0.1179 (0.1160)	loss 4.4799 (4.5966)	grad_norm 3.7726 (5.5672)	loss_scale 65536.0000 (65536.0000)	mem 1082MB
[2026-03-25 01:40:51 tiny_cifar100_10ep](main.py 348): INFO Train: [0/10][160/390]	eta 0:00:56 lr 0.000051	 wd 0.0500	time 0.1123 (0.2461)	data time 0.0007 (0.1286)	model time 0.1116 (0.1158)	loss 4.4364 (4.5857)	grad_norm 4.1564 (5.4932)	loss_scale 65536.0000 (65536.0000)	mem 1082MB
[2026-03-25 01:40:52 tiny_cifar100_10ep](main.py 348): INFO Train: [0/10][170/390]	eta 0:00:52 lr 0.000055	 wd 0.0500	time 0.1080 (0.2384)	data time 0.0007 (0.1212)	model time 0.1073 (0.1156)	loss 4.3331 (4.5766)	grad_norm 4.7393 (5.4126)	loss_scale 65536.0000 (65536.0000)	mem 1082MB
[2026-03-25 01:40:53 tiny_cifar100_10ep](main.py 348): INFO Train: [0/10][180/390]	eta 0:00:48 lr 0.000058	 wd 0.0500	time 0.1030 (0.2312)	data time 0.0006 (0.1145)	model time 0.1024 (0.1150)	loss 4.3982 (4.5658)	grad_norm 3.7008 (5.3492)	loss_scale 65536.0000 (65536.0000)	mem 1082MB
[2026-03-25 01:40:54 tiny_cifar100_10ep](main.py 348): INFO Train: [0/10][190/390]	eta 0:00:44 lr 0.000061	 wd 0.0500	time 0.1130 (0.2249)	data time 0.0007 (0.1085)	model time 0.1123 (0.1147)	loss 4.4591 (4.5558)	grad_norm 3.6684 (5.2802)	loss_scale 65536.0000 (65536.0000)	mem 1082MB
[2026-03-25 01:40:55 tiny_cifar100_10ep](main.py 348): INFO Train: [0/10][200/390]	eta 0:00:41 lr 0.000064	 wd 0.0500	time 0.1123 (0.2194)	data time 0.0008 (0.1032)	model time 0.1115 (0.1145)	loss 4.4652 (4.5473)	grad_norm 3.5676 (5.2184)	loss_scale 65536.0000 (65536.0000)	mem 1082MB
[2026-03-25 01:40:57 tiny_cifar100_10ep](main.py 348): INFO Train: [0/10][210/390]	eta 0:00:38 lr 0.000067	 wd 0.0500	time 0.1114 (0.2145)	data time 0.0006 (0.0983)	model time 0.1108 (0.1146)	loss 4.2384 (4.5371)	grad_norm 4.1448 (5.1592)	loss_scale 65536.0000 (65536.0000)	mem 1082MB
[2026-03-25 01:40:58 tiny_cifar100_10ep](main.py 348): INFO Train: [0/10][220/390]	eta 0:00:35 lr 0.000071	 wd 0.0500	time 0.1303 (0.2100)	data time 0.0008 (0.0939)	model time 0.1295 (0.1146)	loss 4.3977 (4.5292)	grad_norm 3.9026 (5.0998)	loss_scale 65536.0000 (65536.0000)	mem 1082MB
[2026-03-25 01:40:59 tiny_cifar100_10ep](main.py 348): INFO Train: [0/10][230/390]	eta 0:00:32 lr 0.000074	 wd 0.0500	time 0.1209 (0.2062)	data time 0.0006 (0.0899)	model time 0.1203 (0.1150)	loss 4.4365 (4.5215)	grad_norm 4.0954 (5.0451)	loss_scale 65536.0000 (65536.0000)	mem 1082MB
[2026-03-25 01:41:00 tiny_cifar100_10ep](main.py 348): INFO Train: [0/10][240/390]	eta 0:00:30 lr 0.000077	 wd 0.0500	time 0.1139 (0.2025)	data time 0.0007 (0.0862)	model time 0.1132 (0.1151)	loss 4.4180 (4.5145)	grad_norm 3.8928 (4.9984)	loss_scale 65536.0000 (65536.0000)	mem 1082MB
[2026-03-25 01:41:01 tiny_cifar100_10ep](main.py 348): INFO Train: [0/10][250/390]	eta 0:00:27 lr 0.000080	 wd 0.0500	time 0.1208 (0.1993)	data time 0.0007 (0.0828)	model time 0.1201 (0.1153)	loss 4.2171 (4.5082)	grad_norm 4.2293 (4.9546)	loss_scale 65536.0000 (65536.0000)	mem 1082MB
[2026-03-25 01:41:03 tiny_cifar100_10ep](main.py 348): INFO Train: [0/10][260/390]	eta 0:00:25 lr 0.000083	 wd 0.0500	time 0.1121 (0.1962)	data time 0.0006 (0.0796)	model time 0.1115 (0.1155)	loss 4.1212 (4.4997)	grad_norm 4.1059 (4.9117)	loss_scale 65536.0000 (65536.0000)	mem 1082MB
[2026-03-25 01:41:04 tiny_cifar100_10ep](main.py 348): INFO Train: [0/10][270/390]	eta 0:00:23 lr 0.000087	 wd 0.0500	time 0.1257 (0.1933)	data time 0.0007 (0.0767)	model time 0.1251 (0.1155)	loss 4.4207 (4.4931)	grad_norm 3.2809 (4.8652)	loss_scale 65536.0000 (65536.0000)	mem 1082MB
[2026-03-25 01:41:05 tiny_cifar100_10ep](main.py 348): INFO Train: [0/10][280/390]	eta 0:00:20 lr 0.000090	 wd 0.0500	time 0.1121 (0.1904)	data time 0.0006 (0.0740)	model time 0.1115 (0.1154)	loss 4.3530 (4.4858)	grad_norm 3.5101 (4.8201)	loss_scale 65536.0000 (65536.0000)	mem 1082MB
[2026-03-25 01:41:06 tiny_cifar100_10ep](main.py 348): INFO Train: [0/10][290/390]	eta 0:00:18 lr 0.000093	 wd 0.0500	time 0.1122 (0.1878)	data time 0.0006 (0.0715)	model time 0.1116 (0.1153)	loss 4.3736 (4.4808)	grad_norm 3.3651 (4.7800)	loss_scale 65536.0000 (65536.0000)	mem 1082MB
[2026-03-25 01:41:07 tiny_cifar100_10ep](main.py 348): INFO Train: [0/10][300/390]	eta 0:00:16 lr 0.000096	 wd 0.0500	time 0.1125 (0.1854)	data time 0.0007 (0.0691)	model time 0.1118 (0.1153)	loss 4.1694 (4.4752)	grad_norm 3.5711 (4.7380)	loss_scale 65536.0000 (65536.0000)	mem 1082MB
[2026-03-25 01:41:08 tiny_cifar100_10ep](main.py 348): INFO Train: [0/10][310/390]	eta 0:00:14 lr 0.000099	 wd 0.0500	time 0.1127 (0.1831)	data time 0.0006 (0.0669)	model time 0.1121 (0.1153)	loss 4.3386 (4.4701)	grad_norm 3.4363 (4.7024)	loss_scale 65536.0000 (65536.0000)	mem 1082MB
[2026-03-25 01:41:10 tiny_cifar100_10ep](main.py 348): INFO Train: [0/10][320/390]	eta 0:00:12 lr 0.000103	 wd 0.0500	time 0.1121 (0.1811)	data time 0.0006 (0.0649)	model time 0.1115 (0.1154)	loss 4.3568 (4.4643)	grad_norm 3.4343 (4.6653)	loss_scale 65536.0000 (65536.0000)	mem 1082MB
[2026-03-25 01:41:11 tiny_cifar100_10ep](main.py 348): INFO Train: [0/10][330/390]	eta 0:00:10 lr 0.000106	 wd 0.0500	time 0.1133 (0.1792)	data time 0.0006 (0.0629)	model time 0.1127 (0.1154)	loss 4.0927 (4.4588)	grad_norm 3.7196 (4.6336)	loss_scale 65536.0000 (65536.0000)	mem 1082MB
[2026-03-25 01:41:12 tiny_cifar100_10ep](main.py 348): INFO Train: [0/10][340/390]	eta 0:00:08 lr 0.000109	 wd 0.0500	time 0.1253 (0.1774)	data time 0.0007 (0.0611)	model time 0.1246 (0.1154)	loss 4.4370 (4.4525)	grad_norm 3.6973 (4.6005)	loss_scale 65536.0000 (65536.0000)	mem 1082MB
[2026-03-25 01:41:13 tiny_cifar100_10ep](main.py 348): INFO Train: [0/10][350/390]	eta 0:00:07 lr 0.000112	 wd 0.0500	time 0.1360 (0.1768)	data time 0.0008 (0.0594)	model time 0.1351 (0.1168)	loss 4.1757 (4.4475)	grad_norm 3.6493 (4.5678)	loss_scale 65536.0000 (65536.0000)	mem 1082MB
[2026-03-25 01:41:15 tiny_cifar100_10ep](main.py 348): INFO Train: [0/10][360/390]	eta 0:00:05 lr 0.000115	 wd 0.0500	time 0.1605 (0.1763)	data time 0.0011 (0.0578)	model time 0.1594 (0.1181)	loss 4.2562 (4.4410)	grad_norm 3.4647 (4.5444)	loss_scale 65536.0000 (65536.0000)	mem 1082MB
[2026-03-25 01:41:17 tiny_cifar100_10ep](main.py 348): INFO Train: [0/10][370/390]	eta 0:00:03 lr 0.000119	 wd 0.0500	time 0.1473 (0.1758)	data time 0.0010 (0.0563)	model time 0.1463 (0.1193)	loss 3.8983 (4.4347)	grad_norm 3.6838 (4.5176)	loss_scale 65536.0000 (65536.0000)	mem 1082MB
[2026-03-25 01:41:18 tiny_cifar100_10ep](main.py 348): INFO Train: [0/10][380/390]	eta 0:00:01 lr 0.000122	 wd 0.0500	time 0.1041 (0.1746)	data time 0.0003 (0.0548)	model time 0.1038 (0.1197)	loss 4.2383 (4.4304)	grad_norm 3.1937 (4.4893)	loss_scale 65536.0000 (65536.0000)	mem 1082MB
[2026-03-25 01:41:19 tiny_cifar100_10ep](main.py 359): INFO EPOCH 0 training takes 0:01:08
[2026-03-25 01:41:19 tiny_cifar100_10ep](utils.py 104): INFO ./output_cifar100_noema_10ep/tiny_cifar100_10ep/20260325014008/latest_ckpt.pth saving......
[2026-03-25 01:41:20 tiny_cifar100_10ep](utils.py 106): INFO ./output_cifar100_noema_10ep/tiny_cifar100_10ep/20260325014008/latest_ckpt.pth saved !!!
/home/jlx_75/miniconda3/envs/pvmamba/lib/python3.10/site-packages/requests/__init__.py:109: RequestsDependencyWarning: urllib3 (1.26.13) or chardet (7.2.0)/charset_normalizer (2.1.1) doesn't match a supported version!
  warnings.warn(
/home/jlx_75/miniconda3/envs/pvmamba/lib/python3.10/site-packages/requests/__init__.py:109: RequestsDependencyWarning: urllib3 (1.26.13) or chardet (7.2.0)/charset_normalizer (2.1.1) doesn't match a supported version!
  warnings.warn(
/home/jlx_75/miniconda3/envs/pvmamba/lib/python3.10/site-packages/requests/__init__.py:109: RequestsDependencyWarning: urllib3 (1.26.13) or chardet (7.2.0)/charset_normalizer (2.1.1) doesn't match a supported version!
  warnings.warn(
/home/jlx_75/miniconda3/envs/pvmamba/lib/python3.10/site-packages/requests/__init__.py:109: RequestsDependencyWarning: urllib3 (1.26.13) or chardet (7.2.0)/charset_normalizer (2.1.1) doesn't match a supported version!
  warnings.warn(
/home/jlx_75/miniconda3/envs/pvmamba/lib/python3.10/site-packages/requests/__init__.py:109: RequestsDependencyWarning: urllib3 (1.26.13) or chardet (7.2.0)/charset_normalizer (2.1.1) doesn't match a supported version!
  warnings.warn(
/home/jlx_75/miniconda3/envs/pvmamba/lib/python3.10/site-packages/requests/__init__.py:109: RequestsDependencyWarning: urllib3 (1.26.13) or chardet (7.2.0)/charset_normalizer (2.1.1) doesn't match a supported version!
  warnings.warn(
/home/jlx_75/miniconda3/envs/pvmamba/lib/python3.10/site-packages/requests/__init__.py:109: RequestsDependencyWarning: urllib3 (1.26.13) or chardet (7.2.0)/charset_normalizer (2.1.1) doesn't match a supported version!
  warnings.warn(
/home/jlx_75/miniconda3/envs/pvmamba/lib/python3.10/site-packages/requests/__init__.py:109: RequestsDependencyWarning: urllib3 (1.26.13) or chardet (7.2.0)/charset_normalizer (2.1.1) doesn't match a supported version!
  warnings.warn(
[2026-03-25 01:41:35 tiny_cifar100_10ep](main.py 403): INFO Test: [0/79]	Time 14.767 (14.767)	Loss 3.8379 (3.8379)	Acc@1 10.156 (10.156)	Acc@5 34.375 (34.375)	Mem 1082MB
[2026-03-25 01:41:35 tiny_cifar100_10ep](main.py 403): INFO Test: [10/79]	Time 0.035 (1.381)	Loss 3.8984 (3.8388)	Acc@1 8.594 (10.866)	Acc@5 35.156 (33.523)	Mem 1082MB
[2026-03-25 01:41:35 tiny_cifar100_10ep](main.py 403): INFO Test: [20/79]	Time 0.035 (0.740)	Loss 3.8164 (3.8371)	Acc@1 8.594 (11.347)	Acc@5 38.281 (34.003)	Mem 1082MB
[2026-03-25 01:41:36 tiny_cifar100_10ep](main.py 403): INFO Test: [30/79]	Time 0.036 (0.513)	Loss 3.8984 (3.8342)	Acc@1 7.812 (11.164)	Acc@5 32.031 (34.199)	Mem 1082MB
[2026-03-25 01:41:36 tiny_cifar100_10ep](main.py 403): INFO Test: [40/79]	Time 0.034 (0.396)	Loss 3.8340 (3.8378)	Acc@1 10.156 (11.128)	Acc@5 37.500 (34.356)	Mem 1082MB
[2026-03-25 01:41:36 tiny_cifar100_10ep](main.py 403): INFO Test: [50/79]	Time 0.034 (0.325)	Loss 3.9258 (3.8343)	Acc@1 7.812 (11.305)	Acc@5 33.594 (34.176)	Mem 1082MB
[2026-03-25 01:41:37 tiny_cifar100_10ep](main.py 403): INFO Test: [60/79]	Time 0.035 (0.278)	Loss 3.9707 (3.8403)	Acc@1 14.062 (11.309)	Acc@5 31.250 (33.619)	Mem 1082MB
[2026-03-25 01:41:37 tiny_cifar100_10ep](main.py 403): INFO Test: [70/79]	Time 0.033 (0.243)	Loss 3.8203 (3.8378)	Acc@1 10.156 (11.367)	Acc@5 32.812 (33.715)	Mem 1082MB
[2026-03-25 01:41:38 tiny_cifar100_10ep](main.py 410): INFO  * Acc@1 11.420 Acc@5 33.650
[2026-03-25 01:41:38 tiny_cifar100_10ep](main.py 239): INFO Accuracy of the network on the 10000 test images: 11.4%
[2026-03-25 01:41:38 tiny_cifar100_10ep](main.py 247): INFO New max accuracy: 11.42%
[2026-03-25 01:41:38 tiny_cifar100_10ep](utils.py 104): INFO ./output_cifar100_noema_10ep/tiny_cifar100_10ep/20260325014008/best_ckpt.pth saving......
[2026-03-25 01:41:39 tiny_cifar100_10ep](utils.py 106): INFO ./output_cifar100_noema_10ep/tiny_cifar100_10ep/20260325014008/best_ckpt.pth saved !!!
/home/jlx_75/miniconda3/envs/pvmamba/lib/python3.10/site-packages/requests/__init__.py:109: RequestsDependencyWarning: urllib3 (1.26.13) or chardet (7.2.0)/charset_normalizer (2.1.1) doesn't match a supported version!
  warnings.warn(
/home/jlx_75/miniconda3/envs/pvmamba/lib/python3.10/site-packages/requests/__init__.py:109: RequestsDependencyWarning: urllib3 (1.26.13) or chardet (7.2.0)/charset_normalizer (2.1.1) doesn't match a supported version!
  warnings.warn(
/home/jlx_75/miniconda3/envs/pvmamba/lib/python3.10/site-packages/requests/__init__.py:109: RequestsDependencyWarning: urllib3 (1.26.13) or chardet (7.2.0)/charset_normalizer (2.1.1) doesn't match a supported version!
  warnings.warn(
/home/jlx_75/miniconda3/envs/pvmamba/lib/python3.10/site-packages/requests/__init__.py:109: RequestsDependencyWarning: urllib3 (1.26.13) or chardet (7.2.0)/charset_normalizer (2.1.1) doesn't match a supported version!
  warnings.warn(
/home/jlx_75/miniconda3/envs/pvmamba/lib/python3.10/site-packages/requests/__init__.py:109: RequestsDependencyWarning: urllib3 (1.26.13) or chardet (7.2.0)/charset_normalizer (2.1.1) doesn't match a supported version!
  warnings.warn(
/home/jlx_75/miniconda3/envs/pvmamba/lib/python3.10/site-packages/requests/__init__.py:109: RequestsDependencyWarning: urllib3 (1.26.13) or chardet (7.2.0)/charset_normalizer (2.1.1) doesn't match a supported version!
  warnings.warn(
/home/jlx_75/miniconda3/envs/pvmamba/lib/python3.10/site-packages/requests/__init__.py:109: RequestsDependencyWarning: urllib3 (1.26.13) or chardet (7.2.0)/charset_normalizer (2.1.1) doesn't match a supported version!
  warnings.warn(
/home/jlx_75/miniconda3/envs/pvmamba/lib/python3.10/site-packages/requests/__init__.py:109: RequestsDependencyWarning: urllib3 (1.26.13) or chardet (7.2.0)/charset_normalizer (2.1.1) doesn't match a supported version!
  warnings.warn(
[2026-03-25 01:42:01 tiny_cifar100_10ep](main.py 348): INFO Train: [1/10][0/390]	eta 2:23:07 lr 0.000125	 wd 0.0500	time 22.0183 (22.0183)	data time 21.8329 (21.8329)	model time 0.0000 (0.0000)	loss 3.9547 (3.9547)	grad_norm 3.7645 (3.7645)	loss_scale 65536.0000 (65536.0000)	mem 1082MB
[2026-03-25 01:42:02 tiny_cifar100_10ep](main.py 348): INFO Train: [1/10][10/390]	eta 0:13:18 lr 0.000125	 wd 0.0500	time 0.1082 (2.1008)	data time 0.0006 (1.9854)	model time 0.0000 (0.0000)	loss 4.1778 (4.1238)	grad_norm 3.1744 (3.6733)	loss_scale 65536.0000 (65536.0000)	mem 1082MB
[2026-03-25 01:42:03 tiny_cifar100_10ep](main.py 348): INFO Train: [1/10][20/390]	eta 0:07:06 lr 0.000125	 wd 0.0500	time 0.1133 (1.1520)	data time 0.0006 (1.0403)	model time 0.0000 (0.0000)	loss 4.1522 (4.1481)	grad_norm 3.5281 (3.6327)	loss_scale 65536.0000 (65536.0000)	mem 1082MB
[2026-03-25 01:42:04 tiny_cifar100_10ep](main.py 348): INFO Train: [1/10][30/390]	eta 0:04:53 lr 0.000125	 wd 0.0500	time 0.1078 (0.8152)	data time 0.0006 (0.7049)	model time 0.0000 (0.0000)	loss 4.4394 (4.1793)	grad_norm 3.3789 (3.6126)	loss_scale 65536.0000 (65536.0000)	mem 1082MB
[2026-03-25 01:42:05 tiny_cifar100_10ep](main.py 348): INFO Train: [1/10][40/390]	eta 0:03:44 lr 0.000125	 wd 0.0500	time 0.1072 (0.6427)	data time 0.0005 (0.5331)	model time 0.0000 (0.0000)	loss 4.3120 (4.1928)	grad_norm 4.0389 (3.6263)	loss_scale 65536.0000 (65536.0000)	mem 1082MB
[2026-03-25 01:42:06 tiny_cifar100_10ep](main.py 348): INFO Train: [1/10][50/390]	eta 0:03:03 lr 0.000125	 wd 0.0500	time 0.1222 (0.5390)	data time 0.0004 (0.4287)	model time 0.0000 (0.0000)	loss 4.2015 (4.1956)	grad_norm 3.2222 (3.5788)	loss_scale 65536.0000 (65536.0000)	mem 1082MB
[2026-03-25 01:42:07 tiny_cifar100_10ep](main.py 348): INFO Train: [1/10][60/390]	eta 0:02:34 lr 0.000125	 wd 0.0500	time 0.1146 (0.4683)	data time 0.0005 (0.3585)	model time 0.1141 (0.1072)	loss 4.1227 (4.2052)	grad_norm 3.4663 (3.5373)	loss_scale 65536.0000 (65536.0000)	mem 1082MB
[2026-03-25 01:42:08 tiny_cifar100_10ep](main.py 348): INFO Train: [1/10][70/390]	eta 0:02:13 lr 0.000125	 wd 0.0500	time 0.1098 (0.4172)	data time 0.0005 (0.3081)	model time 0.1093 (0.1062)	loss 4.3301 (4.2121)	grad_norm 3.6018 (3.5065)	loss_scale 65536.0000 (65536.0000)	mem 1082MB
[2026-03-25 01:42:09 tiny_cifar100_10ep](main.py 348): INFO Train: [1/10][80/390]	eta 0:01:57 lr 0.000125	 wd 0.0500	time 0.1029 (0.3785)	data time 0.0006 (0.2702)	model time 0.1023 (0.1050)	loss 3.9663 (4.2057)	grad_norm 3.7789 (3.5033)	loss_scale 65536.0000 (65536.0000)	mem 1082MB
[2026-03-25 01:42:10 tiny_cifar100_10ep](main.py 348): INFO Train: [1/10][90/390]	eta 0:01:44 lr 0.000125	 wd 0.0500	time 0.0999 (0.3483)	data time 0.0005 (0.2406)	model time 0.0994 (0.1045)	loss 3.9701 (4.1989)	grad_norm 3.2748 (3.4817)	loss_scale 65536.0000 (65536.0000)	mem 1082MB
[2026-03-25 01:42:11 tiny_cifar100_10ep](main.py 348): INFO Train: [1/10][100/390]	eta 0:01:34 lr 0.000125	 wd 0.0500	time 0.1038 (0.3242)	data time 0.0007 (0.2168)	model time 0.1032 (0.1044)	loss 3.9923 (4.1967)	grad_norm 3.6990 (3.4750)	loss_scale 65536.0000 (65536.0000)	mem 1082MB
[2026-03-25 01:42:12 tiny_cifar100_10ep](main.py 348): INFO Train: [1/10][110/390]	eta 0:01:25 lr 0.000125	 wd 0.0500	time 0.1202 (0.3053)	data time 0.0008 (0.1973)	model time 0.1193 (0.1060)	loss 4.0457 (4.1975)	grad_norm 3.4582 (3.4673)	loss_scale 65536.0000 (65536.0000)	mem 1082MB
[2026-03-25 01:42:14 tiny_cifar100_10ep](main.py 348): INFO Train: [1/10][120/390]	eta 0:01:18 lr 0.000125	 wd 0.0500	time 0.1154 (0.2898)	data time 0.0005 (0.1811)	model time 0.1149 (0.1076)	loss 4.3263 (4.1991)	grad_norm 3.4255 (3.4537)	loss_scale 65536.0000 (65536.0000)	mem 1082MB
[2026-03-25 01:42:15 tiny_cifar100_10ep](main.py 348): INFO Train: [1/10][130/390]	eta 0:01:11 lr 0.000125	 wd 0.0500	time 0.1022 (0.2757)	data time 0.0005 (0.1673)	model time 0.1017 (0.1072)	loss 4.2880 (4.1985)	grad_norm 3.1774 (3.4543)	loss_scale 65536.0000 (65536.0000)	mem 1082MB
[2026-03-25 01:42:16 tiny_cifar100_10ep](main.py 348): INFO Train: [1/10][140/390]	eta 0:01:05 lr 0.000125	 wd 0.0500	time 0.1229 (0.2639)	data time 0.0006 (0.1555)	model time 0.1223 (0.1073)	loss 3.8715 (4.1884)	grad_norm 3.5662 (3.4446)	loss_scale 65536.0000 (65536.0000)	mem 1082MB
[2026-03-25 01:42:17 tiny_cifar100_10ep](main.py 348): INFO Train: [1/10][150/390]	eta 0:01:00 lr 0.000124	 wd 0.0500	time 0.1014 (0.2532)	data time 0.0006 (0.1452)	model time 0.1007 (0.1068)	loss 4.2928 (4.1938)	grad_norm 3.0091 (3.4362)	loss_scale 65536.0000 (65536.0000)	mem 1082MB
[2026-03-25 01:42:18 tiny_cifar100_10ep](main.py 348): INFO Train: [1/10][160/390]	eta 0:00:56 lr 0.000124	 wd 0.0500	time 0.1065 (0.2440)	data time 0.0007 (0.1363)	model time 0.1057 (0.1065)	loss 4.5032 (4.1963)	grad_norm 3.1746 (3.4348)	loss_scale 65536.0000 (65536.0000)	mem 1082MB
[2026-03-25 01:42:19 tiny_cifar100_10ep](main.py 348): INFO Train: [1/10][170/390]	eta 0:00:51 lr 0.000124	 wd 0.0500	time 0.1038 (0.2358)	data time 0.0006 (0.1283)	model time 0.1033 (0.1064)	loss 4.2953 (4.1989)	grad_norm 3.1217 (3.4200)	loss_scale 65536.0000 (65536.0000)	mem 1082MB
[2026-03-25 01:42:20 tiny_cifar100_10ep](main.py 348): INFO Train: [1/10][180/390]	eta 0:00:47 lr 0.000124	 wd 0.0500	time 0.1011 (0.2285)	data time 0.0005 (0.1213)	model time 0.1006 (0.1060)	loss 3.9182 (4.1982)	grad_norm 3.2420 (3.4054)	loss_scale 65536.0000 (65536.0000)	mem 1082MB
[2026-03-25 01:42:21 tiny_cifar100_10ep](main.py 348): INFO Train: [1/10][190/390]	eta 0:00:44 lr 0.000124	 wd 0.0500	time 0.1054 (0.2221)	data time 0.0007 (0.1150)	model time 0.1047 (0.1060)	loss 4.0632 (4.1972)	grad_norm 3.5553 (3.4001)	loss_scale 65536.0000 (65536.0000)	mem 1082MB
[2026-03-25 01:42:22 tiny_cifar100_10ep](main.py 348): INFO Train: [1/10][200/390]	eta 0:00:41 lr 0.000124	 wd 0.0500	time 0.1010 (0.2163)	data time 0.0005 (0.1093)	model time 0.1006 (0.1060)	loss 4.2172 (4.1933)	grad_norm 3.6630 (3.3977)	loss_scale 65536.0000 (65536.0000)	mem 1082MB
[2026-03-25 01:42:23 tiny_cifar100_10ep](main.py 348): INFO Train: [1/10][210/390]	eta 0:00:38 lr 0.000124	 wd 0.0500	time 0.1110 (0.2111)	data time 0.0007 (0.1041)	model time 0.1103 (0.1060)	loss 4.3114 (4.1934)	grad_norm 3.0413 (3.3933)	loss_scale 65536.0000 (65536.0000)	mem 1082MB
[2026-03-25 01:42:24 tiny_cifar100_10ep](main.py 348): INFO Train: [1/10][220/390]	eta 0:00:35 lr 0.000124	 wd 0.0500	time 0.1232 (0.2070)	data time 0.0007 (0.0994)	model time 0.1226 (0.1068)	loss 4.3268 (4.1907)	grad_norm 3.3295 (3.3850)	loss_scale 65536.0000 (65536.0000)	mem 1082MB
[2026-03-25 01:42:25 tiny_cifar100_10ep](main.py 348): INFO Train: [1/10][230/390]	eta 0:00:32 lr 0.000124	 wd 0.0500	time 0.1110 (0.2031)	data time 0.0007 (0.0952)	model time 0.1104 (0.1073)	loss 4.1572 (4.1876)	grad_norm 3.0909 (3.3767)	loss_scale 65536.0000 (65536.0000)	mem 1082MB
[2026-03-25 01:42:27 tiny_cifar100_10ep](main.py 348): INFO Train: [1/10][240/390]	eta 0:00:29 lr 0.000124	 wd 0.0500	time 0.1246 (0.1997)	data time 0.0006 (0.0912)	model time 0.1240 (0.1079)	loss 3.9522 (4.1845)	grad_norm 3.7108 (3.3750)	loss_scale 65536.0000 (65536.0000)	mem 1082MB
[2026-03-25 01:42:28 tiny_cifar100_10ep](main.py 348): INFO Train: [1/10][250/390]	eta 0:00:27 lr 0.000123	 wd 0.0500	time 0.1223 (0.1965)	data time 0.0007 (0.0876)	model time 0.1216 (0.1085)	loss 4.3738 (4.1843)	grad_norm 2.9336 (3.3673)	loss_scale 65536.0000 (65536.0000)	mem 1082MB
[2026-03-25 01:42:29 tiny_cifar100_10ep](main.py 348): INFO Train: [1/10][260/390]	eta 0:00:25 lr 0.000123	 wd 0.0500	time 0.1117 (0.1935)	data time 0.0006 (0.0843)	model time 0.1112 (0.1089)	loss 4.1518 (4.1833)	grad_norm 3.0498 (3.3648)	loss_scale 65536.0000 (65536.0000)	mem 1082MB
[2026-03-25 01:42:30 tiny_cifar100_10ep](main.py 348): INFO Train: [1/10][270/390]	eta 0:00:22 lr 0.000123	 wd 0.0500	time 0.1111 (0.1905)	data time 0.0008 (0.0812)	model time 0.1103 (0.1090)	loss 4.3271 (4.1806)	grad_norm 3.0277 (3.3704)	loss_scale 65536.0000 (65536.0000)	mem 1082MB
[2026-03-25 01:42:31 tiny_cifar100_10ep](main.py 348): INFO Train: [1/10][280/390]	eta 0:00:20 lr 0.000123	 wd 0.0500	time 0.1118 (0.1878)	data time 0.0007 (0.0784)	model time 0.1111 (0.1092)	loss 4.3629 (4.1769)	grad_norm 3.0951 (3.3666)	loss_scale 65536.0000 (65536.0000)	mem 1082MB
[2026-03-25 01:42:32 tiny_cifar100_10ep](main.py 348): INFO Train: [1/10][290/390]	eta 0:00:18 lr 0.000123	 wd 0.0500	time 0.1217 (0.1854)	data time 0.0005 (0.0757)	model time 0.1211 (0.1096)	loss 3.9944 (4.1749)	grad_norm 3.1231 (3.3632)	loss_scale 65536.0000 (65536.0000)	mem 1082MB
[2026-03-25 01:42:34 tiny_cifar100_10ep](main.py 348): INFO Train: [1/10][300/390]	eta 0:00:16 lr 0.000123	 wd 0.0500	time 0.1187 (0.1832)	data time 0.0006 (0.0732)	model time 0.1181 (0.1099)	loss 4.2422 (4.1727)	grad_norm 3.2839 (3.3596)	loss_scale 65536.0000 (65536.0000)	mem 1082MB
[2026-03-25 01:42:35 tiny_cifar100_10ep](main.py 348): INFO Train: [1/10][310/390]	eta 0:00:14 lr 0.000123	 wd 0.0500	time 0.1113 (0.1809)	data time 0.0008 (0.0709)	model time 0.1106 (0.1100)	loss 3.6760 (4.1681)	grad_norm 3.9384 (3.3660)	loss_scale 65536.0000 (65536.0000)	mem 1082MB
[2026-03-25 01:42:36 tiny_cifar100_10ep](main.py 348): INFO Train: [1/10][320/390]	eta 0:00:12 lr 0.000122	 wd 0.0500	time 0.1136 (0.1789)	data time 0.0005 (0.0687)	model time 0.1131 (0.1102)	loss 3.6053 (4.1639)	grad_norm 3.5997 (3.3635)	loss_scale 65536.0000 (65536.0000)	mem 1082MB
[2026-03-25 01:42:37 tiny_cifar100_10ep](main.py 348): INFO Train: [1/10][330/390]	eta 0:00:10 lr 0.000122	 wd 0.0500	time 0.1238 (0.1770)	data time 0.0007 (0.0666)	model time 0.1230 (0.1104)	loss 3.8263 (4.1626)	grad_norm 3.5493 (3.3641)	loss_scale 65536.0000 (65536.0000)	mem 1082MB
[2026-03-25 01:42:38 tiny_cifar100_10ep](main.py 348): INFO Train: [1/10][340/390]	eta 0:00:08 lr 0.000122	 wd 0.0500	time 0.1162 (0.1753)	data time 0.0007 (0.0647)	model time 0.1154 (0.1107)	loss 3.8593 (4.1599)	grad_norm 3.6613 (3.3652)	loss_scale 65536.0000 (65536.0000)	mem 1082MB
[2026-03-25 01:42:39 tiny_cifar100_10ep](main.py 348): INFO Train: [1/10][350/390]	eta 0:00:06 lr 0.000122	 wd 0.0500	time 0.1207 (0.1737)	data time 0.0006 (0.0629)	model time 0.1201 (0.1109)	loss 3.8533 (4.1610)	grad_norm 3.6912 (3.3639)	loss_scale 65536.0000 (65536.0000)	mem 1082MB
[2026-03-25 01:42:41 tiny_cifar100_10ep](main.py 348): INFO Train: [1/10][360/390]	eta 0:00:05 lr 0.000122	 wd 0.0500	time 0.1205 (0.1722)	data time 0.0007 (0.0612)	model time 0.1198 (0.1112)	loss 3.9021 (4.1594)	grad_norm 3.5816 (3.3660)	loss_scale 65536.0000 (65536.0000)	mem 1082MB
[2026-03-25 01:42:42 tiny_cifar100_10ep](main.py 348): INFO Train: [1/10][370/390]	eta 0:00:03 lr 0.000122	 wd 0.0500	time 0.1132 (0.1707)	data time 0.0006 (0.0595)	model time 0.1126 (0.1113)	loss 4.2655 (4.1579)	grad_norm 3.2036 (3.3647)	loss_scale 65536.0000 (65536.0000)	mem 1082MB
[2026-03-25 01:42:43 tiny_cifar100_10ep](main.py 348): INFO Train: [1/10][380/390]	eta 0:00:01 lr 0.000121	 wd 0.0500	time 0.1110 (0.1694)	data time 0.0004 (0.0580)	model time 0.1107 (0.1116)	loss 3.7200 (4.1531)	grad_norm 3.5886 (3.3665)	loss_scale 65536.0000 (65536.0000)	mem 1082MB
[2026-03-25 01:42:45 tiny_cifar100_10ep](main.py 359): INFO EPOCH 1 training takes 0:01:06
[2026-03-25 01:42:45 tiny_cifar100_10ep](utils.py 104): INFO ./output_cifar100_noema_10ep/tiny_cifar100_10ep/20260325014008/latest_ckpt.pth saving......
[2026-03-25 01:42:46 tiny_cifar100_10ep](utils.py 106): INFO ./output_cifar100_noema_10ep/tiny_cifar100_10ep/20260325014008/latest_ckpt.pth saved !!!
/home/jlx_75/miniconda3/envs/pvmamba/lib/python3.10/site-packages/requests/__init__.py:109: RequestsDependencyWarning: urllib3 (1.26.13) or chardet (7.2.0)/charset_normalizer (2.1.1) doesn't match a supported version!
  warnings.warn(
/home/jlx_75/miniconda3/envs/pvmamba/lib/python3.10/site-packages/requests/__init__.py:109: RequestsDependencyWarning: urllib3 (1.26.13) or chardet (7.2.0)/charset_normalizer (2.1.1) doesn't match a supported version!
  warnings.warn(
/home/jlx_75/miniconda3/envs/pvmamba/lib/python3.10/site-packages/requests/__init__.py:109: RequestsDependencyWarning: urllib3 (1.26.13) or chardet (7.2.0)/charset_normalizer (2.1.1) doesn't match a supported version!
  warnings.warn(
/home/jlx_75/miniconda3/envs/pvmamba/lib/python3.10/site-packages/requests/__init__.py:109: RequestsDependencyWarning: urllib3 (1.26.13) or chardet (7.2.0)/charset_normalizer (2.1.1) doesn't match a supported version!
  warnings.warn(
/home/jlx_75/miniconda3/envs/pvmamba/lib/python3.10/site-packages/requests/__init__.py:109: RequestsDependencyWarning: urllib3 (1.26.13) or chardet (7.2.0)/charset_normalizer (2.1.1) doesn't match a supported version!
  warnings.warn(
/home/jlx_75/miniconda3/envs/pvmamba/lib/python3.10/site-packages/requests/__init__.py:109: RequestsDependencyWarning: urllib3 (1.26.13) or chardet (7.2.0)/charset_normalizer (2.1.1) doesn't match a supported version!
  warnings.warn(
/home/jlx_75/miniconda3/envs/pvmamba/lib/python3.10/site-packages/requests/__init__.py:109: RequestsDependencyWarning: urllib3 (1.26.13) or chardet (7.2.0)/charset_normalizer (2.1.1) doesn't match a supported version!
  warnings.warn(
/home/jlx_75/miniconda3/envs/pvmamba/lib/python3.10/site-packages/requests/__init__.py:109: RequestsDependencyWarning: urllib3 (1.26.13) or chardet (7.2.0)/charset_normalizer (2.1.1) doesn't match a supported version!
  warnings.warn(
[2026-03-25 01:43:00 tiny_cifar100_10ep](main.py 403): INFO Test: [0/79]	Time 14.759 (14.759)	Loss 3.4688 (3.4688)	Acc@1 16.406 (16.406)	Acc@5 44.531 (44.531)	Mem 1082MB
[2026-03-25 01:43:01 tiny_cifar100_10ep](main.py 403): INFO Test: [10/79]	Time 0.034 (1.374)	Loss 3.5605 (3.5305)	Acc@1 16.406 (16.335)	Acc@5 44.531 (42.472)	Mem 1082MB
[2026-03-25 01:43:01 tiny_cifar100_10ep](main.py 403): INFO Test: [20/79]	Time 0.034 (0.736)	Loss 3.6250 (3.5246)	Acc@1 14.062 (16.406)	Acc@5 39.844 (43.452)	Mem 1082MB
[2026-03-25 01:43:01 tiny_cifar100_10ep](main.py 403): INFO Test: [30/79]	Time 0.035 (0.510)	Loss 3.5488 (3.5148)	Acc@1 17.969 (16.683)	Acc@5 42.969 (44.178)	Mem 1082MB
[2026-03-25 01:43:02 tiny_cifar100_10ep](main.py 403): INFO Test: [40/79]	Time 0.033 (0.394)	Loss 3.3691 (3.5057)	Acc@1 23.438 (17.188)	Acc@5 48.438 (44.493)	Mem 1082MB
[2026-03-25 01:43:02 tiny_cifar100_10ep](main.py 403): INFO Test: [50/79]	Time 0.034 (0.323)	Loss 3.6094 (3.5068)	Acc@1 18.750 (16.820)	Acc@5 42.188 (44.516)	Mem 1082MB
[2026-03-25 01:43:02 tiny_cifar100_10ep](main.py 403): INFO Test: [60/79]	Time 0.034 (0.276)	Loss 3.6602 (3.5149)	Acc@1 15.625 (16.880)	Acc@5 42.188 (44.365)	Mem 1082MB
[2026-03-25 01:43:03 tiny_cifar100_10ep](main.py 403): INFO Test: [70/79]	Time 0.033 (0.242)	Loss 3.5352 (3.5143)	Acc@1 14.062 (16.956)	Acc@5 44.531 (44.344)	Mem 1082MB
[2026-03-25 01:43:04 tiny_cifar100_10ep](main.py 410): INFO  * Acc@1 16.890 Acc@5 44.260
[2026-03-25 01:43:04 tiny_cifar100_10ep](main.py 239): INFO Accuracy of the network on the 10000 test images: 16.9%
[2026-03-25 01:43:04 tiny_cifar100_10ep](main.py 247): INFO New max accuracy: 16.89%
[2026-03-25 01:43:04 tiny_cifar100_10ep](utils.py 104): INFO ./output_cifar100_noema_10ep/tiny_cifar100_10ep/20260325014008/best_ckpt.pth saving......
[2026-03-25 01:43:05 tiny_cifar100_10ep](utils.py 106): INFO ./output_cifar100_noema_10ep/tiny_cifar100_10ep/20260325014008/best_ckpt.pth saved !!!
/home/jlx_75/miniconda3/envs/pvmamba/lib/python3.10/site-packages/requests/__init__.py:109: RequestsDependencyWarning: urllib3 (1.26.13) or chardet (7.2.0)/charset_normalizer (2.1.1) doesn't match a supported version!
  warnings.warn(
/home/jlx_75/miniconda3/envs/pvmamba/lib/python3.10/site-packages/requests/__init__.py:109: RequestsDependencyWarning: urllib3 (1.26.13) or chardet (7.2.0)/charset_normalizer (2.1.1) doesn't match a supported version!
  warnings.warn(
/home/jlx_75/miniconda3/envs/pvmamba/lib/python3.10/site-packages/requests/__init__.py:109: RequestsDependencyWarning: urllib3 (1.26.13) or chardet (7.2.0)/charset_normalizer (2.1.1) doesn't match a supported version!
  warnings.warn(
/home/jlx_75/miniconda3/envs/pvmamba/lib/python3.10/site-packages/requests/__init__.py:109: RequestsDependencyWarning: urllib3 (1.26.13) or chardet (7.2.0)/charset_normalizer (2.1.1) doesn't match a supported version!
  warnings.warn(
/home/jlx_75/miniconda3/envs/pvmamba/lib/python3.10/site-packages/requests/__init__.py:109: RequestsDependencyWarning: urllib3 (1.26.13) or chardet (7.2.0)/charset_normalizer (2.1.1) doesn't match a supported version!
  warnings.warn(
/home/jlx_75/miniconda3/envs/pvmamba/lib/python3.10/site-packages/requests/__init__.py:109: RequestsDependencyWarning: urllib3 (1.26.13) or chardet (7.2.0)/charset_normalizer (2.1.1) doesn't match a supported version!
  warnings.warn(
/home/jlx_75/miniconda3/envs/pvmamba/lib/python3.10/site-packages/requests/__init__.py:109: RequestsDependencyWarning: urllib3 (1.26.13) or chardet (7.2.0)/charset_normalizer (2.1.1) doesn't match a supported version!
  warnings.warn(
/home/jlx_75/miniconda3/envs/pvmamba/lib/python3.10/site-packages/requests/__init__.py:109: RequestsDependencyWarning: urllib3 (1.26.13) or chardet (7.2.0)/charset_normalizer (2.1.1) doesn't match a supported version!
  warnings.warn(
[2026-03-25 01:43:26 tiny_cifar100_10ep](main.py 348): INFO Train: [2/10][0/390]	eta 2:16:46 lr 0.000121	 wd 0.0500	time 21.0428 (21.0428)	data time 20.8917 (20.8917)	model time 0.0000 (0.0000)	loss 3.8828 (3.8828)	grad_norm 3.6773 (3.6773)	loss_scale 65536.0000 (65536.0000)	mem 1082MB
[2026-03-25 01:43:27 tiny_cifar100_10ep](main.py 348): INFO Train: [2/10][10/390]	eta 0:12:45 lr 0.000121	 wd 0.0500	time 0.1077 (2.0139)	data time 0.0007 (1.8998)	model time 0.0000 (0.0000)	loss 4.0251 (4.0985)	grad_norm 3.4423 (3.4093)	loss_scale 65536.0000 (65536.0000)	mem 1082MB
[2026-03-25 01:43:28 tiny_cifar100_10ep](main.py 348): INFO Train: [2/10][20/390]	eta 0:06:49 lr 0.000121	 wd 0.0500	time 0.1110 (1.1062)	data time 0.0006 (0.9954)	model time 0.0000 (0.0000)	loss 3.9044 (4.0816)	grad_norm 3.4280 (3.3681)	loss_scale 65536.0000 (65536.0000)	mem 1082MB
[2026-03-25 01:43:29 tiny_cifar100_10ep](main.py 348): INFO Train: [2/10][30/390]	eta 0:04:42 lr 0.000121	 wd 0.0500	time 0.1076 (0.7840)	data time 0.0005 (0.6745)	model time 0.0000 (0.0000)	loss 3.7239 (4.0805)	grad_norm 3.1851 (3.3716)	loss_scale 65536.0000 (65536.0000)	mem 1082MB
[2026-03-25 01:43:30 tiny_cifar100_10ep](main.py 348): INFO Train: [2/10][40/390]	eta 0:03:36 lr 0.000120	 wd 0.0500	time 0.1074 (0.6190)	data time 0.0005 (0.5102)	model time 0.0000 (0.0000)	loss 4.1699 (4.1073)	grad_norm 2.9592 (3.3430)	loss_scale 65536.0000 (65536.0000)	mem 1082MB
[2026-03-25 01:43:31 tiny_cifar100_10ep](main.py 348): INFO Train: [2/10][50/390]	eta 0:02:56 lr 0.000120	 wd 0.0500	time 0.1034 (0.5188)	data time 0.0006 (0.4102)	model time 0.0000 (0.0000)	loss 4.2276 (4.0901)	grad_norm 3.3074 (3.3327)	loss_scale 65536.0000 (65536.0000)	mem 1082MB
[2026-03-25 01:43:32 tiny_cifar100_10ep](main.py 348): INFO Train: [2/10][60/390]	eta 0:02:28 lr 0.000120	 wd 0.0500	time 0.1017 (0.4510)	data time 0.0006 (0.3431)	model time 0.1011 (0.1046)	loss 3.8054 (4.0688)	grad_norm 3.6619 (3.3441)	loss_scale 65536.0000 (65536.0000)	mem 1082MB
[2026-03-25 01:43:33 tiny_cifar100_10ep](main.py 348): INFO Train: [2/10][70/390]	eta 0:02:08 lr 0.000120	 wd 0.0500	time 0.1044 (0.4022)	data time 0.0006 (0.2949)	model time 0.1038 (0.1042)	loss 4.2322 (4.0597)	grad_norm 3.8332 (3.3664)	loss_scale 65536.0000 (65536.0000)	mem 1082MB
[2026-03-25 01:43:34 tiny_cifar100_10ep](main.py 348): INFO Train: [2/10][80/390]	eta 0:01:53 lr 0.000120	 wd 0.0500	time 0.1018 (0.3653)	data time 0.0004 (0.2585)	model time 0.1014 (0.1038)	loss 3.7777 (4.0399)	grad_norm 3.7091 (3.4244)	loss_scale 65536.0000 (65536.0000)	mem 1082MB
[2026-03-25 01:43:35 tiny_cifar100_10ep](main.py 348): INFO Train: [2/10][90/390]	eta 0:01:41 lr 0.000119	 wd 0.0500	time 0.0991 (0.3367)	data time 0.0005 (0.2302)	model time 0.0986 (0.1040)	loss 4.2159 (4.0448)	grad_norm 3.0148 (3.4380)	loss_scale 65536.0000 (65536.0000)	mem 1082MB
[2026-03-25 01:43:36 tiny_cifar100_10ep](main.py 348): INFO Train: [2/10][100/390]	eta 0:01:31 lr 0.000119	 wd 0.0500	time 0.1006 (0.3138)	data time 0.0005 (0.2074)	model time 0.1001 (0.1041)	loss 4.1884 (4.0531)	grad_norm 3.5853 (3.4442)	loss_scale 65536.0000 (65536.0000)	mem 1082MB
[2026-03-25 01:43:37 tiny_cifar100_10ep](main.py 348): INFO Train: [2/10][110/390]	eta 0:01:22 lr 0.000119	 wd 0.0500	time 0.1018 (0.2951)	data time 0.0005 (0.1888)	model time 0.1013 (0.1043)	loss 3.9234 (4.0556)	grad_norm 3.1672 (3.4454)	loss_scale 65536.0000 (65536.0000)	mem 1082MB
[2026-03-25 01:43:38 tiny_cifar100_10ep](main.py 348): INFO Train: [2/10][120/390]	eta 0:01:15 lr 0.000119	 wd 0.0500	time 0.1018 (0.2792)	data time 0.0005 (0.1732)	model time 0.1014 (0.1041)	loss 4.2568 (4.0507)	grad_norm 3.5294 (3.4647)	loss_scale 65536.0000 (65536.0000)	mem 1082MB
[2026-03-25 01:43:39 tiny_cifar100_10ep](main.py 348): INFO Train: [2/10][130/390]	eta 0:01:09 lr 0.000118	 wd 0.0500	time 0.0998 (0.2657)	data time 0.0005 (0.1601)	model time 0.0992 (0.1037)	loss 4.3140 (4.0410)	grad_norm 3.8998 (3.4898)	loss_scale 65536.0000 (65536.0000)	mem 1082MB
[2026-03-25 01:43:40 tiny_cifar100_10ep](main.py 348): INFO Train: [2/10][140/390]	eta 0:01:03 lr 0.000118	 wd 0.0500	time 0.1000 (0.2541)	data time 0.0004 (0.1488)	model time 0.0995 (0.1035)	loss 4.0414 (4.0327)	grad_norm 3.7335 (3.5061)	loss_scale 65536.0000 (65536.0000)	mem 1082MB
[2026-03-25 01:43:41 tiny_cifar100_10ep](main.py 348): INFO Train: [2/10][150/390]	eta 0:00:58 lr 0.000118	 wd 0.0500	time 0.1006 (0.2441)	data time 0.0005 (0.1389)	model time 0.1001 (0.1034)	loss 4.4529 (4.0427)	grad_norm 3.9406 (3.5101)	loss_scale 65536.0000 (65536.0000)	mem 1082MB
[2026-03-25 01:43:43 tiny_cifar100_10ep](main.py 348): INFO Train: [2/10][160/390]	eta 0:00:54 lr 0.000118	 wd 0.0500	time 0.1155 (0.2359)	data time 0.0006 (0.1304)	model time 0.1149 (0.1041)	loss 4.3067 (4.0455)	grad_norm 4.2976 (3.5210)	loss_scale 65536.0000 (65536.0000)	mem 1082MB
[2026-03-25 01:43:44 tiny_cifar100_10ep](main.py 348): INFO Train: [2/10][170/390]	eta 0:00:50 lr 0.000117	 wd 0.0500	time 0.1010 (0.2280)	data time 0.0006 (0.1228)	model time 0.1004 (0.1038)	loss 4.2035 (4.0397)	grad_norm 3.5431 (3.5312)	loss_scale 65536.0000 (65536.0000)	mem 1082MB
[2026-03-25 01:43:45 tiny_cifar100_10ep](main.py 348): INFO Train: [2/10][180/390]	eta 0:00:46 lr 0.000117	 wd 0.0500	time 0.1001 (0.2210)	data time 0.0005 (0.1160)	model time 0.0996 (0.1036)	loss 3.7933 (4.0415)	grad_norm 3.6443 (3.5332)	loss_scale 65536.0000 (65536.0000)	mem 1082MB
[2026-03-25 01:43:46 tiny_cifar100_10ep](main.py 348): INFO Train: [2/10][190/390]	eta 0:00:42 lr 0.000117	 wd 0.0500	time 0.1019 (0.2149)	data time 0.0005 (0.1100)	model time 0.1014 (0.1035)	loss 4.0571 (4.0342)	grad_norm 3.2865 (3.5359)	loss_scale 65536.0000 (65536.0000)	mem 1082MB
[2026-03-25 01:43:47 tiny_cifar100_10ep](main.py 348): INFO Train: [2/10][200/390]	eta 0:00:39 lr 0.000117	 wd 0.0500	time 0.1018 (0.2095)	data time 0.0008 (0.1045)	model time 0.1011 (0.1037)	loss 3.9905 (4.0319)	grad_norm 3.4970 (3.5359)	loss_scale 65536.0000 (65536.0000)	mem 1082MB
[2026-03-25 01:43:48 tiny_cifar100_10ep](main.py 348): INFO Train: [2/10][210/390]	eta 0:00:36 lr 0.000116	 wd 0.0500	time 0.1121 (0.2046)	data time 0.0007 (0.0996)	model time 0.1114 (0.1038)	loss 4.2980 (4.0350)	grad_norm 3.7116 (3.5407)	loss_scale 65536.0000 (65536.0000)	mem 1082MB
[2026-03-25 01:43:49 tiny_cifar100_10ep](main.py 348): INFO Train: [2/10][220/390]	eta 0:00:34 lr 0.000116	 wd 0.0500	time 0.1124 (0.2004)	data time 0.0006 (0.0951)	model time 0.1118 (0.1043)	loss 4.2497 (4.0295)	grad_norm 3.3835 (3.5395)	loss_scale 65536.0000 (65536.0000)	mem 1082MB
[2026-03-25 01:43:50 tiny_cifar100_10ep](main.py 348): INFO Train: [2/10][230/390]	eta 0:00:31 lr 0.000116	 wd 0.0500	time 0.1126 (0.1967)	data time 0.0008 (0.0910)	model time 0.1118 (0.1048)	loss 3.8194 (4.0355)	grad_norm 3.8209 (3.5369)	loss_scale 65536.0000 (65536.0000)	mem 1082MB
[2026-03-25 01:43:51 tiny_cifar100_10ep](main.py 348): INFO Train: [2/10][240/390]	eta 0:00:28 lr 0.000115	 wd 0.0500	time 0.1179 (0.1933)	data time 0.0006 (0.0873)	model time 0.1174 (0.1053)	loss 3.9036 (4.0343)	grad_norm 3.4458 (3.5370)	loss_scale 65536.0000 (65536.0000)	mem 1082MB
[2026-03-25 01:43:52 tiny_cifar100_10ep](main.py 348): INFO Train: [2/10][250/390]	eta 0:00:26 lr 0.000115	 wd 0.0500	time 0.1118 (0.1901)	data time 0.0006 (0.0838)	model time 0.1112 (0.1057)	loss 4.1004 (4.0335)	grad_norm 3.3916 (3.5346)	loss_scale 65536.0000 (65536.0000)	mem 1082MB
[2026-03-25 01:43:53 tiny_cifar100_10ep](main.py 348): INFO Train: [2/10][260/390]	eta 0:00:24 lr 0.000115	 wd 0.0500	time 0.1122 (0.1872)	data time 0.0008 (0.0807)	model time 0.1114 (0.1060)	loss 3.9259 (4.0325)	grad_norm 3.7071 (3.5344)	loss_scale 65536.0000 (65536.0000)	mem 1082MB
[2026-03-25 01:43:55 tiny_cifar100_10ep](main.py 348): INFO Train: [2/10][270/390]	eta 0:00:22 lr 0.000115	 wd 0.0500	time 0.1139 (0.1846)	data time 0.0006 (0.0777)	model time 0.1133 (0.1065)	loss 4.0233 (4.0307)	grad_norm 3.6047 (3.5364)	loss_scale 65536.0000 (65536.0000)	mem 1082MB
[2026-03-25 01:43:56 tiny_cifar100_10ep](main.py 348): INFO Train: [2/10][280/390]	eta 0:00:20 lr 0.000114	 wd 0.0500	time 0.1147 (0.1821)	data time 0.0006 (0.0750)	model time 0.1140 (0.1068)	loss 4.0988 (4.0313)	grad_norm 3.6185 (3.5390)	loss_scale 65536.0000 (65536.0000)	mem 1082MB
[2026-03-25 01:43:57 tiny_cifar100_10ep](main.py 348): INFO Train: [2/10][290/390]	eta 0:00:17 lr 0.000114	 wd 0.0500	time 0.1119 (0.1797)	data time 0.0007 (0.0724)	model time 0.1112 (0.1070)	loss 4.2411 (4.0288)	grad_norm 3.0894 (3.5392)	loss_scale 65536.0000 (65536.0000)	mem 1082MB
[2026-03-25 01:43:58 tiny_cifar100_10ep](main.py 348): INFO Train: [2/10][300/390]	eta 0:00:15 lr 0.000114	 wd 0.0500	time 0.1130 (0.1776)	data time 0.0006 (0.0700)	model time 0.1124 (0.1074)	loss 3.6722 (4.0274)	grad_norm 4.3547 (3.5426)	loss_scale 65536.0000 (65536.0000)	mem 1082MB
[2026-03-25 01:43:59 tiny_cifar100_10ep](main.py 348): INFO Train: [2/10][310/390]	eta 0:00:14 lr 0.000113	 wd 0.0500	time 0.1044 (0.1756)	data time 0.0007 (0.0678)	model time 0.1037 (0.1077)	loss 4.3073 (4.0342)	grad_norm 2.9758 (3.5303)	loss_scale 65536.0000 (65536.0000)	mem 1082MB
[2026-03-25 01:44:00 tiny_cifar100_10ep](main.py 348): INFO Train: [2/10][320/390]	eta 0:00:12 lr 0.000113	 wd 0.0500	time 0.1263 (0.1735)	data time 0.0007 (0.0657)	model time 0.1256 (0.1077)	loss 4.1414 (4.0337)	grad_norm 3.2139 (3.5265)	loss_scale 65536.0000 (65536.0000)	mem 1082MB
[2026-03-25 01:44:01 tiny_cifar100_10ep](main.py 348): INFO Train: [2/10][330/390]	eta 0:00:10 lr 0.000113	 wd 0.0500	time 0.1017 (0.1717)	data time 0.0006 (0.0637)	model time 0.1010 (0.1078)	loss 3.8282 (4.0330)	grad_norm 3.4352 (3.5241)	loss_scale 65536.0000 (65536.0000)	mem 1082MB
[2026-03-25 01:44:02 tiny_cifar100_10ep](main.py 348): INFO Train: [2/10][340/390]	eta 0:00:08 lr 0.000112	 wd 0.0500	time 0.1005 (0.1698)	data time 0.0006 (0.0619)	model time 0.0999 (0.1077)	loss 4.1478 (4.0327)	grad_norm 3.6631 (3.5285)	loss_scale 65536.0000 (65536.0000)	mem 1082MB
[2026-03-25 01:44:03 tiny_cifar100_10ep](main.py 348): INFO Train: [2/10][350/390]	eta 0:00:06 lr 0.000112	 wd 0.0500	time 0.1005 (0.1678)	data time 0.0006 (0.0601)	model time 0.0999 (0.1075)	loss 4.1379 (4.0319)	grad_norm 3.4977 (3.5268)	loss_scale 65536.0000 (65536.0000)	mem 1082MB
[2026-03-25 01:44:05 tiny_cifar100_10ep](main.py 348): INFO Train: [2/10][360/390]	eta 0:00:04 lr 0.000112	 wd 0.0500	time 0.1167 (0.1662)	data time 0.0007 (0.0585)	model time 0.1161 (0.1076)	loss 3.9937 (4.0310)	grad_norm 3.5266 (3.5228)	loss_scale 65536.0000 (65536.0000)	mem 1082MB
[2026-03-25 01:44:06 tiny_cifar100_10ep](main.py 348): INFO Train: [2/10][370/390]	eta 0:00:03 lr 0.000111	 wd 0.0500	time 0.1002 (0.1646)	data time 0.0005 (0.0569)	model time 0.0996 (0.1075)	loss 3.8956 (4.0290)	grad_norm 4.4492 (3.5219)	loss_scale 65536.0000 (65536.0000)	mem 1082MB
[2026-03-25 01:44:07 tiny_cifar100_10ep](main.py 348): INFO Train: [2/10][380/390]	eta 0:00:01 lr 0.000111	 wd 0.0500	time 0.0995 (0.1629)	data time 0.0004 (0.0555)	model time 0.0991 (0.1073)	loss 3.9922 (4.0279)	grad_norm 3.5550 (3.5215)	loss_scale 65536.0000 (65536.0000)	mem 1082MB
[2026-03-25 01:44:08 tiny_cifar100_10ep](main.py 359): INFO EPOCH 2 training takes 0:01:03
[2026-03-25 01:44:08 tiny_cifar100_10ep](utils.py 104): INFO ./output_cifar100_noema_10ep/tiny_cifar100_10ep/20260325014008/latest_ckpt.pth saving......
[2026-03-25 01:44:09 tiny_cifar100_10ep](utils.py 106): INFO ./output_cifar100_noema_10ep/tiny_cifar100_10ep/20260325014008/latest_ckpt.pth saved !!!
/home/jlx_75/miniconda3/envs/pvmamba/lib/python3.10/site-packages/requests/__init__.py:109: RequestsDependencyWarning: urllib3 (1.26.13) or chardet (7.2.0)/charset_normalizer (2.1.1) doesn't match a supported version!
  warnings.warn(
/home/jlx_75/miniconda3/envs/pvmamba/lib/python3.10/site-packages/requests/__init__.py:109: RequestsDependencyWarning: urllib3 (1.26.13) or chardet (7.2.0)/charset_normalizer (2.1.1) doesn't match a supported version!
  warnings.warn(
/home/jlx_75/miniconda3/envs/pvmamba/lib/python3.10/site-packages/requests/__init__.py:109: RequestsDependencyWarning: urllib3 (1.26.13) or chardet (7.2.0)/charset_normalizer (2.1.1) doesn't match a supported version!
  warnings.warn(
/home/jlx_75/miniconda3/envs/pvmamba/lib/python3.10/site-packages/requests/__init__.py:109: RequestsDependencyWarning: urllib3 (1.26.13) or chardet (7.2.0)/charset_normalizer (2.1.1) doesn't match a supported version!
  warnings.warn(
/home/jlx_75/miniconda3/envs/pvmamba/lib/python3.10/site-packages/requests/__init__.py:109: RequestsDependencyWarning: urllib3 (1.26.13) or chardet (7.2.0)/charset_normalizer (2.1.1) doesn't match a supported version!
  warnings.warn(
/home/jlx_75/miniconda3/envs/pvmamba/lib/python3.10/site-packages/requests/__init__.py:109: RequestsDependencyWarning: urllib3 (1.26.13) or chardet (7.2.0)/charset_normalizer (2.1.1) doesn't match a supported version!
  warnings.warn(
/home/jlx_75/miniconda3/envs/pvmamba/lib/python3.10/site-packages/requests/__init__.py:109: RequestsDependencyWarning: urllib3 (1.26.13) or chardet (7.2.0)/charset_normalizer (2.1.1) doesn't match a supported version!
  warnings.warn(
/home/jlx_75/miniconda3/envs/pvmamba/lib/python3.10/site-packages/requests/__init__.py:109: RequestsDependencyWarning: urllib3 (1.26.13) or chardet (7.2.0)/charset_normalizer (2.1.1) doesn't match a supported version!
  warnings.warn(
[2026-03-25 01:44:24 tiny_cifar100_10ep](main.py 403): INFO Test: [0/79]	Time 15.115 (15.115)	Loss 3.2969 (3.2969)	Acc@1 21.875 (21.875)	Acc@5 50.781 (50.781)	Mem 1082MB
[2026-03-25 01:44:25 tiny_cifar100_10ep](main.py 403): INFO Test: [10/79]	Time 0.034 (1.416)	Loss 3.3418 (3.3292)	Acc@1 23.438 (20.312)	Acc@5 50.781 (50.000)	Mem 1082MB
[2026-03-25 01:44:25 tiny_cifar100_10ep](main.py 403): INFO Test: [20/79]	Time 0.035 (0.758)	Loss 3.3906 (3.3238)	Acc@1 20.312 (20.610)	Acc@5 48.438 (49.777)	Mem 1082MB
[2026-03-25 01:44:25 tiny_cifar100_10ep](main.py 403): INFO Test: [30/79]	Time 0.035 (0.525)	Loss 3.3203 (3.3211)	Acc@1 22.656 (21.094)	Acc@5 44.531 (49.924)	Mem 1082MB
[2026-03-25 01:44:26 tiny_cifar100_10ep](main.py 403): INFO Test: [40/79]	Time 0.034 (0.405)	Loss 3.3008 (3.3197)	Acc@1 21.875 (21.246)	Acc@5 47.656 (50.171)	Mem 1082MB
[2026-03-25 01:44:26 tiny_cifar100_10ep](main.py 403): INFO Test: [50/79]	Time 0.034 (0.333)	Loss 3.3965 (3.3202)	Acc@1 22.656 (21.186)	Acc@5 50.000 (50.521)	Mem 1082MB
[2026-03-25 01:44:27 tiny_cifar100_10ep](main.py 403): INFO Test: [60/79]	Time 0.035 (0.284)	Loss 3.5273 (3.3259)	Acc@1 18.750 (21.222)	Acc@5 43.750 (50.333)	Mem 1082MB
[2026-03-25 01:44:27 tiny_cifar100_10ep](main.py 403): INFO Test: [70/79]	Time 0.033 (0.249)	Loss 3.3555 (3.3275)	Acc@1 23.438 (21.325)	Acc@5 49.219 (50.396)	Mem 1082MB
[2026-03-25 01:44:28 tiny_cifar100_10ep](main.py 410): INFO  * Acc@1 21.250 Acc@5 50.300
[2026-03-25 01:44:28 tiny_cifar100_10ep](main.py 239): INFO Accuracy of the network on the 10000 test images: 21.2%
[2026-03-25 01:44:28 tiny_cifar100_10ep](main.py 247): INFO New max accuracy: 21.25%
[2026-03-25 01:44:28 tiny_cifar100_10ep](utils.py 104): INFO ./output_cifar100_noema_10ep/tiny_cifar100_10ep/20260325014008/best_ckpt.pth saving......
[2026-03-25 01:44:29 tiny_cifar100_10ep](utils.py 106): INFO ./output_cifar100_noema_10ep/tiny_cifar100_10ep/20260325014008/best_ckpt.pth saved !!!
/home/jlx_75/miniconda3/envs/pvmamba/lib/python3.10/site-packages/requests/__init__.py:109: RequestsDependencyWarning: urllib3 (1.26.13) or chardet (7.2.0)/charset_normalizer (2.1.1) doesn't match a supported version!
  warnings.warn(
/home/jlx_75/miniconda3/envs/pvmamba/lib/python3.10/site-packages/requests/__init__.py:109: RequestsDependencyWarning: urllib3 (1.26.13) or chardet (7.2.0)/charset_normalizer (2.1.1) doesn't match a supported version!
  warnings.warn(
/home/jlx_75/miniconda3/envs/pvmamba/lib/python3.10/site-packages/requests/__init__.py:109: RequestsDependencyWarning: urllib3 (1.26.13) or chardet (7.2.0)/charset_normalizer (2.1.1) doesn't match a supported version!
  warnings.warn(
/home/jlx_75/miniconda3/envs/pvmamba/lib/python3.10/site-packages/requests/__init__.py:109: RequestsDependencyWarning: urllib3 (1.26.13) or chardet (7.2.0)/charset_normalizer (2.1.1) doesn't match a supported version!
  warnings.warn(
/home/jlx_75/miniconda3/envs/pvmamba/lib/python3.10/site-packages/requests/__init__.py:109: RequestsDependencyWarning: urllib3 (1.26.13) or chardet (7.2.0)/charset_normalizer (2.1.1) doesn't match a supported version!
  warnings.warn(
/home/jlx_75/miniconda3/envs/pvmamba/lib/python3.10/site-packages/requests/__init__.py:109: RequestsDependencyWarning: urllib3 (1.26.13) or chardet (7.2.0)/charset_normalizer (2.1.1) doesn't match a supported version!
  warnings.warn(
/home/jlx_75/miniconda3/envs/pvmamba/lib/python3.10/site-packages/requests/__init__.py:109: RequestsDependencyWarning: urllib3 (1.26.13) or chardet (7.2.0)/charset_normalizer (2.1.1) doesn't match a supported version!
  warnings.warn(
/home/jlx_75/miniconda3/envs/pvmamba/lib/python3.10/site-packages/requests/__init__.py:109: RequestsDependencyWarning: urllib3 (1.26.13) or chardet (7.2.0)/charset_normalizer (2.1.1) doesn't match a supported version!
  warnings.warn(
[2026-03-25 01:44:50 tiny_cifar100_10ep](main.py 348): INFO Train: [3/10][0/390]	eta 2:18:32 lr 0.000111	 wd 0.0500	time 21.3133 (21.3133)	data time 21.1404 (21.1404)	model time 0.0000 (0.0000)	loss 3.6479 (3.6479)	grad_norm 3.9030 (3.9030)	loss_scale 65536.0000 (65536.0000)	mem 1082MB
[2026-03-25 01:44:51 tiny_cifar100_10ep](main.py 348): INFO Train: [3/10][10/390]	eta 0:12:53 lr 0.000110	 wd 0.0500	time 0.1049 (2.0350)	data time 0.0005 (1.9224)	model time 0.0000 (0.0000)	loss 3.6067 (3.8334)	grad_norm 4.0107 (3.6895)	loss_scale 65536.0000 (65536.0000)	mem 1082MB
[2026-03-25 01:44:52 tiny_cifar100_10ep](main.py 348): INFO Train: [3/10][20/390]	eta 0:06:52 lr 0.000110	 wd 0.0500	time 0.1063 (1.1161)	data time 0.0006 (1.0073)	model time 0.0000 (0.0000)	loss 3.6756 (3.9416)	grad_norm 4.1151 (3.6187)	loss_scale 65536.0000 (65536.0000)	mem 1082MB
[2026-03-25 01:44:53 tiny_cifar100_10ep](main.py 348): INFO Train: [3/10][30/390]	eta 0:04:44 lr 0.000109	 wd 0.0500	time 0.1081 (0.7913)	data time 0.0007 (0.6826)	model time 0.0000 (0.0000)	loss 4.4017 (4.0061)	grad_norm 3.0081 (3.5363)	loss_scale 65536.0000 (65536.0000)	mem 1082MB
[2026-03-25 01:44:54 tiny_cifar100_10ep](main.py 348): INFO Train: [3/10][40/390]	eta 0:03:39 lr 0.000109	 wd 0.0500	time 0.1182 (0.6262)	data time 0.0005 (0.5162)	model time 0.0000 (0.0000)	loss 3.6964 (3.9768)	grad_norm 3.3754 (3.5310)	loss_scale 65536.0000 (65536.0000)	mem 1082MB
[2026-03-25 01:44:55 tiny_cifar100_10ep](main.py 348): INFO Train: [3/10][50/390]	eta 0:02:59 lr 0.000109	 wd 0.0500	time 0.1198 (0.5269)	data time 0.0009 (0.4152)	model time 0.0000 (0.0000)	loss 3.6472 (3.9947)	grad_norm 4.4409 (3.5186)	loss_scale 65536.0000 (65536.0000)	mem 1082MB
[2026-03-25 01:44:57 tiny_cifar100_10ep](main.py 348): INFO Train: [3/10][60/390]	eta 0:02:31 lr 0.000108	 wd 0.0500	time 0.1254 (0.4605)	data time 0.0008 (0.3472)	model time 0.1246 (0.1211)	loss 3.6315 (3.9816)	grad_norm 3.6240 (3.5112)	loss_scale 65536.0000 (65536.0000)	mem 1082MB
[2026-03-25 01:44:58 tiny_cifar100_10ep](main.py 348): INFO Train: [3/10][70/390]	eta 0:02:12 lr 0.000108	 wd 0.0500	time 0.1209 (0.4128)	data time 0.0006 (0.2984)	model time 0.1203 (0.1210)	loss 3.7838 (3.9558)	grad_norm 4.0359 (3.5452)	loss_scale 65536.0000 (65536.0000)	mem 1082MB
[2026-03-25 01:44:59 tiny_cifar100_10ep](main.py 348): INFO Train: [3/10][80/390]	eta 0:01:56 lr 0.000108	 wd 0.0500	time 0.1108 (0.3765)	data time 0.0005 (0.2617)	model time 0.1103 (0.1200)	loss 3.5225 (3.9449)	grad_norm 4.0183 (3.5655)	loss_scale 65536.0000 (65536.0000)	mem 1082MB
[2026-03-25 01:45:00 tiny_cifar100_10ep](main.py 348): INFO Train: [3/10][90/390]	eta 0:01:44 lr 0.000107	 wd 0.0500	time 0.1127 (0.3477)	data time 0.0007 (0.2330)	model time 0.1120 (0.1186)	loss 3.5678 (3.9422)	grad_norm 3.5615 (3.5597)	loss_scale 65536.0000 (65536.0000)	mem 1082MB
[2026-03-25 01:45:01 tiny_cifar100_10ep](main.py 348): INFO Train: [3/10][100/390]	eta 0:01:34 lr 0.000107	 wd 0.0500	time 0.1113 (0.3245)	data time 0.0006 (0.2100)	model time 0.1107 (0.1173)	loss 3.4620 (3.9341)	grad_norm 4.1763 (3.5773)	loss_scale 65536.0000 (65536.0000)	mem 1082MB
[2026-03-25 01:45:03 tiny_cifar100_10ep](main.py 348): INFO Train: [3/10][110/390]	eta 0:01:25 lr 0.000106	 wd 0.0500	time 0.1113 (0.3056)	data time 0.0005 (0.1911)	model time 0.1108 (0.1169)	loss 3.8701 (3.9389)	grad_norm 3.6552 (3.5873)	loss_scale 65536.0000 (65536.0000)	mem 1082MB
[2026-03-25 01:45:04 tiny_cifar100_10ep](main.py 348): INFO Train: [3/10][120/390]	eta 0:01:18 lr 0.000106	 wd 0.0500	time 0.1963 (0.2908)	data time 0.0006 (0.1754)	model time 0.1958 (0.1180)	loss 3.5456 (3.9388)	grad_norm 4.6178 (3.6167)	loss_scale 65536.0000 (65536.0000)	mem 1082MB
[2026-03-25 01:45:05 tiny_cifar100_10ep](main.py 348): INFO Train: [3/10][130/390]	eta 0:01:12 lr 0.000106	 wd 0.0500	time 0.1115 (0.2772)	data time 0.0007 (0.1621)	model time 0.1108 (0.1173)	loss 4.2488 (3.9414)	grad_norm 3.2106 (3.6233)	loss_scale 65536.0000 (65536.0000)	mem 1082MB
[2026-03-25 01:45:06 tiny_cifar100_10ep](main.py 348): INFO Train: [3/10][140/390]	eta 0:01:06 lr 0.000105	 wd 0.0500	time 0.1115 (0.2657)	data time 0.0006 (0.1506)	model time 0.1109 (0.1170)	loss 4.0290 (3.9380)	grad_norm 3.8081 (3.6345)	loss_scale 65536.0000 (65536.0000)	mem 1082MB
[2026-03-25 01:45:07 tiny_cifar100_10ep](main.py 348): INFO Train: [3/10][150/390]	eta 0:01:01 lr 0.000105	 wd 0.0500	time 0.1110 (0.2557)	data time 0.0008 (0.1407)	model time 0.1102 (0.1166)	loss 4.2593 (3.9398)	grad_norm 3.2135 (3.6345)	loss_scale 65536.0000 (65536.0000)	mem 1082MB
[2026-03-25 01:45:08 tiny_cifar100_10ep](main.py 348): INFO Train: [3/10][160/390]	eta 0:00:56 lr 0.000104	 wd 0.0500	time 0.1117 (0.2467)	data time 0.0005 (0.1320)	model time 0.1112 (0.1162)	loss 4.1641 (3.9455)	grad_norm 3.5550 (3.6265)	loss_scale 65536.0000 (65536.0000)	mem 1082MB
[2026-03-25 01:45:09 tiny_cifar100_10ep](main.py 348): INFO Train: [3/10][170/390]	eta 0:00:52 lr 0.000104	 wd 0.0500	time 0.1239 (0.2391)	data time 0.0006 (0.1243)	model time 0.1233 (0.1161)	loss 3.8002 (3.9429)	grad_norm 3.5270 (3.6244)	loss_scale 65536.0000 (65536.0000)	mem 1082MB
[2026-03-25 01:45:11 tiny_cifar100_10ep](main.py 348): INFO Train: [3/10][180/390]	eta 0:00:48 lr 0.000104	 wd 0.0500	time 0.1119 (0.2321)	data time 0.0006 (0.1175)	model time 0.1113 (0.1158)	loss 3.8799 (3.9376)	grad_norm 3.5064 (3.6273)	loss_scale 65536.0000 (65536.0000)	mem 1082MB
[2026-03-25 01:45:12 tiny_cifar100_10ep](main.py 348): INFO Train: [3/10][190/390]	eta 0:00:45 lr 0.000103	 wd 0.0500	time 0.1130 (0.2262)	data time 0.0007 (0.1114)	model time 0.1123 (0.1159)	loss 4.2009 (3.9449)	grad_norm 3.3153 (3.6262)	loss_scale 65536.0000 (65536.0000)	mem 1082MB
[2026-03-25 01:45:13 tiny_cifar100_10ep](main.py 348): INFO Train: [3/10][200/390]	eta 0:00:41 lr 0.000103	 wd 0.0500	time 0.1134 (0.2206)	data time 0.0008 (0.1058)	model time 0.1126 (0.1158)	loss 4.2514 (3.9531)	grad_norm 3.0034 (3.6128)	loss_scale 65536.0000 (65536.0000)	mem 1082MB
[2026-03-25 01:45:14 tiny_cifar100_10ep](main.py 348): INFO Train: [3/10][210/390]	eta 0:00:38 lr 0.000102	 wd 0.0500	time 0.1110 (0.2155)	data time 0.0006 (0.1009)	model time 0.1104 (0.1156)	loss 3.6254 (3.9532)	grad_norm 3.6856 (3.6130)	loss_scale 65536.0000 (65536.0000)	mem 1082MB
[2026-03-25 01:45:15 tiny_cifar100_10ep](main.py 348): INFO Train: [3/10][220/390]	eta 0:00:35 lr 0.000102	 wd 0.0500	time 0.1116 (0.2109)	data time 0.0008 (0.0963)	model time 0.1108 (0.1154)	loss 4.3014 (3.9539)	grad_norm 3.2191 (3.6156)	loss_scale 65536.0000 (65536.0000)	mem 1082MB
[2026-03-25 01:45:16 tiny_cifar100_10ep](main.py 348): INFO Train: [3/10][230/390]	eta 0:00:33 lr 0.000101	 wd 0.0500	time 0.1119 (0.2067)	data time 0.0007 (0.0922)	model time 0.1112 (0.1153)	loss 3.8507 (3.9594)	grad_norm 3.8236 (3.6158)	loss_scale 65536.0000 (65536.0000)	mem 1082MB
[2026-03-25 01:45:17 tiny_cifar100_10ep](main.py 348): INFO Train: [3/10][240/390]	eta 0:00:30 lr 0.000101	 wd 0.0500	time 0.1109 (0.2028)	data time 0.0007 (0.0884)	model time 0.1102 (0.1151)	loss 3.9138 (3.9616)	grad_norm 3.7438 (3.6136)	loss_scale 65536.0000 (65536.0000)	mem 1082MB
[2026-03-25 01:45:19 tiny_cifar100_10ep](main.py 348): INFO Train: [3/10][250/390]	eta 0:00:27 lr 0.000101	 wd 0.0500	time 0.1110 (0.1994)	data time 0.0005 (0.0849)	model time 0.1105 (0.1152)	loss 3.6365 (3.9590)	grad_norm 4.1505 (3.6163)	loss_scale 65536.0000 (65536.0000)	mem 1082MB
[2026-03-25 01:45:20 tiny_cifar100_10ep](main.py 348): INFO Train: [3/10][260/390]	eta 0:00:25 lr 0.000100	 wd 0.0500	time 0.1169 (0.1961)	data time 0.0007 (0.0817)	model time 0.1162 (0.1151)	loss 4.2716 (3.9556)	grad_norm 3.1341 (3.6201)	loss_scale 65536.0000 (65536.0000)	mem 1082MB
[2026-03-25 01:45:21 tiny_cifar100_10ep](main.py 348): INFO Train: [3/10][270/390]	eta 0:00:23 lr 0.000100	 wd 0.0500	time 0.1107 (0.1930)	data time 0.0008 (0.0787)	model time 0.1099 (0.1149)	loss 4.2205 (3.9549)	grad_norm 3.1814 (3.6182)	loss_scale 65536.0000 (65536.0000)	mem 1082MB
[2026-03-25 01:45:22 tiny_cifar100_10ep](main.py 348): INFO Train: [3/10][280/390]	eta 0:00:20 lr 0.000099	 wd 0.0500	time 0.1219 (0.1903)	data time 0.0006 (0.0759)	model time 0.1213 (0.1150)	loss 4.0948 (3.9489)	grad_norm 3.3705 (3.6224)	loss_scale 65536.0000 (65536.0000)	mem 1082MB
[2026-03-25 01:45:23 tiny_cifar100_10ep](main.py 348): INFO Train: [3/10][290/390]	eta 0:00:18 lr 0.000099	 wd 0.0500	time 0.1108 (0.1876)	data time 0.0006 (0.0733)	model time 0.1102 (0.1148)	loss 3.8150 (3.9483)	grad_norm 3.1694 (3.6236)	loss_scale 65536.0000 (65536.0000)	mem 1082MB
[2026-03-25 01:45:24 tiny_cifar100_10ep](main.py 348): INFO Train: [3/10][300/390]	eta 0:00:16 lr 0.000098	 wd 0.0500	time 0.1234 (0.1852)	data time 0.0005 (0.0709)	model time 0.1229 (0.1148)	loss 3.7197 (3.9491)	grad_norm 3.3944 (3.6249)	loss_scale 65536.0000 (65536.0000)	mem 1082MB
[2026-03-25 01:45:25 tiny_cifar100_10ep](main.py 348): INFO Train: [3/10][310/390]	eta 0:00:14 lr 0.000098	 wd 0.0500	time 0.1113 (0.1830)	data time 0.0006 (0.0687)	model time 0.1107 (0.1148)	loss 3.8329 (3.9474)	grad_norm 3.9520 (3.6277)	loss_scale 65536.0000 (65536.0000)	mem 1082MB
[2026-03-25 01:45:27 tiny_cifar100_10ep](main.py 348): INFO Train: [3/10][320/390]	eta 0:00:12 lr 0.000097	 wd 0.0500	time 0.1112 (0.1808)	data time 0.0006 (0.0665)	model time 0.1106 (0.1147)	loss 3.4401 (3.9503)	grad_norm 4.0904 (3.6345)	loss_scale 65536.0000 (65536.0000)	mem 1082MB
[2026-03-25 01:45:28 tiny_cifar100_10ep](main.py 348): INFO Train: [3/10][330/390]	eta 0:00:10 lr 0.000097	 wd 0.0500	time 0.1241 (0.1788)	data time 0.0006 (0.0645)	model time 0.1234 (0.1147)	loss 4.0751 (3.9515)	grad_norm 3.6295 (3.6306)	loss_scale 65536.0000 (65536.0000)	mem 1082MB
[2026-03-25 01:45:29 tiny_cifar100_10ep](main.py 348): INFO Train: [3/10][340/390]	eta 0:00:08 lr 0.000096	 wd 0.0500	time 0.1114 (0.1769)	data time 0.0008 (0.0627)	model time 0.1106 (0.1146)	loss 4.1203 (3.9524)	grad_norm 3.2064 (3.6338)	loss_scale 65536.0000 (65536.0000)	mem 1082MB
[2026-03-25 01:45:30 tiny_cifar100_10ep](main.py 348): INFO Train: [3/10][350/390]	eta 0:00:07 lr 0.000096	 wd 0.0500	time 0.1146 (0.1751)	data time 0.0006 (0.0609)	model time 0.1140 (0.1146)	loss 3.6570 (3.9524)	grad_norm 3.8021 (3.6374)	loss_scale 65536.0000 (65536.0000)	mem 1082MB
[2026-03-25 01:45:31 tiny_cifar100_10ep](main.py 348): INFO Train: [3/10][360/390]	eta 0:00:05 lr 0.000095	 wd 0.0500	time 0.1126 (0.1734)	data time 0.0006 (0.0592)	model time 0.1120 (0.1146)	loss 4.2085 (3.9504)	grad_norm 5.2253 (3.6416)	loss_scale 65536.0000 (65536.0000)	mem 1082MB
[2026-03-25 01:45:32 tiny_cifar100_10ep](main.py 348): INFO Train: [3/10][370/390]	eta 0:00:03 lr 0.000095	 wd 0.0500	time 0.1136 (0.1719)	data time 0.0008 (0.0577)	model time 0.1128 (0.1146)	loss 3.8144 (3.9497)	grad_norm 3.4275 (3.6485)	loss_scale 65536.0000 (65536.0000)	mem 1082MB
[2026-03-25 01:45:33 tiny_cifar100_10ep](main.py 348): INFO Train: [3/10][380/390]	eta 0:00:01 lr 0.000095	 wd 0.0500	time 0.1109 (0.1703)	data time 0.0004 (0.0562)	model time 0.1105 (0.1145)	loss 4.1180 (3.9488)	grad_norm 3.3732 (3.6488)	loss_scale 65536.0000 (65536.0000)	mem 1082MB
[2026-03-25 01:45:35 tiny_cifar100_10ep](main.py 359): INFO EPOCH 3 training takes 0:01:06
[2026-03-25 01:45:35 tiny_cifar100_10ep](utils.py 104): INFO ./output_cifar100_noema_10ep/tiny_cifar100_10ep/20260325014008/latest_ckpt.pth saving......
[2026-03-25 01:45:36 tiny_cifar100_10ep](utils.py 106): INFO ./output_cifar100_noema_10ep/tiny_cifar100_10ep/20260325014008/latest_ckpt.pth saved !!!
/home/jlx_75/miniconda3/envs/pvmamba/lib/python3.10/site-packages/requests/__init__.py:109: RequestsDependencyWarning: urllib3 (1.26.13) or chardet (7.2.0)/charset_normalizer (2.1.1) doesn't match a supported version!
  warnings.warn(
/home/jlx_75/miniconda3/envs/pvmamba/lib/python3.10/site-packages/requests/__init__.py:109: RequestsDependencyWarning: urllib3 (1.26.13) or chardet (7.2.0)/charset_normalizer (2.1.1) doesn't match a supported version!
  warnings.warn(
/home/jlx_75/miniconda3/envs/pvmamba/lib/python3.10/site-packages/requests/__init__.py:109: RequestsDependencyWarning: urllib3 (1.26.13) or chardet (7.2.0)/charset_normalizer (2.1.1) doesn't match a supported version!
  warnings.warn(
/home/jlx_75/miniconda3/envs/pvmamba/lib/python3.10/site-packages/requests/__init__.py:109: RequestsDependencyWarning: urllib3 (1.26.13) or chardet (7.2.0)/charset_normalizer (2.1.1) doesn't match a supported version!
  warnings.warn(
/home/jlx_75/miniconda3/envs/pvmamba/lib/python3.10/site-packages/requests/__init__.py:109: RequestsDependencyWarning: urllib3 (1.26.13) or chardet (7.2.0)/charset_normalizer (2.1.1) doesn't match a supported version!
  warnings.warn(
/home/jlx_75/miniconda3/envs/pvmamba/lib/python3.10/site-packages/requests/__init__.py:109: RequestsDependencyWarning: urllib3 (1.26.13) or chardet (7.2.0)/charset_normalizer (2.1.1) doesn't match a supported version!
  warnings.warn(
/home/jlx_75/miniconda3/envs/pvmamba/lib/python3.10/site-packages/requests/__init__.py:109: RequestsDependencyWarning: urllib3 (1.26.13) or chardet (7.2.0)/charset_normalizer (2.1.1) doesn't match a supported version!
  warnings.warn(
/home/jlx_75/miniconda3/envs/pvmamba/lib/python3.10/site-packages/requests/__init__.py:109: RequestsDependencyWarning: urllib3 (1.26.13) or chardet (7.2.0)/charset_normalizer (2.1.1) doesn't match a supported version!
  warnings.warn(
[2026-03-25 01:45:51 tiny_cifar100_10ep](main.py 403): INFO Test: [0/79]	Time 14.794 (14.794)	Loss 3.0586 (3.0586)	Acc@1 26.562 (26.562)	Acc@5 61.719 (61.719)	Mem 1082MB
[2026-03-25 01:45:51 tiny_cifar100_10ep](main.py 403): INFO Test: [10/79]	Time 0.034 (1.378)	Loss 3.1641 (3.1385)	Acc@1 28.125 (25.213)	Acc@5 53.906 (56.747)	Mem 1082MB
[2026-03-25 01:45:52 tiny_cifar100_10ep](main.py 403): INFO Test: [20/79]	Time 0.034 (0.738)	Loss 3.2578 (3.1443)	Acc@1 25.000 (25.446)	Acc@5 56.250 (56.138)	Mem 1082MB
[2026-03-25 01:45:52 tiny_cifar100_10ep](main.py 403): INFO Test: [30/79]	Time 0.034 (0.511)	Loss 3.1191 (3.1426)	Acc@1 26.562 (25.630)	Acc@5 53.906 (55.746)	Mem 1082MB
[2026-03-25 01:45:52 tiny_cifar100_10ep](main.py 403): INFO Test: [40/79]	Time 0.034 (0.395)	Loss 3.0312 (3.1441)	Acc@1 30.469 (25.877)	Acc@5 58.594 (55.431)	Mem 1082MB
[2026-03-25 01:45:53 tiny_cifar100_10ep](main.py 403): INFO Test: [50/79]	Time 0.036 (0.324)	Loss 3.2344 (3.1460)	Acc@1 26.562 (25.797)	Acc@5 50.781 (55.423)	Mem 1082MB
[2026-03-25 01:45:53 tiny_cifar100_10ep](main.py 403): INFO Test: [60/79]	Time 0.034 (0.276)	Loss 3.2832 (3.1525)	Acc@1 26.562 (25.666)	Acc@5 55.469 (55.251)	Mem 1082MB
[2026-03-25 01:45:53 tiny_cifar100_10ep](main.py 403): INFO Test: [70/79]	Time 0.033 (0.242)	Loss 3.1895 (3.1514)	Acc@1 24.219 (25.693)	Acc@5 49.219 (55.359)	Mem 1082MB
[2026-03-25 01:45:54 tiny_cifar100_10ep](main.py 410): INFO  * Acc@1 25.640 Acc@5 55.440
[2026-03-25 01:45:54 tiny_cifar100_10ep](main.py 239): INFO Accuracy of the network on the 10000 test images: 25.6%
[2026-03-25 01:45:54 tiny_cifar100_10ep](main.py 247): INFO New max accuracy: 25.64%
[2026-03-25 01:45:54 tiny_cifar100_10ep](utils.py 104): INFO ./output_cifar100_noema_10ep/tiny_cifar100_10ep/20260325014008/best_ckpt.pth saving......
[2026-03-25 01:45:55 tiny_cifar100_10ep](utils.py 106): INFO ./output_cifar100_noema_10ep/tiny_cifar100_10ep/20260325014008/best_ckpt.pth saved !!!
/home/jlx_75/miniconda3/envs/pvmamba/lib/python3.10/site-packages/requests/__init__.py:109: RequestsDependencyWarning: urllib3 (1.26.13) or chardet (7.2.0)/charset_normalizer (2.1.1) doesn't match a supported version!
  warnings.warn(
/home/jlx_75/miniconda3/envs/pvmamba/lib/python3.10/site-packages/requests/__init__.py:109: RequestsDependencyWarning: urllib3 (1.26.13) or chardet (7.2.0)/charset_normalizer (2.1.1) doesn't match a supported version!
  warnings.warn(
/home/jlx_75/miniconda3/envs/pvmamba/lib/python3.10/site-packages/requests/__init__.py:109: RequestsDependencyWarning: urllib3 (1.26.13) or chardet (7.2.0)/charset_normalizer (2.1.1) doesn't match a supported version!
  warnings.warn(
/home/jlx_75/miniconda3/envs/pvmamba/lib/python3.10/site-packages/requests/__init__.py:109: RequestsDependencyWarning: urllib3 (1.26.13) or chardet (7.2.0)/charset_normalizer (2.1.1) doesn't match a supported version!
  warnings.warn(
/home/jlx_75/miniconda3/envs/pvmamba/lib/python3.10/site-packages/requests/__init__.py:109: RequestsDependencyWarning: urllib3 (1.26.13) or chardet (7.2.0)/charset_normalizer (2.1.1) doesn't match a supported version!
  warnings.warn(
/home/jlx_75/miniconda3/envs/pvmamba/lib/python3.10/site-packages/requests/__init__.py:109: RequestsDependencyWarning: urllib3 (1.26.13) or chardet (7.2.0)/charset_normalizer (2.1.1) doesn't match a supported version!
  warnings.warn(
/home/jlx_75/miniconda3/envs/pvmamba/lib/python3.10/site-packages/requests/__init__.py:109: RequestsDependencyWarning: urllib3 (1.26.13) or chardet (7.2.0)/charset_normalizer (2.1.1) doesn't match a supported version!
  warnings.warn(
/home/jlx_75/miniconda3/envs/pvmamba/lib/python3.10/site-packages/requests/__init__.py:109: RequestsDependencyWarning: urllib3 (1.26.13) or chardet (7.2.0)/charset_normalizer (2.1.1) doesn't match a supported version!
  warnings.warn(
[2026-03-25 01:46:16 tiny_cifar100_10ep](main.py 348): INFO Train: [4/10][0/390]	eta 2:17:47 lr 0.000094	 wd 0.0500	time 21.1983 (21.1983)	data time 21.0229 (21.0229)	model time 0.0000 (0.0000)	loss 4.1602 (4.1602)	grad_norm 3.8961 (3.8961)	loss_scale 65536.0000 (65536.0000)	mem 1082MB
[2026-03-25 01:46:17 tiny_cifar100_10ep](main.py 348): INFO Train: [4/10][10/390]	eta 0:12:50 lr 0.000094	 wd 0.0500	time 0.1055 (2.0270)	data time 0.0007 (1.9118)	model time 0.0000 (0.0000)	loss 4.1751 (3.8577)	grad_norm 3.5648 (3.6850)	loss_scale 65536.0000 (65536.0000)	mem 1082MB
[2026-03-25 01:46:18 tiny_cifar100_10ep](main.py 348): INFO Train: [4/10][20/390]	eta 0:06:51 lr 0.000093	 wd 0.0500	time 0.1068 (1.1122)	data time 0.0008 (1.0017)	model time 0.0000 (0.0000)	loss 4.1567 (3.8976)	grad_norm 3.6425 (3.7347)	loss_scale 65536.0000 (65536.0000)	mem 1082MB
[2026-03-25 01:46:20 tiny_cifar100_10ep](main.py 348): INFO Train: [4/10][30/390]	eta 0:04:43 lr 0.000093	 wd 0.0500	time 0.1129 (0.7884)	data time 0.0007 (0.6788)	model time 0.0000 (0.0000)	loss 3.6225 (3.8452)	grad_norm 3.3613 (3.7512)	loss_scale 65536.0000 (65536.0000)	mem 1082MB
[2026-03-25 01:46:21 tiny_cifar100_10ep](main.py 348): INFO Train: [4/10][40/390]	eta 0:03:37 lr 0.000092	 wd 0.0500	time 0.1097 (0.6226)	data time 0.0006 (0.5134)	model time 0.0000 (0.0000)	loss 4.1218 (3.8568)	grad_norm 4.2588 (3.8050)	loss_scale 65536.0000 (65536.0000)	mem 1082MB
[2026-03-25 01:46:22 tiny_cifar100_10ep](main.py 348): INFO Train: [4/10][50/390]	eta 0:02:57 lr 0.000092	 wd 0.0500	time 0.1074 (0.5224)	data time 0.0007 (0.4128)	model time 0.0000 (0.0000)	loss 4.1389 (3.8295)	grad_norm 3.5388 (3.8234)	loss_scale 65536.0000 (65536.0000)	mem 1082MB
[2026-03-25 01:46:23 tiny_cifar100_10ep](main.py 348): INFO Train: [4/10][60/390]	eta 0:02:29 lr 0.000091	 wd 0.0500	time 0.1014 (0.4542)	data time 0.0006 (0.3453)	model time 0.1008 (0.1055)	loss 3.8194 (3.8435)	grad_norm 3.6888 (3.8487)	loss_scale 65536.0000 (65536.0000)	mem 1082MB
[2026-03-25 01:46:24 tiny_cifar100_10ep](main.py 348): INFO Train: [4/10][70/390]	eta 0:02:09 lr 0.000091	 wd 0.0500	time 0.1041 (0.4047)	data time 0.0006 (0.2967)	model time 0.1035 (0.1040)	loss 3.9896 (3.8507)	grad_norm 3.4853 (3.8278)	loss_scale 65536.0000 (65536.0000)	mem 1082MB
[2026-03-25 01:46:25 tiny_cifar100_10ep](main.py 348): INFO Train: [4/10][80/390]	eta 0:01:54 lr 0.000090	 wd 0.0500	time 0.1035 (0.3679)	data time 0.0006 (0.2602)	model time 0.1029 (0.1045)	loss 3.4597 (3.8509)	grad_norm 4.0689 (3.8186)	loss_scale 65536.0000 (65536.0000)	mem 1082MB
[2026-03-25 01:46:26 tiny_cifar100_10ep](main.py 348): INFO Train: [4/10][90/390]	eta 0:01:41 lr 0.000090	 wd 0.0500	time 0.1029 (0.3393)	data time 0.0005 (0.2317)	model time 0.1024 (0.1052)	loss 3.7365 (3.8508)	grad_norm 3.8851 (3.8090)	loss_scale 65536.0000 (65536.0000)	mem 1082MB
[2026-03-25 01:46:27 tiny_cifar100_10ep](main.py 348): INFO Train: [4/10][100/390]	eta 0:01:31 lr 0.000089	 wd 0.0500	time 0.1017 (0.3160)	data time 0.0006 (0.2088)	model time 0.1011 (0.1049)	loss 3.7967 (3.8552)	grad_norm 3.7442 (3.8163)	loss_scale 65536.0000 (65536.0000)	mem 1082MB
[2026-03-25 01:46:28 tiny_cifar100_10ep](main.py 348): INFO Train: [4/10][110/390]	eta 0:01:23 lr 0.000089	 wd 0.0500	time 0.1071 (0.2969)	data time 0.0007 (0.1900)	model time 0.1064 (0.1046)	loss 4.1601 (3.8628)	grad_norm 3.6753 (3.8475)	loss_scale 65536.0000 (65536.0000)	mem 1082MB
[2026-03-25 01:46:29 tiny_cifar100_10ep](main.py 348): INFO Train: [4/10][120/390]	eta 0:01:15 lr 0.000088	 wd 0.0500	time 0.1022 (0.2812)	data time 0.0008 (0.1744)	model time 0.1014 (0.1048)	loss 3.5909 (3.8594)	grad_norm 4.4632 (3.8437)	loss_scale 65536.0000 (65536.0000)	mem 1082MB
[2026-03-25 01:46:30 tiny_cifar100_10ep](main.py 348): INFO Train: [4/10][130/390]	eta 0:01:09 lr 0.000088	 wd 0.0500	time 0.1029 (0.2677)	data time 0.0005 (0.1611)	model time 0.1024 (0.1047)	loss 3.5701 (3.8690)	grad_norm 3.8567 (3.8444)	loss_scale 65536.0000 (65536.0000)	mem 1082MB
[2026-03-25 01:46:31 tiny_cifar100_10ep](main.py 348): INFO Train: [4/10][140/390]	eta 0:01:04 lr 0.000087	 wd 0.0500	time 0.1018 (0.2561)	data time 0.0006 (0.1497)	model time 0.1012 (0.1046)	loss 4.0123 (3.8728)	grad_norm 4.4144 (3.8491)	loss_scale 65536.0000 (65536.0000)	mem 1082MB
[2026-03-25 01:46:32 tiny_cifar100_10ep](main.py 348): INFO Train: [4/10][150/390]	eta 0:00:59 lr 0.000087	 wd 0.0500	time 0.1018 (0.2462)	data time 0.0005 (0.1398)	model time 0.1012 (0.1047)	loss 3.3013 (3.8684)	grad_norm 4.5897 (3.8499)	loss_scale 65536.0000 (65536.0000)	mem 1082MB
[2026-03-25 01:46:33 tiny_cifar100_10ep](main.py 348): INFO Train: [4/10][160/390]	eta 0:00:54 lr 0.000086	 wd 0.0500	time 0.1003 (0.2372)	data time 0.0006 (0.1312)	model time 0.0997 (0.1044)	loss 4.1063 (3.8692)	grad_norm 3.6151 (3.8636)	loss_scale 65536.0000 (65536.0000)	mem 1082MB
[2026-03-25 01:46:34 tiny_cifar100_10ep](main.py 348): INFO Train: [4/10][170/390]	eta 0:00:50 lr 0.000086	 wd 0.0500	time 0.1014 (0.2295)	data time 0.0005 (0.1236)	model time 0.1009 (0.1044)	loss 3.6695 (3.8728)	grad_norm 3.4824 (3.8565)	loss_scale 65536.0000 (65536.0000)	mem 1082MB
[2026-03-25 01:46:35 tiny_cifar100_10ep](main.py 348): INFO Train: [4/10][180/390]	eta 0:00:46 lr 0.000085	 wd 0.0500	time 0.1018 (0.2226)	data time 0.0005 (0.1168)	model time 0.1013 (0.1043)	loss 3.4522 (3.8700)	grad_norm 4.2933 (3.8549)	loss_scale 65536.0000 (65536.0000)	mem 1082MB
[2026-03-25 01:46:36 tiny_cifar100_10ep](main.py 348): INFO Train: [4/10][190/390]	eta 0:00:43 lr 0.000085	 wd 0.0500	time 0.1089 (0.2166)	data time 0.0006 (0.1107)	model time 0.1083 (0.1046)	loss 4.2816 (3.8698)	grad_norm 5.4256 (3.8596)	loss_scale 65536.0000 (65536.0000)	mem 1082MB
[2026-03-25 01:46:38 tiny_cifar100_10ep](main.py 348): INFO Train: [4/10][200/390]	eta 0:00:40 lr 0.000084	 wd 0.0500	time 0.1020 (0.2111)	data time 0.0006 (0.1052)	model time 0.1014 (0.1047)	loss 3.6768 (3.8746)	grad_norm 4.0137 (3.8642)	loss_scale 65536.0000 (65536.0000)	mem 1082MB
[2026-03-25 01:46:39 tiny_cifar100_10ep](main.py 348): INFO Train: [4/10][210/390]	eta 0:00:37 lr 0.000084	 wd 0.0500	time 0.1061 (0.2061)	data time 0.0007 (0.1003)	model time 0.1054 (0.1046)	loss 4.1896 (3.8775)	grad_norm 3.1173 (3.8665)	loss_scale 65536.0000 (65536.0000)	mem 1082MB
[2026-03-25 01:46:40 tiny_cifar100_10ep](main.py 348): INFO Train: [4/10][220/390]	eta 0:00:34 lr 0.000083	 wd 0.0500	time 0.1021 (0.2016)	data time 0.0006 (0.0958)	model time 0.1015 (0.1047)	loss 3.9104 (3.8728)	grad_norm 3.9417 (3.8665)	loss_scale 65536.0000 (65536.0000)	mem 1082MB
[2026-03-25 01:46:41 tiny_cifar100_10ep](main.py 348): INFO Train: [4/10][230/390]	eta 0:00:31 lr 0.000082	 wd 0.0500	time 0.1021 (0.1973)	data time 0.0006 (0.0916)	model time 0.1015 (0.1045)	loss 4.2175 (3.8799)	grad_norm 3.3087 (3.8560)	loss_scale 65536.0000 (65536.0000)	mem 1082MB
[2026-03-25 01:46:42 tiny_cifar100_10ep](main.py 348): INFO Train: [4/10][240/390]	eta 0:00:29 lr 0.000082	 wd 0.0500	time 0.1052 (0.1934)	data time 0.0006 (0.0879)	model time 0.1045 (0.1045)	loss 4.3179 (3.8832)	grad_norm 3.4209 (3.8501)	loss_scale 65536.0000 (65536.0000)	mem 1082MB
[2026-03-25 01:46:43 tiny_cifar100_10ep](main.py 348): INFO Train: [4/10][250/390]	eta 0:00:26 lr 0.000081	 wd 0.0500	time 0.1001 (0.1898)	data time 0.0005 (0.0844)	model time 0.0996 (0.1044)	loss 3.6436 (3.8862)	grad_norm 4.1001 (3.8490)	loss_scale 65536.0000 (65536.0000)	mem 1082MB
[2026-03-25 01:46:44 tiny_cifar100_10ep](main.py 348): INFO Train: [4/10][260/390]	eta 0:00:24 lr 0.000081	 wd 0.0500	time 0.1071 (0.1866)	data time 0.0006 (0.0812)	model time 0.1065 (0.1044)	loss 3.4602 (3.8845)	grad_norm 4.6773 (3.8472)	loss_scale 65536.0000 (65536.0000)	mem 1082MB
[2026-03-25 01:46:45 tiny_cifar100_10ep](main.py 348): INFO Train: [4/10][270/390]	eta 0:00:22 lr 0.000080	 wd 0.0500	time 0.1014 (0.1836)	data time 0.0005 (0.0782)	model time 0.1009 (0.1044)	loss 3.9582 (3.8853)	grad_norm 3.6405 (3.8447)	loss_scale 65536.0000 (65536.0000)	mem 1082MB
[2026-03-25 01:46:46 tiny_cifar100_10ep](main.py 348): INFO Train: [4/10][280/390]	eta 0:00:19 lr 0.000080	 wd 0.0500	time 0.1078 (0.1809)	data time 0.0006 (0.0754)	model time 0.1072 (0.1045)	loss 3.8066 (3.8829)	grad_norm 3.5777 (3.8453)	loss_scale 65536.0000 (65536.0000)	mem 1082MB
[2026-03-25 01:46:47 tiny_cifar100_10ep](main.py 348): INFO Train: [4/10][290/390]	eta 0:00:17 lr 0.000079	 wd 0.0500	time 0.1027 (0.1783)	data time 0.0006 (0.0729)	model time 0.1021 (0.1045)	loss 4.1355 (3.8820)	grad_norm 4.2427 (3.8470)	loss_scale 65536.0000 (65536.0000)	mem 1082MB
[2026-03-25 01:46:48 tiny_cifar100_10ep](main.py 348): INFO Train: [4/10][300/390]	eta 0:00:15 lr 0.000079	 wd 0.0500	time 0.1025 (0.1760)	data time 0.0005 (0.0705)	model time 0.1020 (0.1047)	loss 3.8813 (3.8817)	grad_norm 3.9278 (3.8567)	loss_scale 65536.0000 (65536.0000)	mem 1082MB
[2026-03-25 01:46:49 tiny_cifar100_10ep](main.py 348): INFO Train: [4/10][310/390]	eta 0:00:13 lr 0.000078	 wd 0.0500	time 0.1017 (0.1737)	data time 0.0006 (0.0682)	model time 0.1011 (0.1046)	loss 4.2579 (3.8878)	grad_norm 3.4485 (3.8592)	loss_scale 65536.0000 (65536.0000)	mem 1082MB
[2026-03-25 01:46:50 tiny_cifar100_10ep](main.py 348): INFO Train: [4/10][320/390]	eta 0:00:12 lr 0.000078	 wd 0.0500	time 0.1028 (0.1717)	data time 0.0005 (0.0661)	model time 0.1023 (0.1048)	loss 3.4287 (3.8862)	grad_norm 3.9493 (3.8606)	loss_scale 65536.0000 (65536.0000)	mem 1082MB
[2026-03-25 01:46:51 tiny_cifar100_10ep](main.py 348): INFO Train: [4/10][330/390]	eta 0:00:10 lr 0.000077	 wd 0.0500	time 0.1015 (0.1697)	data time 0.0005 (0.0641)	model time 0.1010 (0.1048)	loss 3.6784 (3.8848)	grad_norm 3.6191 (3.8557)	loss_scale 65536.0000 (65536.0000)	mem 1082MB
[2026-03-25 01:46:52 tiny_cifar100_10ep](main.py 348): INFO Train: [4/10][340/390]	eta 0:00:08 lr 0.000077	 wd 0.0500	time 0.1031 (0.1679)	data time 0.0005 (0.0623)	model time 0.1026 (0.1049)	loss 3.4705 (3.8883)	grad_norm 4.1990 (3.8535)	loss_scale 65536.0000 (65536.0000)	mem 1082MB
[2026-03-25 01:46:53 tiny_cifar100_10ep](main.py 348): INFO Train: [4/10][350/390]	eta 0:00:06 lr 0.000076	 wd 0.0500	time 0.1058 (0.1662)	data time 0.0005 (0.0605)	model time 0.1053 (0.1050)	loss 4.1315 (3.8918)	grad_norm 4.0956 (3.8515)	loss_scale 65536.0000 (65536.0000)	mem 1082MB
[2026-03-25 01:46:55 tiny_cifar100_10ep](main.py 348): INFO Train: [4/10][360/390]	eta 0:00:04 lr 0.000076	 wd 0.0500	time 0.1018 (0.1645)	data time 0.0005 (0.0589)	model time 0.1013 (0.1050)	loss 3.9485 (3.8942)	grad_norm 4.1808 (3.8485)	loss_scale 65536.0000 (65536.0000)	mem 1082MB
[2026-03-25 01:46:56 tiny_cifar100_10ep](main.py 348): INFO Train: [4/10][370/390]	eta 0:00:03 lr 0.000075	 wd 0.0500	time 0.1056 (0.1629)	data time 0.0005 (0.0573)	model time 0.1051 (0.1050)	loss 4.1515 (3.8921)	grad_norm 3.8536 (3.8462)	loss_scale 65536.0000 (65536.0000)	mem 1082MB
[2026-03-25 01:46:57 tiny_cifar100_10ep](main.py 348): INFO Train: [4/10][380/390]	eta 0:00:01 lr 0.000074	 wd 0.0500	time 0.0994 (0.1613)	data time 0.0003 (0.0558)	model time 0.0990 (0.1049)	loss 4.2905 (3.8962)	grad_norm 4.5625 (3.8427)	loss_scale 65536.0000 (65536.0000)	mem 1082MB
[2026-03-25 01:46:58 tiny_cifar100_10ep](main.py 359): INFO EPOCH 4 training takes 0:01:03
[2026-03-25 01:46:58 tiny_cifar100_10ep](utils.py 104): INFO ./output_cifar100_noema_10ep/tiny_cifar100_10ep/20260325014008/latest_ckpt.pth saving......
[2026-03-25 01:46:59 tiny_cifar100_10ep](utils.py 106): INFO ./output_cifar100_noema_10ep/tiny_cifar100_10ep/20260325014008/latest_ckpt.pth saved !!!
/home/jlx_75/miniconda3/envs/pvmamba/lib/python3.10/site-packages/requests/__init__.py:109: RequestsDependencyWarning: urllib3 (1.26.13) or chardet (7.2.0)/charset_normalizer (2.1.1) doesn't match a supported version!
  warnings.warn(
/home/jlx_75/miniconda3/envs/pvmamba/lib/python3.10/site-packages/requests/__init__.py:109: RequestsDependencyWarning: urllib3 (1.26.13) or chardet (7.2.0)/charset_normalizer (2.1.1) doesn't match a supported version!
  warnings.warn(
/home/jlx_75/miniconda3/envs/pvmamba/lib/python3.10/site-packages/requests/__init__.py:109: RequestsDependencyWarning: urllib3 (1.26.13) or chardet (7.2.0)/charset_normalizer (2.1.1) doesn't match a supported version!
  warnings.warn(
/home/jlx_75/miniconda3/envs/pvmamba/lib/python3.10/site-packages/requests/__init__.py:109: RequestsDependencyWarning: urllib3 (1.26.13) or chardet (7.2.0)/charset_normalizer (2.1.1) doesn't match a supported version!
  warnings.warn(
/home/jlx_75/miniconda3/envs/pvmamba/lib/python3.10/site-packages/requests/__init__.py:109: RequestsDependencyWarning: urllib3 (1.26.13) or chardet (7.2.0)/charset_normalizer (2.1.1) doesn't match a supported version!
  warnings.warn(
/home/jlx_75/miniconda3/envs/pvmamba/lib/python3.10/site-packages/requests/__init__.py:109: RequestsDependencyWarning: urllib3 (1.26.13) or chardet (7.2.0)/charset_normalizer (2.1.1) doesn't match a supported version!
  warnings.warn(
/home/jlx_75/miniconda3/envs/pvmamba/lib/python3.10/site-packages/requests/__init__.py:109: RequestsDependencyWarning: urllib3 (1.26.13) or chardet (7.2.0)/charset_normalizer (2.1.1) doesn't match a supported version!
  warnings.warn(
/home/jlx_75/miniconda3/envs/pvmamba/lib/python3.10/site-packages/requests/__init__.py:109: RequestsDependencyWarning: urllib3 (1.26.13) or chardet (7.2.0)/charset_normalizer (2.1.1) doesn't match a supported version!
  warnings.warn(
[2026-03-25 01:47:14 tiny_cifar100_10ep](main.py 403): INFO Test: [0/79]	Time 15.183 (15.183)	Loss 2.9746 (2.9746)	Acc@1 35.156 (35.156)	Acc@5 63.281 (63.281)	Mem 1082MB
[2026-03-25 01:47:15 tiny_cifar100_10ep](main.py 403): INFO Test: [10/79]	Time 0.034 (1.413)	Loss 2.9961 (3.0554)	Acc@1 32.812 (28.267)	Acc@5 60.938 (58.026)	Mem 1082MB
[2026-03-25 01:47:15 tiny_cifar100_10ep](main.py 403): INFO Test: [20/79]	Time 0.035 (0.757)	Loss 3.1484 (3.0472)	Acc@1 22.656 (27.679)	Acc@5 58.594 (57.924)	Mem 1082MB
[2026-03-25 01:47:15 tiny_cifar100_10ep](main.py 403): INFO Test: [30/79]	Time 0.034 (0.524)	Loss 3.0078 (3.0437)	Acc@1 27.344 (27.621)	Acc@5 57.812 (58.266)	Mem 1082MB
[2026-03-25 01:47:16 tiny_cifar100_10ep](main.py 403): INFO Test: [40/79]	Time 0.034 (0.404)	Loss 2.9551 (3.0441)	Acc@1 33.594 (27.458)	Acc@5 56.250 (58.155)	Mem 1082MB
[2026-03-25 01:47:16 tiny_cifar100_10ep](main.py 403): INFO Test: [50/79]	Time 0.034 (0.332)	Loss 3.1504 (3.0492)	Acc@1 24.219 (27.068)	Acc@5 57.031 (58.150)	Mem 1082MB
[2026-03-25 01:47:16 tiny_cifar100_10ep](main.py 403): INFO Test: [60/79]	Time 0.034 (0.283)	Loss 3.2266 (3.0527)	Acc@1 28.125 (27.203)	Acc@5 58.594 (58.197)	Mem 1082MB
[2026-03-25 01:47:17 tiny_cifar100_10ep](main.py 403): INFO Test: [70/79]	Time 0.033 (0.248)	Loss 3.1211 (3.0533)	Acc@1 28.125 (27.333)	Acc@5 53.906 (58.308)	Mem 1082MB
[2026-03-25 01:47:18 tiny_cifar100_10ep](main.py 410): INFO  * Acc@1 27.340 Acc@5 58.430
[2026-03-25 01:47:18 tiny_cifar100_10ep](main.py 239): INFO Accuracy of the network on the 10000 test images: 27.3%
[2026-03-25 01:47:18 tiny_cifar100_10ep](main.py 247): INFO New max accuracy: 27.34%
[2026-03-25 01:47:18 tiny_cifar100_10ep](utils.py 104): INFO ./output_cifar100_noema_10ep/tiny_cifar100_10ep/20260325014008/best_ckpt.pth saving......
[2026-03-25 01:47:19 tiny_cifar100_10ep](utils.py 106): INFO ./output_cifar100_noema_10ep/tiny_cifar100_10ep/20260325014008/best_ckpt.pth saved !!!
/home/jlx_75/miniconda3/envs/pvmamba/lib/python3.10/site-packages/requests/__init__.py:109: RequestsDependencyWarning: urllib3 (1.26.13) or chardet (7.2.0)/charset_normalizer (2.1.1) doesn't match a supported version!
  warnings.warn(
/home/jlx_75/miniconda3/envs/pvmamba/lib/python3.10/site-packages/requests/__init__.py:109: RequestsDependencyWarning: urllib3 (1.26.13) or chardet (7.2.0)/charset_normalizer (2.1.1) doesn't match a supported version!
  warnings.warn(
/home/jlx_75/miniconda3/envs/pvmamba/lib/python3.10/site-packages/requests/__init__.py:109: RequestsDependencyWarning: urllib3 (1.26.13) or chardet (7.2.0)/charset_normalizer (2.1.1) doesn't match a supported version!
  warnings.warn(
/home/jlx_75/miniconda3/envs/pvmamba/lib/python3.10/site-packages/requests/__init__.py:109: RequestsDependencyWarning: urllib3 (1.26.13) or chardet (7.2.0)/charset_normalizer (2.1.1) doesn't match a supported version!
  warnings.warn(
/home/jlx_75/miniconda3/envs/pvmamba/lib/python3.10/site-packages/requests/__init__.py:109: RequestsDependencyWarning: urllib3 (1.26.13) or chardet (7.2.0)/charset_normalizer (2.1.1) doesn't match a supported version!
  warnings.warn(
/home/jlx_75/miniconda3/envs/pvmamba/lib/python3.10/site-packages/requests/__init__.py:109: RequestsDependencyWarning: urllib3 (1.26.13) or chardet (7.2.0)/charset_normalizer (2.1.1) doesn't match a supported version!
  warnings.warn(
/home/jlx_75/miniconda3/envs/pvmamba/lib/python3.10/site-packages/requests/__init__.py:109: RequestsDependencyWarning: urllib3 (1.26.13) or chardet (7.2.0)/charset_normalizer (2.1.1) doesn't match a supported version!
  warnings.warn(
/home/jlx_75/miniconda3/envs/pvmamba/lib/python3.10/site-packages/requests/__init__.py:109: RequestsDependencyWarning: urllib3 (1.26.13) or chardet (7.2.0)/charset_normalizer (2.1.1) doesn't match a supported version!
  warnings.warn(
[2026-03-25 01:47:41 tiny_cifar100_10ep](main.py 348): INFO Train: [5/10][0/390]	eta 2:23:55 lr 0.000074	 wd 0.0500	time 22.1417 (22.1417)	data time 21.9772 (21.9772)	model time 0.0000 (0.0000)	loss 4.1325 (4.1325)	grad_norm 3.0567 (3.0567)	loss_scale 65536.0000 (65536.0000)	mem 1082MB
[2026-03-25 01:47:42 tiny_cifar100_10ep](main.py 348): INFO Train: [5/10][10/390]	eta 0:13:22 lr 0.000073	 wd 0.0500	time 0.1045 (2.1114)	data time 0.0006 (1.9985)	model time 0.0000 (0.0000)	loss 3.8430 (3.8454)	grad_norm 3.2258 (3.7464)	loss_scale 65536.0000 (65536.0000)	mem 1082MB
[2026-03-25 01:47:43 tiny_cifar100_10ep](main.py 348): INFO Train: [5/10][20/390]	eta 0:07:07 lr 0.000073	 wd 0.0500	time 0.1048 (1.1565)	data time 0.0005 (1.0471)	model time 0.0000 (0.0000)	loss 4.1043 (3.8676)	grad_norm 4.3495 (3.8478)	loss_scale 65536.0000 (65536.0000)	mem 1082MB
[2026-03-25 01:47:44 tiny_cifar100_10ep](main.py 348): INFO Train: [5/10][30/390]	eta 0:04:54 lr 0.000072	 wd 0.0500	time 0.1078 (0.8179)	data time 0.0006 (0.7095)	model time 0.0000 (0.0000)	loss 4.0324 (3.8815)	grad_norm 3.7617 (3.8472)	loss_scale 65536.0000 (65536.0000)	mem 1082MB
[2026-03-25 01:47:45 tiny_cifar100_10ep](main.py 348): INFO Train: [5/10][40/390]	eta 0:03:45 lr 0.000072	 wd 0.0500	time 0.1071 (0.6447)	data time 0.0007 (0.5366)	model time 0.0000 (0.0000)	loss 3.5539 (3.8786)	grad_norm 3.6927 (3.8458)	loss_scale 65536.0000 (65536.0000)	mem 1082MB
[2026-03-25 01:47:46 tiny_cifar100_10ep](main.py 348): INFO Train: [5/10][50/390]	eta 0:03:03 lr 0.000071	 wd 0.0500	time 0.1097 (0.5398)	data time 0.0005 (0.4315)	model time 0.0000 (0.0000)	loss 3.4435 (3.8438)	grad_norm 3.9563 (3.8589)	loss_scale 131072.0000 (68106.0392)	mem 1082MB
[2026-03-25 01:47:47 tiny_cifar100_10ep](main.py 348): INFO Train: [5/10][60/390]	eta 0:02:35 lr 0.000071	 wd 0.0500	time 0.1145 (0.4699)	data time 0.0005 (0.3609)	model time 0.1140 (0.1128)	loss 4.0362 (3.8606)	grad_norm 4.4762 (3.8632)	loss_scale 131072.0000 (78428.3279)	mem 1082MB
[2026-03-25 01:47:48 tiny_cifar100_10ep](main.py 348): INFO Train: [5/10][70/390]	eta 0:02:14 lr 0.000070	 wd 0.0500	time 0.1021 (0.4190)	data time 0.0006 (0.3102)	model time 0.1015 (0.1103)	loss 4.0827 (3.8198)	grad_norm 4.2715 (3.9183)	loss_scale 131072.0000 (85842.9296)	mem 1082MB
[2026-03-25 01:47:49 tiny_cifar100_10ep](main.py 348): INFO Train: [5/10][80/390]	eta 0:01:58 lr 0.000069	 wd 0.0500	time 0.1056 (0.3809)	data time 0.0005 (0.2719)	model time 0.1050 (0.1102)	loss 3.3340 (3.8143)	grad_norm 4.9644 (3.9314)	loss_scale 131072.0000 (91426.7654)	mem 1082MB
[2026-03-25 01:47:50 tiny_cifar100_10ep](main.py 348): INFO Train: [5/10][90/390]	eta 0:01:45 lr 0.000069	 wd 0.0500	time 0.1017 (0.3507)	data time 0.0005 (0.2421)	model time 0.1012 (0.1090)	loss 3.7269 (3.8242)	grad_norm 3.5757 (3.9384)	loss_scale 131072.0000 (95783.3846)	mem 1082MB
[2026-03-25 01:47:52 tiny_cifar100_10ep](main.py 348): INFO Train: [5/10][100/390]	eta 0:01:34 lr 0.000068	 wd 0.0500	time 0.1153 (0.3263)	data time 0.0005 (0.2182)	model time 0.1148 (0.1079)	loss 3.4714 (3.8223)	grad_norm 4.0595 (3.9235)	loss_scale 131072.0000 (99277.3069)	mem 1082MB
[2026-03-25 01:47:53 tiny_cifar100_10ep](main.py 348): INFO Train: [5/10][110/390]	eta 0:01:25 lr 0.000068	 wd 0.0500	time 0.1017 (0.3065)	data time 0.0005 (0.1986)	model time 0.1013 (0.1076)	loss 3.8899 (3.8359)	grad_norm 3.7606 (3.9048)	loss_scale 131072.0000 (102141.6937)	mem 1082MB
[2026-03-25 01:47:54 tiny_cifar100_10ep](main.py 348): INFO Train: [5/10][120/390]	eta 0:01:18 lr 0.000067	 wd 0.0500	time 0.1214 (0.2900)	data time 0.0006 (0.1822)	model time 0.1208 (0.1074)	loss 3.3340 (3.8323)	grad_norm 4.3663 (3.9189)	loss_scale 131072.0000 (104532.6281)	mem 1082MB
[2026-03-25 01:47:55 tiny_cifar100_10ep](main.py 348): INFO Train: [5/10][130/390]	eta 0:01:11 lr 0.000067	 wd 0.0500	time 0.1019 (0.2760)	data time 0.0005 (0.1684)	model time 0.1014 (0.1073)	loss 4.2224 (3.8378)	grad_norm 3.4444 (3.9177)	loss_scale 131072.0000 (106558.5344)	mem 1082MB
[2026-03-25 01:47:56 tiny_cifar100_10ep](main.py 348): INFO Train: [5/10][140/390]	eta 0:01:05 lr 0.000066	 wd 0.0500	time 0.1192 (0.2639)	data time 0.0006 (0.1565)	model time 0.1186 (0.1070)	loss 3.5197 (3.8344)	grad_norm 5.4787 (3.9364)	loss_scale 131072.0000 (108297.0780)	mem 1082MB
[2026-03-25 01:47:57 tiny_cifar100_10ep](main.py 348): INFO Train: [5/10][150/390]	eta 0:01:00 lr 0.000066	 wd 0.0500	time 0.1019 (0.2532)	data time 0.0004 (0.1461)	model time 0.1015 (0.1065)	loss 3.3710 (3.8189)	grad_norm 4.4060 (3.9426)	loss_scale 131072.0000 (109805.3510)	mem 1082MB
[2026-03-25 01:47:58 tiny_cifar100_10ep](main.py 348): INFO Train: [5/10][160/390]	eta 0:00:56 lr 0.000065	 wd 0.0500	time 0.1064 (0.2441)	data time 0.0007 (0.1371)	model time 0.1057 (0.1063)	loss 3.6470 (3.8200)	grad_norm 3.8662 (3.9422)	loss_scale 131072.0000 (111126.2609)	mem 1082MB
[2026-03-25 01:47:59 tiny_cifar100_10ep](main.py 348): INFO Train: [5/10][170/390]	eta 0:00:51 lr 0.000065	 wd 0.0500	time 0.1145 (0.2359)	data time 0.0005 (0.1291)	model time 0.1139 (0.1062)	loss 4.0019 (3.8158)	grad_norm 3.6563 (3.9713)	loss_scale 131072.0000 (112292.6784)	mem 1082MB
[2026-03-25 01:48:00 tiny_cifar100_10ep](main.py 348): INFO Train: [5/10][180/390]	eta 0:00:48 lr 0.000064	 wd 0.0500	time 0.1023 (0.2287)	data time 0.0005 (0.1220)	model time 0.1018 (0.1061)	loss 3.3053 (3.8120)	grad_norm 5.2105 (3.9841)	loss_scale 131072.0000 (113330.2099)	mem 1082MB
[2026-03-25 01:48:01 tiny_cifar100_10ep](main.py 348): INFO Train: [5/10][190/390]	eta 0:00:44 lr 0.000063	 wd 0.0500	time 0.1064 (0.2223)	data time 0.0006 (0.1157)	model time 0.1058 (0.1060)	loss 3.3174 (3.8083)	grad_norm 4.0748 (3.9904)	loss_scale 131072.0000 (114259.0995)	mem 1082MB
[2026-03-25 01:48:02 tiny_cifar100_10ep](main.py 348): INFO Train: [5/10][200/390]	eta 0:00:41 lr 0.000063	 wd 0.0500	time 0.1019 (0.2163)	data time 0.0007 (0.1099)	model time 0.1013 (0.1057)	loss 3.9984 (3.8164)	grad_norm 4.3188 (3.9909)	loss_scale 131072.0000 (115095.5622)	mem 1082MB
[2026-03-25 01:48:03 tiny_cifar100_10ep](main.py 348): INFO Train: [5/10][210/390]	eta 0:00:38 lr 0.000062	 wd 0.0500	time 0.1051 (0.2111)	data time 0.0008 (0.1048)	model time 0.1043 (0.1058)	loss 3.8335 (3.8150)	grad_norm 4.1119 (4.0078)	loss_scale 131072.0000 (115852.7393)	mem 1082MB
[2026-03-25 01:48:04 tiny_cifar100_10ep](main.py 348): INFO Train: [5/10][220/390]	eta 0:00:35 lr 0.000062	 wd 0.0500	time 0.1121 (0.2062)	data time 0.0007 (0.1001)	model time 0.1114 (0.1056)	loss 4.2707 (3.8095)	grad_norm 3.9414 (4.0261)	loss_scale 131072.0000 (116541.3937)	mem 1082MB
[2026-03-25 01:48:05 tiny_cifar100_10ep](main.py 348): INFO Train: [5/10][230/390]	eta 0:00:32 lr 0.000061	 wd 0.0500	time 0.1022 (0.2018)	data time 0.0005 (0.0957)	model time 0.1016 (0.1055)	loss 3.2558 (3.7994)	grad_norm 4.2794 (4.0361)	loss_scale 131072.0000 (117170.4242)	mem 1082MB
[2026-03-25 01:48:06 tiny_cifar100_10ep](main.py 348): INFO Train: [5/10][240/390]	eta 0:00:29 lr 0.000061	 wd 0.0500	time 0.1021 (0.1978)	data time 0.0006 (0.0918)	model time 0.1015 (0.1054)	loss 3.8889 (3.8051)	grad_norm 4.2901 (4.0369)	loss_scale 131072.0000 (117747.2531)	mem 1082MB
[2026-03-25 01:48:07 tiny_cifar100_10ep](main.py 348): INFO Train: [5/10][250/390]	eta 0:00:27 lr 0.000060	 wd 0.0500	time 0.1017 (0.1942)	data time 0.0005 (0.0882)	model time 0.1013 (0.1055)	loss 3.7720 (3.8056)	grad_norm 3.7273 (4.0476)	loss_scale 131072.0000 (118278.1195)	mem 1082MB
[2026-03-25 01:48:08 tiny_cifar100_10ep](main.py 348): INFO Train: [5/10][260/390]	eta 0:00:24 lr 0.000060	 wd 0.0500	time 0.1022 (0.1908)	data time 0.0006 (0.0848)	model time 0.1016 (0.1055)	loss 4.3048 (3.8052)	grad_norm 3.5802 (4.0510)	loss_scale 131072.0000 (118768.3065)	mem 1082MB
[2026-03-25 01:48:09 tiny_cifar100_10ep](main.py 348): INFO Train: [5/10][270/390]	eta 0:00:22 lr 0.000059	 wd 0.0500	time 0.1022 (0.1877)	data time 0.0006 (0.0817)	model time 0.1016 (0.1055)	loss 3.8107 (3.8020)	grad_norm 3.8175 (4.0594)	loss_scale 131072.0000 (119222.3173)	mem 1082MB
[2026-03-25 01:48:10 tiny_cifar100_10ep](main.py 348): INFO Train: [5/10][280/390]	eta 0:00:20 lr 0.000058	 wd 0.0500	time 0.1024 (0.1848)	data time 0.0006 (0.0788)	model time 0.1018 (0.1055)	loss 3.3131 (3.8023)	grad_norm 4.2260 (4.0602)	loss_scale 131072.0000 (119644.0142)	mem 1082MB
[2026-03-25 01:48:11 tiny_cifar100_10ep](main.py 348): INFO Train: [5/10][290/390]	eta 0:00:18 lr 0.000058	 wd 0.0500	time 0.0995 (0.1819)	data time 0.0005 (0.0761)	model time 0.0991 (0.1053)	loss 3.6535 (3.8009)	grad_norm 4.8192 (4.0647)	loss_scale 131072.0000 (120036.7285)	mem 1082MB
[2026-03-25 01:48:13 tiny_cifar100_10ep](main.py 348): INFO Train: [5/10][300/390]	eta 0:00:16 lr 0.000057	 wd 0.0500	time 0.1023 (0.1793)	data time 0.0005 (0.0736)	model time 0.1018 (0.1051)	loss 3.8223 (3.8027)	grad_norm 4.1166 (4.0609)	loss_scale 131072.0000 (120403.3488)	mem 1082MB
[2026-03-25 01:48:14 tiny_cifar100_10ep](main.py 348): INFO Train: [5/10][310/390]	eta 0:00:14 lr 0.000057	 wd 0.0500	time 0.1022 (0.1769)	data time 0.0005 (0.0713)	model time 0.1017 (0.1051)	loss 3.7143 (3.8009)	grad_norm 4.2343 (4.0665)	loss_scale 131072.0000 (120746.3923)	mem 1082MB
[2026-03-25 01:48:15 tiny_cifar100_10ep](main.py 348): INFO Train: [5/10][320/390]	eta 0:00:12 lr 0.000056	 wd 0.0500	time 0.1121 (0.1747)	data time 0.0005 (0.0691)	model time 0.1116 (0.1052)	loss 3.6000 (3.8012)	grad_norm 4.2678 (4.0670)	loss_scale 131072.0000 (121068.0623)	mem 1082MB
[2026-03-25 01:48:16 tiny_cifar100_10ep](main.py 348): INFO Train: [5/10][330/390]	eta 0:00:10 lr 0.000056	 wd 0.0500	time 0.1033 (0.1726)	data time 0.0007 (0.0670)	model time 0.1026 (0.1051)	loss 3.6986 (3.7975)	grad_norm 3.8157 (4.0718)	loss_scale 131072.0000 (121370.2961)	mem 1082MB
[2026-03-25 01:48:17 tiny_cifar100_10ep](main.py 348): INFO Train: [5/10][340/390]	eta 0:00:08 lr 0.000055	 wd 0.0500	time 0.1022 (0.1706)	data time 0.0005 (0.0651)	model time 0.1017 (0.1051)	loss 4.0826 (3.7962)	grad_norm 4.7725 (4.0800)	loss_scale 131072.0000 (121654.8035)	mem 1082MB
[2026-03-25 01:48:18 tiny_cifar100_10ep](main.py 348): INFO Train: [5/10][350/390]	eta 0:00:06 lr 0.000055	 wd 0.0500	time 0.1088 (0.1687)	data time 0.0006 (0.0632)	model time 0.1082 (0.1050)	loss 3.4420 (3.7968)	grad_norm 4.6921 (4.0868)	loss_scale 131072.0000 (121923.0997)	mem 1082MB
[2026-03-25 01:48:19 tiny_cifar100_10ep](main.py 348): INFO Train: [5/10][360/390]	eta 0:00:05 lr 0.000054	 wd 0.0500	time 0.1023 (0.1670)	data time 0.0007 (0.0615)	model time 0.1016 (0.1050)	loss 3.3724 (3.8013)	grad_norm 4.4311 (4.0898)	loss_scale 131072.0000 (122176.5319)	mem 1082MB
[2026-03-25 01:48:20 tiny_cifar100_10ep](main.py 348): INFO Train: [5/10][370/390]	eta 0:00:03 lr 0.000053	 wd 0.0500	time 0.1003 (0.1652)	data time 0.0007 (0.0598)	model time 0.0996 (0.1049)	loss 4.2327 (3.8008)	grad_norm 3.4684 (4.0898)	loss_scale 131072.0000 (122416.3019)	mem 1082MB
[2026-03-25 01:48:21 tiny_cifar100_10ep](main.py 348): INFO Train: [5/10][380/390]	eta 0:00:01 lr 0.000053	 wd 0.0500	time 0.0997 (0.1635)	data time 0.0003 (0.0583)	model time 0.0994 (0.1048)	loss 3.5154 (3.8013)	grad_norm 4.3537 (4.0897)	loss_scale 131072.0000 (122643.4856)	mem 1082MB
[2026-03-25 01:48:22 tiny_cifar100_10ep](main.py 359): INFO EPOCH 5 training takes 0:01:03
[2026-03-25 01:48:22 tiny_cifar100_10ep](utils.py 104): INFO ./output_cifar100_noema_10ep/tiny_cifar100_10ep/20260325014008/latest_ckpt.pth saving......
[2026-03-25 01:48:23 tiny_cifar100_10ep](utils.py 106): INFO ./output_cifar100_noema_10ep/tiny_cifar100_10ep/20260325014008/latest_ckpt.pth saved !!!
/home/jlx_75/miniconda3/envs/pvmamba/lib/python3.10/site-packages/requests/__init__.py:109: RequestsDependencyWarning: urllib3 (1.26.13) or chardet (7.2.0)/charset_normalizer (2.1.1) doesn't match a supported version!
  warnings.warn(
/home/jlx_75/miniconda3/envs/pvmamba/lib/python3.10/site-packages/requests/__init__.py:109: RequestsDependencyWarning: urllib3 (1.26.13) or chardet (7.2.0)/charset_normalizer (2.1.1) doesn't match a supported version!
  warnings.warn(
/home/jlx_75/miniconda3/envs/pvmamba/lib/python3.10/site-packages/requests/__init__.py:109: RequestsDependencyWarning: urllib3 (1.26.13) or chardet (7.2.0)/charset_normalizer (2.1.1) doesn't match a supported version!
  warnings.warn(
/home/jlx_75/miniconda3/envs/pvmamba/lib/python3.10/site-packages/requests/__init__.py:109: RequestsDependencyWarning: urllib3 (1.26.13) or chardet (7.2.0)/charset_normalizer (2.1.1) doesn't match a supported version!
  warnings.warn(
/home/jlx_75/miniconda3/envs/pvmamba/lib/python3.10/site-packages/requests/__init__.py:109: RequestsDependencyWarning: urllib3 (1.26.13) or chardet (7.2.0)/charset_normalizer (2.1.1) doesn't match a supported version!
  warnings.warn(
/home/jlx_75/miniconda3/envs/pvmamba/lib/python3.10/site-packages/requests/__init__.py:109: RequestsDependencyWarning: urllib3 (1.26.13) or chardet (7.2.0)/charset_normalizer (2.1.1) doesn't match a supported version!
  warnings.warn(
/home/jlx_75/miniconda3/envs/pvmamba/lib/python3.10/site-packages/requests/__init__.py:109: RequestsDependencyWarning: urllib3 (1.26.13) or chardet (7.2.0)/charset_normalizer (2.1.1) doesn't match a supported version!
  warnings.warn(
/home/jlx_75/miniconda3/envs/pvmamba/lib/python3.10/site-packages/requests/__init__.py:109: RequestsDependencyWarning: urllib3 (1.26.13) or chardet (7.2.0)/charset_normalizer (2.1.1) doesn't match a supported version!
  warnings.warn(
[2026-03-25 01:48:38 tiny_cifar100_10ep](main.py 403): INFO Test: [0/79]	Time 14.761 (14.761)	Loss 2.8105 (2.8105)	Acc@1 32.812 (32.812)	Acc@5 64.844 (64.844)	Mem 1082MB
[2026-03-25 01:48:38 tiny_cifar100_10ep](main.py 403): INFO Test: [10/79]	Time 0.034 (1.373)	Loss 2.9375 (2.9316)	Acc@1 31.250 (29.688)	Acc@5 61.719 (60.795)	Mem 1082MB
[2026-03-25 01:48:39 tiny_cifar100_10ep](main.py 403): INFO Test: [20/79]	Time 0.034 (0.735)	Loss 2.9648 (2.9201)	Acc@1 26.562 (29.613)	Acc@5 61.719 (60.156)	Mem 1082MB
[2026-03-25 01:48:39 tiny_cifar100_10ep](main.py 403): INFO Test: [30/79]	Time 0.034 (0.509)	Loss 2.9062 (2.9175)	Acc@1 29.688 (29.713)	Acc@5 57.812 (60.333)	Mem 1082MB
[2026-03-25 01:48:40 tiny_cifar100_10ep](main.py 403): INFO Test: [40/79]	Time 0.033 (0.393)	Loss 2.7559 (2.9125)	Acc@1 35.938 (29.954)	Acc@5 63.281 (60.423)	Mem 1082MB
[2026-03-25 01:48:40 tiny_cifar100_10ep](main.py 403): INFO Test: [50/79]	Time 0.035 (0.323)	Loss 3.0488 (2.9224)	Acc@1 27.344 (29.167)	Acc@5 55.469 (60.110)	Mem 1082MB
[2026-03-25 01:48:40 tiny_cifar100_10ep](main.py 403): INFO Test: [60/79]	Time 0.033 (0.276)	Loss 3.1191 (2.9291)	Acc@1 28.125 (29.175)	Acc@5 53.125 (59.990)	Mem 1082MB
[2026-03-25 01:48:41 tiny_cifar100_10ep](main.py 403): INFO Test: [70/79]	Time 0.033 (0.241)	Loss 2.9082 (2.9273)	Acc@1 31.250 (29.291)	Acc@5 60.156 (60.200)	Mem 1082MB
[2026-03-25 01:48:41 tiny_cifar100_10ep](main.py 410): INFO  * Acc@1 29.380 Acc@5 60.260
[2026-03-25 01:48:41 tiny_cifar100_10ep](main.py 239): INFO Accuracy of the network on the 10000 test images: 29.4%
[2026-03-25 01:48:41 tiny_cifar100_10ep](main.py 247): INFO New max accuracy: 29.38%
[2026-03-25 01:48:41 tiny_cifar100_10ep](utils.py 104): INFO ./output_cifar100_noema_10ep/tiny_cifar100_10ep/20260325014008/best_ckpt.pth saving......
[2026-03-25 01:48:42 tiny_cifar100_10ep](utils.py 106): INFO ./output_cifar100_noema_10ep/tiny_cifar100_10ep/20260325014008/best_ckpt.pth saved !!!
/home/jlx_75/miniconda3/envs/pvmamba/lib/python3.10/site-packages/requests/__init__.py:109: RequestsDependencyWarning: urllib3 (1.26.13) or chardet (7.2.0)/charset_normalizer (2.1.1) doesn't match a supported version!
  warnings.warn(
/home/jlx_75/miniconda3/envs/pvmamba/lib/python3.10/site-packages/requests/__init__.py:109: RequestsDependencyWarning: urllib3 (1.26.13) or chardet (7.2.0)/charset_normalizer (2.1.1) doesn't match a supported version!
  warnings.warn(
/home/jlx_75/miniconda3/envs/pvmamba/lib/python3.10/site-packages/requests/__init__.py:109: RequestsDependencyWarning: urllib3 (1.26.13) or chardet (7.2.0)/charset_normalizer (2.1.1) doesn't match a supported version!
  warnings.warn(
/home/jlx_75/miniconda3/envs/pvmamba/lib/python3.10/site-packages/requests/__init__.py:109: RequestsDependencyWarning: urllib3 (1.26.13) or chardet (7.2.0)/charset_normalizer (2.1.1) doesn't match a supported version!
  warnings.warn(
/home/jlx_75/miniconda3/envs/pvmamba/lib/python3.10/site-packages/requests/__init__.py:109: RequestsDependencyWarning: urllib3 (1.26.13) or chardet (7.2.0)/charset_normalizer (2.1.1) doesn't match a supported version!
  warnings.warn(
/home/jlx_75/miniconda3/envs/pvmamba/lib/python3.10/site-packages/requests/__init__.py:109: RequestsDependencyWarning: urllib3 (1.26.13) or chardet (7.2.0)/charset_normalizer (2.1.1) doesn't match a supported version!
  warnings.warn(
/home/jlx_75/miniconda3/envs/pvmamba/lib/python3.10/site-packages/requests/__init__.py:109: RequestsDependencyWarning: urllib3 (1.26.13) or chardet (7.2.0)/charset_normalizer (2.1.1) doesn't match a supported version!
  warnings.warn(
/home/jlx_75/miniconda3/envs/pvmamba/lib/python3.10/site-packages/requests/__init__.py:109: RequestsDependencyWarning: urllib3 (1.26.13) or chardet (7.2.0)/charset_normalizer (2.1.1) doesn't match a supported version!
  warnings.warn(
[2026-03-25 01:49:03 tiny_cifar100_10ep](main.py 348): INFO Train: [6/10][0/390]	eta 2:17:19 lr 0.000052	 wd 0.0500	time 21.1278 (21.1278)	data time 21.0006 (21.0006)	model time 0.0000 (0.0000)	loss 3.8995 (3.8995)	grad_norm 3.7529 (3.7529)	loss_scale 131072.0000 (131072.0000)	mem 1082MB
[2026-03-25 01:49:04 tiny_cifar100_10ep](main.py 348): INFO Train: [6/10][10/390]	eta 0:12:46 lr 0.000052	 wd 0.0500	time 0.1051 (2.0175)	data time 0.0005 (1.9096)	model time 0.0000 (0.0000)	loss 3.6123 (3.7762)	grad_norm 4.3349 (4.2316)	loss_scale 131072.0000 (131072.0000)	mem 1082MB
[2026-03-25 01:49:06 tiny_cifar100_10ep](main.py 348): INFO Train: [6/10][20/390]	eta 0:06:50 lr 0.000051	 wd 0.0500	time 0.1024 (1.1084)	data time 0.0007 (1.0006)	model time 0.0000 (0.0000)	loss 3.3375 (3.7585)	grad_norm 4.3347 (4.0423)	loss_scale 131072.0000 (131072.0000)	mem 1082MB
[2026-03-25 01:49:07 tiny_cifar100_10ep](main.py 348): INFO Train: [6/10][30/390]	eta 0:04:42 lr 0.000051	 wd 0.0500	time 0.1039 (0.7857)	data time 0.0005 (0.6780)	model time 0.0000 (0.0000)	loss 3.8290 (3.7004)	grad_norm 4.4665 (4.1366)	loss_scale 131072.0000 (131072.0000)	mem 1082MB
[2026-03-25 01:49:08 tiny_cifar100_10ep](main.py 348): INFO Train: [6/10][40/390]	eta 0:03:37 lr 0.000050	 wd 0.0500	time 0.1104 (0.6209)	data time 0.0006 (0.5128)	model time 0.0000 (0.0000)	loss 3.5313 (3.6996)	grad_norm 4.2182 (4.1974)	loss_scale 131072.0000 (131072.0000)	mem 1082MB
[2026-03-25 01:49:09 tiny_cifar100_10ep](main.py 348): INFO Train: [6/10][50/390]	eta 0:02:57 lr 0.000050	 wd 0.0500	time 0.1172 (0.5210)	data time 0.0006 (0.4124)	model time 0.0000 (0.0000)	loss 3.5712 (3.7268)	grad_norm 4.5464 (4.1814)	loss_scale 131072.0000 (131072.0000)	mem 1082MB
[2026-03-25 01:49:10 tiny_cifar100_10ep](main.py 348): INFO Train: [6/10][60/390]	eta 0:02:29 lr 0.000049	 wd 0.0500	time 0.1011 (0.4538)	data time 0.0005 (0.3449)	model time 0.1005 (0.1104)	loss 3.7578 (3.7367)	grad_norm 4.3759 (4.1988)	loss_scale 131072.0000 (131072.0000)	mem 1082MB
[2026-03-25 01:49:11 tiny_cifar100_10ep](main.py 348): INFO Train: [6/10][70/390]	eta 0:02:09 lr 0.000049	 wd 0.0500	time 0.1014 (0.4050)	data time 0.0005 (0.2964)	model time 0.1010 (0.1087)	loss 4.0084 (3.7318)	grad_norm 4.0863 (4.2193)	loss_scale 131072.0000 (131072.0000)	mem 1082MB
[2026-03-25 01:49:12 tiny_cifar100_10ep](main.py 348): INFO Train: [6/10][80/390]	eta 0:01:54 lr 0.000048	 wd 0.0500	time 0.1063 (0.3687)	data time 0.0006 (0.2599)	model time 0.1057 (0.1091)	loss 3.3134 (3.7285)	grad_norm 5.1436 (4.2244)	loss_scale 131072.0000 (131072.0000)	mem 1082MB
[2026-03-25 01:49:13 tiny_cifar100_10ep](main.py 348): INFO Train: [6/10][90/390]	eta 0:01:41 lr 0.000048	 wd 0.0500	time 0.1021 (0.3399)	data time 0.0005 (0.2314)	model time 0.1016 (0.1083)	loss 3.9270 (3.7240)	grad_norm 4.4235 (4.2355)	loss_scale 131072.0000 (131072.0000)	mem 1082MB
[2026-03-25 01:49:14 tiny_cifar100_10ep](main.py 348): INFO Train: [6/10][100/390]	eta 0:01:31 lr 0.000047	 wd 0.0500	time 0.1009 (0.3171)	data time 0.0006 (0.2085)	model time 0.1003 (0.1085)	loss 4.1083 (3.7309)	grad_norm 4.0553 (4.2347)	loss_scale 131072.0000 (131072.0000)	mem 1082MB
[2026-03-25 01:49:15 tiny_cifar100_10ep](main.py 348): INFO Train: [6/10][110/390]	eta 0:01:23 lr 0.000046	 wd 0.0500	time 0.1119 (0.2980)	data time 0.0005 (0.1898)	model time 0.1114 (0.1078)	loss 3.9674 (3.7255)	grad_norm 5.0027 (4.2470)	loss_scale 131072.0000 (131072.0000)	mem 1082MB
[2026-03-25 01:49:16 tiny_cifar100_10ep](main.py 348): INFO Train: [6/10][120/390]	eta 0:01:16 lr 0.000046	 wd 0.0500	time 0.1140 (0.2823)	data time 0.0005 (0.1742)	model time 0.1134 (0.1077)	loss 3.3935 (3.7312)	grad_norm 4.7023 (4.2607)	loss_scale 131072.0000 (131072.0000)	mem 1082MB
[2026-03-25 01:49:17 tiny_cifar100_10ep](main.py 348): INFO Train: [6/10][130/390]	eta 0:01:09 lr 0.000045	 wd 0.0500	time 0.1002 (0.2687)	data time 0.0005 (0.1609)	model time 0.0997 (0.1073)	loss 3.2090 (3.7150)	grad_norm 4.5891 (4.2655)	loss_scale 131072.0000 (131072.0000)	mem 1082MB
[2026-03-25 01:49:19 tiny_cifar100_10ep](main.py 348): INFO Train: [6/10][140/390]	eta 0:01:04 lr 0.000045	 wd 0.0500	time 0.1012 (0.2576)	data time 0.0006 (0.1495)	model time 0.1006 (0.1077)	loss 3.8018 (3.7285)	grad_norm 4.5219 (4.2551)	loss_scale 131072.0000 (131072.0000)	mem 1082MB
[2026-03-25 01:49:20 tiny_cifar100_10ep](main.py 348): INFO Train: [6/10][150/390]	eta 0:00:59 lr 0.000044	 wd 0.0500	time 0.1180 (0.2478)	data time 0.0006 (0.1397)	model time 0.1174 (0.1078)	loss 3.9383 (3.7366)	grad_norm 4.5916 (4.2615)	loss_scale 131072.0000 (131072.0000)	mem 1082MB
[2026-03-25 01:49:21 tiny_cifar100_10ep](main.py 348): INFO Train: [6/10][160/390]	eta 0:00:54 lr 0.000044	 wd 0.0500	time 0.1020 (0.2389)	data time 0.0005 (0.1311)	model time 0.1014 (0.1075)	loss 3.8201 (3.7504)	grad_norm 3.9307 (4.2677)	loss_scale 131072.0000 (131072.0000)	mem 1082MB
[2026-03-25 01:49:22 tiny_cifar100_10ep](main.py 348): INFO Train: [6/10][170/390]	eta 0:00:50 lr 0.000043	 wd 0.0500	time 0.1147 (0.2317)	data time 0.0007 (0.1234)	model time 0.1140 (0.1081)	loss 3.5628 (3.7450)	grad_norm 3.9397 (4.2754)	loss_scale 131072.0000 (131072.0000)	mem 1082MB
[2026-03-25 01:49:23 tiny_cifar100_10ep](main.py 348): INFO Train: [6/10][180/390]	eta 0:00:47 lr 0.000043	 wd 0.0500	time 0.1009 (0.2247)	data time 0.0006 (0.1166)	model time 0.1002 (0.1079)	loss 4.1352 (3.7447)	grad_norm 4.0160 (4.2782)	loss_scale 131072.0000 (131072.0000)	mem 1082MB
[2026-03-25 01:49:24 tiny_cifar100_10ep](main.py 348): INFO Train: [6/10][190/390]	eta 0:00:43 lr 0.000042	 wd 0.0500	time 0.1015 (0.2186)	data time 0.0005 (0.1106)	model time 0.1010 (0.1078)	loss 3.8302 (3.7443)	grad_norm 4.6467 (4.2742)	loss_scale 131072.0000 (131072.0000)	mem 1082MB
[2026-03-25 01:49:25 tiny_cifar100_10ep](main.py 348): INFO Train: [6/10][200/390]	eta 0:00:40 lr 0.000042	 wd 0.0500	time 0.1016 (0.2130)	data time 0.0005 (0.1051)	model time 0.1011 (0.1077)	loss 3.3977 (3.7454)	grad_norm 4.5467 (4.2818)	loss_scale 131072.0000 (131072.0000)	mem 1082MB
[2026-03-25 01:49:26 tiny_cifar100_10ep](main.py 348): INFO Train: [6/10][210/390]	eta 0:00:37 lr 0.000041	 wd 0.0500	time 0.1004 (0.2079)	data time 0.0006 (0.1001)	model time 0.0998 (0.1074)	loss 4.1665 (3.7451)	grad_norm 4.1353 (4.2779)	loss_scale 131072.0000 (131072.0000)	mem 1082MB
[2026-03-25 01:49:27 tiny_cifar100_10ep](main.py 348): INFO Train: [6/10][220/390]	eta 0:00:34 lr 0.000041	 wd 0.0500	time 0.1011 (0.2035)	data time 0.0006 (0.0956)	model time 0.1005 (0.1076)	loss 3.8342 (3.7473)	grad_norm 4.2582 (4.2723)	loss_scale 131072.0000 (131072.0000)	mem 1082MB
[2026-03-25 01:49:28 tiny_cifar100_10ep](main.py 348): INFO Train: [6/10][230/390]	eta 0:00:31 lr 0.000040	 wd 0.0500	time 0.1000 (0.1992)	data time 0.0005 (0.0915)	model time 0.0995 (0.1074)	loss 3.3316 (3.7465)	grad_norm 4.9290 (4.2849)	loss_scale 131072.0000 (131072.0000)	mem 1082MB
[2026-03-25 01:49:29 tiny_cifar100_10ep](main.py 348): INFO Train: [6/10][240/390]	eta 0:00:29 lr 0.000040	 wd 0.0500	time 0.1015 (0.1953)	data time 0.0005 (0.0878)	model time 0.1010 (0.1072)	loss 3.7213 (3.7515)	grad_norm 4.1395 (4.2866)	loss_scale 131072.0000 (131072.0000)	mem 1082MB
[2026-03-25 01:49:30 tiny_cifar100_10ep](main.py 348): INFO Train: [6/10][250/390]	eta 0:00:26 lr 0.000039	 wd 0.0500	time 0.1000 (0.1918)	data time 0.0006 (0.0843)	model time 0.0994 (0.1072)	loss 3.9994 (3.7553)	grad_norm 5.4188 (4.2915)	loss_scale 131072.0000 (131072.0000)	mem 1082MB
[2026-03-25 01:49:31 tiny_cifar100_10ep](main.py 348): INFO Train: [6/10][260/390]	eta 0:00:24 lr 0.000039	 wd 0.0500	time 0.1026 (0.1886)	data time 0.0007 (0.0811)	model time 0.1018 (0.1072)	loss 4.3372 (3.7638)	grad_norm 3.5425 (4.2840)	loss_scale 131072.0000 (131072.0000)	mem 1082MB
[2026-03-25 01:49:33 tiny_cifar100_10ep](main.py 348): INFO Train: [6/10][270/390]	eta 0:00:22 lr 0.000038	 wd 0.0500	time 0.1016 (0.1856)	data time 0.0005 (0.0781)	model time 0.1011 (0.1072)	loss 3.8143 (3.7711)	grad_norm 4.3949 (4.2803)	loss_scale 131072.0000 (131072.0000)	mem 1082MB
[2026-03-25 01:49:34 tiny_cifar100_10ep](main.py 348): INFO Train: [6/10][280/390]	eta 0:00:20 lr 0.000038	 wd 0.0500	time 0.1031 (0.1827)	data time 0.0006 (0.0754)	model time 0.1025 (0.1071)	loss 3.5494 (3.7769)	grad_norm 4.6830 (4.2736)	loss_scale 131072.0000 (131072.0000)	mem 1082MB
[2026-03-25 01:49:35 tiny_cifar100_10ep](main.py 348): INFO Train: [6/10][290/390]	eta 0:00:18 lr 0.000037	 wd 0.0500	time 0.1136 (0.1801)	data time 0.0006 (0.0728)	model time 0.1130 (0.1071)	loss 4.3055 (3.7780)	grad_norm 4.3663 (4.2738)	loss_scale 131072.0000 (131072.0000)	mem 1082MB
[2026-03-25 01:49:36 tiny_cifar100_10ep](main.py 348): INFO Train: [6/10][300/390]	eta 0:00:15 lr 0.000037	 wd 0.0500	time 0.1012 (0.1777)	data time 0.0008 (0.0704)	model time 0.1004 (0.1070)	loss 3.8951 (3.7746)	grad_norm 4.1664 (4.2722)	loss_scale 131072.0000 (131072.0000)	mem 1082MB
[2026-03-25 01:49:37 tiny_cifar100_10ep](main.py 348): INFO Train: [6/10][310/390]	eta 0:00:14 lr 0.000036	 wd 0.0500	time 0.1033 (0.1754)	data time 0.0006 (0.0682)	model time 0.1027 (0.1070)	loss 4.0572 (3.7726)	grad_norm 4.1082 (4.2726)	loss_scale 131072.0000 (131072.0000)	mem 1082MB
[2026-03-25 01:49:38 tiny_cifar100_10ep](main.py 348): INFO Train: [6/10][320/390]	eta 0:00:12 lr 0.000036	 wd 0.0500	time 0.1149 (0.1732)	data time 0.0006 (0.0660)	model time 0.1143 (0.1069)	loss 4.1990 (3.7708)	grad_norm 3.7317 (4.2739)	loss_scale 131072.0000 (131072.0000)	mem 1082MB
[2026-03-25 01:49:39 tiny_cifar100_10ep](main.py 348): INFO Train: [6/10][330/390]	eta 0:00:10 lr 0.000035	 wd 0.0500	time 0.1017 (0.1712)	data time 0.0005 (0.0641)	model time 0.1012 (0.1069)	loss 4.0426 (3.7676)	grad_norm 4.6600 (4.2732)	loss_scale 131072.0000 (131072.0000)	mem 1082MB
[2026-03-25 01:49:40 tiny_cifar100_10ep](main.py 348): INFO Train: [6/10][340/390]	eta 0:00:08 lr 0.000035	 wd 0.0500	time 0.1141 (0.1694)	data time 0.0006 (0.0622)	model time 0.1135 (0.1069)	loss 3.4971 (3.7658)	grad_norm 4.2625 (4.2736)	loss_scale 131072.0000 (131072.0000)	mem 1082MB
[2026-03-25 01:49:41 tiny_cifar100_10ep](main.py 348): INFO Train: [6/10][350/390]	eta 0:00:06 lr 0.000034	 wd 0.0500	time 0.1028 (0.1677)	data time 0.0005 (0.0605)	model time 0.1023 (0.1070)	loss 3.8487 (3.7667)	grad_norm 4.2296 (4.2757)	loss_scale 131072.0000 (131072.0000)	mem 1082MB
[2026-03-25 01:49:42 tiny_cifar100_10ep](main.py 348): INFO Train: [6/10][360/390]	eta 0:00:04 lr 0.000034	 wd 0.0500	time 0.1043 (0.1661)	data time 0.0007 (0.0588)	model time 0.1037 (0.1071)	loss 3.1338 (3.7654)	grad_norm 4.9762 (4.2909)	loss_scale 131072.0000 (131072.0000)	mem 1082MB
[2026-03-25 01:49:43 tiny_cifar100_10ep](main.py 348): INFO Train: [6/10][370/390]	eta 0:00:03 lr 0.000033	 wd 0.0500	time 0.1024 (0.1645)	data time 0.0007 (0.0572)	model time 0.1017 (0.1071)	loss 3.6132 (3.7663)	grad_norm 4.5261 (4.2944)	loss_scale 131072.0000 (131072.0000)	mem 1082MB
[2026-03-25 01:49:44 tiny_cifar100_10ep](main.py 348): INFO Train: [6/10][380/390]	eta 0:00:01 lr 0.000033	 wd 0.0500	time 0.0997 (0.1629)	data time 0.0004 (0.0557)	model time 0.0993 (0.1070)	loss 4.0553 (3.7683)	grad_norm 3.9823 (4.2950)	loss_scale 131072.0000 (131072.0000)	mem 1082MB
[2026-03-25 01:49:46 tiny_cifar100_10ep](main.py 359): INFO EPOCH 6 training takes 0:01:03
[2026-03-25 01:49:46 tiny_cifar100_10ep](utils.py 104): INFO ./output_cifar100_noema_10ep/tiny_cifar100_10ep/20260325014008/latest_ckpt.pth saving......
[2026-03-25 01:49:47 tiny_cifar100_10ep](utils.py 106): INFO ./output_cifar100_noema_10ep/tiny_cifar100_10ep/20260325014008/latest_ckpt.pth saved !!!
/home/jlx_75/miniconda3/envs/pvmamba/lib/python3.10/site-packages/requests/__init__.py:109: RequestsDependencyWarning: urllib3 (1.26.13) or chardet (7.2.0)/charset_normalizer (2.1.1) doesn't match a supported version!
  warnings.warn(
/home/jlx_75/miniconda3/envs/pvmamba/lib/python3.10/site-packages/requests/__init__.py:109: RequestsDependencyWarning: urllib3 (1.26.13) or chardet (7.2.0)/charset_normalizer (2.1.1) doesn't match a supported version!
  warnings.warn(
/home/jlx_75/miniconda3/envs/pvmamba/lib/python3.10/site-packages/requests/__init__.py:109: RequestsDependencyWarning: urllib3 (1.26.13) or chardet (7.2.0)/charset_normalizer (2.1.1) doesn't match a supported version!
  warnings.warn(
/home/jlx_75/miniconda3/envs/pvmamba/lib/python3.10/site-packages/requests/__init__.py:109: RequestsDependencyWarning: urllib3 (1.26.13) or chardet (7.2.0)/charset_normalizer (2.1.1) doesn't match a supported version!
  warnings.warn(
/home/jlx_75/miniconda3/envs/pvmamba/lib/python3.10/site-packages/requests/__init__.py:109: RequestsDependencyWarning: urllib3 (1.26.13) or chardet (7.2.0)/charset_normalizer (2.1.1) doesn't match a supported version!
  warnings.warn(
/home/jlx_75/miniconda3/envs/pvmamba/lib/python3.10/site-packages/requests/__init__.py:109: RequestsDependencyWarning: urllib3 (1.26.13) or chardet (7.2.0)/charset_normalizer (2.1.1) doesn't match a supported version!
  warnings.warn(
/home/jlx_75/miniconda3/envs/pvmamba/lib/python3.10/site-packages/requests/__init__.py:109: RequestsDependencyWarning: urllib3 (1.26.13) or chardet (7.2.0)/charset_normalizer (2.1.1) doesn't match a supported version!
  warnings.warn(
/home/jlx_75/miniconda3/envs/pvmamba/lib/python3.10/site-packages/requests/__init__.py:109: RequestsDependencyWarning: urllib3 (1.26.13) or chardet (7.2.0)/charset_normalizer (2.1.1) doesn't match a supported version!
  warnings.warn(
[2026-03-25 01:50:02 tiny_cifar100_10ep](main.py 403): INFO Test: [0/79]	Time 15.285 (15.285)	Loss 2.7012 (2.7012)	Acc@1 32.812 (32.812)	Acc@5 67.969 (67.969)	Mem 1082MB
[2026-03-25 01:50:03 tiny_cifar100_10ep](main.py 403): INFO Test: [10/79]	Time 0.034 (1.422)	Loss 2.8711 (2.8610)	Acc@1 31.250 (31.818)	Acc@5 65.625 (62.429)	Mem 1082MB
[2026-03-25 01:50:03 tiny_cifar100_10ep](main.py 403): INFO Test: [20/79]	Time 0.034 (0.761)	Loss 2.9160 (2.8559)	Acc@1 28.906 (30.878)	Acc@5 59.375 (61.905)	Mem 1082MB
[2026-03-25 01:50:03 tiny_cifar100_10ep](main.py 403): INFO Test: [30/79]	Time 0.035 (0.527)	Loss 2.8535 (2.8565)	Acc@1 30.469 (30.620)	Acc@5 61.719 (61.794)	Mem 1082MB
[2026-03-25 01:50:04 tiny_cifar100_10ep](main.py 403): INFO Test: [40/79]	Time 0.033 (0.407)	Loss 2.7676 (2.8589)	Acc@1 31.250 (30.545)	Acc@5 64.844 (61.909)	Mem 1082MB
[2026-03-25 01:50:04 tiny_cifar100_10ep](main.py 403): INFO Test: [50/79]	Time 0.036 (0.334)	Loss 2.9414 (2.8625)	Acc@1 28.906 (30.423)	Acc@5 57.812 (61.903)	Mem 1082MB
[2026-03-25 01:50:04 tiny_cifar100_10ep](main.py 403): INFO Test: [60/79]	Time 0.035 (0.285)	Loss 3.0195 (2.8653)	Acc@1 32.031 (30.520)	Acc@5 58.594 (61.936)	Mem 1082MB
[2026-03-25 01:50:05 tiny_cifar100_10ep](main.py 403): INFO Test: [70/79]	Time 0.033 (0.249)	Loss 2.9219 (2.8634)	Acc@1 28.906 (30.843)	Acc@5 60.938 (62.060)	Mem 1082MB
[2026-03-25 01:50:05 tiny_cifar100_10ep](main.py 410): INFO  * Acc@1 30.760 Acc@5 62.160
[2026-03-25 01:50:05 tiny_cifar100_10ep](main.py 239): INFO Accuracy of the network on the 10000 test images: 30.8%
[2026-03-25 01:50:05 tiny_cifar100_10ep](main.py 247): INFO New max accuracy: 30.76%
[2026-03-25 01:50:05 tiny_cifar100_10ep](utils.py 104): INFO ./output_cifar100_noema_10ep/tiny_cifar100_10ep/20260325014008/best_ckpt.pth saving......
[2026-03-25 01:50:06 tiny_cifar100_10ep](utils.py 106): INFO ./output_cifar100_noema_10ep/tiny_cifar100_10ep/20260325014008/best_ckpt.pth saved !!!
/home/jlx_75/miniconda3/envs/pvmamba/lib/python3.10/site-packages/requests/__init__.py:109: RequestsDependencyWarning: urllib3 (1.26.13) or chardet (7.2.0)/charset_normalizer (2.1.1) doesn't match a supported version!
  warnings.warn(
/home/jlx_75/miniconda3/envs/pvmamba/lib/python3.10/site-packages/requests/__init__.py:109: RequestsDependencyWarning: urllib3 (1.26.13) or chardet (7.2.0)/charset_normalizer (2.1.1) doesn't match a supported version!
  warnings.warn(
/home/jlx_75/miniconda3/envs/pvmamba/lib/python3.10/site-packages/requests/__init__.py:109: RequestsDependencyWarning: urllib3 (1.26.13) or chardet (7.2.0)/charset_normalizer (2.1.1) doesn't match a supported version!
  warnings.warn(
/home/jlx_75/miniconda3/envs/pvmamba/lib/python3.10/site-packages/requests/__init__.py:109: RequestsDependencyWarning: urllib3 (1.26.13) or chardet (7.2.0)/charset_normalizer (2.1.1) doesn't match a supported version!
  warnings.warn(
/home/jlx_75/miniconda3/envs/pvmamba/lib/python3.10/site-packages/requests/__init__.py:109: RequestsDependencyWarning: urllib3 (1.26.13) or chardet (7.2.0)/charset_normalizer (2.1.1) doesn't match a supported version!
  warnings.warn(
/home/jlx_75/miniconda3/envs/pvmamba/lib/python3.10/site-packages/requests/__init__.py:109: RequestsDependencyWarning: urllib3 (1.26.13) or chardet (7.2.0)/charset_normalizer (2.1.1) doesn't match a supported version!
  warnings.warn(
/home/jlx_75/miniconda3/envs/pvmamba/lib/python3.10/site-packages/requests/__init__.py:109: RequestsDependencyWarning: urllib3 (1.26.13) or chardet (7.2.0)/charset_normalizer (2.1.1) doesn't match a supported version!
  warnings.warn(
/home/jlx_75/miniconda3/envs/pvmamba/lib/python3.10/site-packages/requests/__init__.py:109: RequestsDependencyWarning: urllib3 (1.26.13) or chardet (7.2.0)/charset_normalizer (2.1.1) doesn't match a supported version!
  warnings.warn(
[2026-03-25 01:50:28 tiny_cifar100_10ep](main.py 348): INFO Train: [7/10][0/390]	eta 2:17:04 lr 0.000032	 wd 0.0500	time 21.0885 (21.0885)	data time 20.9210 (20.9210)	model time 0.0000 (0.0000)	loss 3.1872 (3.1872)	grad_norm 4.4771 (4.4771)	loss_scale 131072.0000 (131072.0000)	mem 1082MB
[2026-03-25 01:50:29 tiny_cifar100_10ep](main.py 348): INFO Train: [7/10][10/390]	eta 0:12:46 lr 0.000032	 wd 0.0500	time 0.1052 (2.0163)	data time 0.0005 (1.9025)	model time 0.0000 (0.0000)	loss 3.4527 (3.7160)	grad_norm 4.3001 (4.3582)	loss_scale 131072.0000 (131072.0000)	mem 1082MB
[2026-03-25 01:50:30 tiny_cifar100_10ep](main.py 348): INFO Train: [7/10][20/390]	eta 0:06:49 lr 0.000031	 wd 0.0500	time 0.1049 (1.1061)	data time 0.0006 (0.9968)	model time 0.0000 (0.0000)	loss 3.9361 (3.8101)	grad_norm 3.7646 (4.2444)	loss_scale 131072.0000 (131072.0000)	mem 1082MB
[2026-03-25 01:50:31 tiny_cifar100_10ep](main.py 348): INFO Train: [7/10][30/390]	eta 0:04:42 lr 0.000031	 wd 0.0500	time 0.1124 (0.7842)	data time 0.0008 (0.6755)	model time 0.0000 (0.0000)	loss 3.6459 (3.7710)	grad_norm 4.5394 (4.3378)	loss_scale 131072.0000 (131072.0000)	mem 1082MB
[2026-03-25 01:50:32 tiny_cifar100_10ep](main.py 348): INFO Train: [7/10][40/390]	eta 0:03:36 lr 0.000030	 wd 0.0500	time 0.1083 (0.6193)	data time 0.0008 (0.5109)	model time 0.0000 (0.0000)	loss 4.1651 (3.7821)	grad_norm 3.5398 (4.3076)	loss_scale 131072.0000 (131072.0000)	mem 1082MB
[2026-03-25 01:50:33 tiny_cifar100_10ep](main.py 348): INFO Train: [7/10][50/390]	eta 0:02:56 lr 0.000030	 wd 0.0500	time 0.1034 (0.5193)	data time 0.0006 (0.4108)	model time 0.0000 (0.0000)	loss 3.6192 (3.7728)	grad_norm 4.9640 (4.3677)	loss_scale 131072.0000 (131072.0000)	mem 1082MB
[2026-03-25 01:50:34 tiny_cifar100_10ep](main.py 348): INFO Train: [7/10][60/390]	eta 0:02:28 lr 0.000029	 wd 0.0500	time 0.1095 (0.4512)	data time 0.0007 (0.3436)	model time 0.1088 (0.1033)	loss 3.3561 (3.7244)	grad_norm 4.7063 (4.3959)	loss_scale 131072.0000 (131072.0000)	mem 1082MB
[2026-03-25 01:50:35 tiny_cifar100_10ep](main.py 348): INFO Train: [7/10][70/390]	eta 0:02:09 lr 0.000029	 wd 0.0500	time 0.1026 (0.4034)	data time 0.0006 (0.2953)	model time 0.1021 (0.1070)	loss 4.0478 (3.7440)	grad_norm 4.9422 (4.3964)	loss_scale 131072.0000 (131072.0000)	mem 1082MB
[2026-03-25 01:50:36 tiny_cifar100_10ep](main.py 348): INFO Train: [7/10][80/390]	eta 0:01:53 lr 0.000028	 wd 0.0500	time 0.1084 (0.3665)	data time 0.0007 (0.2589)	model time 0.1077 (0.1060)	loss 3.8009 (3.7596)	grad_norm 4.1600 (4.3600)	loss_scale 131072.0000 (131072.0000)	mem 1082MB
[2026-03-25 01:50:37 tiny_cifar100_10ep](main.py 348): INFO Train: [7/10][90/390]	eta 0:01:41 lr 0.000028	 wd 0.0500	time 0.1063 (0.3390)	data time 0.0006 (0.2305)	model time 0.1057 (0.1083)	loss 3.0943 (3.7607)	grad_norm 4.2933 (4.3117)	loss_scale 131072.0000 (131072.0000)	mem 1082MB
[2026-03-25 01:50:38 tiny_cifar100_10ep](main.py 348): INFO Train: [7/10][100/390]	eta 0:01:31 lr 0.000028	 wd 0.0500	time 0.1021 (0.3156)	data time 0.0005 (0.2078)	model time 0.1016 (0.1072)	loss 3.9648 (3.7519)	grad_norm 4.7223 (4.3264)	loss_scale 131072.0000 (131072.0000)	mem 1082MB
[2026-03-25 01:50:39 tiny_cifar100_10ep](main.py 348): INFO Train: [7/10][110/390]	eta 0:01:23 lr 0.000027	 wd 0.0500	time 0.1093 (0.2967)	data time 0.0007 (0.1891)	model time 0.1087 (0.1069)	loss 3.1191 (3.7243)	grad_norm 5.1227 (4.3555)	loss_scale 131072.0000 (131072.0000)	mem 1082MB
[2026-03-25 01:50:40 tiny_cifar100_10ep](main.py 348): INFO Train: [7/10][120/390]	eta 0:01:15 lr 0.000027	 wd 0.0500	time 0.1040 (0.2812)	data time 0.0006 (0.1735)	model time 0.1033 (0.1070)	loss 3.7275 (3.7409)	grad_norm 4.0251 (4.3424)	loss_scale 131072.0000 (131072.0000)	mem 1082MB
[2026-03-25 01:50:41 tiny_cifar100_10ep](main.py 348): INFO Train: [7/10][130/390]	eta 0:01:09 lr 0.000026	 wd 0.0500	time 0.1018 (0.2675)	data time 0.0006 (0.1603)	model time 0.1012 (0.1063)	loss 3.8946 (3.7470)	grad_norm 4.0235 (4.3404)	loss_scale 131072.0000 (131072.0000)	mem 1082MB
[2026-03-25 01:50:43 tiny_cifar100_10ep](main.py 348): INFO Train: [7/10][140/390]	eta 0:01:03 lr 0.000026	 wd 0.0500	time 0.1024 (0.2559)	data time 0.0006 (0.1490)	model time 0.1018 (0.1060)	loss 3.1189 (3.7619)	grad_norm 4.9616 (4.3230)	loss_scale 131072.0000 (131072.0000)	mem 1082MB
[2026-03-25 01:50:44 tiny_cifar100_10ep](main.py 348): INFO Train: [7/10][150/390]	eta 0:00:58 lr 0.000025	 wd 0.0500	time 0.1026 (0.2457)	data time 0.0006 (0.1392)	model time 0.1020 (0.1055)	loss 3.7944 (3.7631)	grad_norm 3.9176 (4.3194)	loss_scale 131072.0000 (131072.0000)	mem 1082MB
[2026-03-25 01:50:45 tiny_cifar100_10ep](main.py 348): INFO Train: [7/10][160/390]	eta 0:00:54 lr 0.000025	 wd 0.0500	time 0.1198 (0.2370)	data time 0.0006 (0.1306)	model time 0.1191 (0.1055)	loss 3.5805 (3.7619)	grad_norm 4.4093 (4.3203)	loss_scale 131072.0000 (131072.0000)	mem 1082MB
[2026-03-25 01:50:46 tiny_cifar100_10ep](main.py 348): INFO Train: [7/10][170/390]	eta 0:00:50 lr 0.000024	 wd 0.0500	time 0.1167 (0.2294)	data time 0.0007 (0.1230)	model time 0.1160 (0.1055)	loss 4.1346 (3.7563)	grad_norm 3.9083 (4.3244)	loss_scale 131072.0000 (131072.0000)	mem 1082MB
[2026-03-25 01:50:47 tiny_cifar100_10ep](main.py 348): INFO Train: [7/10][180/390]	eta 0:00:46 lr 0.000024	 wd 0.0500	time 0.1137 (0.2225)	data time 0.0007 (0.1162)	model time 0.1130 (0.1055)	loss 3.2999 (3.7479)	grad_norm 4.6318 (4.3372)	loss_scale 131072.0000 (131072.0000)	mem 1082MB
[2026-03-25 01:50:48 tiny_cifar100_10ep](main.py 348): INFO Train: [7/10][190/390]	eta 0:00:43 lr 0.000024	 wd 0.0500	time 0.1028 (0.2165)	data time 0.0006 (0.1102)	model time 0.1022 (0.1056)	loss 3.8343 (3.7456)	grad_norm 4.4733 (4.3441)	loss_scale 131072.0000 (131072.0000)	mem 1082MB
[2026-03-25 01:50:49 tiny_cifar100_10ep](main.py 348): INFO Train: [7/10][200/390]	eta 0:00:40 lr 0.000023	 wd 0.0500	time 0.1025 (0.2110)	data time 0.0004 (0.1047)	model time 0.1021 (0.1056)	loss 3.9239 (3.7392)	grad_norm 4.2861 (4.3496)	loss_scale 131072.0000 (131072.0000)	mem 1082MB
[2026-03-25 01:50:50 tiny_cifar100_10ep](main.py 348): INFO Train: [7/10][210/390]	eta 0:00:37 lr 0.000023	 wd 0.0500	time 0.1029 (0.2060)	data time 0.0006 (0.0998)	model time 0.1023 (0.1055)	loss 4.1588 (3.7450)	grad_norm 4.2029 (4.3531)	loss_scale 131072.0000 (131072.0000)	mem 1082MB
[2026-03-25 01:50:51 tiny_cifar100_10ep](main.py 348): INFO Train: [7/10][220/390]	eta 0:00:34 lr 0.000022	 wd 0.0500	time 0.1132 (0.2015)	data time 0.0007 (0.0953)	model time 0.1125 (0.1055)	loss 3.2084 (3.7376)	grad_norm 5.4558 (4.3696)	loss_scale 131072.0000 (131072.0000)	mem 1082MB
[2026-03-25 01:50:52 tiny_cifar100_10ep](main.py 348): INFO Train: [7/10][230/390]	eta 0:00:31 lr 0.000022	 wd 0.0500	time 0.1066 (0.1973)	data time 0.0007 (0.0912)	model time 0.1060 (0.1055)	loss 3.7508 (3.7316)	grad_norm 4.0919 (4.3661)	loss_scale 131072.0000 (131072.0000)	mem 1082MB
[2026-03-25 01:50:53 tiny_cifar100_10ep](main.py 348): INFO Train: [7/10][240/390]	eta 0:00:29 lr 0.000021	 wd 0.0500	time 0.1024 (0.1937)	data time 0.0006 (0.0874)	model time 0.1018 (0.1057)	loss 3.7320 (3.7224)	grad_norm 5.1670 (4.3800)	loss_scale 131072.0000 (131072.0000)	mem 1082MB
[2026-03-25 01:50:54 tiny_cifar100_10ep](main.py 348): INFO Train: [7/10][250/390]	eta 0:00:26 lr 0.000021	 wd 0.0500	time 0.1026 (0.1903)	data time 0.0006 (0.0840)	model time 0.1019 (0.1057)	loss 3.8734 (3.7170)	grad_norm 4.2450 (4.3877)	loss_scale 131072.0000 (131072.0000)	mem 1082MB
[2026-03-25 01:50:55 tiny_cifar100_10ep](main.py 348): INFO Train: [7/10][260/390]	eta 0:00:24 lr 0.000021	 wd 0.0500	time 0.0997 (0.1868)	data time 0.0006 (0.0808)	model time 0.0992 (0.1054)	loss 3.9346 (3.7133)	grad_norm 4.2464 (4.3845)	loss_scale 131072.0000 (131072.0000)	mem 1082MB
[2026-03-25 01:50:56 tiny_cifar100_10ep](main.py 348): INFO Train: [7/10][270/390]	eta 0:00:22 lr 0.000020	 wd 0.0500	time 0.1023 (0.1837)	data time 0.0006 (0.0778)	model time 0.1016 (0.1052)	loss 3.9602 (3.7151)	grad_norm 3.9136 (4.3785)	loss_scale 131072.0000 (131072.0000)	mem 1082MB
[2026-03-25 01:50:57 tiny_cifar100_10ep](main.py 348): INFO Train: [7/10][280/390]	eta 0:00:19 lr 0.000020	 wd 0.0500	time 0.1068 (0.1808)	data time 0.0008 (0.0751)	model time 0.1060 (0.1051)	loss 3.9407 (3.7196)	grad_norm 4.1021 (4.3791)	loss_scale 131072.0000 (131072.0000)	mem 1082MB
[2026-03-25 01:50:58 tiny_cifar100_10ep](main.py 348): INFO Train: [7/10][290/390]	eta 0:00:17 lr 0.000019	 wd 0.0500	time 0.1013 (0.1783)	data time 0.0005 (0.0725)	model time 0.1008 (0.1052)	loss 3.3252 (3.7142)	grad_norm 4.4807 (4.3838)	loss_scale 131072.0000 (131072.0000)	mem 1082MB
[2026-03-25 01:50:59 tiny_cifar100_10ep](main.py 348): INFO Train: [7/10][300/390]	eta 0:00:15 lr 0.000019	 wd 0.0500	time 0.1028 (0.1759)	data time 0.0007 (0.0701)	model time 0.1021 (0.1051)	loss 4.2983 (3.7126)	grad_norm 3.6298 (4.3950)	loss_scale 131072.0000 (131072.0000)	mem 1082MB
[2026-03-25 01:51:01 tiny_cifar100_10ep](main.py 348): INFO Train: [7/10][310/390]	eta 0:00:13 lr 0.000019	 wd 0.0500	time 0.1035 (0.1739)	data time 0.0007 (0.0679)	model time 0.1029 (0.1055)	loss 3.3495 (3.7115)	grad_norm 4.7780 (4.4024)	loss_scale 131072.0000 (131072.0000)	mem 1082MB
[2026-03-25 01:51:02 tiny_cifar100_10ep](main.py 348): INFO Train: [7/10][320/390]	eta 0:00:12 lr 0.000018	 wd 0.0500	time 0.1112 (0.1719)	data time 0.0007 (0.0658)	model time 0.1106 (0.1056)	loss 3.6381 (3.7043)	grad_norm 4.4119 (4.4086)	loss_scale 131072.0000 (131072.0000)	mem 1082MB
[2026-03-25 01:51:03 tiny_cifar100_10ep](main.py 348): INFO Train: [7/10][330/390]	eta 0:00:10 lr 0.000018	 wd 0.0500	time 0.1108 (0.1701)	data time 0.0006 (0.0638)	model time 0.1102 (0.1058)	loss 3.6952 (3.7052)	grad_norm 4.3020 (4.4158)	loss_scale 131072.0000 (131072.0000)	mem 1082MB
[2026-03-25 01:51:04 tiny_cifar100_10ep](main.py 348): INFO Train: [7/10][340/390]	eta 0:00:08 lr 0.000018	 wd 0.0500	time 0.1026 (0.1683)	data time 0.0007 (0.0620)	model time 0.1019 (0.1059)	loss 3.6390 (3.7056)	grad_norm 4.4322 (4.4218)	loss_scale 131072.0000 (131072.0000)	mem 1082MB
[2026-03-25 01:51:05 tiny_cifar100_10ep](main.py 348): INFO Train: [7/10][350/390]	eta 0:00:06 lr 0.000017	 wd 0.0500	time 0.1028 (0.1664)	data time 0.0005 (0.0602)	model time 0.1022 (0.1058)	loss 3.2604 (3.6974)	grad_norm 4.7882 (4.4293)	loss_scale 131072.0000 (131072.0000)	mem 1082MB
[2026-03-25 01:51:06 tiny_cifar100_10ep](main.py 348): INFO Train: [7/10][360/390]	eta 0:00:04 lr 0.000017	 wd 0.0500	time 0.1207 (0.1649)	data time 0.0007 (0.0586)	model time 0.1200 (0.1059)	loss 4.1538 (3.6923)	grad_norm 4.2145 (4.4401)	loss_scale 131072.0000 (131072.0000)	mem 1082MB
[2026-03-25 01:51:07 tiny_cifar100_10ep](main.py 348): INFO Train: [7/10][370/390]	eta 0:00:03 lr 0.000016	 wd 0.0500	time 0.1023 (0.1632)	data time 0.0006 (0.0570)	model time 0.1017 (0.1059)	loss 3.4282 (3.6936)	grad_norm 4.4052 (4.4396)	loss_scale 131072.0000 (131072.0000)	mem 1082MB
[2026-03-25 01:51:08 tiny_cifar100_10ep](main.py 348): INFO Train: [7/10][380/390]	eta 0:00:01 lr 0.000016	 wd 0.0500	time 0.1005 (0.1617)	data time 0.0003 (0.0555)	model time 0.1002 (0.1058)	loss 3.3531 (3.6976)	grad_norm 4.0454 (4.4324)	loss_scale 131072.0000 (131072.0000)	mem 1082MB
[2026-03-25 01:51:10 tiny_cifar100_10ep](main.py 359): INFO EPOCH 7 training takes 0:01:03
[2026-03-25 01:51:10 tiny_cifar100_10ep](utils.py 104): INFO ./output_cifar100_noema_10ep/tiny_cifar100_10ep/20260325014008/latest_ckpt.pth saving......
[2026-03-25 01:51:11 tiny_cifar100_10ep](utils.py 106): INFO ./output_cifar100_noema_10ep/tiny_cifar100_10ep/20260325014008/latest_ckpt.pth saved !!!
/home/jlx_75/miniconda3/envs/pvmamba/lib/python3.10/site-packages/requests/__init__.py:109: RequestsDependencyWarning: urllib3 (1.26.13) or chardet (7.2.0)/charset_normalizer (2.1.1) doesn't match a supported version!
  warnings.warn(
/home/jlx_75/miniconda3/envs/pvmamba/lib/python3.10/site-packages/requests/__init__.py:109: RequestsDependencyWarning: urllib3 (1.26.13) or chardet (7.2.0)/charset_normalizer (2.1.1) doesn't match a supported version!
  warnings.warn(
/home/jlx_75/miniconda3/envs/pvmamba/lib/python3.10/site-packages/requests/__init__.py:109: RequestsDependencyWarning: urllib3 (1.26.13) or chardet (7.2.0)/charset_normalizer (2.1.1) doesn't match a supported version!
  warnings.warn(
/home/jlx_75/miniconda3/envs/pvmamba/lib/python3.10/site-packages/requests/__init__.py:109: RequestsDependencyWarning: urllib3 (1.26.13) or chardet (7.2.0)/charset_normalizer (2.1.1) doesn't match a supported version!
  warnings.warn(
/home/jlx_75/miniconda3/envs/pvmamba/lib/python3.10/site-packages/requests/__init__.py:109: RequestsDependencyWarning: urllib3 (1.26.13) or chardet (7.2.0)/charset_normalizer (2.1.1) doesn't match a supported version!
  warnings.warn(
/home/jlx_75/miniconda3/envs/pvmamba/lib/python3.10/site-packages/requests/__init__.py:109: RequestsDependencyWarning: urllib3 (1.26.13) or chardet (7.2.0)/charset_normalizer (2.1.1) doesn't match a supported version!
  warnings.warn(
/home/jlx_75/miniconda3/envs/pvmamba/lib/python3.10/site-packages/requests/__init__.py:109: RequestsDependencyWarning: urllib3 (1.26.13) or chardet (7.2.0)/charset_normalizer (2.1.1) doesn't match a supported version!
  warnings.warn(
/home/jlx_75/miniconda3/envs/pvmamba/lib/python3.10/site-packages/requests/__init__.py:109: RequestsDependencyWarning: urllib3 (1.26.13) or chardet (7.2.0)/charset_normalizer (2.1.1) doesn't match a supported version!
  warnings.warn(
[2026-03-25 01:51:26 tiny_cifar100_10ep](main.py 403): INFO Test: [0/79]	Time 15.078 (15.078)	Loss 2.6230 (2.6230)	Acc@1 36.719 (36.719)	Acc@5 69.531 (69.531)	Mem 1082MB
[2026-03-25 01:51:26 tiny_cifar100_10ep](main.py 403): INFO Test: [10/79]	Time 0.034 (1.405)	Loss 2.7656 (2.7717)	Acc@1 35.156 (33.381)	Acc@5 70.312 (64.418)	Mem 1082MB
[2026-03-25 01:51:26 tiny_cifar100_10ep](main.py 403): INFO Test: [20/79]	Time 0.034 (0.752)	Loss 2.8418 (2.7613)	Acc@1 29.688 (33.185)	Acc@5 64.844 (64.286)	Mem 1082MB
[2026-03-25 01:51:27 tiny_cifar100_10ep](main.py 403): INFO Test: [30/79]	Time 0.034 (0.520)	Loss 2.7305 (2.7603)	Acc@1 32.812 (33.014)	Acc@5 65.625 (63.936)	Mem 1082MB
[2026-03-25 01:51:27 tiny_cifar100_10ep](main.py 403): INFO Test: [40/79]	Time 0.033 (0.402)	Loss 2.6270 (2.7611)	Acc@1 38.281 (32.889)	Acc@5 67.188 (64.272)	Mem 1082MB
[2026-03-25 01:51:27 tiny_cifar100_10ep](main.py 403): INFO Test: [50/79]	Time 0.034 (0.330)	Loss 2.8828 (2.7680)	Acc@1 29.688 (32.598)	Acc@5 59.375 (64.400)	Mem 1082MB
[2026-03-25 01:51:28 tiny_cifar100_10ep](main.py 403): INFO Test: [60/79]	Time 0.034 (0.281)	Loss 2.9551 (2.7743)	Acc@1 27.344 (32.364)	Acc@5 58.594 (64.255)	Mem 1082MB
[2026-03-25 01:51:28 tiny_cifar100_10ep](main.py 403): INFO Test: [70/79]	Time 0.033 (0.246)	Loss 2.8340 (2.7720)	Acc@1 26.562 (32.482)	Acc@5 62.500 (64.327)	Mem 1082MB
[2026-03-25 01:51:29 tiny_cifar100_10ep](main.py 410): INFO  * Acc@1 32.490 Acc@5 64.250
[2026-03-25 01:51:29 tiny_cifar100_10ep](main.py 239): INFO Accuracy of the network on the 10000 test images: 32.5%
[2026-03-25 01:51:29 tiny_cifar100_10ep](main.py 247): INFO New max accuracy: 32.49%
[2026-03-25 01:51:29 tiny_cifar100_10ep](utils.py 104): INFO ./output_cifar100_noema_10ep/tiny_cifar100_10ep/20260325014008/best_ckpt.pth saving......
[2026-03-25 01:51:30 tiny_cifar100_10ep](utils.py 106): INFO ./output_cifar100_noema_10ep/tiny_cifar100_10ep/20260325014008/best_ckpt.pth saved !!!
/home/jlx_75/miniconda3/envs/pvmamba/lib/python3.10/site-packages/requests/__init__.py:109: RequestsDependencyWarning: urllib3 (1.26.13) or chardet (7.2.0)/charset_normalizer (2.1.1) doesn't match a supported version!
  warnings.warn(
/home/jlx_75/miniconda3/envs/pvmamba/lib/python3.10/site-packages/requests/__init__.py:109: RequestsDependencyWarning: urllib3 (1.26.13) or chardet (7.2.0)/charset_normalizer (2.1.1) doesn't match a supported version!
  warnings.warn(
/home/jlx_75/miniconda3/envs/pvmamba/lib/python3.10/site-packages/requests/__init__.py:109: RequestsDependencyWarning: urllib3 (1.26.13) or chardet (7.2.0)/charset_normalizer (2.1.1) doesn't match a supported version!
  warnings.warn(
/home/jlx_75/miniconda3/envs/pvmamba/lib/python3.10/site-packages/requests/__init__.py:109: RequestsDependencyWarning: urllib3 (1.26.13) or chardet (7.2.0)/charset_normalizer (2.1.1) doesn't match a supported version!
  warnings.warn(
/home/jlx_75/miniconda3/envs/pvmamba/lib/python3.10/site-packages/requests/__init__.py:109: RequestsDependencyWarning: urllib3 (1.26.13) or chardet (7.2.0)/charset_normalizer (2.1.1) doesn't match a supported version!
  warnings.warn(
/home/jlx_75/miniconda3/envs/pvmamba/lib/python3.10/site-packages/requests/__init__.py:109: RequestsDependencyWarning: urllib3 (1.26.13) or chardet (7.2.0)/charset_normalizer (2.1.1) doesn't match a supported version!
  warnings.warn(
/home/jlx_75/miniconda3/envs/pvmamba/lib/python3.10/site-packages/requests/__init__.py:109: RequestsDependencyWarning: urllib3 (1.26.13) or chardet (7.2.0)/charset_normalizer (2.1.1) doesn't match a supported version!
  warnings.warn(
/home/jlx_75/miniconda3/envs/pvmamba/lib/python3.10/site-packages/requests/__init__.py:109: RequestsDependencyWarning: urllib3 (1.26.13) or chardet (7.2.0)/charset_normalizer (2.1.1) doesn't match a supported version!
  warnings.warn(
[2026-03-25 01:51:52 tiny_cifar100_10ep](main.py 348): INFO Train: [8/10][0/390]	eta 2:22:32 lr 0.000016	 wd 0.0500	time 21.9285 (21.9285)	data time 21.8087 (21.8087)	model time 0.0000 (0.0000)	loss 3.4050 (3.4050)	grad_norm 4.2757 (4.2757)	loss_scale 131072.0000 (131072.0000)	mem 1082MB
[2026-03-25 01:51:53 tiny_cifar100_10ep](main.py 348): INFO Train: [8/10][10/390]	eta 0:13:14 lr 0.000015	 wd 0.0500	time 0.1028 (2.0909)	data time 0.0005 (1.9832)	model time 0.0000 (0.0000)	loss 4.0474 (3.5589)	grad_norm 3.9997 (4.4267)	loss_scale 131072.0000 (131072.0000)	mem 1082MB
[2026-03-25 01:51:54 tiny_cifar100_10ep](main.py 348): INFO Train: [8/10][20/390]	eta 0:07:04 lr 0.000015	 wd 0.0500	time 0.1053 (1.1474)	data time 0.0006 (1.0391)	model time 0.0000 (0.0000)	loss 4.3933 (3.6435)	grad_norm 3.6378 (4.5285)	loss_scale 131072.0000 (131072.0000)	mem 1082MB
[2026-03-25 01:51:55 tiny_cifar100_10ep](main.py 348): INFO Train: [8/10][30/390]	eta 0:04:52 lr 0.000015	 wd 0.0500	time 0.1279 (0.8130)	data time 0.0008 (0.7041)	model time 0.0000 (0.0000)	loss 3.8434 (3.6798)	grad_norm 4.1279 (4.4973)	loss_scale 131072.0000 (131072.0000)	mem 1082MB
[2026-03-25 01:51:56 tiny_cifar100_10ep](main.py 348): INFO Train: [8/10][40/390]	eta 0:03:44 lr 0.000014	 wd 0.0500	time 0.1049 (0.6420)	data time 0.0006 (0.5325)	model time 0.0000 (0.0000)	loss 3.3828 (3.6718)	grad_norm 4.3532 (4.5515)	loss_scale 131072.0000 (131072.0000)	mem 1082MB
[2026-03-25 01:51:57 tiny_cifar100_10ep](main.py 348): INFO Train: [8/10][50/390]	eta 0:03:02 lr 0.000014	 wd 0.0500	time 0.1106 (0.5375)	data time 0.0005 (0.4282)	model time 0.0000 (0.0000)	loss 3.0537 (3.6777)	grad_norm 4.8117 (4.5815)	loss_scale 131072.0000 (131072.0000)	mem 1082MB
[2026-03-25 01:51:58 tiny_cifar100_10ep](main.py 348): INFO Train: [8/10][60/390]	eta 0:02:34 lr 0.000014	 wd 0.0500	time 0.1021 (0.4675)	data time 0.0005 (0.3581)	model time 0.1016 (0.1097)	loss 3.9975 (3.6716)	grad_norm 4.8358 (4.5879)	loss_scale 131072.0000 (131072.0000)	mem 1082MB
[2026-03-25 01:51:59 tiny_cifar100_10ep](main.py 348): INFO Train: [8/10][70/390]	eta 0:02:13 lr 0.000013	 wd 0.0500	time 0.1225 (0.4169)	data time 0.0007 (0.3078)	model time 0.1218 (0.1088)	loss 3.3677 (3.6496)	grad_norm 4.4774 (4.6018)	loss_scale 131072.0000 (131072.0000)	mem 1082MB
[2026-03-25 01:52:00 tiny_cifar100_10ep](main.py 348): INFO Train: [8/10][80/390]	eta 0:01:57 lr 0.000013	 wd 0.0500	time 0.1127 (0.3789)	data time 0.0005 (0.2698)	model time 0.1122 (0.1087)	loss 3.6483 (3.6284)	grad_norm 4.2565 (4.5667)	loss_scale 131072.0000 (131072.0000)	mem 1082MB
[2026-03-25 01:52:01 tiny_cifar100_10ep](main.py 348): INFO Train: [8/10][90/390]	eta 0:01:44 lr 0.000013	 wd 0.0500	time 0.0993 (0.3490)	data time 0.0005 (0.2403)	model time 0.0988 (0.1081)	loss 2.9469 (3.6138)	grad_norm 5.1749 (4.5810)	loss_scale 131072.0000 (131072.0000)	mem 1082MB
[2026-03-25 01:52:03 tiny_cifar100_10ep](main.py 348): INFO Train: [8/10][100/390]	eta 0:01:34 lr 0.000012	 wd 0.0500	time 0.1043 (0.3252)	data time 0.0004 (0.2165)	model time 0.1038 (0.1080)	loss 3.0572 (3.6068)	grad_norm 5.1696 (4.5802)	loss_scale 131072.0000 (131072.0000)	mem 1082MB
[2026-03-25 01:52:04 tiny_cifar100_10ep](main.py 348): INFO Train: [8/10][110/390]	eta 0:01:25 lr 0.000012	 wd 0.0500	time 0.1246 (0.3057)	data time 0.0007 (0.1971)	model time 0.1238 (0.1081)	loss 4.1581 (3.6022)	grad_norm 4.0551 (4.5729)	loss_scale 131072.0000 (131072.0000)	mem 1082MB
[2026-03-25 01:52:05 tiny_cifar100_10ep](main.py 348): INFO Train: [8/10][120/390]	eta 0:01:18 lr 0.000012	 wd 0.0500	time 0.1010 (0.2896)	data time 0.0006 (0.1808)	model time 0.1004 (0.1084)	loss 4.1993 (3.6124)	grad_norm 4.5684 (4.5776)	loss_scale 131072.0000 (131072.0000)	mem 1082MB
[2026-03-25 01:52:06 tiny_cifar100_10ep](main.py 348): INFO Train: [8/10][130/390]	eta 0:01:11 lr 0.000011	 wd 0.0500	time 0.1023 (0.2756)	data time 0.0006 (0.1671)	model time 0.1018 (0.1080)	loss 2.9754 (3.6097)	grad_norm 4.9457 (4.6023)	loss_scale 131072.0000 (131072.0000)	mem 1082MB
[2026-03-25 01:52:07 tiny_cifar100_10ep](main.py 348): INFO Train: [8/10][140/390]	eta 0:01:05 lr 0.000011	 wd 0.0500	time 0.0997 (0.2635)	data time 0.0005 (0.1553)	model time 0.0991 (0.1075)	loss 4.0206 (3.6068)	grad_norm 4.5393 (4.6026)	loss_scale 131072.0000 (131072.0000)	mem 1082MB
[2026-03-25 01:52:08 tiny_cifar100_10ep](main.py 348): INFO Train: [8/10][150/390]	eta 0:01:00 lr 0.000011	 wd 0.0500	time 0.1321 (0.2532)	data time 0.0008 (0.1450)	model time 0.1313 (0.1076)	loss 3.0213 (3.6153)	grad_norm 4.8085 (4.6011)	loss_scale 131072.0000 (131072.0000)	mem 1082MB
[2026-03-25 01:52:09 tiny_cifar100_10ep](main.py 348): INFO Train: [8/10][160/390]	eta 0:00:56 lr 0.000011	 wd 0.0500	time 0.0990 (0.2439)	data time 0.0005 (0.1361)	model time 0.0986 (0.1072)	loss 3.8216 (3.6256)	grad_norm 4.9181 (4.6068)	loss_scale 131072.0000 (131072.0000)	mem 1082MB
[2026-03-25 01:52:10 tiny_cifar100_10ep](main.py 348): INFO Train: [8/10][170/390]	eta 0:00:51 lr 0.000010	 wd 0.0500	time 0.1018 (0.2360)	data time 0.0005 (0.1281)	model time 0.1013 (0.1073)	loss 3.4540 (3.6182)	grad_norm 4.3483 (4.6133)	loss_scale 131072.0000 (131072.0000)	mem 1082MB
[2026-03-25 01:52:11 tiny_cifar100_10ep](main.py 348): INFO Train: [8/10][180/390]	eta 0:00:48 lr 0.000010	 wd 0.0500	time 0.1020 (0.2288)	data time 0.0005 (0.1211)	model time 0.1015 (0.1071)	loss 3.9478 (3.6295)	grad_norm 4.5295 (4.6392)	loss_scale 131072.0000 (131072.0000)	mem 1082MB
[2026-03-25 01:52:12 tiny_cifar100_10ep](main.py 348): INFO Train: [8/10][190/390]	eta 0:00:44 lr 0.000010	 wd 0.0500	time 0.1254 (0.2228)	data time 0.0006 (0.1148)	model time 0.1248 (0.1075)	loss 3.4004 (3.6261)	grad_norm 4.6691 (4.6497)	loss_scale 131072.0000 (131072.0000)	mem 1082MB
[2026-03-25 01:52:13 tiny_cifar100_10ep](main.py 348): INFO Train: [8/10][200/390]	eta 0:00:41 lr 0.000009	 wd 0.0500	time 0.1020 (0.2170)	data time 0.0005 (0.1091)	model time 0.1015 (0.1074)	loss 3.1620 (3.6294)	grad_norm 4.8105 (4.6512)	loss_scale 131072.0000 (131072.0000)	mem 1082MB
[2026-03-25 01:52:14 tiny_cifar100_10ep](main.py 348): INFO Train: [8/10][210/390]	eta 0:00:38 lr 0.000009	 wd 0.0500	time 0.1014 (0.2117)	data time 0.0005 (0.1040)	model time 0.1008 (0.1072)	loss 3.9745 (3.6314)	grad_norm 5.0074 (4.6590)	loss_scale 131072.0000 (131072.0000)	mem 1082MB
[2026-03-25 01:52:15 tiny_cifar100_10ep](main.py 348): INFO Train: [8/10][220/390]	eta 0:00:35 lr 0.000009	 wd 0.0500	time 0.1027 (0.2069)	data time 0.0005 (0.0993)	model time 0.1023 (0.1071)	loss 3.4564 (3.6325)	grad_norm 4.4365 (4.6600)	loss_scale 131072.0000 (131072.0000)	mem 1082MB
[2026-03-25 01:52:16 tiny_cifar100_10ep](main.py 348): INFO Train: [8/10][230/390]	eta 0:00:32 lr 0.000009	 wd 0.0500	time 0.1226 (0.2026)	data time 0.0007 (0.0950)	model time 0.1220 (0.1071)	loss 3.5546 (3.6383)	grad_norm 4.4988 (4.6602)	loss_scale 131072.0000 (131072.0000)	mem 1082MB
[2026-03-25 01:52:18 tiny_cifar100_10ep](main.py 348): INFO Train: [8/10][240/390]	eta 0:00:29 lr 0.000008	 wd 0.0500	time 0.1010 (0.1986)	data time 0.0005 (0.0911)	model time 0.1005 (0.1071)	loss 4.0817 (3.6417)	grad_norm 5.4886 (inf)	loss_scale 65536.0000 (129168.4647)	mem 1082MB
[2026-03-25 01:52:19 tiny_cifar100_10ep](main.py 348): INFO Train: [8/10][250/390]	eta 0:00:27 lr 0.000008	 wd 0.0500	time 0.0991 (0.1949)	data time 0.0004 (0.0875)	model time 0.0986 (0.1070)	loss 3.6605 (3.6458)	grad_norm 4.4537 (inf)	loss_scale 65536.0000 (126633.3068)	mem 1082MB
[2026-03-25 01:52:20 tiny_cifar100_10ep](main.py 348): INFO Train: [8/10][260/390]	eta 0:00:24 lr 0.000008	 wd 0.0500	time 0.1104 (0.1915)	data time 0.0007 (0.0842)	model time 0.1097 (0.1069)	loss 3.1287 (3.6411)	grad_norm 5.0965 (inf)	loss_scale 65536.0000 (124292.4138)	mem 1082MB
[2026-03-25 01:52:21 tiny_cifar100_10ep](main.py 348): INFO Train: [8/10][270/390]	eta 0:00:22 lr 0.000008	 wd 0.0500	time 0.1275 (0.1886)	data time 0.0005 (0.0811)	model time 0.1269 (0.1071)	loss 3.5400 (3.6482)	grad_norm 4.0111 (inf)	loss_scale 65536.0000 (122124.2804)	mem 1082MB
[2026-03-25 01:52:22 tiny_cifar100_10ep](main.py 348): INFO Train: [8/10][280/390]	eta 0:00:20 lr 0.000007	 wd 0.0500	time 0.1140 (0.1856)	data time 0.0006 (0.0782)	model time 0.1134 (0.1070)	loss 4.1753 (3.6497)	grad_norm 4.1723 (inf)	loss_scale 65536.0000 (120110.4626)	mem 1082MB
[2026-03-25 01:52:23 tiny_cifar100_10ep](main.py 348): INFO Train: [8/10][290/390]	eta 0:00:18 lr 0.000007	 wd 0.0500	time 0.1021 (0.1830)	data time 0.0006 (0.0755)	model time 0.1014 (0.1070)	loss 3.5549 (3.6495)	grad_norm 4.7138 (inf)	loss_scale 65536.0000 (118235.0515)	mem 1082MB
[2026-03-25 01:52:24 tiny_cifar100_10ep](main.py 348): INFO Train: [8/10][300/390]	eta 0:00:16 lr 0.000007	 wd 0.0500	time 0.0992 (0.1803)	data time 0.0005 (0.0731)	model time 0.0988 (0.1069)	loss 3.3638 (3.6490)	grad_norm 4.7414 (inf)	loss_scale 65536.0000 (116484.2525)	mem 1082MB
[2026-03-25 01:52:25 tiny_cifar100_10ep](main.py 348): INFO Train: [8/10][310/390]	eta 0:00:14 lr 0.000007	 wd 0.0500	time 0.1271 (0.1780)	data time 0.0007 (0.0707)	model time 0.1264 (0.1069)	loss 4.1134 (3.6465)	grad_norm 4.0257 (inf)	loss_scale 65536.0000 (114846.0450)	mem 1082MB
[2026-03-25 01:52:26 tiny_cifar100_10ep](main.py 348): INFO Train: [8/10][320/390]	eta 0:00:12 lr 0.000006	 wd 0.0500	time 0.1011 (0.1758)	data time 0.0006 (0.0685)	model time 0.1006 (0.1068)	loss 3.7338 (3.6453)	grad_norm 4.1846 (inf)	loss_scale 65536.0000 (113309.9065)	mem 1082MB
[2026-03-25 01:52:27 tiny_cifar100_10ep](main.py 348): INFO Train: [8/10][330/390]	eta 0:00:10 lr 0.000006	 wd 0.0500	time 0.1055 (0.1737)	data time 0.0007 (0.0665)	model time 0.1048 (0.1069)	loss 3.3300 (3.6464)	grad_norm 4.9602 (inf)	loss_scale 65536.0000 (111866.5861)	mem 1082MB
[2026-03-25 01:52:28 tiny_cifar100_10ep](main.py 348): INFO Train: [8/10][340/390]	eta 0:00:08 lr 0.000006	 wd 0.0500	time 0.1021 (0.1717)	data time 0.0005 (0.0646)	model time 0.1016 (0.1068)	loss 3.1352 (3.6479)	grad_norm 4.5534 (inf)	loss_scale 65536.0000 (110507.9179)	mem 1082MB
[2026-03-25 01:52:29 tiny_cifar100_10ep](main.py 348): INFO Train: [8/10][350/390]	eta 0:00:06 lr 0.000006	 wd 0.0500	time 0.1256 (0.1700)	data time 0.0005 (0.0627)	model time 0.1251 (0.1070)	loss 3.1727 (3.6494)	grad_norm 5.4850 (inf)	loss_scale 65536.0000 (109226.6667)	mem 1082MB
[2026-03-25 01:52:30 tiny_cifar100_10ep](main.py 348): INFO Train: [8/10][360/390]	eta 0:00:05 lr 0.000006	 wd 0.0500	time 0.1012 (0.1683)	data time 0.0005 (0.0610)	model time 0.1007 (0.1070)	loss 3.8206 (3.6497)	grad_norm 5.1823 (inf)	loss_scale 65536.0000 (108016.3989)	mem 1082MB
[2026-03-25 01:52:32 tiny_cifar100_10ep](main.py 348): INFO Train: [8/10][370/390]	eta 0:00:03 lr 0.000005	 wd 0.0500	time 0.1003 (0.1668)	data time 0.0006 (0.0594)	model time 0.0996 (0.1071)	loss 3.2135 (3.6498)	grad_norm 4.9486 (inf)	loss_scale 65536.0000 (106871.3747)	mem 1082MB
[2026-03-25 01:52:33 tiny_cifar100_10ep](main.py 348): INFO Train: [8/10][380/390]	eta 0:00:01 lr 0.000005	 wd 0.0500	time 0.0986 (0.1650)	data time 0.0004 (0.0578)	model time 0.0983 (0.1069)	loss 4.0114 (3.6516)	grad_norm 3.9501 (inf)	loss_scale 65536.0000 (105786.4567)	mem 1082MB
[2026-03-25 01:52:34 tiny_cifar100_10ep](main.py 359): INFO EPOCH 8 training takes 0:01:04
[2026-03-25 01:52:34 tiny_cifar100_10ep](utils.py 104): INFO ./output_cifar100_noema_10ep/tiny_cifar100_10ep/20260325014008/latest_ckpt.pth saving......
[2026-03-25 01:52:35 tiny_cifar100_10ep](utils.py 106): INFO ./output_cifar100_noema_10ep/tiny_cifar100_10ep/20260325014008/latest_ckpt.pth saved !!!
/home/jlx_75/miniconda3/envs/pvmamba/lib/python3.10/site-packages/requests/__init__.py:109: RequestsDependencyWarning: urllib3 (1.26.13) or chardet (7.2.0)/charset_normalizer (2.1.1) doesn't match a supported version!
  warnings.warn(
/home/jlx_75/miniconda3/envs/pvmamba/lib/python3.10/site-packages/requests/__init__.py:109: RequestsDependencyWarning: urllib3 (1.26.13) or chardet (7.2.0)/charset_normalizer (2.1.1) doesn't match a supported version!
  warnings.warn(
/home/jlx_75/miniconda3/envs/pvmamba/lib/python3.10/site-packages/requests/__init__.py:109: RequestsDependencyWarning: urllib3 (1.26.13) or chardet (7.2.0)/charset_normalizer (2.1.1) doesn't match a supported version!
  warnings.warn(
/home/jlx_75/miniconda3/envs/pvmamba/lib/python3.10/site-packages/requests/__init__.py:109: RequestsDependencyWarning: urllib3 (1.26.13) or chardet (7.2.0)/charset_normalizer (2.1.1) doesn't match a supported version!
  warnings.warn(
/home/jlx_75/miniconda3/envs/pvmamba/lib/python3.10/site-packages/requests/__init__.py:109: RequestsDependencyWarning: urllib3 (1.26.13) or chardet (7.2.0)/charset_normalizer (2.1.1) doesn't match a supported version!
  warnings.warn(
/home/jlx_75/miniconda3/envs/pvmamba/lib/python3.10/site-packages/requests/__init__.py:109: RequestsDependencyWarning: urllib3 (1.26.13) or chardet (7.2.0)/charset_normalizer (2.1.1) doesn't match a supported version!
  warnings.warn(
/home/jlx_75/miniconda3/envs/pvmamba/lib/python3.10/site-packages/requests/__init__.py:109: RequestsDependencyWarning: urllib3 (1.26.13) or chardet (7.2.0)/charset_normalizer (2.1.1) doesn't match a supported version!
  warnings.warn(
/home/jlx_75/miniconda3/envs/pvmamba/lib/python3.10/site-packages/requests/__init__.py:109: RequestsDependencyWarning: urllib3 (1.26.13) or chardet (7.2.0)/charset_normalizer (2.1.1) doesn't match a supported version!
  warnings.warn(
[2026-03-25 01:52:50 tiny_cifar100_10ep](main.py 403): INFO Test: [0/79]	Time 14.781 (14.781)	Loss 2.5977 (2.5977)	Acc@1 35.938 (35.938)	Acc@5 70.312 (70.312)	Mem 1082MB
[2026-03-25 01:52:50 tiny_cifar100_10ep](main.py 403): INFO Test: [10/79]	Time 0.051 (1.390)	Loss 2.7656 (2.7491)	Acc@1 35.156 (33.665)	Acc@5 69.531 (65.057)	Mem 1082MB
[2026-03-25 01:52:51 tiny_cifar100_10ep](main.py 403): INFO Test: [20/79]	Time 0.051 (0.752)	Loss 2.7969 (2.7362)	Acc@1 28.906 (33.408)	Acc@5 65.625 (64.769)	Mem 1082MB
[2026-03-25 01:52:51 tiny_cifar100_10ep](main.py 403): INFO Test: [30/79]	Time 0.052 (0.526)	Loss 2.7285 (2.7325)	Acc@1 32.812 (33.493)	Acc@5 66.406 (64.718)	Mem 1082MB
[2026-03-25 01:52:52 tiny_cifar100_10ep](main.py 403): INFO Test: [40/79]	Time 0.038 (0.410)	Loss 2.5977 (2.7337)	Acc@1 36.719 (33.708)	Acc@5 67.188 (64.939)	Mem 1082MB
[2026-03-25 01:52:52 tiny_cifar100_10ep](main.py 403): INFO Test: [50/79]	Time 0.036 (0.337)	Loss 2.8320 (2.7418)	Acc@1 31.250 (33.104)	Acc@5 59.375 (64.966)	Mem 1082MB
[2026-03-25 01:52:53 tiny_cifar100_10ep](main.py 403): INFO Test: [60/79]	Time 0.034 (0.287)	Loss 2.9082 (2.7469)	Acc@1 31.250 (33.056)	Acc@5 61.719 (64.946)	Mem 1082MB
[2026-03-25 01:52:53 tiny_cifar100_10ep](main.py 403): INFO Test: [70/79]	Time 0.033 (0.252)	Loss 2.8008 (2.7450)	Acc@1 30.469 (33.187)	Acc@5 64.844 (65.031)	Mem 1082MB
[2026-03-25 01:52:54 tiny_cifar100_10ep](main.py 410): INFO  * Acc@1 33.160 Acc@5 64.940
[2026-03-25 01:52:54 tiny_cifar100_10ep](main.py 239): INFO Accuracy of the network on the 10000 test images: 33.2%
[2026-03-25 01:52:54 tiny_cifar100_10ep](main.py 247): INFO New max accuracy: 33.16%
[2026-03-25 01:52:54 tiny_cifar100_10ep](utils.py 104): INFO ./output_cifar100_noema_10ep/tiny_cifar100_10ep/20260325014008/best_ckpt.pth saving......
[2026-03-25 01:52:55 tiny_cifar100_10ep](utils.py 106): INFO ./output_cifar100_noema_10ep/tiny_cifar100_10ep/20260325014008/best_ckpt.pth saved !!!
/home/jlx_75/miniconda3/envs/pvmamba/lib/python3.10/site-packages/requests/__init__.py:109: RequestsDependencyWarning: urllib3 (1.26.13) or chardet (7.2.0)/charset_normalizer (2.1.1) doesn't match a supported version!
  warnings.warn(
/home/jlx_75/miniconda3/envs/pvmamba/lib/python3.10/site-packages/requests/__init__.py:109: RequestsDependencyWarning: urllib3 (1.26.13) or chardet (7.2.0)/charset_normalizer (2.1.1) doesn't match a supported version!
  warnings.warn(
/home/jlx_75/miniconda3/envs/pvmamba/lib/python3.10/site-packages/requests/__init__.py:109: RequestsDependencyWarning: urllib3 (1.26.13) or chardet (7.2.0)/charset_normalizer (2.1.1) doesn't match a supported version!
  warnings.warn(
/home/jlx_75/miniconda3/envs/pvmamba/lib/python3.10/site-packages/requests/__init__.py:109: RequestsDependencyWarning: urllib3 (1.26.13) or chardet (7.2.0)/charset_normalizer (2.1.1) doesn't match a supported version!
  warnings.warn(
/home/jlx_75/miniconda3/envs/pvmamba/lib/python3.10/site-packages/requests/__init__.py:109: RequestsDependencyWarning: urllib3 (1.26.13) or chardet (7.2.0)/charset_normalizer (2.1.1) doesn't match a supported version!
  warnings.warn(
/home/jlx_75/miniconda3/envs/pvmamba/lib/python3.10/site-packages/requests/__init__.py:109: RequestsDependencyWarning: urllib3 (1.26.13) or chardet (7.2.0)/charset_normalizer (2.1.1) doesn't match a supported version!
  warnings.warn(
/home/jlx_75/miniconda3/envs/pvmamba/lib/python3.10/site-packages/requests/__init__.py:109: RequestsDependencyWarning: urllib3 (1.26.13) or chardet (7.2.0)/charset_normalizer (2.1.1) doesn't match a supported version!
  warnings.warn(
/home/jlx_75/miniconda3/envs/pvmamba/lib/python3.10/site-packages/requests/__init__.py:109: RequestsDependencyWarning: urllib3 (1.26.13) or chardet (7.2.0)/charset_normalizer (2.1.1) doesn't match a supported version!
  warnings.warn(
[2026-03-25 01:53:18 tiny_cifar100_10ep](main.py 348): INFO Train: [9/10][0/390]	eta 2:31:22 lr 0.000005	 wd 0.0500	time 23.2891 (23.2891)	data time 23.1103 (23.1103)	model time 0.0000 (0.0000)	loss 3.8437 (3.8437)	grad_norm 4.5732 (4.5732)	loss_scale 65536.0000 (65536.0000)	mem 1082MB
[2026-03-25 01:53:19 tiny_cifar100_10ep](main.py 348): INFO Train: [9/10][10/390]	eta 0:14:02 lr 0.000005	 wd 0.0500	time 0.1114 (2.2184)	data time 0.0006 (2.1016)	model time 0.0000 (0.0000)	loss 3.4858 (3.6672)	grad_norm 4.3410 (4.7532)	loss_scale 65536.0000 (65536.0000)	mem 1082MB
[2026-03-25 01:53:20 tiny_cifar100_10ep](main.py 348): INFO Train: [9/10][20/390]	eta 0:07:29 lr 0.000005	 wd 0.0500	time 0.1099 (1.2143)	data time 0.0007 (1.1011)	model time 0.0000 (0.0000)	loss 3.1762 (3.6551)	grad_norm 4.9165 (4.8594)	loss_scale 65536.0000 (65536.0000)	mem 1082MB
[2026-03-25 01:53:21 tiny_cifar100_10ep](main.py 348): INFO Train: [9/10][30/390]	eta 0:05:08 lr 0.000004	 wd 0.0500	time 0.1154 (0.8582)	data time 0.0006 (0.7461)	model time 0.0000 (0.0000)	loss 3.2101 (3.6923)	grad_norm 4.3647 (4.7517)	loss_scale 65536.0000 (65536.0000)	mem 1082MB
[2026-03-25 01:53:22 tiny_cifar100_10ep](main.py 348): INFO Train: [9/10][40/390]	eta 0:03:56 lr 0.000004	 wd 0.0500	time 0.1108 (0.6763)	data time 0.0007 (0.5643)	model time 0.0000 (0.0000)	loss 4.1280 (3.7160)	grad_norm 4.0999 (4.6811)	loss_scale 65536.0000 (65536.0000)	mem 1082MB
[2026-03-25 01:53:24 tiny_cifar100_10ep](main.py 348): INFO Train: [9/10][50/390]	eta 0:03:12 lr 0.000004	 wd 0.0500	time 0.1037 (0.5654)	data time 0.0006 (0.4538)	model time 0.0000 (0.0000)	loss 3.9311 (3.7464)	grad_norm 4.7151 (4.6736)	loss_scale 65536.0000 (65536.0000)	mem 1082MB
[2026-03-25 01:53:25 tiny_cifar100_10ep](main.py 348): INFO Train: [9/10][60/390]	eta 0:02:41 lr 0.000004	 wd 0.0500	time 0.1016 (0.4901)	data time 0.0005 (0.3795)	model time 0.1012 (0.1057)	loss 3.8462 (3.7299)	grad_norm 5.5848 (4.6609)	loss_scale 65536.0000 (65536.0000)	mem 1082MB
[2026-03-25 01:53:26 tiny_cifar100_10ep](main.py 348): INFO Train: [9/10][70/390]	eta 0:02:19 lr 0.000004	 wd 0.0500	time 0.1020 (0.4355)	data time 0.0005 (0.3261)	model time 0.1015 (0.1036)	loss 3.9094 (3.7203)	grad_norm 4.7629 (4.6675)	loss_scale 65536.0000 (65536.0000)	mem 1082MB
[2026-03-25 01:53:27 tiny_cifar100_10ep](main.py 348): INFO Train: [9/10][80/390]	eta 0:02:02 lr 0.000004	 wd 0.0500	time 0.1018 (0.3947)	data time 0.0006 (0.2860)	model time 0.1013 (0.1038)	loss 3.8450 (3.7240)	grad_norm 4.3951 (4.6736)	loss_scale 65536.0000 (65536.0000)	mem 1082MB
[2026-03-25 01:53:28 tiny_cifar100_10ep](main.py 348): INFO Train: [9/10][90/390]	eta 0:01:48 lr 0.000003	 wd 0.0500	time 0.1018 (0.3626)	data time 0.0006 (0.2546)	model time 0.1012 (0.1034)	loss 4.0695 (3.7337)	grad_norm 4.5022 (4.6915)	loss_scale 65536.0000 (65536.0000)	mem 1082MB
[2026-03-25 01:53:29 tiny_cifar100_10ep](main.py 348): INFO Train: [9/10][100/390]	eta 0:01:37 lr 0.000003	 wd 0.0500	time 0.1030 (0.3371)	data time 0.0005 (0.2294)	model time 0.1025 (0.1036)	loss 3.6544 (3.7342)	grad_norm 4.1845 (4.6701)	loss_scale 65536.0000 (65536.0000)	mem 1082MB
[2026-03-25 01:53:30 tiny_cifar100_10ep](main.py 348): INFO Train: [9/10][110/390]	eta 0:01:28 lr 0.000003	 wd 0.0500	time 0.1051 (0.3162)	data time 0.0007 (0.2088)	model time 0.1044 (0.1038)	loss 3.9612 (3.7430)	grad_norm 4.0060 (4.6615)	loss_scale 65536.0000 (65536.0000)	mem 1082MB
[2026-03-25 01:53:31 tiny_cifar100_10ep](main.py 348): INFO Train: [9/10][120/390]	eta 0:01:20 lr 0.000003	 wd 0.0500	time 0.1191 (0.2991)	data time 0.0007 (0.1916)	model time 0.1184 (0.1045)	loss 3.0800 (3.7447)	grad_norm 5.1332 (4.6895)	loss_scale 65536.0000 (65536.0000)	mem 1082MB
[2026-03-25 01:53:32 tiny_cifar100_10ep](main.py 348): INFO Train: [9/10][130/390]	eta 0:01:14 lr 0.000003	 wd 0.0500	time 0.1045 (0.2846)	data time 0.0008 (0.1771)	model time 0.1037 (0.1050)	loss 4.0565 (3.7393)	grad_norm 4.3313 (4.6930)	loss_scale 65536.0000 (65536.0000)	mem 1082MB
[2026-03-25 01:53:33 tiny_cifar100_10ep](main.py 348): INFO Train: [9/10][140/390]	eta 0:01:07 lr 0.000003	 wd 0.0500	time 0.1001 (0.2716)	data time 0.0005 (0.1645)	model time 0.0996 (0.1045)	loss 3.8108 (3.7417)	grad_norm 4.1988 (4.6797)	loss_scale 65536.0000 (65536.0000)	mem 1082MB
[2026-03-25 01:53:34 tiny_cifar100_10ep](main.py 348): INFO Train: [9/10][150/390]	eta 0:01:02 lr 0.000003	 wd 0.0500	time 0.0996 (0.2603)	data time 0.0005 (0.1537)	model time 0.0990 (0.1041)	loss 4.0424 (3.7477)	grad_norm 4.3293 (4.6598)	loss_scale 65536.0000 (65536.0000)	mem 1082MB
[2026-03-25 01:53:35 tiny_cifar100_10ep](main.py 348): INFO Train: [9/10][160/390]	eta 0:00:57 lr 0.000003	 wd 0.0500	time 0.1207 (0.2508)	data time 0.0007 (0.1442)	model time 0.1200 (0.1043)	loss 3.3505 (3.7367)	grad_norm 4.7962 (4.6585)	loss_scale 65536.0000 (65536.0000)	mem 1082MB
[2026-03-25 01:53:36 tiny_cifar100_10ep](main.py 348): INFO Train: [9/10][170/390]	eta 0:00:53 lr 0.000002	 wd 0.0500	time 0.1024 (0.2422)	data time 0.0005 (0.1358)	model time 0.1019 (0.1043)	loss 2.9588 (3.7312)	grad_norm 5.2695 (4.6477)	loss_scale 65536.0000 (65536.0000)	mem 1082MB
[2026-03-25 01:53:37 tiny_cifar100_10ep](main.py 348): INFO Train: [9/10][180/390]	eta 0:00:49 lr 0.000002	 wd 0.0500	time 0.1132 (0.2346)	data time 0.0006 (0.1283)	model time 0.1125 (0.1042)	loss 3.1207 (3.7303)	grad_norm 5.3011 (4.6455)	loss_scale 65536.0000 (65536.0000)	mem 1082MB
[2026-03-25 01:53:38 tiny_cifar100_10ep](main.py 348): INFO Train: [9/10][190/390]	eta 0:00:45 lr 0.000002	 wd 0.0500	time 0.1030 (0.2280)	data time 0.0006 (0.1216)	model time 0.1023 (0.1044)	loss 3.1138 (3.7271)	grad_norm 5.0069 (4.6476)	loss_scale 65536.0000 (65536.0000)	mem 1082MB
[2026-03-25 01:53:39 tiny_cifar100_10ep](main.py 348): INFO Train: [9/10][200/390]	eta 0:00:42 lr 0.000002	 wd 0.0500	time 0.1027 (0.2220)	data time 0.0006 (0.1156)	model time 0.1021 (0.1047)	loss 4.1395 (3.7222)	grad_norm 4.3961 (4.6520)	loss_scale 65536.0000 (65536.0000)	mem 1082MB
[2026-03-25 01:53:40 tiny_cifar100_10ep](main.py 348): INFO Train: [9/10][210/390]	eta 0:00:39 lr 0.000002	 wd 0.0500	time 0.1033 (0.2167)	data time 0.0005 (0.1102)	model time 0.1028 (0.1050)	loss 3.3834 (3.7183)	grad_norm 4.6415 (4.6466)	loss_scale 65536.0000 (65536.0000)	mem 1082MB
[2026-03-25 01:53:41 tiny_cifar100_10ep](main.py 348): INFO Train: [9/10][220/390]	eta 0:00:35 lr 0.000002	 wd 0.0500	time 0.1029 (0.2116)	data time 0.0006 (0.1052)	model time 0.1023 (0.1048)	loss 3.5419 (3.7122)	grad_norm 5.1079 (4.6519)	loss_scale 65536.0000 (65536.0000)	mem 1082MB
[2026-03-25 01:53:43 tiny_cifar100_10ep](main.py 348): INFO Train: [9/10][230/390]	eta 0:00:33 lr 0.000002	 wd 0.0500	time 0.1175 (0.2072)	data time 0.0006 (0.1007)	model time 0.1169 (0.1051)	loss 4.1412 (3.7132)	grad_norm 4.0234 (4.6573)	loss_scale 65536.0000 (65536.0000)	mem 1082MB
[2026-03-25 01:53:44 tiny_cifar100_10ep](main.py 348): INFO Train: [9/10][240/390]	eta 0:00:30 lr 0.000002	 wd 0.0500	time 0.1100 (0.2032)	data time 0.0007 (0.0965)	model time 0.1093 (0.1053)	loss 3.8282 (3.7095)	grad_norm 4.3872 (4.6579)	loss_scale 65536.0000 (65536.0000)	mem 1082MB
[2026-03-25 01:53:45 tiny_cifar100_10ep](main.py 348): INFO Train: [9/10][250/390]	eta 0:00:27 lr 0.000002	 wd 0.0500	time 0.1029 (0.1994)	data time 0.0006 (0.0927)	model time 0.1023 (0.1054)	loss 4.0905 (3.7127)	grad_norm 4.4539 (4.6576)	loss_scale 65536.0000 (65536.0000)	mem 1082MB
[2026-03-25 01:53:46 tiny_cifar100_10ep](main.py 348): INFO Train: [9/10][260/390]	eta 0:00:25 lr 0.000002	 wd 0.0500	time 0.1030 (0.1958)	data time 0.0005 (0.0892)	model time 0.1024 (0.1054)	loss 3.4733 (3.7095)	grad_norm 4.5334 (4.6584)	loss_scale 65536.0000 (65536.0000)	mem 1082MB
[2026-03-25 01:53:47 tiny_cifar100_10ep](main.py 348): INFO Train: [9/10][270/390]	eta 0:00:23 lr 0.000002	 wd 0.0500	time 0.1017 (0.1924)	data time 0.0005 (0.0859)	model time 0.1011 (0.1053)	loss 3.7749 (3.7082)	grad_norm 4.4374 (4.6587)	loss_scale 65536.0000 (65536.0000)	mem 1082MB
[2026-03-25 01:53:48 tiny_cifar100_10ep](main.py 348): INFO Train: [9/10][280/390]	eta 0:00:20 lr 0.000002	 wd 0.0500	time 0.1131 (0.1894)	data time 0.0006 (0.0829)	model time 0.1125 (0.1053)	loss 3.9107 (3.7069)	grad_norm 5.0387 (4.6578)	loss_scale 65536.0000 (65536.0000)	mem 1082MB
[2026-03-25 01:53:49 tiny_cifar100_10ep](main.py 348): INFO Train: [9/10][290/390]	eta 0:00:18 lr 0.000001	 wd 0.0500	time 0.1038 (0.1865)	data time 0.0005 (0.0801)	model time 0.1033 (0.1053)	loss 3.2547 (3.7026)	grad_norm 4.1855 (4.6535)	loss_scale 65536.0000 (65536.0000)	mem 1082MB
[2026-03-25 01:53:50 tiny_cifar100_10ep](main.py 348): INFO Train: [9/10][300/390]	eta 0:00:16 lr 0.000001	 wd 0.0500	time 0.1069 (0.1838)	data time 0.0007 (0.0774)	model time 0.1062 (0.1053)	loss 3.8551 (3.7020)	grad_norm 4.4149 (4.6461)	loss_scale 65536.0000 (65536.0000)	mem 1082MB
[2026-03-25 01:53:51 tiny_cifar100_10ep](main.py 348): INFO Train: [9/10][310/390]	eta 0:00:14 lr 0.000001	 wd 0.0500	time 0.1028 (0.1813)	data time 0.0006 (0.0750)	model time 0.1022 (0.1053)	loss 3.8424 (3.7010)	grad_norm 4.3254 (4.6476)	loss_scale 65536.0000 (65536.0000)	mem 1082MB
[2026-03-25 01:53:52 tiny_cifar100_10ep](main.py 348): INFO Train: [9/10][320/390]	eta 0:00:12 lr 0.000001	 wd 0.0500	time 0.1034 (0.1790)	data time 0.0006 (0.0726)	model time 0.1028 (0.1054)	loss 4.1138 (3.7023)	grad_norm 4.8361 (4.6537)	loss_scale 65536.0000 (65536.0000)	mem 1082MB
[2026-03-25 01:53:53 tiny_cifar100_10ep](main.py 348): INFO Train: [9/10][330/390]	eta 0:00:10 lr 0.000001	 wd 0.0500	time 0.1030 (0.1768)	data time 0.0006 (0.0705)	model time 0.1023 (0.1053)	loss 3.8226 (3.7042)	grad_norm 4.4900 (4.6505)	loss_scale 65536.0000 (65536.0000)	mem 1082MB
[2026-03-25 01:53:54 tiny_cifar100_10ep](main.py 348): INFO Train: [9/10][340/390]	eta 0:00:08 lr 0.000001	 wd 0.0500	time 0.1003 (0.1746)	data time 0.0006 (0.0684)	model time 0.0997 (0.1052)	loss 4.0269 (3.7043)	grad_norm 4.3391 (4.6522)	loss_scale 65536.0000 (65536.0000)	mem 1082MB
[2026-03-25 01:53:55 tiny_cifar100_10ep](main.py 348): INFO Train: [9/10][350/390]	eta 0:00:06 lr 0.000001	 wd 0.0500	time 0.1026 (0.1726)	data time 0.0006 (0.0665)	model time 0.1020 (0.1052)	loss 4.2017 (3.7048)	grad_norm 4.1577 (4.6451)	loss_scale 65536.0000 (65536.0000)	mem 1082MB
[2026-03-25 01:53:56 tiny_cifar100_10ep](main.py 348): INFO Train: [9/10][360/390]	eta 0:00:05 lr 0.000001	 wd 0.0500	time 0.1016 (0.1708)	data time 0.0005 (0.0647)	model time 0.1011 (0.1052)	loss 3.2481 (3.7040)	grad_norm 4.4943 (4.6443)	loss_scale 65536.0000 (65536.0000)	mem 1082MB
[2026-03-25 01:53:57 tiny_cifar100_10ep](main.py 348): INFO Train: [9/10][370/390]	eta 0:00:03 lr 0.000001	 wd 0.0500	time 0.1028 (0.1689)	data time 0.0005 (0.0629)	model time 0.1023 (0.1051)	loss 4.0599 (3.7075)	grad_norm 5.1524 (4.6397)	loss_scale 65536.0000 (65536.0000)	mem 1082MB
[2026-03-25 01:53:58 tiny_cifar100_10ep](main.py 348): INFO Train: [9/10][380/390]	eta 0:00:01 lr 0.000001	 wd 0.0500	time 0.0993 (0.1673)	data time 0.0004 (0.0613)	model time 0.0989 (0.1051)	loss 3.8549 (3.7067)	grad_norm 4.4018 (4.6399)	loss_scale 65536.0000 (65536.0000)	mem 1082MB
[2026-03-25 01:54:00 tiny_cifar100_10ep](main.py 359): INFO EPOCH 9 training takes 0:01:05
[2026-03-25 01:54:00 tiny_cifar100_10ep](utils.py 104): INFO ./output_cifar100_noema_10ep/tiny_cifar100_10ep/20260325014008/latest_ckpt.pth saving......
[2026-03-25 01:54:01 tiny_cifar100_10ep](utils.py 106): INFO ./output_cifar100_noema_10ep/tiny_cifar100_10ep/20260325014008/latest_ckpt.pth saved !!!
/home/jlx_75/miniconda3/envs/pvmamba/lib/python3.10/site-packages/requests/__init__.py:109: RequestsDependencyWarning: urllib3 (1.26.13) or chardet (7.2.0)/charset_normalizer (2.1.1) doesn't match a supported version!
  warnings.warn(
/home/jlx_75/miniconda3/envs/pvmamba/lib/python3.10/site-packages/requests/__init__.py:109: RequestsDependencyWarning: urllib3 (1.26.13) or chardet (7.2.0)/charset_normalizer (2.1.1) doesn't match a supported version!
  warnings.warn(
/home/jlx_75/miniconda3/envs/pvmamba/lib/python3.10/site-packages/requests/__init__.py:109: RequestsDependencyWarning: urllib3 (1.26.13) or chardet (7.2.0)/charset_normalizer (2.1.1) doesn't match a supported version!
  warnings.warn(
/home/jlx_75/miniconda3/envs/pvmamba/lib/python3.10/site-packages/requests/__init__.py:109: RequestsDependencyWarning: urllib3 (1.26.13) or chardet (7.2.0)/charset_normalizer (2.1.1) doesn't match a supported version!
  warnings.warn(
/home/jlx_75/miniconda3/envs/pvmamba/lib/python3.10/site-packages/requests/__init__.py:109: RequestsDependencyWarning: urllib3 (1.26.13) or chardet (7.2.0)/charset_normalizer (2.1.1) doesn't match a supported version!
  warnings.warn(
/home/jlx_75/miniconda3/envs/pvmamba/lib/python3.10/site-packages/requests/__init__.py:109: RequestsDependencyWarning: urllib3 (1.26.13) or chardet (7.2.0)/charset_normalizer (2.1.1) doesn't match a supported version!
  warnings.warn(
/home/jlx_75/miniconda3/envs/pvmamba/lib/python3.10/site-packages/requests/__init__.py:109: RequestsDependencyWarning: urllib3 (1.26.13) or chardet (7.2.0)/charset_normalizer (2.1.1) doesn't match a supported version!
  warnings.warn(
/home/jlx_75/miniconda3/envs/pvmamba/lib/python3.10/site-packages/requests/__init__.py:109: RequestsDependencyWarning: urllib3 (1.26.13) or chardet (7.2.0)/charset_normalizer (2.1.1) doesn't match a supported version!
  warnings.warn(
[2026-03-25 01:54:16 tiny_cifar100_10ep](main.py 403): INFO Test: [0/79]	Time 15.004 (15.004)	Loss 2.5957 (2.5957)	Acc@1 35.156 (35.156)	Acc@5 69.531 (69.531)	Mem 1082MB
[2026-03-25 01:54:16 tiny_cifar100_10ep](main.py 403): INFO Test: [10/79]	Time 0.034 (1.397)	Loss 2.7793 (2.7537)	Acc@1 34.375 (33.381)	Acc@5 71.094 (64.986)	Mem 1082MB
[2026-03-25 01:54:17 tiny_cifar100_10ep](main.py 403): INFO Test: [20/79]	Time 0.034 (0.748)	Loss 2.7988 (2.7422)	Acc@1 28.906 (33.333)	Acc@5 65.625 (64.658)	Mem 1082MB
[2026-03-25 01:54:17 tiny_cifar100_10ep](main.py 403): INFO Test: [30/79]	Time 0.035 (0.518)	Loss 2.7148 (2.7374)	Acc@1 35.938 (33.493)	Acc@5 64.844 (64.592)	Mem 1082MB
[2026-03-25 01:54:17 tiny_cifar100_10ep](main.py 403): INFO Test: [40/79]	Time 0.034 (0.400)	Loss 2.6035 (2.7380)	Acc@1 39.062 (33.651)	Acc@5 70.312 (64.863)	Mem 1082MB
[2026-03-25 01:54:18 tiny_cifar100_10ep](main.py 403): INFO Test: [50/79]	Time 0.034 (0.328)	Loss 2.8438 (2.7469)	Acc@1 31.250 (33.226)	Acc@5 59.375 (64.844)	Mem 1082MB
[2026-03-25 01:54:18 tiny_cifar100_10ep](main.py 403): INFO Test: [60/79]	Time 0.034 (0.280)	Loss 2.9258 (2.7528)	Acc@1 31.250 (33.107)	Acc@5 60.156 (64.754)	Mem 1082MB
[2026-03-25 01:54:18 tiny_cifar100_10ep](main.py 403): INFO Test: [70/79]	Time 0.033 (0.245)	Loss 2.7812 (2.7502)	Acc@1 29.688 (33.297)	Acc@5 65.625 (64.899)	Mem 1082MB
[2026-03-25 01:54:19 tiny_cifar100_10ep](main.py 410): INFO  * Acc@1 33.270 Acc@5 64.830
[2026-03-25 01:54:19 tiny_cifar100_10ep](main.py 239): INFO Accuracy of the network on the 10000 test images: 33.3%
[2026-03-25 01:54:19 tiny_cifar100_10ep](main.py 247): INFO New max accuracy: 33.27%
[2026-03-25 01:54:19 tiny_cifar100_10ep](utils.py 104): INFO ./output_cifar100_noema_10ep/tiny_cifar100_10ep/20260325014008/best_ckpt.pth saving......
[2026-03-25 01:54:20 tiny_cifar100_10ep](utils.py 106): INFO ./output_cifar100_noema_10ep/tiny_cifar100_10ep/20260325014008/best_ckpt.pth saved !!!
[2026-03-25 01:54:20 tiny_cifar100_10ep](main.py 273): INFO Training time 0:14:08
