/home/jlx_75/miniconda3/envs/pvmamba/lib/python3.10/site-packages/requests/__init__.py:109: RequestsDependencyWarning: urllib3 (1.26.13) or chardet (7.2.0)/charset_normalizer (2.1.1) doesn't match a supported version!
  warnings.warn(
=> merge config from configs/pvmamba/base.yaml
=> merge config from configs/pvmamba/tiny_cifar100_30ep.yaml
RANK and WORLD_SIZE in environ: 0/1
[2026-03-25 02:02:05 tiny_cifar100_30ep](main.py 516): INFO Full config saved to ./output_cifar100_noema_30ep/tiny_cifar100_30ep/20260325020204/config.json
[2026-03-25 02:02:05 tiny_cifar100_30ep](main.py 520): INFO AMP_ENABLE: true
AMP_OPT_LEVEL: ''
AUG:
  AUTO_AUGMENT: rand-m9-mstd0.5-inc1
  COLOR_JITTER: 0.4
  CUTMIX: 1.0
  CUTMIX_MINMAX: null
  MIXUP: 0.8
  MIXUP_MODE: batch
  MIXUP_PROB: 1.0
  MIXUP_SWITCH_PROB: 0.5
  RECOUNT: 1
  REMODE: pixel
  REPROB: 0.25
BASE:
- base.yaml
DATA:
  BATCH_SIZE: 128
  CACHE_MODE: part
  DATASET: cifar100
  DATA_PATH: /home/jlx_75/datasets/cifar100
  IMG_SIZE: 32
  INTERPOLATION: bicubic
  MASK_PATCH_SIZE: 32
  MASK_RATIO: 0.6
  NUM_WORKERS: 8
  PERSISTENT_WORKERS: false
  PIN_MEMORY: true
  ZIP_MODE: false
ENABLE_AMP: false
EVAL_MODE: false
FUSED_LAYERNORM: false
MODEL:
  DDP: torch
  DROP_PATH_RATE: 0.2
  DROP_RATE: 0.0
  LABEL_SMOOTHING: 0.1
  MMCKPT: false
  NAME: tiny_cifar100_30ep
  NUM_CLASSES: 100
  PRETRAINED: ''
  PVMAMBA:
    DEPTHS:
    - 2
    - 4
    - 8
    - 4
    DT_INIT: random
    D_STATE: 64
    EMBED_DIM: 64
    IMAGE_SIZE: 224
    IN_CHANS: 3
    MLP_RATIO: 4.0
    NUM_HEADS:
    - 2
    - 4
    - 8
    - 16
    PATCH_SIZE: 4
    SPATIAL_FLAG:
    - []
    - []
    - - 0
      - 2
      - 2
      - 1
      - 2
      - 2
      - 1
      - 2
    - - 0
      - 2
      - 2
      - 1
    SSD_CHUNK_SIZE: 256
    SSD_EXPANSION: 2
    TOKEN_MIXER_TYPES:
    - LoDSA
    - LoDSA
    - SaDSA
    - attention
  RESUME: ''
  TYPE: pvmamba
OUTPUT: ./output_cifar100_noema_30ep/tiny_cifar100_30ep/20260325020204
PRINT_FREQ: 10
SAVE_FREQ: 1
SEED: 0
TAG: '20260325020204'
TEST:
  CROP: true
  SEQUENTIAL: false
  SHUFFLE: false
THROUGHPUT_MODE: false
TRAIN:
  ACCUMULATION_STEPS: 1
  AUTO_RESUME: false
  BASE_LR: 0.000125
  CLIP_GRAD: 5.0
  EPOCHS: 30
  LAYER_DECAY: 1.0
  LR_SCHEDULER:
    DECAY_EPOCHS: 30
    DECAY_RATE: 0.1
    GAMMA: 0.1
    MULTISTEPS: []
    NAME: cosine
    WARMUP_PREFIX: true
  MESA: 1.0
  MIN_LR: 1.25e-06
  MOE:
    SAVE_MASTER: false
  OPTIMIZER:
    BETAS:
    - 0.9
    - 0.999
    EPS: 1.0e-08
    MOMENTUM: 0.9
    NAME: adamw
  START_EPOCH: 0
  USE_CHECKPOINT: false
  WARMUP_EPOCHS: 3
  WARMUP_LR: 1.25e-07
  WEIGHT_DECAY: 0.05
TRAINCOST_MODE: false

[2026-03-25 02:02:05 tiny_cifar100_30ep](main.py 521): INFO {"cfg": "configs/pvmamba/tiny_cifar100_30ep.yaml", "opts": null, "batch_size": null, "data_path": "/home/jlx_75/datasets/cifar100", "zip": false, "cache_mode": "part", "pretrained": null, "resume": null, "accumulation_steps": null, "use_checkpoint": false, "disable_amp": false, "output": "./output_cifar100_noema_30ep", "tag": "20260325020204", "eval": false, "throughput": false, "fused_layernorm": false, "optim": null, "model_ema": false, "model_ema_decay": 0.9999, "model_ema_force_cpu": false, "memory_limit_rate": -1, "ddp": "torch", "enable_preload": false, "enable_persistance": false, "mesa": false, "mesa_value": 1.0, "mute_repeat": false}
rank 0 successfully build train dataset
rank 0 successfully build val dataset
[2026-03-25 02:02:06 tiny_cifar100_30ep](main.py 122): INFO Creating model:pvmamba/tiny_cifar100_30ep
[2026-03-25 02:02:06 tiny_cifar100_30ep](main.py 128): INFO PVMAMBA(
  (patch_embed): PatchEmbeding(
    (conv1): ConvLayer(
      (conv): Conv2d(3, 32, kernel_size=(3, 3), stride=(2, 2), padding=(1, 1), bias=False)
      (norm): BatchNorm2d(32, eps=1e-05, momentum=0.1, affine=True, track_running_stats=True)
      (act): ReLU()
    )
    (conv2): Sequential(
      (0): ConvLayer(
        (conv): Conv2d(32, 32, kernel_size=(3, 3), stride=(1, 1), padding=(1, 1), bias=False)
        (norm): BatchNorm2d(32, eps=1e-05, momentum=0.1, affine=True, track_running_stats=True)
        (act): ReLU()
      )
      (1): ConvLayer(
        (conv): Conv2d(32, 32, kernel_size=(3, 3), stride=(1, 1), padding=(1, 1), bias=False)
        (norm): BatchNorm2d(32, eps=1e-05, momentum=0.1, affine=True, track_running_stats=True)
      )
    )
    (conv3): Sequential(
      (0): ConvLayer(
        (conv): Conv2d(32, 256, kernel_size=(3, 3), stride=(2, 2), padding=(1, 1), bias=False)
        (norm): BatchNorm2d(256, eps=1e-05, momentum=0.1, affine=True, track_running_stats=True)
        (act): ReLU()
      )
      (1): ConvLayer(
        (conv): Conv2d(256, 64, kernel_size=(1, 1), stride=(1, 1), bias=False)
        (norm): BatchNorm2d(64, eps=1e-05, momentum=0.1, affine=True, track_running_stats=True)
      )
    )
  )
  (pos_drop): Dropout(p=0.0, inplace=False)
  (layers): ModuleList(
    (0): BasicLayer(
      dim=64, input_resolution=(56, 56), depth=2
      (blocks): ModuleList(
        (0): PVMAMBABlock(
          (cpe1): Conv2d(64, 64, kernel_size=(3, 3), stride=(1, 1), padding=(1, 1), groups=64)
          (norm1): LayerNorm((64,), eps=1e-05, elementwise_affine=True)
          (token_mixer): mamba_op(
            (in_proj): Linear(in_features=64, out_features=386, bias=False)
            (conv2d): Conv2d(256, 256, kernel_size=(3, 3), stride=(1, 1), padding=(1, 1), groups=256)
            (act): SiLU()
            (norm): LayerNorm((128,), eps=1e-05, elementwise_affine=True)
            (out_proj): Linear(in_features=128, out_features=64, bias=False)
            (pool): AvgPool2d(kernel_size=3, stride=1, padding=1)
          )
          (drop_path): Identity()
          (cpe2): Conv2d(64, 64, kernel_size=(3, 3), stride=(1, 1), padding=(1, 1), groups=64)
          (norm2): LayerNorm((64,), eps=1e-05, elementwise_affine=True)
          (mlp): Mlp(
            (fc1): Linear(in_features=64, out_features=256, bias=True)
            (act): GELU(approximate='none')
            (fc2): Linear(in_features=256, out_features=64, bias=True)
            (drop): Dropout(p=0.0, inplace=False)
          )
        )
        (1): PVMAMBABlock(
          (cpe1): Conv2d(64, 64, kernel_size=(3, 3), stride=(1, 1), padding=(1, 1), groups=64)
          (norm1): LayerNorm((64,), eps=1e-05, elementwise_affine=True)
          (token_mixer): mamba_op(
            (in_proj): Linear(in_features=64, out_features=386, bias=False)
            (conv2d): Conv2d(256, 256, kernel_size=(3, 3), stride=(1, 1), padding=(1, 1), groups=256)
            (act): SiLU()
            (norm): LayerNorm((128,), eps=1e-05, elementwise_affine=True)
            (out_proj): Linear(in_features=128, out_features=64, bias=False)
            (pool): AvgPool2d(kernel_size=3, stride=1, padding=1)
          )
          (drop_path): DropPath()
          (cpe2): Conv2d(64, 64, kernel_size=(3, 3), stride=(1, 1), padding=(1, 1), groups=64)
          (norm2): LayerNorm((64,), eps=1e-05, elementwise_affine=True)
          (mlp): Mlp(
            (fc1): Linear(in_features=64, out_features=256, bias=True)
            (act): GELU(approximate='none')
            (fc2): Linear(in_features=256, out_features=64, bias=True)
            (drop): Dropout(p=0.0, inplace=False)
          )
        )
      )
      (downsample): PatchMerging(
        (conv): Sequential(
          (0): ConvLayer(
            (conv): Conv2d(64, 512, kernel_size=(1, 1), stride=(1, 1))
            (act): ReLU()
          )
          (1): ConvLayer(
            (conv): Conv2d(512, 512, kernel_size=(3, 3), stride=(2, 2), padding=(1, 1), groups=512)
            (act): ReLU()
          )
          (2): ConvLayer(
            (conv): Conv2d(512, 128, kernel_size=(1, 1), stride=(1, 1))
            (norm): BatchNorm2d(128, eps=1e-05, momentum=0.1, affine=True, track_running_stats=True)
          )
        )
      )
    )
    (1): BasicLayer(
      dim=128, input_resolution=(28, 28), depth=4
      (blocks): ModuleList(
        (0-3): 4 x PVMAMBABlock(
          (cpe1): Conv2d(128, 128, kernel_size=(3, 3), stride=(1, 1), padding=(1, 1), groups=128)
          (norm1): LayerNorm((128,), eps=1e-05, elementwise_affine=True)
          (token_mixer): mamba_op(
            (in_proj): Linear(in_features=128, out_features=644, bias=False)
            (conv2d): Conv2d(384, 384, kernel_size=(3, 3), stride=(1, 1), padding=(1, 1), groups=384)
            (act): SiLU()
            (norm): LayerNorm((256,), eps=1e-05, elementwise_affine=True)
            (out_proj): Linear(in_features=256, out_features=128, bias=False)
            (pool): AvgPool2d(kernel_size=3, stride=1, padding=1)
          )
          (drop_path): DropPath()
          (cpe2): Conv2d(128, 128, kernel_size=(3, 3), stride=(1, 1), padding=(1, 1), groups=128)
          (norm2): LayerNorm((128,), eps=1e-05, elementwise_affine=True)
          (mlp): Mlp(
            (fc1): Linear(in_features=128, out_features=512, bias=True)
            (act): GELU(approximate='none')
            (fc2): Linear(in_features=512, out_features=128, bias=True)
            (drop): Dropout(p=0.0, inplace=False)
          )
        )
      )
      (downsample): PatchMerging(
        (conv): Sequential(
          (0): ConvLayer(
            (conv): Conv2d(128, 1024, kernel_size=(1, 1), stride=(1, 1))
            (act): ReLU()
          )
          (1): ConvLayer(
            (conv): Conv2d(1024, 1024, kernel_size=(3, 3), stride=(2, 2), padding=(1, 1), groups=1024)
            (act): ReLU()
          )
          (2): ConvLayer(
            (conv): Conv2d(1024, 256, kernel_size=(1, 1), stride=(1, 1))
            (norm): BatchNorm2d(256, eps=1e-05, momentum=0.1, affine=True, track_running_stats=True)
          )
        )
      )
    )
    (2): BasicLayer(
      dim=256, input_resolution=(14, 14), depth=8
      (blocks): ModuleList(
        (0): PVMAMBABlock(
          (cpe1): Conv2d(256, 256, kernel_size=(3, 3), stride=(1, 1), padding=(1, 1), groups=256)
          (norm1): LayerNorm((256,), eps=1e-05, elementwise_affine=True)
          (token_mixer): mamba_op(
            (in_proj): Linear(in_features=256, out_features=1160, bias=False)
            (conv2d): Conv2d(640, 640, kernel_size=(3, 3), stride=(1, 1), padding=(1, 1), groups=640)
            (act): SiLU()
            (norm): LayerNorm((512,), eps=1e-05, elementwise_affine=True)
            (out_proj): Linear(in_features=512, out_features=256, bias=False)
            (sa_op): spatial_adaptive_operator(
              (sampling_offsets): Linear(in_features=512, out_features=8, bias=True)
            )
          )
          (drop_path): DropPath()
          (cpe2): Conv2d(256, 256, kernel_size=(3, 3), stride=(1, 1), padding=(1, 1), groups=256)
          (norm2): LayerNorm((256,), eps=1e-05, elementwise_affine=True)
          (mlp): Mlp(
            (fc1): Linear(in_features=256, out_features=1024, bias=True)
            (act): GELU(approximate='none')
            (fc2): Linear(in_features=1024, out_features=256, bias=True)
            (drop): Dropout(p=0.0, inplace=False)
          )
        )
        (1-2): 2 x PVMAMBABlock(
          (cpe1): Conv2d(256, 256, kernel_size=(3, 3), stride=(1, 1), padding=(1, 1), groups=256)
          (norm1): LayerNorm((256,), eps=1e-05, elementwise_affine=True)
          (token_mixer): mamba_op(
            (in_proj): Linear(in_features=256, out_features=1160, bias=False)
            (conv2d): Conv2d(640, 640, kernel_size=(3, 3), stride=(1, 1), padding=(1, 1), groups=640)
            (act): SiLU()
            (norm): LayerNorm((512,), eps=1e-05, elementwise_affine=True)
            (out_proj): Linear(in_features=512, out_features=256, bias=False)
            (sa_op): spatial_adaptive_operator()
          )
          (drop_path): DropPath()
          (cpe2): Conv2d(256, 256, kernel_size=(3, 3), stride=(1, 1), padding=(1, 1), groups=256)
          (norm2): LayerNorm((256,), eps=1e-05, elementwise_affine=True)
          (mlp): Mlp(
            (fc1): Linear(in_features=256, out_features=1024, bias=True)
            (act): GELU(approximate='none')
            (fc2): Linear(in_features=1024, out_features=256, bias=True)
            (drop): Dropout(p=0.0, inplace=False)
          )
        )
        (3): PVMAMBABlock(
          (cpe1): Conv2d(256, 256, kernel_size=(3, 3), stride=(1, 1), padding=(1, 1), groups=256)
          (norm1): LayerNorm((256,), eps=1e-05, elementwise_affine=True)
          (token_mixer): mamba_op(
            (in_proj): Linear(in_features=256, out_features=1160, bias=False)
            (conv2d): Conv2d(640, 640, kernel_size=(3, 3), stride=(1, 1), padding=(1, 1), groups=640)
            (act): SiLU()
            (norm): LayerNorm((512,), eps=1e-05, elementwise_affine=True)
            (out_proj): Linear(in_features=512, out_features=256, bias=False)
            (sa_op): spatial_adaptive_operator(
              (sampling_offsets): Linear(in_features=512, out_features=8, bias=True)
            )
          )
          (drop_path): DropPath()
          (cpe2): Conv2d(256, 256, kernel_size=(3, 3), stride=(1, 1), padding=(1, 1), groups=256)
          (norm2): LayerNorm((256,), eps=1e-05, elementwise_affine=True)
          (mlp): Mlp(
            (fc1): Linear(in_features=256, out_features=1024, bias=True)
            (act): GELU(approximate='none')
            (fc2): Linear(in_features=1024, out_features=256, bias=True)
            (drop): Dropout(p=0.0, inplace=False)
          )
        )
        (4-5): 2 x PVMAMBABlock(
          (cpe1): Conv2d(256, 256, kernel_size=(3, 3), stride=(1, 1), padding=(1, 1), groups=256)
          (norm1): LayerNorm((256,), eps=1e-05, elementwise_affine=True)
          (token_mixer): mamba_op(
            (in_proj): Linear(in_features=256, out_features=1160, bias=False)
            (conv2d): Conv2d(640, 640, kernel_size=(3, 3), stride=(1, 1), padding=(1, 1), groups=640)
            (act): SiLU()
            (norm): LayerNorm((512,), eps=1e-05, elementwise_affine=True)
            (out_proj): Linear(in_features=512, out_features=256, bias=False)
            (sa_op): spatial_adaptive_operator()
          )
          (drop_path): DropPath()
          (cpe2): Conv2d(256, 256, kernel_size=(3, 3), stride=(1, 1), padding=(1, 1), groups=256)
          (norm2): LayerNorm((256,), eps=1e-05, elementwise_affine=True)
          (mlp): Mlp(
            (fc1): Linear(in_features=256, out_features=1024, bias=True)
            (act): GELU(approximate='none')
            (fc2): Linear(in_features=1024, out_features=256, bias=True)
            (drop): Dropout(p=0.0, inplace=False)
          )
        )
        (6): PVMAMBABlock(
          (cpe1): Conv2d(256, 256, kernel_size=(3, 3), stride=(1, 1), padding=(1, 1), groups=256)
          (norm1): LayerNorm((256,), eps=1e-05, elementwise_affine=True)
          (token_mixer): mamba_op(
            (in_proj): Linear(in_features=256, out_features=1160, bias=False)
            (conv2d): Conv2d(640, 640, kernel_size=(3, 3), stride=(1, 1), padding=(1, 1), groups=640)
            (act): SiLU()
            (norm): LayerNorm((512,), eps=1e-05, elementwise_affine=True)
            (out_proj): Linear(in_features=512, out_features=256, bias=False)
            (sa_op): spatial_adaptive_operator(
              (sampling_offsets): Linear(in_features=512, out_features=8, bias=True)
            )
          )
          (drop_path): DropPath()
          (cpe2): Conv2d(256, 256, kernel_size=(3, 3), stride=(1, 1), padding=(1, 1), groups=256)
          (norm2): LayerNorm((256,), eps=1e-05, elementwise_affine=True)
          (mlp): Mlp(
            (fc1): Linear(in_features=256, out_features=1024, bias=True)
            (act): GELU(approximate='none')
            (fc2): Linear(in_features=1024, out_features=256, bias=True)
            (drop): Dropout(p=0.0, inplace=False)
          )
        )
        (7): PVMAMBABlock(
          (cpe1): Conv2d(256, 256, kernel_size=(3, 3), stride=(1, 1), padding=(1, 1), groups=256)
          (norm1): LayerNorm((256,), eps=1e-05, elementwise_affine=True)
          (token_mixer): mamba_op(
            (in_proj): Linear(in_features=256, out_features=1160, bias=False)
            (conv2d): Conv2d(640, 640, kernel_size=(3, 3), stride=(1, 1), padding=(1, 1), groups=640)
            (act): SiLU()
            (norm): LayerNorm((512,), eps=1e-05, elementwise_affine=True)
            (out_proj): Linear(in_features=512, out_features=256, bias=False)
            (sa_op): spatial_adaptive_operator()
          )
          (drop_path): DropPath()
          (cpe2): Conv2d(256, 256, kernel_size=(3, 3), stride=(1, 1), padding=(1, 1), groups=256)
          (norm2): LayerNorm((256,), eps=1e-05, elementwise_affine=True)
          (mlp): Mlp(
            (fc1): Linear(in_features=256, out_features=1024, bias=True)
            (act): GELU(approximate='none')
            (fc2): Linear(in_features=1024, out_features=256, bias=True)
            (drop): Dropout(p=0.0, inplace=False)
          )
        )
      )
      (downsample): PatchMerging(
        (conv): Sequential(
          (0): ConvLayer(
            (conv): Conv2d(256, 2048, kernel_size=(1, 1), stride=(1, 1))
            (act): ReLU()
          )
          (1): ConvLayer(
            (conv): Conv2d(2048, 2048, kernel_size=(3, 3), stride=(2, 2), padding=(1, 1), groups=2048)
            (act): ReLU()
          )
          (2): ConvLayer(
            (conv): Conv2d(2048, 512, kernel_size=(1, 1), stride=(1, 1))
            (norm): BatchNorm2d(512, eps=1e-05, momentum=0.1, affine=True, track_running_stats=True)
          )
        )
      )
    )
    (3): BasicLayer(
      dim=512, input_resolution=(7, 7), depth=4
      (blocks): ModuleList(
        (0-3): 4 x PVMAMBABlock(
          (cpe1): Conv2d(512, 512, kernel_size=(3, 3), stride=(1, 1), padding=(1, 1), groups=512)
          (norm1): LayerNorm((512,), eps=1e-05, elementwise_affine=True)
          (token_mixer): Attention(
            (to_qkv): Linear(in_features=512, out_features=1536, bias=False)
            (to_out): Linear(in_features=512, out_features=512, bias=True)
            (dropout): Dropout(p=0.0, inplace=False)
          )
          (drop_path): DropPath()
          (cpe2): Conv2d(512, 512, kernel_size=(3, 3), stride=(1, 1), padding=(1, 1), groups=512)
          (norm2): LayerNorm((512,), eps=1e-05, elementwise_affine=True)
          (mlp): Mlp(
            (fc1): Linear(in_features=512, out_features=2048, bias=True)
            (act): GELU(approximate='none')
            (fc2): Linear(in_features=2048, out_features=512, bias=True)
            (drop): Dropout(p=0.0, inplace=False)
          )
        )
      )
    )
  )
  (norm): LayerNorm((512,), eps=1e-05, elementwise_affine=True)
  (avgpool): AdaptiveAvgPool1d(output_size=1)
  (head): Linear(in_features=512, out_features=100, bias=True)
)
[2026-03-25 02:02:06 tiny_cifar100_30ep](main.py 130): INFO number of params: 23826628
/home/jlx_75/miniconda3/envs/pvmamba/lib/python3.10/site-packages/torch/functional.py:504: UserWarning: torch.meshgrid: in an upcoming release, it will be required to pass the indexing argument. (Triggered internally at ../aten/src/ATen/native/TensorShape.cpp:3526.)
  return _VF.meshgrid(tensors, **kwargs)  # type: ignore[attr-defined]
Unsupported operator aten::add encountered 104 time(s)
Unsupported operator aten::softplus encountered 14 time(s)
Unsupported operator aten::mul encountered 93 time(s)
Unsupported operator aten::alias encountered 1299 time(s)
Unsupported operator aten::repeat encountered 28 time(s)
Unsupported operator aten::avg_pool2d encountered 6 time(s)
Unsupported operator aten::gelu encountered 18 time(s)
Unsupported operator aten::sub encountered 18 time(s)
Unsupported operator aten::linspace encountered 2 time(s)
Unsupported operator aten::meshgrid encountered 1 time(s)
Unsupported operator aten::div encountered 5 time(s)
Unsupported operator aten::mean encountered 8 time(s)
Unsupported operator aten::softmax encountered 4 time(s)
Unsupported operator aten::adaptive_avg_pool1d encountered 1 time(s)
The following submodules of the model were never called during the trace of the graph. They may be unused, or they were accessed by direct calls to .forward() or via other python methods. In the latter case they will have zeros for statistics, though their statistics will still contribute to their parent calling module.
layers.0.blocks.1.drop_path, layers.1.blocks.0.drop_path, layers.1.blocks.1.drop_path, layers.1.blocks.2.drop_path, layers.1.blocks.3.drop_path, layers.2.blocks.0.drop_path, layers.2.blocks.1.drop_path, layers.2.blocks.2.drop_path, layers.2.blocks.3.drop_path, layers.2.blocks.4.drop_path, layers.2.blocks.5.drop_path, layers.2.blocks.6.drop_path, layers.2.blocks.7.drop_path, layers.3.blocks.0.drop_path, layers.3.blocks.1.drop_path, layers.3.blocks.2.drop_path, layers.3.blocks.3.drop_path
[2026-03-25 02:02:07 tiny_cifar100_30ep](main.py 132): INFO number of GFLOPs: 4.503022560000001
[2026-03-25 02:02:07 tiny_cifar100_30ep](optimizer.py 18): INFO ==============> building optimizer adamw....................
[2026-03-25 02:02:07 tiny_cifar100_30ep](optimizer.py 27): INFO No weight decay list: ['patch_embed.conv1.norm.weight', 'patch_embed.conv1.norm.bias', 'patch_embed.conv2.0.norm.weight', 'patch_embed.conv2.0.norm.bias', 'patch_embed.conv2.1.norm.weight', 'patch_embed.conv2.1.norm.bias', 'patch_embed.conv3.0.norm.weight', 'patch_embed.conv3.0.norm.bias', 'patch_embed.conv3.1.norm.weight', 'patch_embed.conv3.1.norm.bias', 'layers.0.blocks.0.cpe1.bias', 'layers.0.blocks.0.norm1.weight', 'layers.0.blocks.0.norm1.bias', 'layers.0.blocks.0.token_mixer.dt_bias', 'layers.0.blocks.0.token_mixer.A_log', 'layers.0.blocks.0.token_mixer.D', 'layers.0.blocks.0.token_mixer.conv2d.bias', 'layers.0.blocks.0.token_mixer.norm.weight', 'layers.0.blocks.0.token_mixer.norm.bias', 'layers.0.blocks.0.cpe2.bias', 'layers.0.blocks.0.norm2.weight', 'layers.0.blocks.0.norm2.bias', 'layers.0.blocks.0.mlp.fc1.bias', 'layers.0.blocks.0.mlp.fc2.bias', 'layers.0.blocks.1.cpe1.bias', 'layers.0.blocks.1.norm1.weight', 'layers.0.blocks.1.norm1.bias', 'layers.0.blocks.1.token_mixer.dt_bias', 'layers.0.blocks.1.token_mixer.A_log', 'layers.0.blocks.1.token_mixer.D', 'layers.0.blocks.1.token_mixer.conv2d.bias', 'layers.0.blocks.1.token_mixer.norm.weight', 'layers.0.blocks.1.token_mixer.norm.bias', 'layers.0.blocks.1.cpe2.bias', 'layers.0.blocks.1.norm2.weight', 'layers.0.blocks.1.norm2.bias', 'layers.0.blocks.1.mlp.fc1.bias', 'layers.0.blocks.1.mlp.fc2.bias', 'layers.0.downsample.conv.0.conv.bias', 'layers.0.downsample.conv.1.conv.bias', 'layers.0.downsample.conv.2.conv.bias', 'layers.0.downsample.conv.2.norm.weight', 'layers.0.downsample.conv.2.norm.bias', 'layers.1.blocks.0.cpe1.bias', 'layers.1.blocks.0.norm1.weight', 'layers.1.blocks.0.norm1.bias', 'layers.1.blocks.0.token_mixer.dt_bias', 'layers.1.blocks.0.token_mixer.A_log', 'layers.1.blocks.0.token_mixer.D', 'layers.1.blocks.0.token_mixer.conv2d.bias', 'layers.1.blocks.0.token_mixer.norm.weight', 'layers.1.blocks.0.token_mixer.norm.bias', 'layers.1.blocks.0.cpe2.bias', 'layers.1.blocks.0.norm2.weight', 'layers.1.blocks.0.norm2.bias', 'layers.1.blocks.0.mlp.fc1.bias', 'layers.1.blocks.0.mlp.fc2.bias', 'layers.1.blocks.1.cpe1.bias', 'layers.1.blocks.1.norm1.weight', 'layers.1.blocks.1.norm1.bias', 'layers.1.blocks.1.token_mixer.dt_bias', 'layers.1.blocks.1.token_mixer.A_log', 'layers.1.blocks.1.token_mixer.D', 'layers.1.blocks.1.token_mixer.conv2d.bias', 'layers.1.blocks.1.token_mixer.norm.weight', 'layers.1.blocks.1.token_mixer.norm.bias', 'layers.1.blocks.1.cpe2.bias', 'layers.1.blocks.1.norm2.weight', 'layers.1.blocks.1.norm2.bias', 'layers.1.blocks.1.mlp.fc1.bias', 'layers.1.blocks.1.mlp.fc2.bias', 'layers.1.blocks.2.cpe1.bias', 'layers.1.blocks.2.norm1.weight', 'layers.1.blocks.2.norm1.bias', 'layers.1.blocks.2.token_mixer.dt_bias', 'layers.1.blocks.2.token_mixer.A_log', 'layers.1.blocks.2.token_mixer.D', 'layers.1.blocks.2.token_mixer.conv2d.bias', 'layers.1.blocks.2.token_mixer.norm.weight', 'layers.1.blocks.2.token_mixer.norm.bias', 'layers.1.blocks.2.cpe2.bias', 'layers.1.blocks.2.norm2.weight', 'layers.1.blocks.2.norm2.bias', 'layers.1.blocks.2.mlp.fc1.bias', 'layers.1.blocks.2.mlp.fc2.bias', 'layers.1.blocks.3.cpe1.bias', 'layers.1.blocks.3.norm1.weight', 'layers.1.blocks.3.norm1.bias', 'layers.1.blocks.3.token_mixer.dt_bias', 'layers.1.blocks.3.token_mixer.A_log', 'layers.1.blocks.3.token_mixer.D', 'layers.1.blocks.3.token_mixer.conv2d.bias', 'layers.1.blocks.3.token_mixer.norm.weight', 'layers.1.blocks.3.token_mixer.norm.bias', 'layers.1.blocks.3.cpe2.bias', 'layers.1.blocks.3.norm2.weight', 'layers.1.blocks.3.norm2.bias', 'layers.1.blocks.3.mlp.fc1.bias', 'layers.1.blocks.3.mlp.fc2.bias', 'layers.1.downsample.conv.0.conv.bias', 'layers.1.downsample.conv.1.conv.bias', 'layers.1.downsample.conv.2.conv.bias', 'layers.1.downsample.conv.2.norm.weight', 'layers.1.downsample.conv.2.norm.bias', 'layers.2.blocks.0.cpe1.bias', 'layers.2.blocks.0.norm1.weight', 'layers.2.blocks.0.norm1.bias', 'layers.2.blocks.0.token_mixer.dt_bias', 'layers.2.blocks.0.token_mixer.A_log', 'layers.2.blocks.0.token_mixer.D', 'layers.2.blocks.0.token_mixer.conv2d.bias', 'layers.2.blocks.0.token_mixer.norm.weight', 'layers.2.blocks.0.token_mixer.norm.bias', 'layers.2.blocks.0.token_mixer.sa_op.sampling_offsets.bias', 'layers.2.blocks.0.cpe2.bias', 'layers.2.blocks.0.norm2.weight', 'layers.2.blocks.0.norm2.bias', 'layers.2.blocks.0.mlp.fc1.bias', 'layers.2.blocks.0.mlp.fc2.bias', 'layers.2.blocks.1.cpe1.bias', 'layers.2.blocks.1.norm1.weight', 'layers.2.blocks.1.norm1.bias', 'layers.2.blocks.1.token_mixer.dt_bias', 'layers.2.blocks.1.token_mixer.A_log', 'layers.2.blocks.1.token_mixer.D', 'layers.2.blocks.1.token_mixer.conv2d.bias', 'layers.2.blocks.1.token_mixer.norm.weight', 'layers.2.blocks.1.token_mixer.norm.bias', 'layers.2.blocks.1.cpe2.bias', 'layers.2.blocks.1.norm2.weight', 'layers.2.blocks.1.norm2.bias', 'layers.2.blocks.1.mlp.fc1.bias', 'layers.2.blocks.1.mlp.fc2.bias', 'layers.2.blocks.2.cpe1.bias', 'layers.2.blocks.2.norm1.weight', 'layers.2.blocks.2.norm1.bias', 'layers.2.blocks.2.token_mixer.dt_bias', 'layers.2.blocks.2.token_mixer.A_log', 'layers.2.blocks.2.token_mixer.D', 'layers.2.blocks.2.token_mixer.conv2d.bias', 'layers.2.blocks.2.token_mixer.norm.weight', 'layers.2.blocks.2.token_mixer.norm.bias', 'layers.2.blocks.2.cpe2.bias', 'layers.2.blocks.2.norm2.weight', 'layers.2.blocks.2.norm2.bias', 'layers.2.blocks.2.mlp.fc1.bias', 'layers.2.blocks.2.mlp.fc2.bias', 'layers.2.blocks.3.cpe1.bias', 'layers.2.blocks.3.norm1.weight', 'layers.2.blocks.3.norm1.bias', 'layers.2.blocks.3.token_mixer.dt_bias', 'layers.2.blocks.3.token_mixer.A_log', 'layers.2.blocks.3.token_mixer.D', 'layers.2.blocks.3.token_mixer.conv2d.bias', 'layers.2.blocks.3.token_mixer.norm.weight', 'layers.2.blocks.3.token_mixer.norm.bias', 'layers.2.blocks.3.token_mixer.sa_op.sampling_offsets.bias', 'layers.2.blocks.3.cpe2.bias', 'layers.2.blocks.3.norm2.weight', 'layers.2.blocks.3.norm2.bias', 'layers.2.blocks.3.mlp.fc1.bias', 'layers.2.blocks.3.mlp.fc2.bias', 'layers.2.blocks.4.cpe1.bias', 'layers.2.blocks.4.norm1.weight', 'layers.2.blocks.4.norm1.bias', 'layers.2.blocks.4.token_mixer.dt_bias', 'layers.2.blocks.4.token_mixer.A_log', 'layers.2.blocks.4.token_mixer.D', 'layers.2.blocks.4.token_mixer.conv2d.bias', 'layers.2.blocks.4.token_mixer.norm.weight', 'layers.2.blocks.4.token_mixer.norm.bias', 'layers.2.blocks.4.cpe2.bias', 'layers.2.blocks.4.norm2.weight', 'layers.2.blocks.4.norm2.bias', 'layers.2.blocks.4.mlp.fc1.bias', 'layers.2.blocks.4.mlp.fc2.bias', 'layers.2.blocks.5.cpe1.bias', 'layers.2.blocks.5.norm1.weight', 'layers.2.blocks.5.norm1.bias', 'layers.2.blocks.5.token_mixer.dt_bias', 'layers.2.blocks.5.token_mixer.A_log', 'layers.2.blocks.5.token_mixer.D', 'layers.2.blocks.5.token_mixer.conv2d.bias', 'layers.2.blocks.5.token_mixer.norm.weight', 'layers.2.blocks.5.token_mixer.norm.bias', 'layers.2.blocks.5.cpe2.bias', 'layers.2.blocks.5.norm2.weight', 'layers.2.blocks.5.norm2.bias', 'layers.2.blocks.5.mlp.fc1.bias', 'layers.2.blocks.5.mlp.fc2.bias', 'layers.2.blocks.6.cpe1.bias', 'layers.2.blocks.6.norm1.weight', 'layers.2.blocks.6.norm1.bias', 'layers.2.blocks.6.token_mixer.dt_bias', 'layers.2.blocks.6.token_mixer.A_log', 'layers.2.blocks.6.token_mixer.D', 'layers.2.blocks.6.token_mixer.conv2d.bias', 'layers.2.blocks.6.token_mixer.norm.weight', 'layers.2.blocks.6.token_mixer.norm.bias', 'layers.2.blocks.6.token_mixer.sa_op.sampling_offsets.bias', 'layers.2.blocks.6.cpe2.bias', 'layers.2.blocks.6.norm2.weight', 'layers.2.blocks.6.norm2.bias', 'layers.2.blocks.6.mlp.fc1.bias', 'layers.2.blocks.6.mlp.fc2.bias', 'layers.2.blocks.7.cpe1.bias', 'layers.2.blocks.7.norm1.weight', 'layers.2.blocks.7.norm1.bias', 'layers.2.blocks.7.token_mixer.dt_bias', 'layers.2.blocks.7.token_mixer.A_log', 'layers.2.blocks.7.token_mixer.D', 'layers.2.blocks.7.token_mixer.conv2d.bias', 'layers.2.blocks.7.token_mixer.norm.weight', 'layers.2.blocks.7.token_mixer.norm.bias', 'layers.2.blocks.7.cpe2.bias', 'layers.2.blocks.7.norm2.weight', 'layers.2.blocks.7.norm2.bias', 'layers.2.blocks.7.mlp.fc1.bias', 'layers.2.blocks.7.mlp.fc2.bias', 'layers.2.downsample.conv.0.conv.bias', 'layers.2.downsample.conv.1.conv.bias', 'layers.2.downsample.conv.2.conv.bias', 'layers.2.downsample.conv.2.norm.weight', 'layers.2.downsample.conv.2.norm.bias', 'layers.3.blocks.0.cpe1.bias', 'layers.3.blocks.0.norm1.weight', 'layers.3.blocks.0.norm1.bias', 'layers.3.blocks.0.token_mixer.to_out.bias', 'layers.3.blocks.0.cpe2.bias', 'layers.3.blocks.0.norm2.weight', 'layers.3.blocks.0.norm2.bias', 'layers.3.blocks.0.mlp.fc1.bias', 'layers.3.blocks.0.mlp.fc2.bias', 'layers.3.blocks.1.cpe1.bias', 'layers.3.blocks.1.norm1.weight', 'layers.3.blocks.1.norm1.bias', 'layers.3.blocks.1.token_mixer.to_out.bias', 'layers.3.blocks.1.cpe2.bias', 'layers.3.blocks.1.norm2.weight', 'layers.3.blocks.1.norm2.bias', 'layers.3.blocks.1.mlp.fc1.bias', 'layers.3.blocks.1.mlp.fc2.bias', 'layers.3.blocks.2.cpe1.bias', 'layers.3.blocks.2.norm1.weight', 'layers.3.blocks.2.norm1.bias', 'layers.3.blocks.2.token_mixer.to_out.bias', 'layers.3.blocks.2.cpe2.bias', 'layers.3.blocks.2.norm2.weight', 'layers.3.blocks.2.norm2.bias', 'layers.3.blocks.2.mlp.fc1.bias', 'layers.3.blocks.2.mlp.fc2.bias', 'layers.3.blocks.3.cpe1.bias', 'layers.3.blocks.3.norm1.weight', 'layers.3.blocks.3.norm1.bias', 'layers.3.blocks.3.token_mixer.to_out.bias', 'layers.3.blocks.3.cpe2.bias', 'layers.3.blocks.3.norm2.weight', 'layers.3.blocks.3.norm2.bias', 'layers.3.blocks.3.mlp.fc1.bias', 'layers.3.blocks.3.mlp.fc2.bias', 'norm.weight', 'norm.bias', 'head.bias']
[2026-03-25 02:02:07 tiny_cifar100_30ep](main.py 217): INFO Start training
/home/jlx_75/miniconda3/envs/pvmamba/lib/python3.10/site-packages/requests/__init__.py:109: RequestsDependencyWarning: urllib3 (1.26.13) or chardet (7.2.0)/charset_normalizer (2.1.1) doesn't match a supported version!
  warnings.warn(
/home/jlx_75/miniconda3/envs/pvmamba/lib/python3.10/site-packages/requests/__init__.py:109: RequestsDependencyWarning: urllib3 (1.26.13) or chardet (7.2.0)/charset_normalizer (2.1.1) doesn't match a supported version!
  warnings.warn(
/home/jlx_75/miniconda3/envs/pvmamba/lib/python3.10/site-packages/requests/__init__.py:109: RequestsDependencyWarning: urllib3 (1.26.13) or chardet (7.2.0)/charset_normalizer (2.1.1) doesn't match a supported version!
  warnings.warn(
/home/jlx_75/miniconda3/envs/pvmamba/lib/python3.10/site-packages/requests/__init__.py:109: RequestsDependencyWarning: urllib3 (1.26.13) or chardet (7.2.0)/charset_normalizer (2.1.1) doesn't match a supported version!
  warnings.warn(
/home/jlx_75/miniconda3/envs/pvmamba/lib/python3.10/site-packages/requests/__init__.py:109: RequestsDependencyWarning: urllib3 (1.26.13) or chardet (7.2.0)/charset_normalizer (2.1.1) doesn't match a supported version!
  warnings.warn(
/home/jlx_75/miniconda3/envs/pvmamba/lib/python3.10/site-packages/requests/__init__.py:109: RequestsDependencyWarning: urllib3 (1.26.13) or chardet (7.2.0)/charset_normalizer (2.1.1) doesn't match a supported version!
  warnings.warn(
/home/jlx_75/miniconda3/envs/pvmamba/lib/python3.10/site-packages/requests/__init__.py:109: RequestsDependencyWarning: urllib3 (1.26.13) or chardet (7.2.0)/charset_normalizer (2.1.1) doesn't match a supported version!
  warnings.warn(
/home/jlx_75/miniconda3/envs/pvmamba/lib/python3.10/site-packages/requests/__init__.py:109: RequestsDependencyWarning: urllib3 (1.26.13) or chardet (7.2.0)/charset_normalizer (2.1.1) doesn't match a supported version!
  warnings.warn(
/home/jlx_75/miniconda3/envs/pvmamba/lib/python3.10/site-packages/torch/autograd/__init__.py:251: UserWarning: Grad strides do not match bucket view strides. This may indicate grad was not created according to the gradient layout contract, or that the param's strides changed since DDP was constructed.  This is not an error, but may impair performance.
grad.sizes() = [512, 1, 3, 3], strides() = [9, 1, 3, 1]
bucket_view.sizes() = [512, 1, 3, 3], strides() = [9, 9, 3, 1] (Triggered internally at ../torch/csrc/distributed/c10d/reducer.cpp:320.)
  Variable._execution_engine.run_backward(  # Calls into the C++ engine to run the backward pass
[2026-03-25 02:02:29 tiny_cifar100_30ep](main.py 348): INFO Train: [0/30][0/390]	eta 2:22:06 lr 0.000000	 wd 0.0500	time 21.8628 (21.8628)	data time 20.9201 (20.9201)	model time 0.0000 (0.0000)	loss 4.7619 (4.7619)	grad_norm 6.8017 (6.8017)	loss_scale 65536.0000 (65536.0000)	mem 1536MB
[2026-03-25 02:02:30 tiny_cifar100_30ep](main.py 348): INFO Train: [0/30][10/390]	eta 0:13:10 lr 0.000001	 wd 0.0500	time 0.1016 (2.0791)	data time 0.0006 (1.9024)	model time 0.0000 (0.0000)	loss 4.7447 (4.7154)	grad_norm 7.0535 (6.3541)	loss_scale 65536.0000 (65536.0000)	mem 1205MB
[2026-03-25 02:02:31 tiny_cifar100_30ep](main.py 348): INFO Train: [0/30][20/390]	eta 0:07:01 lr 0.000002	 wd 0.0500	time 0.1044 (1.1387)	data time 0.0005 (0.9968)	model time 0.0000 (0.0000)	loss 4.7145 (4.7136)	grad_norm 6.0048 (6.1879)	loss_scale 65536.0000 (65536.0000)	mem 1205MB
[2026-03-25 02:02:32 tiny_cifar100_30ep](main.py 348): INFO Train: [0/30][30/390]	eta 0:04:50 lr 0.000003	 wd 0.0500	time 0.1083 (0.8059)	data time 0.0007 (0.6754)	model time 0.0000 (0.0000)	loss 4.7240 (4.7156)	grad_norm 5.5833 (6.2083)	loss_scale 65536.0000 (65536.0000)	mem 1205MB
[2026-03-25 02:02:33 tiny_cifar100_30ep](main.py 348): INFO Train: [0/30][40/390]	eta 0:03:42 lr 0.000004	 wd 0.0500	time 0.1079 (0.6357)	data time 0.0006 (0.5109)	model time 0.0000 (0.0000)	loss 4.6374 (4.7082)	grad_norm 6.6800 (6.1910)	loss_scale 65536.0000 (65536.0000)	mem 1205MB
[2026-03-25 02:02:34 tiny_cifar100_30ep](main.py 348): INFO Train: [0/30][50/390]	eta 0:03:00 lr 0.000005	 wd 0.0500	time 0.1147 (0.5323)	data time 0.0006 (0.4108)	model time 0.0000 (0.0000)	loss 4.7052 (4.7042)	grad_norm 5.6840 (6.1269)	loss_scale 65536.0000 (65536.0000)	mem 1205MB
[2026-03-25 02:02:35 tiny_cifar100_30ep](main.py 348): INFO Train: [0/30][60/390]	eta 0:02:33 lr 0.000007	 wd 0.0500	time 0.1112 (0.4638)	data time 0.0008 (0.3436)	model time 0.1104 (0.1135)	loss 4.6411 (4.7003)	grad_norm 6.5299 (6.1666)	loss_scale 65536.0000 (65536.0000)	mem 1205MB
[2026-03-25 02:02:37 tiny_cifar100_30ep](main.py 348): INFO Train: [0/30][70/390]	eta 0:02:12 lr 0.000008	 wd 0.0500	time 0.1298 (0.4148)	data time 0.0007 (0.2953)	model time 0.1291 (0.1143)	loss 4.7337 (4.6976)	grad_norm 5.8837 (6.2135)	loss_scale 65536.0000 (65536.0000)	mem 1205MB
[2026-03-25 02:02:38 tiny_cifar100_30ep](main.py 348): INFO Train: [0/30][80/390]	eta 0:01:56 lr 0.000009	 wd 0.0500	time 0.1037 (0.3772)	data time 0.0006 (0.2589)	model time 0.1032 (0.1127)	loss 4.7107 (4.6957)	grad_norm 5.6366 (6.1784)	loss_scale 65536.0000 (65536.0000)	mem 1205MB
[2026-03-25 02:02:39 tiny_cifar100_30ep](main.py 348): INFO Train: [0/30][90/390]	eta 0:01:44 lr 0.000010	 wd 0.0500	time 0.1038 (0.3474)	data time 0.0006 (0.2305)	model time 0.1032 (0.1109)	loss 4.6034 (4.6899)	grad_norm 7.0892 (6.1718)	loss_scale 65536.0000 (65536.0000)	mem 1205MB
[2026-03-25 02:02:40 tiny_cifar100_30ep](main.py 348): INFO Train: [0/30][100/390]	eta 0:01:33 lr 0.000011	 wd 0.0500	time 0.1064 (0.3238)	data time 0.0005 (0.2078)	model time 0.1059 (0.1105)	loss 4.5825 (4.6864)	grad_norm 5.9944 (6.1368)	loss_scale 65536.0000 (65536.0000)	mem 1205MB
[2026-03-25 02:02:41 tiny_cifar100_30ep](main.py 348): INFO Train: [0/30][110/390]	eta 0:01:25 lr 0.000012	 wd 0.0500	time 0.1032 (0.3045)	data time 0.0005 (0.1891)	model time 0.1027 (0.1102)	loss 4.5816 (4.6815)	grad_norm 6.2174 (6.1366)	loss_scale 65536.0000 (65536.0000)	mem 1205MB
[2026-03-25 02:02:42 tiny_cifar100_30ep](main.py 348): INFO Train: [0/30][120/390]	eta 0:01:17 lr 0.000013	 wd 0.0500	time 0.1037 (0.2881)	data time 0.0006 (0.1735)	model time 0.1031 (0.1096)	loss 4.6573 (4.6772)	grad_norm 5.1600 (6.1119)	loss_scale 65536.0000 (65536.0000)	mem 1205MB
[2026-03-25 02:02:43 tiny_cifar100_30ep](main.py 348): INFO Train: [0/30][130/390]	eta 0:01:11 lr 0.000014	 wd 0.0500	time 0.1197 (0.2745)	data time 0.0007 (0.1603)	model time 0.1190 (0.1095)	loss 4.6274 (4.6715)	grad_norm 5.2080 (6.0989)	loss_scale 65536.0000 (65536.0000)	mem 1205MB
[2026-03-25 02:02:44 tiny_cifar100_30ep](main.py 348): INFO Train: [0/30][140/390]	eta 0:01:05 lr 0.000015	 wd 0.0500	time 0.1054 (0.2625)	data time 0.0004 (0.1490)	model time 0.1050 (0.1089)	loss 4.5802 (4.6658)	grad_norm 5.6356 (6.0871)	loss_scale 65536.0000 (65536.0000)	mem 1205MB
[2026-03-25 02:02:45 tiny_cifar100_30ep](main.py 348): INFO Train: [0/30][150/390]	eta 0:01:00 lr 0.000016	 wd 0.0500	time 0.1099 (0.2528)	data time 0.0013 (0.1392)	model time 0.1086 (0.1096)	loss 4.5673 (4.6609)	grad_norm 4.7785 (6.0365)	loss_scale 65536.0000 (65536.0000)	mem 1205MB
[2026-03-25 02:02:46 tiny_cifar100_30ep](main.py 348): INFO Train: [0/30][160/390]	eta 0:00:56 lr 0.000017	 wd 0.0500	time 0.1065 (0.2440)	data time 0.0005 (0.1306)	model time 0.1060 (0.1096)	loss 4.5626 (4.6539)	grad_norm 5.3702 (6.0032)	loss_scale 65536.0000 (65536.0000)	mem 1205MB
[2026-03-25 02:02:47 tiny_cifar100_30ep](main.py 348): INFO Train: [0/30][170/390]	eta 0:00:51 lr 0.000018	 wd 0.0500	time 0.1065 (0.2360)	data time 0.0006 (0.1230)	model time 0.1059 (0.1094)	loss 4.4921 (4.6480)	grad_norm 6.0675 (5.9530)	loss_scale 65536.0000 (65536.0000)	mem 1205MB
[2026-03-25 02:02:49 tiny_cifar100_30ep](main.py 348): INFO Train: [0/30][180/390]	eta 0:00:48 lr 0.000019	 wd 0.0500	time 0.1057 (0.2287)	data time 0.0005 (0.1162)	model time 0.1052 (0.1089)	loss 4.5199 (4.6407)	grad_norm 4.8740 (5.9246)	loss_scale 65536.0000 (65536.0000)	mem 1205MB
[2026-03-25 02:02:50 tiny_cifar100_30ep](main.py 348): INFO Train: [0/30][190/390]	eta 0:00:44 lr 0.000020	 wd 0.0500	time 0.1133 (0.2226)	data time 0.0005 (0.1102)	model time 0.1127 (0.1091)	loss 4.5384 (4.6333)	grad_norm 4.8955 (5.8816)	loss_scale 65536.0000 (65536.0000)	mem 1205MB
[2026-03-25 02:02:51 tiny_cifar100_30ep](main.py 348): INFO Train: [0/30][200/390]	eta 0:00:41 lr 0.000021	 wd 0.0500	time 0.1040 (0.2169)	data time 0.0006 (0.1047)	model time 0.1034 (0.1090)	loss 4.5290 (4.6271)	grad_norm 4.3769 (5.8422)	loss_scale 65536.0000 (65536.0000)	mem 1205MB
[2026-03-25 02:02:52 tiny_cifar100_30ep](main.py 348): INFO Train: [0/30][210/390]	eta 0:00:38 lr 0.000023	 wd 0.0500	time 0.1064 (0.2118)	data time 0.0006 (0.0998)	model time 0.1058 (0.1090)	loss 4.3716 (4.6193)	grad_norm 5.2262 (5.7978)	loss_scale 65536.0000 (65536.0000)	mem 1205MB
[2026-03-25 02:02:53 tiny_cifar100_30ep](main.py 348): INFO Train: [0/30][220/390]	eta 0:00:35 lr 0.000024	 wd 0.0500	time 0.1127 (0.2074)	data time 0.0007 (0.0953)	model time 0.1120 (0.1092)	loss 4.4611 (4.6128)	grad_norm 4.6025 (5.7475)	loss_scale 65536.0000 (65536.0000)	mem 1205MB
[2026-03-25 02:02:54 tiny_cifar100_30ep](main.py 348): INFO Train: [0/30][230/390]	eta 0:00:32 lr 0.000025	 wd 0.0500	time 0.1184 (0.2032)	data time 0.0005 (0.0912)	model time 0.1179 (0.1093)	loss 4.5309 (4.6067)	grad_norm 4.7876 (5.7042)	loss_scale 65536.0000 (65536.0000)	mem 1205MB
[2026-03-25 02:02:55 tiny_cifar100_30ep](main.py 348): INFO Train: [0/30][240/390]	eta 0:00:29 lr 0.000026	 wd 0.0500	time 0.1042 (0.1992)	data time 0.0006 (0.0874)	model time 0.1036 (0.1091)	loss 4.5130 (4.6008)	grad_norm 4.4659 (5.6617)	loss_scale 65536.0000 (65536.0000)	mem 1205MB
[2026-03-25 02:02:56 tiny_cifar100_30ep](main.py 348): INFO Train: [0/30][250/390]	eta 0:00:27 lr 0.000027	 wd 0.0500	time 0.1034 (0.1955)	data time 0.0006 (0.0840)	model time 0.1028 (0.1090)	loss 4.3930 (4.5954)	grad_norm 4.9698 (5.6175)	loss_scale 65536.0000 (65536.0000)	mem 1205MB
[2026-03-25 02:02:57 tiny_cifar100_30ep](main.py 348): INFO Train: [0/30][260/390]	eta 0:00:25 lr 0.000028	 wd 0.0500	time 0.1212 (0.1928)	data time 0.0005 (0.0808)	model time 0.1207 (0.1097)	loss 4.2860 (4.5882)	grad_norm 4.9501 (5.5789)	loss_scale 65536.0000 (65536.0000)	mem 1205MB
[2026-03-25 02:02:59 tiny_cifar100_30ep](main.py 348): INFO Train: [0/30][270/390]	eta 0:00:22 lr 0.000029	 wd 0.0500	time 0.1158 (0.1901)	data time 0.0007 (0.0778)	model time 0.1151 (0.1101)	loss 4.4598 (4.5822)	grad_norm 3.8066 (5.5353)	loss_scale 65536.0000 (65536.0000)	mem 1205MB
[2026-03-25 02:03:00 tiny_cifar100_30ep](main.py 348): INFO Train: [0/30][280/390]	eta 0:00:20 lr 0.000030	 wd 0.0500	time 0.1307 (0.1873)	data time 0.0008 (0.0751)	model time 0.1299 (0.1102)	loss 4.4557 (4.5756)	grad_norm 4.1823 (5.4924)	loss_scale 65536.0000 (65536.0000)	mem 1205MB
[2026-03-25 02:03:01 tiny_cifar100_30ep](main.py 348): INFO Train: [0/30][290/390]	eta 0:00:18 lr 0.000031	 wd 0.0500	time 0.1463 (0.1858)	data time 0.0008 (0.0725)	model time 0.1455 (0.1115)	loss 4.4528 (4.5705)	grad_norm 3.8779 (5.4511)	loss_scale 65536.0000 (65536.0000)	mem 1205MB
[2026-03-25 02:03:03 tiny_cifar100_30ep](main.py 348): INFO Train: [0/30][300/390]	eta 0:00:16 lr 0.000032	 wd 0.0500	time 0.1471 (0.1846)	data time 0.0009 (0.0702)	model time 0.1462 (0.1130)	loss 4.3003 (4.5648)	grad_norm 4.0603 (5.4062)	loss_scale 65536.0000 (65536.0000)	mem 1205MB
[2026-03-25 02:03:04 tiny_cifar100_30ep](main.py 348): INFO Train: [0/30][310/390]	eta 0:00:14 lr 0.000033	 wd 0.0500	time 0.1174 (0.1825)	data time 0.0007 (0.0679)	model time 0.1167 (0.1132)	loss 4.4239 (4.5595)	grad_norm 3.8376 (5.3656)	loss_scale 65536.0000 (65536.0000)	mem 1205MB
[2026-03-25 02:03:05 tiny_cifar100_30ep](main.py 348): INFO Train: [0/30][320/390]	eta 0:00:12 lr 0.000034	 wd 0.0500	time 0.1063 (0.1802)	data time 0.0006 (0.0658)	model time 0.1057 (0.1130)	loss 4.4408 (4.5541)	grad_norm 3.6689 (5.3239)	loss_scale 65536.0000 (65536.0000)	mem 1205MB
[2026-03-25 02:03:06 tiny_cifar100_30ep](main.py 348): INFO Train: [0/30][330/390]	eta 0:00:10 lr 0.000035	 wd 0.0500	time 0.1036 (0.1781)	data time 0.0005 (0.0639)	model time 0.1030 (0.1129)	loss 4.2928 (4.5483)	grad_norm 4.2525 (5.2849)	loss_scale 65536.0000 (65536.0000)	mem 1205MB
[2026-03-25 02:03:07 tiny_cifar100_30ep](main.py 348): INFO Train: [0/30][340/390]	eta 0:00:08 lr 0.000036	 wd 0.0500	time 0.1035 (0.1761)	data time 0.0006 (0.0620)	model time 0.1028 (0.1128)	loss 4.4604 (4.5424)	grad_norm 4.2753 (5.2476)	loss_scale 65536.0000 (65536.0000)	mem 1205MB
[2026-03-25 02:03:08 tiny_cifar100_30ep](main.py 348): INFO Train: [0/30][350/390]	eta 0:00:06 lr 0.000037	 wd 0.0500	time 0.1160 (0.1743)	data time 0.0007 (0.0602)	model time 0.1153 (0.1128)	loss 4.3085 (4.5375)	grad_norm 4.2502 (5.2100)	loss_scale 65536.0000 (65536.0000)	mem 1205MB
[2026-03-25 02:03:09 tiny_cifar100_30ep](main.py 348): INFO Train: [0/30][360/390]	eta 0:00:05 lr 0.000039	 wd 0.0500	time 0.1036 (0.1726)	data time 0.0006 (0.0586)	model time 0.1030 (0.1128)	loss 4.3865 (4.5317)	grad_norm 3.9478 (5.1783)	loss_scale 65536.0000 (65536.0000)	mem 1205MB
[2026-03-25 02:03:11 tiny_cifar100_30ep](main.py 348): INFO Train: [0/30][370/390]	eta 0:00:03 lr 0.000040	 wd 0.0500	time 0.1177 (0.1712)	data time 0.0006 (0.0570)	model time 0.1171 (0.1129)	loss 4.0520 (4.5257)	grad_norm 4.1891 (5.1455)	loss_scale 65536.0000 (65536.0000)	mem 1205MB
[2026-03-25 02:03:12 tiny_cifar100_30ep](main.py 348): INFO Train: [0/30][380/390]	eta 0:00:01 lr 0.000041	 wd 0.0500	time 0.1143 (0.1697)	data time 0.0003 (0.0555)	model time 0.1139 (0.1130)	loss 4.3191 (4.5214)	grad_norm 3.5836 (5.1113)	loss_scale 65536.0000 (65536.0000)	mem 1205MB
[2026-03-25 02:03:13 tiny_cifar100_30ep](main.py 359): INFO EPOCH 0 training takes 0:01:06
[2026-03-25 02:03:13 tiny_cifar100_30ep](utils.py 104): INFO ./output_cifar100_noema_30ep/tiny_cifar100_30ep/20260325020204/latest_ckpt.pth saving......
[2026-03-25 02:03:14 tiny_cifar100_30ep](utils.py 106): INFO ./output_cifar100_noema_30ep/tiny_cifar100_30ep/20260325020204/latest_ckpt.pth saved !!!
/home/jlx_75/miniconda3/envs/pvmamba/lib/python3.10/site-packages/requests/__init__.py:109: RequestsDependencyWarning: urllib3 (1.26.13) or chardet (7.2.0)/charset_normalizer (2.1.1) doesn't match a supported version!
  warnings.warn(
/home/jlx_75/miniconda3/envs/pvmamba/lib/python3.10/site-packages/requests/__init__.py:109: RequestsDependencyWarning: urllib3 (1.26.13) or chardet (7.2.0)/charset_normalizer (2.1.1) doesn't match a supported version!
  warnings.warn(
/home/jlx_75/miniconda3/envs/pvmamba/lib/python3.10/site-packages/requests/__init__.py:109: RequestsDependencyWarning: urllib3 (1.26.13) or chardet (7.2.0)/charset_normalizer (2.1.1) doesn't match a supported version!
  warnings.warn(
/home/jlx_75/miniconda3/envs/pvmamba/lib/python3.10/site-packages/requests/__init__.py:109: RequestsDependencyWarning: urllib3 (1.26.13) or chardet (7.2.0)/charset_normalizer (2.1.1) doesn't match a supported version!
  warnings.warn(
/home/jlx_75/miniconda3/envs/pvmamba/lib/python3.10/site-packages/requests/__init__.py:109: RequestsDependencyWarning: urllib3 (1.26.13) or chardet (7.2.0)/charset_normalizer (2.1.1) doesn't match a supported version!
  warnings.warn(
/home/jlx_75/miniconda3/envs/pvmamba/lib/python3.10/site-packages/requests/__init__.py:109: RequestsDependencyWarning: urllib3 (1.26.13) or chardet (7.2.0)/charset_normalizer (2.1.1) doesn't match a supported version!
  warnings.warn(
/home/jlx_75/miniconda3/envs/pvmamba/lib/python3.10/site-packages/requests/__init__.py:109: RequestsDependencyWarning: urllib3 (1.26.13) or chardet (7.2.0)/charset_normalizer (2.1.1) doesn't match a supported version!
  warnings.warn(
/home/jlx_75/miniconda3/envs/pvmamba/lib/python3.10/site-packages/requests/__init__.py:109: RequestsDependencyWarning: urllib3 (1.26.13) or chardet (7.2.0)/charset_normalizer (2.1.1) doesn't match a supported version!
  warnings.warn(
[2026-03-25 02:03:29 tiny_cifar100_30ep](main.py 403): INFO Test: [0/79]	Time 15.331 (15.331)	Loss 3.9785 (3.9785)	Acc@1 8.594 (8.594)	Acc@5 28.906 (28.906)	Mem 1205MB
[2026-03-25 02:03:30 tiny_cifar100_30ep](main.py 403): INFO Test: [10/79]	Time 0.035 (1.433)	Loss 4.0625 (4.0211)	Acc@1 7.031 (7.670)	Acc@5 32.031 (27.841)	Mem 1205MB
[2026-03-25 02:03:30 tiny_cifar100_30ep](main.py 403): INFO Test: [20/79]	Time 0.035 (0.768)	Loss 4.0039 (4.0215)	Acc@1 9.375 (8.110)	Acc@5 30.469 (27.493)	Mem 1205MB
[2026-03-25 02:03:30 tiny_cifar100_30ep](main.py 403): INFO Test: [30/79]	Time 0.034 (0.531)	Loss 4.1172 (4.0220)	Acc@1 7.031 (8.367)	Acc@5 25.000 (27.419)	Mem 1205MB
[2026-03-25 02:03:31 tiny_cifar100_30ep](main.py 403): INFO Test: [40/79]	Time 0.035 (0.410)	Loss 4.0898 (4.0296)	Acc@1 8.594 (8.498)	Acc@5 28.906 (27.954)	Mem 1205MB
[2026-03-25 02:03:31 tiny_cifar100_30ep](main.py 403): INFO Test: [50/79]	Time 0.035 (0.337)	Loss 4.1289 (4.0259)	Acc@1 4.688 (8.655)	Acc@5 24.219 (28.064)	Mem 1205MB
[2026-03-25 02:03:32 tiny_cifar100_30ep](main.py 403): INFO Test: [60/79]	Time 0.034 (0.287)	Loss 4.1289 (4.0316)	Acc@1 7.812 (8.683)	Acc@5 27.344 (27.805)	Mem 1205MB
[2026-03-25 02:03:32 tiny_cifar100_30ep](main.py 403): INFO Test: [70/79]	Time 0.034 (0.252)	Loss 4.0547 (4.0307)	Acc@1 8.594 (8.737)	Acc@5 28.125 (27.751)	Mem 1205MB
[2026-03-25 02:03:33 tiny_cifar100_30ep](main.py 410): INFO  * Acc@1 8.650 Acc@5 27.610
[2026-03-25 02:03:33 tiny_cifar100_30ep](main.py 239): INFO Accuracy of the network on the 10000 test images: 8.7%
[2026-03-25 02:03:33 tiny_cifar100_30ep](main.py 247): INFO New max accuracy: 8.65%
[2026-03-25 02:03:33 tiny_cifar100_30ep](utils.py 104): INFO ./output_cifar100_noema_30ep/tiny_cifar100_30ep/20260325020204/best_ckpt.pth saving......
[2026-03-25 02:03:33 tiny_cifar100_30ep](utils.py 106): INFO ./output_cifar100_noema_30ep/tiny_cifar100_30ep/20260325020204/best_ckpt.pth saved !!!
/home/jlx_75/miniconda3/envs/pvmamba/lib/python3.10/site-packages/requests/__init__.py:109: RequestsDependencyWarning: urllib3 (1.26.13) or chardet (7.2.0)/charset_normalizer (2.1.1) doesn't match a supported version!
  warnings.warn(
/home/jlx_75/miniconda3/envs/pvmamba/lib/python3.10/site-packages/requests/__init__.py:109: RequestsDependencyWarning: urllib3 (1.26.13) or chardet (7.2.0)/charset_normalizer (2.1.1) doesn't match a supported version!
  warnings.warn(
/home/jlx_75/miniconda3/envs/pvmamba/lib/python3.10/site-packages/requests/__init__.py:109: RequestsDependencyWarning: urllib3 (1.26.13) or chardet (7.2.0)/charset_normalizer (2.1.1) doesn't match a supported version!
  warnings.warn(
/home/jlx_75/miniconda3/envs/pvmamba/lib/python3.10/site-packages/requests/__init__.py:109: RequestsDependencyWarning: urllib3 (1.26.13) or chardet (7.2.0)/charset_normalizer (2.1.1) doesn't match a supported version!
  warnings.warn(
/home/jlx_75/miniconda3/envs/pvmamba/lib/python3.10/site-packages/requests/__init__.py:109: RequestsDependencyWarning: urllib3 (1.26.13) or chardet (7.2.0)/charset_normalizer (2.1.1) doesn't match a supported version!
  warnings.warn(
/home/jlx_75/miniconda3/envs/pvmamba/lib/python3.10/site-packages/requests/__init__.py:109: RequestsDependencyWarning: urllib3 (1.26.13) or chardet (7.2.0)/charset_normalizer (2.1.1) doesn't match a supported version!
  warnings.warn(
/home/jlx_75/miniconda3/envs/pvmamba/lib/python3.10/site-packages/requests/__init__.py:109: RequestsDependencyWarning: urllib3 (1.26.13) or chardet (7.2.0)/charset_normalizer (2.1.1) doesn't match a supported version!
  warnings.warn(
/home/jlx_75/miniconda3/envs/pvmamba/lib/python3.10/site-packages/requests/__init__.py:109: RequestsDependencyWarning: urllib3 (1.26.13) or chardet (7.2.0)/charset_normalizer (2.1.1) doesn't match a supported version!
  warnings.warn(
[2026-03-25 02:03:55 tiny_cifar100_30ep](main.py 348): INFO Train: [1/30][0/390]	eta 2:19:45 lr 0.000042	 wd 0.0500	time 21.5021 (21.5021)	data time 21.3262 (21.3262)	model time 0.0000 (0.0000)	loss 4.0736 (4.0736)	grad_norm 4.1739 (4.1739)	loss_scale 65536.0000 (65536.0000)	mem 1204MB
[2026-03-25 02:03:56 tiny_cifar100_30ep](main.py 348): INFO Train: [1/30][10/390]	eta 0:13:00 lr 0.000043	 wd 0.0500	time 0.1063 (2.0544)	data time 0.0005 (1.9393)	model time 0.0000 (0.0000)	loss 4.2757 (4.2503)	grad_norm 3.7136 (4.1617)	loss_scale 65536.0000 (65536.0000)	mem 1205MB
[2026-03-25 02:03:57 tiny_cifar100_30ep](main.py 348): INFO Train: [1/30][20/390]	eta 0:06:56 lr 0.000044	 wd 0.0500	time 0.1077 (1.1267)	data time 0.0007 (1.0161)	model time 0.0000 (0.0000)	loss 4.2409 (4.2686)	grad_norm 3.8248 (4.1221)	loss_scale 65536.0000 (65536.0000)	mem 1205MB
[2026-03-25 02:03:58 tiny_cifar100_30ep](main.py 348): INFO Train: [1/30][30/390]	eta 0:04:47 lr 0.000045	 wd 0.0500	time 0.1076 (0.7980)	data time 0.0007 (0.6886)	model time 0.0000 (0.0000)	loss 4.4733 (4.2930)	grad_norm 3.7405 (4.0577)	loss_scale 65536.0000 (65536.0000)	mem 1205MB
[2026-03-25 02:03:59 tiny_cifar100_30ep](main.py 348): INFO Train: [1/30][40/390]	eta 0:03:40 lr 0.000046	 wd 0.0500	time 0.1091 (0.6300)	data time 0.0006 (0.5208)	model time 0.0000 (0.0000)	loss 4.3517 (4.3003)	grad_norm 3.8741 (4.0046)	loss_scale 65536.0000 (65536.0000)	mem 1205MB
[2026-03-25 02:04:00 tiny_cifar100_30ep](main.py 348): INFO Train: [1/30][50/390]	eta 0:02:59 lr 0.000047	 wd 0.0500	time 0.1160 (0.5282)	data time 0.0007 (0.4188)	model time 0.0000 (0.0000)	loss 4.3100 (4.3022)	grad_norm 3.6444 (3.9495)	loss_scale 65536.0000 (65536.0000)	mem 1205MB
[2026-03-25 02:04:01 tiny_cifar100_30ep](main.py 348): INFO Train: [1/30][60/390]	eta 0:02:32 lr 0.000048	 wd 0.0500	time 0.1210 (0.4613)	data time 0.0006 (0.3503)	model time 0.1204 (0.1192)	loss 4.1976 (4.3080)	grad_norm 3.6633 (3.9163)	loss_scale 65536.0000 (65536.0000)	mem 1205MB
[2026-03-25 02:04:03 tiny_cifar100_30ep](main.py 348): INFO Train: [1/30][70/390]	eta 0:02:12 lr 0.000049	 wd 0.0500	time 0.1298 (0.4132)	data time 0.0006 (0.3010)	model time 0.1292 (0.1191)	loss 4.3925 (4.3117)	grad_norm 4.0277 (3.8840)	loss_scale 65536.0000 (65536.0000)	mem 1205MB
[2026-03-25 02:04:04 tiny_cifar100_30ep](main.py 348): INFO Train: [1/30][80/390]	eta 0:01:56 lr 0.000050	 wd 0.0500	time 0.1119 (0.3765)	data time 0.0007 (0.2640)	model time 0.1112 (0.1178)	loss 4.0832 (4.3065)	grad_norm 3.8717 (3.8760)	loss_scale 65536.0000 (65536.0000)	mem 1205MB
[2026-03-25 02:04:05 tiny_cifar100_30ep](main.py 348): INFO Train: [1/30][90/390]	eta 0:01:44 lr 0.000051	 wd 0.0500	time 0.1184 (0.3472)	data time 0.0005 (0.2350)	model time 0.1178 (0.1157)	loss 4.1098 (4.3000)	grad_norm 3.8175 (3.8672)	loss_scale 65536.0000 (65536.0000)	mem 1205MB
[2026-03-25 02:04:06 tiny_cifar100_30ep](main.py 348): INFO Train: [1/30][100/390]	eta 0:01:33 lr 0.000052	 wd 0.0500	time 0.1267 (0.3240)	data time 0.0006 (0.2118)	model time 0.1261 (0.1150)	loss 4.1686 (4.2980)	grad_norm 4.0764 (3.8625)	loss_scale 65536.0000 (65536.0000)	mem 1205MB
[2026-03-25 02:04:07 tiny_cifar100_30ep](main.py 348): INFO Train: [1/30][110/390]	eta 0:01:25 lr 0.000053	 wd 0.0500	time 0.1161 (0.3048)	data time 0.0006 (0.1928)	model time 0.1154 (0.1141)	loss 4.1659 (4.2970)	grad_norm 3.8534 (3.8560)	loss_scale 65536.0000 (65536.0000)	mem 1205MB
[2026-03-25 02:04:08 tiny_cifar100_30ep](main.py 348): INFO Train: [1/30][120/390]	eta 0:01:17 lr 0.000055	 wd 0.0500	time 0.1030 (0.2882)	data time 0.0005 (0.1769)	model time 0.1025 (0.1127)	loss 4.3970 (4.2982)	grad_norm 3.9112 (3.8457)	loss_scale 65536.0000 (65536.0000)	mem 1205MB
[2026-03-25 02:04:09 tiny_cifar100_30ep](main.py 348): INFO Train: [1/30][130/390]	eta 0:01:11 lr 0.000056	 wd 0.0500	time 0.1043 (0.2742)	data time 0.0006 (0.1635)	model time 0.1037 (0.1116)	loss 4.3427 (4.2965)	grad_norm 3.6950 (3.8501)	loss_scale 65536.0000 (65536.0000)	mem 1205MB
[2026-03-25 02:04:10 tiny_cifar100_30ep](main.py 348): INFO Train: [1/30][140/390]	eta 0:01:05 lr 0.000057	 wd 0.0500	time 0.1165 (0.2623)	data time 0.0006 (0.1519)	model time 0.1159 (0.1109)	loss 3.9990 (4.2874)	grad_norm 3.9038 (3.8430)	loss_scale 65536.0000 (65536.0000)	mem 1205MB
[2026-03-25 02:04:11 tiny_cifar100_30ep](main.py 348): INFO Train: [1/30][150/390]	eta 0:01:00 lr 0.000058	 wd 0.0500	time 0.1208 (0.2526)	data time 0.0006 (0.1419)	model time 0.1202 (0.1113)	loss 4.3995 (4.2910)	grad_norm 3.4787 (3.8346)	loss_scale 65536.0000 (65536.0000)	mem 1205MB
[2026-03-25 02:04:12 tiny_cifar100_30ep](main.py 348): INFO Train: [1/30][160/390]	eta 0:00:55 lr 0.000059	 wd 0.0500	time 0.1027 (0.2433)	data time 0.0006 (0.1331)	model time 0.1021 (0.1106)	loss 4.5409 (4.2920)	grad_norm 3.5331 (3.8303)	loss_scale 65536.0000 (65536.0000)	mem 1205MB
[2026-03-25 02:04:13 tiny_cifar100_30ep](main.py 348): INFO Train: [1/30][170/390]	eta 0:00:51 lr 0.000060	 wd 0.0500	time 0.1032 (0.2355)	data time 0.0007 (0.1254)	model time 0.1025 (0.1104)	loss 4.3351 (4.2932)	grad_norm 3.6754 (3.8201)	loss_scale 65536.0000 (65536.0000)	mem 1205MB
[2026-03-25 02:04:15 tiny_cifar100_30ep](main.py 348): INFO Train: [1/30][180/390]	eta 0:00:47 lr 0.000061	 wd 0.0500	time 0.1028 (0.2283)	data time 0.0005 (0.1185)	model time 0.1023 (0.1099)	loss 4.0796 (4.2919)	grad_norm 3.6903 (3.8074)	loss_scale 65536.0000 (65536.0000)	mem 1205MB
[2026-03-25 02:04:16 tiny_cifar100_30ep](main.py 348): INFO Train: [1/30][190/390]	eta 0:00:44 lr 0.000062	 wd 0.0500	time 0.1183 (0.2220)	data time 0.0006 (0.1123)	model time 0.1177 (0.1098)	loss 4.1954 (4.2905)	grad_norm 3.9912 (3.8034)	loss_scale 65536.0000 (65536.0000)	mem 1205MB
[2026-03-25 02:04:17 tiny_cifar100_30ep](main.py 348): INFO Train: [1/30][200/390]	eta 0:00:41 lr 0.000063	 wd 0.0500	time 0.1164 (0.2163)	data time 0.0006 (0.1068)	model time 0.1158 (0.1095)	loss 4.3059 (4.2861)	grad_norm 4.1181 (3.8054)	loss_scale 65536.0000 (65536.0000)	mem 1205MB
[2026-03-25 02:04:18 tiny_cifar100_30ep](main.py 348): INFO Train: [1/30][210/390]	eta 0:00:37 lr 0.000064	 wd 0.0500	time 0.1039 (0.2110)	data time 0.0006 (0.1017)	model time 0.1033 (0.1092)	loss 4.3573 (4.2848)	grad_norm 3.7860 (3.8037)	loss_scale 65536.0000 (65536.0000)	mem 1205MB
[2026-03-25 02:04:19 tiny_cifar100_30ep](main.py 348): INFO Train: [1/30][220/390]	eta 0:00:35 lr 0.000065	 wd 0.0500	time 0.1032 (0.2062)	data time 0.0006 (0.0972)	model time 0.1026 (0.1089)	loss 4.3523 (4.2813)	grad_norm 4.1680 (3.8017)	loss_scale 65536.0000 (65536.0000)	mem 1205MB
[2026-03-25 02:04:20 tiny_cifar100_30ep](main.py 348): INFO Train: [1/30][230/390]	eta 0:00:32 lr 0.000066	 wd 0.0500	time 0.1219 (0.2020)	data time 0.0006 (0.0930)	model time 0.1213 (0.1089)	loss 4.2455 (4.2783)	grad_norm 3.7657 (3.8002)	loss_scale 65536.0000 (65536.0000)	mem 1205MB
[2026-03-25 02:04:21 tiny_cifar100_30ep](main.py 348): INFO Train: [1/30][240/390]	eta 0:00:29 lr 0.000067	 wd 0.0500	time 0.1029 (0.1980)	data time 0.0006 (0.0892)	model time 0.1023 (0.1087)	loss 4.1164 (4.2757)	grad_norm 4.3374 (3.8021)	loss_scale 65536.0000 (65536.0000)	mem 1205MB
[2026-03-25 02:04:22 tiny_cifar100_30ep](main.py 348): INFO Train: [1/30][250/390]	eta 0:00:27 lr 0.000068	 wd 0.0500	time 0.1142 (0.1944)	data time 0.0007 (0.0856)	model time 0.1135 (0.1086)	loss 4.4344 (4.2748)	grad_norm 3.3796 (3.7975)	loss_scale 65536.0000 (65536.0000)	mem 1205MB
[2026-03-25 02:04:23 tiny_cifar100_30ep](main.py 348): INFO Train: [1/30][260/390]	eta 0:00:24 lr 0.000070	 wd 0.0500	time 0.1186 (0.1910)	data time 0.0006 (0.0824)	model time 0.1181 (0.1085)	loss 4.2312 (4.2735)	grad_norm 3.4072 (3.7947)	loss_scale 65536.0000 (65536.0000)	mem 1205MB
[2026-03-25 02:04:24 tiny_cifar100_30ep](main.py 348): INFO Train: [1/30][270/390]	eta 0:00:22 lr 0.000071	 wd 0.0500	time 0.1291 (0.1883)	data time 0.0008 (0.0794)	model time 0.1283 (0.1088)	loss 4.3743 (4.2702)	grad_norm 3.4183 (3.7986)	loss_scale 65536.0000 (65536.0000)	mem 1205MB
[2026-03-25 02:04:25 tiny_cifar100_30ep](main.py 348): INFO Train: [1/30][280/390]	eta 0:00:20 lr 0.000072	 wd 0.0500	time 0.1156 (0.1858)	data time 0.0007 (0.0766)	model time 0.1149 (0.1092)	loss 4.4527 (4.2667)	grad_norm 3.3828 (3.7946)	loss_scale 65536.0000 (65536.0000)	mem 1205MB
[2026-03-25 02:04:27 tiny_cifar100_30ep](main.py 348): INFO Train: [1/30][290/390]	eta 0:00:18 lr 0.000073	 wd 0.0500	time 0.1325 (0.1837)	data time 0.0008 (0.0740)	model time 0.1318 (0.1099)	loss 4.0568 (4.2638)	grad_norm 3.5665 (3.7886)	loss_scale 65536.0000 (65536.0000)	mem 1205MB
[2026-03-25 02:04:28 tiny_cifar100_30ep](main.py 348): INFO Train: [1/30][300/390]	eta 0:00:16 lr 0.000074	 wd 0.0500	time 0.1308 (0.1818)	data time 0.0007 (0.0715)	model time 0.1301 (0.1105)	loss 4.3072 (4.2615)	grad_norm 3.6225 (3.7820)	loss_scale 65536.0000 (65536.0000)	mem 1205MB
[2026-03-25 02:04:29 tiny_cifar100_30ep](main.py 348): INFO Train: [1/30][310/390]	eta 0:00:14 lr 0.000075	 wd 0.0500	time 0.1260 (0.1800)	data time 0.0009 (0.0693)	model time 0.1251 (0.1110)	loss 3.8298 (4.2569)	grad_norm 4.2916 (3.7850)	loss_scale 65536.0000 (65536.0000)	mem 1205MB
[2026-03-25 02:04:30 tiny_cifar100_30ep](main.py 348): INFO Train: [1/30][320/390]	eta 0:00:12 lr 0.000076	 wd 0.0500	time 0.1164 (0.1783)	data time 0.0006 (0.0671)	model time 0.1158 (0.1115)	loss 3.7966 (4.2525)	grad_norm 3.9551 (3.7793)	loss_scale 65536.0000 (65536.0000)	mem 1205MB
[2026-03-25 02:04:32 tiny_cifar100_30ep](main.py 348): INFO Train: [1/30][330/390]	eta 0:00:10 lr 0.000077	 wd 0.0500	time 0.1259 (0.1766)	data time 0.0008 (0.0651)	model time 0.1252 (0.1118)	loss 3.9411 (4.2507)	grad_norm 3.8064 (3.7762)	loss_scale 65536.0000 (65536.0000)	mem 1205MB
[2026-03-25 02:04:33 tiny_cifar100_30ep](main.py 348): INFO Train: [1/30][340/390]	eta 0:00:08 lr 0.000078	 wd 0.0500	time 0.1372 (0.1750)	data time 0.0006 (0.0632)	model time 0.1366 (0.1122)	loss 3.9614 (4.2480)	grad_norm 4.1499 (3.7731)	loss_scale 65536.0000 (65536.0000)	mem 1205MB
[2026-03-25 02:04:34 tiny_cifar100_30ep](main.py 348): INFO Train: [1/30][350/390]	eta 0:00:06 lr 0.000079	 wd 0.0500	time 0.1286 (0.1734)	data time 0.0006 (0.0614)	model time 0.1280 (0.1123)	loss 3.9632 (4.2484)	grad_norm 3.8807 (3.7696)	loss_scale 65536.0000 (65536.0000)	mem 1205MB
[2026-03-25 02:04:35 tiny_cifar100_30ep](main.py 348): INFO Train: [1/30][360/390]	eta 0:00:05 lr 0.000080	 wd 0.0500	time 0.1157 (0.1718)	data time 0.0007 (0.0598)	model time 0.1150 (0.1124)	loss 4.0397 (4.2463)	grad_norm 3.8284 (3.7692)	loss_scale 65536.0000 (65536.0000)	mem 1205MB
[2026-03-25 02:04:36 tiny_cifar100_30ep](main.py 348): INFO Train: [1/30][370/390]	eta 0:00:03 lr 0.000081	 wd 0.0500	time 0.1153 (0.1703)	data time 0.0006 (0.0582)	model time 0.1147 (0.1126)	loss 4.3298 (4.2446)	grad_norm 3.3887 (3.7649)	loss_scale 65536.0000 (65536.0000)	mem 1205MB
[2026-03-25 02:04:38 tiny_cifar100_30ep](main.py 348): INFO Train: [1/30][380/390]	eta 0:00:01 lr 0.000082	 wd 0.0500	time 0.1137 (0.1691)	data time 0.0004 (0.0567)	model time 0.1134 (0.1129)	loss 3.8590 (4.2399)	grad_norm 3.7571 (3.7651)	loss_scale 65536.0000 (65536.0000)	mem 1205MB
[2026-03-25 02:04:39 tiny_cifar100_30ep](main.py 359): INFO EPOCH 1 training takes 0:01:06
[2026-03-25 02:04:39 tiny_cifar100_30ep](utils.py 104): INFO ./output_cifar100_noema_30ep/tiny_cifar100_30ep/20260325020204/latest_ckpt.pth saving......
[2026-03-25 02:04:40 tiny_cifar100_30ep](utils.py 106): INFO ./output_cifar100_noema_30ep/tiny_cifar100_30ep/20260325020204/latest_ckpt.pth saved !!!
/home/jlx_75/miniconda3/envs/pvmamba/lib/python3.10/site-packages/requests/__init__.py:109: RequestsDependencyWarning: urllib3 (1.26.13) or chardet (7.2.0)/charset_normalizer (2.1.1) doesn't match a supported version!
  warnings.warn(
/home/jlx_75/miniconda3/envs/pvmamba/lib/python3.10/site-packages/requests/__init__.py:109: RequestsDependencyWarning: urllib3 (1.26.13) or chardet (7.2.0)/charset_normalizer (2.1.1) doesn't match a supported version!
  warnings.warn(
/home/jlx_75/miniconda3/envs/pvmamba/lib/python3.10/site-packages/requests/__init__.py:109: RequestsDependencyWarning: urllib3 (1.26.13) or chardet (7.2.0)/charset_normalizer (2.1.1) doesn't match a supported version!
  warnings.warn(
/home/jlx_75/miniconda3/envs/pvmamba/lib/python3.10/site-packages/requests/__init__.py:109: RequestsDependencyWarning: urllib3 (1.26.13) or chardet (7.2.0)/charset_normalizer (2.1.1) doesn't match a supported version!
  warnings.warn(
/home/jlx_75/miniconda3/envs/pvmamba/lib/python3.10/site-packages/requests/__init__.py:109: RequestsDependencyWarning: urllib3 (1.26.13) or chardet (7.2.0)/charset_normalizer (2.1.1) doesn't match a supported version!
  warnings.warn(
/home/jlx_75/miniconda3/envs/pvmamba/lib/python3.10/site-packages/requests/__init__.py:109: RequestsDependencyWarning: urllib3 (1.26.13) or chardet (7.2.0)/charset_normalizer (2.1.1) doesn't match a supported version!
  warnings.warn(
/home/jlx_75/miniconda3/envs/pvmamba/lib/python3.10/site-packages/requests/__init__.py:109: RequestsDependencyWarning: urllib3 (1.26.13) or chardet (7.2.0)/charset_normalizer (2.1.1) doesn't match a supported version!
  warnings.warn(
/home/jlx_75/miniconda3/envs/pvmamba/lib/python3.10/site-packages/requests/__init__.py:109: RequestsDependencyWarning: urllib3 (1.26.13) or chardet (7.2.0)/charset_normalizer (2.1.1) doesn't match a supported version!
  warnings.warn(
[2026-03-25 02:04:55 tiny_cifar100_30ep](main.py 403): INFO Test: [0/79]	Time 14.919 (14.919)	Loss 3.6211 (3.6211)	Acc@1 16.406 (16.406)	Acc@5 42.188 (42.188)	Mem 1205MB
[2026-03-25 02:04:56 tiny_cifar100_30ep](main.py 403): INFO Test: [10/79]	Time 0.049 (1.391)	Loss 3.6621 (3.6779)	Acc@1 16.406 (13.991)	Acc@5 43.750 (38.139)	Mem 1205MB
[2026-03-25 02:04:56 tiny_cifar100_30ep](main.py 403): INFO Test: [20/79]	Time 0.036 (0.747)	Loss 3.7520 (3.6709)	Acc@1 12.500 (14.621)	Acc@5 36.719 (39.137)	Mem 1205MB
[2026-03-25 02:04:56 tiny_cifar100_30ep](main.py 403): INFO Test: [30/79]	Time 0.036 (0.518)	Loss 3.7051 (3.6630)	Acc@1 17.188 (14.894)	Acc@5 36.719 (39.062)	Mem 1205MB
[2026-03-25 02:04:57 tiny_cifar100_30ep](main.py 403): INFO Test: [40/79]	Time 0.036 (0.401)	Loss 3.6250 (3.6569)	Acc@1 16.406 (15.149)	Acc@5 46.094 (39.425)	Mem 1205MB
[2026-03-25 02:04:57 tiny_cifar100_30ep](main.py 403): INFO Test: [50/79]	Time 0.049 (0.330)	Loss 3.7891 (3.6580)	Acc@1 12.500 (14.982)	Acc@5 33.594 (39.445)	Mem 1205MB
[2026-03-25 02:04:58 tiny_cifar100_30ep](main.py 403): INFO Test: [60/79]	Time 0.056 (0.282)	Loss 3.8184 (3.6638)	Acc@1 11.719 (14.793)	Acc@5 37.500 (39.447)	Mem 1205MB
[2026-03-25 02:04:58 tiny_cifar100_30ep](main.py 403): INFO Test: [70/79]	Time 0.035 (0.249)	Loss 3.6426 (3.6621)	Acc@1 10.938 (14.855)	Acc@5 45.312 (39.547)	Mem 1205MB
[2026-03-25 02:04:59 tiny_cifar100_30ep](main.py 410): INFO  * Acc@1 14.910 Acc@5 39.580
[2026-03-25 02:04:59 tiny_cifar100_30ep](main.py 239): INFO Accuracy of the network on the 10000 test images: 14.9%
[2026-03-25 02:04:59 tiny_cifar100_30ep](main.py 247): INFO New max accuracy: 14.91%
[2026-03-25 02:04:59 tiny_cifar100_30ep](utils.py 104): INFO ./output_cifar100_noema_30ep/tiny_cifar100_30ep/20260325020204/best_ckpt.pth saving......
[2026-03-25 02:05:00 tiny_cifar100_30ep](utils.py 106): INFO ./output_cifar100_noema_30ep/tiny_cifar100_30ep/20260325020204/best_ckpt.pth saved !!!
/home/jlx_75/miniconda3/envs/pvmamba/lib/python3.10/site-packages/requests/__init__.py:109: RequestsDependencyWarning: urllib3 (1.26.13) or chardet (7.2.0)/charset_normalizer (2.1.1) doesn't match a supported version!
  warnings.warn(
/home/jlx_75/miniconda3/envs/pvmamba/lib/python3.10/site-packages/requests/__init__.py:109: RequestsDependencyWarning: urllib3 (1.26.13) or chardet (7.2.0)/charset_normalizer (2.1.1) doesn't match a supported version!
  warnings.warn(
/home/jlx_75/miniconda3/envs/pvmamba/lib/python3.10/site-packages/requests/__init__.py:109: RequestsDependencyWarning: urllib3 (1.26.13) or chardet (7.2.0)/charset_normalizer (2.1.1) doesn't match a supported version!
  warnings.warn(
/home/jlx_75/miniconda3/envs/pvmamba/lib/python3.10/site-packages/requests/__init__.py:109: RequestsDependencyWarning: urllib3 (1.26.13) or chardet (7.2.0)/charset_normalizer (2.1.1) doesn't match a supported version!
  warnings.warn(
/home/jlx_75/miniconda3/envs/pvmamba/lib/python3.10/site-packages/requests/__init__.py:109: RequestsDependencyWarning: urllib3 (1.26.13) or chardet (7.2.0)/charset_normalizer (2.1.1) doesn't match a supported version!
  warnings.warn(
/home/jlx_75/miniconda3/envs/pvmamba/lib/python3.10/site-packages/requests/__init__.py:109: RequestsDependencyWarning: urllib3 (1.26.13) or chardet (7.2.0)/charset_normalizer (2.1.1) doesn't match a supported version!
  warnings.warn(
/home/jlx_75/miniconda3/envs/pvmamba/lib/python3.10/site-packages/requests/__init__.py:109: RequestsDependencyWarning: urllib3 (1.26.13) or chardet (7.2.0)/charset_normalizer (2.1.1) doesn't match a supported version!
  warnings.warn(
/home/jlx_75/miniconda3/envs/pvmamba/lib/python3.10/site-packages/requests/__init__.py:109: RequestsDependencyWarning: urllib3 (1.26.13) or chardet (7.2.0)/charset_normalizer (2.1.1) doesn't match a supported version!
  warnings.warn(
[2026-03-25 02:05:21 tiny_cifar100_30ep](main.py 348): INFO Train: [2/30][0/390]	eta 2:17:39 lr 0.000083	 wd 0.0500	time 21.1771 (21.1771)	data time 21.0099 (21.0099)	model time 0.0000 (0.0000)	loss 4.0191 (4.0191)	grad_norm 3.9490 (3.9490)	loss_scale 65536.0000 (65536.0000)	mem 1205MB
[2026-03-25 02:05:22 tiny_cifar100_30ep](main.py 348): INFO Train: [2/30][10/390]	eta 0:12:49 lr 0.000084	 wd 0.0500	time 0.1065 (2.0245)	data time 0.0006 (1.9106)	model time 0.0000 (0.0000)	loss 4.1239 (4.1781)	grad_norm 3.6900 (3.7271)	loss_scale 65536.0000 (65536.0000)	mem 1205MB
[2026-03-25 02:05:23 tiny_cifar100_30ep](main.py 348): INFO Train: [2/30][20/390]	eta 0:06:51 lr 0.000086	 wd 0.0500	time 0.1093 (1.1117)	data time 0.0006 (1.0011)	model time 0.0000 (0.0000)	loss 4.0202 (4.1587)	grad_norm 3.7529 (3.6443)	loss_scale 65536.0000 (65536.0000)	mem 1205MB
[2026-03-25 02:05:24 tiny_cifar100_30ep](main.py 348): INFO Train: [2/30][30/390]	eta 0:04:43 lr 0.000087	 wd 0.0500	time 0.1082 (0.7884)	data time 0.0005 (0.6783)	model time 0.0000 (0.0000)	loss 3.8580 (4.1617)	grad_norm 3.6275 (3.6505)	loss_scale 65536.0000 (65536.0000)	mem 1205MB
[2026-03-25 02:05:25 tiny_cifar100_30ep](main.py 348): INFO Train: [2/30][40/390]	eta 0:03:37 lr 0.000088	 wd 0.0500	time 0.1085 (0.6228)	data time 0.0006 (0.5130)	model time 0.0000 (0.0000)	loss 4.2470 (4.1847)	grad_norm 3.3487 (3.6255)	loss_scale 65536.0000 (65536.0000)	mem 1205MB
[2026-03-25 02:05:26 tiny_cifar100_30ep](main.py 348): INFO Train: [2/30][50/390]	eta 0:02:57 lr 0.000089	 wd 0.0500	time 0.1216 (0.5225)	data time 0.0005 (0.4125)	model time 0.0000 (0.0000)	loss 4.2794 (4.1682)	grad_norm 3.4522 (3.6089)	loss_scale 65536.0000 (65536.0000)	mem 1205MB
[2026-03-25 02:05:28 tiny_cifar100_30ep](main.py 348): INFO Train: [2/30][60/390]	eta 0:02:30 lr 0.000090	 wd 0.0500	time 0.1076 (0.4547)	data time 0.0006 (0.3450)	model time 0.1070 (0.1084)	loss 3.9726 (4.1527)	grad_norm 3.9918 (3.6118)	loss_scale 65536.0000 (65536.0000)	mem 1205MB
[2026-03-25 02:05:29 tiny_cifar100_30ep](main.py 348): INFO Train: [2/30][70/390]	eta 0:02:09 lr 0.000091	 wd 0.0500	time 0.1038 (0.4055)	data time 0.0004 (0.2965)	model time 0.1034 (0.1066)	loss 4.3039 (4.1443)	grad_norm 3.7536 (3.6210)	loss_scale 65536.0000 (65536.0000)	mem 1205MB
[2026-03-25 02:05:30 tiny_cifar100_30ep](main.py 348): INFO Train: [2/30][80/390]	eta 0:01:54 lr 0.000092	 wd 0.0500	time 0.1145 (0.3686)	data time 0.0006 (0.2600)	model time 0.1138 (0.1065)	loss 3.9120 (4.1268)	grad_norm 3.9296 (3.6637)	loss_scale 65536.0000 (65536.0000)	mem 1205MB
[2026-03-25 02:05:31 tiny_cifar100_30ep](main.py 348): INFO Train: [2/30][90/390]	eta 0:01:41 lr 0.000093	 wd 0.0500	time 0.1068 (0.3399)	data time 0.0007 (0.2315)	model time 0.1061 (0.1064)	loss 4.2956 (4.1313)	grad_norm 3.2505 (3.6679)	loss_scale 65536.0000 (65536.0000)	mem 1205MB
[2026-03-25 02:05:32 tiny_cifar100_30ep](main.py 348): INFO Train: [2/30][100/390]	eta 0:01:31 lr 0.000094	 wd 0.0500	time 0.1036 (0.3169)	data time 0.0007 (0.2086)	model time 0.1029 (0.1065)	loss 4.2424 (4.1363)	grad_norm 3.7337 (3.6707)	loss_scale 65536.0000 (65536.0000)	mem 1205MB
[2026-03-25 02:05:33 tiny_cifar100_30ep](main.py 348): INFO Train: [2/30][110/390]	eta 0:01:23 lr 0.000095	 wd 0.0500	time 0.1026 (0.2979)	data time 0.0006 (0.1899)	model time 0.1020 (0.1064)	loss 4.0684 (4.1390)	grad_norm 3.3959 (3.6690)	loss_scale 65536.0000 (65536.0000)	mem 1205MB
[2026-03-25 02:05:34 tiny_cifar100_30ep](main.py 348): INFO Train: [2/30][120/390]	eta 0:01:16 lr 0.000096	 wd 0.0500	time 0.1026 (0.2822)	data time 0.0005 (0.1742)	model time 0.1021 (0.1065)	loss 4.3243 (4.1342)	grad_norm 3.5834 (3.6815)	loss_scale 65536.0000 (65536.0000)	mem 1205MB
[2026-03-25 02:05:35 tiny_cifar100_30ep](main.py 348): INFO Train: [2/30][130/390]	eta 0:01:09 lr 0.000097	 wd 0.0500	time 0.1024 (0.2688)	data time 0.0005 (0.1610)	model time 0.1019 (0.1064)	loss 4.3545 (4.1249)	grad_norm 4.2681 (3.6964)	loss_scale 65536.0000 (65536.0000)	mem 1205MB
[2026-03-25 02:05:36 tiny_cifar100_30ep](main.py 348): INFO Train: [2/30][140/390]	eta 0:01:04 lr 0.000098	 wd 0.0500	time 0.1023 (0.2571)	data time 0.0005 (0.1496)	model time 0.1018 (0.1061)	loss 4.1198 (4.1175)	grad_norm 4.0398 (3.7091)	loss_scale 65536.0000 (65536.0000)	mem 1205MB
[2026-03-25 02:05:37 tiny_cifar100_30ep](main.py 348): INFO Train: [2/30][150/390]	eta 0:00:59 lr 0.000099	 wd 0.0500	time 0.1021 (0.2469)	data time 0.0006 (0.1397)	model time 0.1015 (0.1057)	loss 4.5036 (4.1254)	grad_norm 4.0803 (3.7051)	loss_scale 65536.0000 (65536.0000)	mem 1205MB
[2026-03-25 02:05:38 tiny_cifar100_30ep](main.py 348): INFO Train: [2/30][160/390]	eta 0:00:54 lr 0.000100	 wd 0.0500	time 0.1246 (0.2383)	data time 0.0005 (0.1311)	model time 0.1241 (0.1059)	loss 4.3231 (4.1276)	grad_norm 4.3371 (3.7119)	loss_scale 65536.0000 (65536.0000)	mem 1205MB
[2026-03-25 02:05:39 tiny_cifar100_30ep](main.py 348): INFO Train: [2/30][170/390]	eta 0:00:50 lr 0.000102	 wd 0.0500	time 0.1026 (0.2306)	data time 0.0005 (0.1235)	model time 0.1022 (0.1059)	loss 4.2553 (4.1229)	grad_norm 3.7414 (3.7209)	loss_scale 65536.0000 (65536.0000)	mem 1205MB
[2026-03-25 02:05:40 tiny_cifar100_30ep](main.py 348): INFO Train: [2/30][180/390]	eta 0:00:47 lr 0.000103	 wd 0.0500	time 0.1073 (0.2239)	data time 0.0005 (0.1167)	model time 0.1068 (0.1062)	loss 3.8906 (4.1251)	grad_norm 3.6733 (3.7163)	loss_scale 65536.0000 (65536.0000)	mem 1205MB
[2026-03-25 02:05:41 tiny_cifar100_30ep](main.py 348): INFO Train: [2/30][190/390]	eta 0:00:43 lr 0.000104	 wd 0.0500	time 0.1057 (0.2179)	data time 0.0005 (0.1106)	model time 0.1052 (0.1063)	loss 4.1533 (4.1189)	grad_norm 3.5610 (3.7149)	loss_scale 65536.0000 (65536.0000)	mem 1205MB
[2026-03-25 02:05:43 tiny_cifar100_30ep](main.py 348): INFO Train: [2/30][200/390]	eta 0:00:40 lr 0.000105	 wd 0.0500	time 0.1041 (0.2126)	data time 0.0006 (0.1051)	model time 0.1034 (0.1066)	loss 4.0904 (4.1165)	grad_norm 3.9080 (3.7135)	loss_scale 65536.0000 (65536.0000)	mem 1205MB
[2026-03-25 02:05:44 tiny_cifar100_30ep](main.py 348): INFO Train: [2/30][210/390]	eta 0:00:37 lr 0.000106	 wd 0.0500	time 0.1027 (0.2074)	data time 0.0006 (0.1002)	model time 0.1021 (0.1064)	loss 4.3633 (4.1183)	grad_norm 3.8545 (3.7167)	loss_scale 65536.0000 (65536.0000)	mem 1205MB
[2026-03-25 02:05:45 tiny_cifar100_30ep](main.py 348): INFO Train: [2/30][220/390]	eta 0:00:34 lr 0.000107	 wd 0.0500	time 0.1025 (0.2028)	data time 0.0005 (0.0957)	model time 0.1019 (0.1063)	loss 4.2804 (4.1135)	grad_norm 3.4035 (3.7158)	loss_scale 65536.0000 (65536.0000)	mem 1205MB
[2026-03-25 02:05:46 tiny_cifar100_30ep](main.py 348): INFO Train: [2/30][230/390]	eta 0:00:31 lr 0.000108	 wd 0.0500	time 0.1029 (0.1986)	data time 0.0005 (0.0916)	model time 0.1023 (0.1062)	loss 3.9679 (4.1186)	grad_norm 4.0348 (3.7111)	loss_scale 65536.0000 (65536.0000)	mem 1205MB
[2026-03-25 02:05:47 tiny_cifar100_30ep](main.py 348): INFO Train: [2/30][240/390]	eta 0:00:29 lr 0.000109	 wd 0.0500	time 0.1024 (0.1948)	data time 0.0007 (0.0878)	model time 0.1018 (0.1063)	loss 4.0096 (4.1175)	grad_norm 3.4031 (3.7061)	loss_scale 65536.0000 (65536.0000)	mem 1205MB
[2026-03-25 02:05:48 tiny_cifar100_30ep](main.py 348): INFO Train: [2/30][250/390]	eta 0:00:26 lr 0.000110	 wd 0.0500	time 0.1055 (0.1912)	data time 0.0006 (0.0843)	model time 0.1049 (0.1061)	loss 4.1239 (4.1165)	grad_norm 3.5682 (3.7013)	loss_scale 65536.0000 (65536.0000)	mem 1205MB
[2026-03-25 02:05:49 tiny_cifar100_30ep](main.py 348): INFO Train: [2/30][260/390]	eta 0:00:24 lr 0.000111	 wd 0.0500	time 0.1059 (0.1881)	data time 0.0006 (0.0811)	model time 0.1054 (0.1062)	loss 4.0287 (4.1157)	grad_norm 3.8133 (3.7006)	loss_scale 65536.0000 (65536.0000)	mem 1205MB
[2026-03-25 02:05:50 tiny_cifar100_30ep](main.py 348): INFO Train: [2/30][270/390]	eta 0:00:22 lr 0.000112	 wd 0.0500	time 0.1054 (0.1850)	data time 0.0005 (0.0781)	model time 0.1050 (0.1061)	loss 4.0913 (4.1134)	grad_norm 3.3906 (3.7010)	loss_scale 65536.0000 (65536.0000)	mem 1205MB
[2026-03-25 02:05:51 tiny_cifar100_30ep](main.py 348): INFO Train: [2/30][280/390]	eta 0:00:20 lr 0.000113	 wd 0.0500	time 0.1024 (0.1822)	data time 0.0005 (0.0754)	model time 0.1019 (0.1061)	loss 4.1664 (4.1136)	grad_norm 3.6494 (3.7007)	loss_scale 65536.0000 (65536.0000)	mem 1205MB
[2026-03-25 02:05:52 tiny_cifar100_30ep](main.py 348): INFO Train: [2/30][290/390]	eta 0:00:17 lr 0.000114	 wd 0.0500	time 0.1075 (0.1797)	data time 0.0006 (0.0728)	model time 0.1069 (0.1062)	loss 4.3041 (4.1118)	grad_norm 3.3534 (3.7036)	loss_scale 65536.0000 (65536.0000)	mem 1205MB
[2026-03-25 02:05:53 tiny_cifar100_30ep](main.py 348): INFO Train: [2/30][300/390]	eta 0:00:15 lr 0.000115	 wd 0.0500	time 0.1020 (0.1772)	data time 0.0005 (0.0704)	model time 0.1016 (0.1062)	loss 3.8159 (4.1102)	grad_norm 4.3206 (3.7045)	loss_scale 65536.0000 (65536.0000)	mem 1205MB
[2026-03-25 02:05:54 tiny_cifar100_30ep](main.py 348): INFO Train: [2/30][310/390]	eta 0:00:13 lr 0.000116	 wd 0.0500	time 0.1021 (0.1748)	data time 0.0005 (0.0682)	model time 0.1016 (0.1060)	loss 4.3666 (4.1163)	grad_norm 3.1257 (3.6927)	loss_scale 65536.0000 (65536.0000)	mem 1205MB
[2026-03-25 02:05:55 tiny_cifar100_30ep](main.py 348): INFO Train: [2/30][320/390]	eta 0:00:12 lr 0.000118	 wd 0.0500	time 0.1022 (0.1726)	data time 0.0005 (0.0661)	model time 0.1017 (0.1059)	loss 4.1817 (4.1158)	grad_norm 3.2979 (3.6865)	loss_scale 65536.0000 (65536.0000)	mem 1205MB
[2026-03-25 02:05:56 tiny_cifar100_30ep](main.py 348): INFO Train: [2/30][330/390]	eta 0:00:10 lr 0.000119	 wd 0.0500	time 0.1028 (0.1705)	data time 0.0005 (0.0641)	model time 0.1023 (0.1057)	loss 3.9273 (4.1147)	grad_norm 3.5499 (3.6818)	loss_scale 65536.0000 (65536.0000)	mem 1205MB
[2026-03-25 02:05:57 tiny_cifar100_30ep](main.py 348): INFO Train: [2/30][340/390]	eta 0:00:08 lr 0.000120	 wd 0.0500	time 0.1032 (0.1686)	data time 0.0005 (0.0622)	model time 0.1027 (0.1057)	loss 4.2126 (4.1143)	grad_norm 3.4781 (3.6822)	loss_scale 65536.0000 (65536.0000)	mem 1205MB
[2026-03-25 02:05:58 tiny_cifar100_30ep](main.py 348): INFO Train: [2/30][350/390]	eta 0:00:06 lr 0.000121	 wd 0.0500	time 0.1023 (0.1667)	data time 0.0006 (0.0605)	model time 0.1017 (0.1056)	loss 4.2122 (4.1134)	grad_norm 3.6567 (3.6799)	loss_scale 65536.0000 (65536.0000)	mem 1205MB
[2026-03-25 02:05:59 tiny_cifar100_30ep](main.py 348): INFO Train: [2/30][360/390]	eta 0:00:04 lr 0.000122	 wd 0.0500	time 0.1035 (0.1651)	data time 0.0006 (0.0588)	model time 0.1030 (0.1057)	loss 4.0482 (4.1124)	grad_norm 3.5191 (3.6763)	loss_scale 65536.0000 (65536.0000)	mem 1205MB
[2026-03-25 02:06:00 tiny_cifar100_30ep](main.py 348): INFO Train: [2/30][370/390]	eta 0:00:03 lr 0.000123	 wd 0.0500	time 0.1022 (0.1635)	data time 0.0005 (0.0572)	model time 0.1017 (0.1056)	loss 3.9760 (4.1107)	grad_norm 3.7763 (3.6723)	loss_scale 65536.0000 (65536.0000)	mem 1205MB
[2026-03-25 02:06:02 tiny_cifar100_30ep](main.py 348): INFO Train: [2/30][380/390]	eta 0:00:01 lr 0.000124	 wd 0.0500	time 0.1015 (0.1619)	data time 0.0004 (0.0557)	model time 0.1012 (0.1056)	loss 4.0850 (4.1099)	grad_norm 3.5033 (3.6695)	loss_scale 65536.0000 (65536.0000)	mem 1205MB
[2026-03-25 02:06:03 tiny_cifar100_30ep](main.py 359): INFO EPOCH 2 training takes 0:01:03
[2026-03-25 02:06:03 tiny_cifar100_30ep](utils.py 104): INFO ./output_cifar100_noema_30ep/tiny_cifar100_30ep/20260325020204/latest_ckpt.pth saving......
[2026-03-25 02:06:04 tiny_cifar100_30ep](utils.py 106): INFO ./output_cifar100_noema_30ep/tiny_cifar100_30ep/20260325020204/latest_ckpt.pth saved !!!
/home/jlx_75/miniconda3/envs/pvmamba/lib/python3.10/site-packages/requests/__init__.py:109: RequestsDependencyWarning: urllib3 (1.26.13) or chardet (7.2.0)/charset_normalizer (2.1.1) doesn't match a supported version!
  warnings.warn(
/home/jlx_75/miniconda3/envs/pvmamba/lib/python3.10/site-packages/requests/__init__.py:109: RequestsDependencyWarning: urllib3 (1.26.13) or chardet (7.2.0)/charset_normalizer (2.1.1) doesn't match a supported version!
  warnings.warn(
/home/jlx_75/miniconda3/envs/pvmamba/lib/python3.10/site-packages/requests/__init__.py:109: RequestsDependencyWarning: urllib3 (1.26.13) or chardet (7.2.0)/charset_normalizer (2.1.1) doesn't match a supported version!
  warnings.warn(
/home/jlx_75/miniconda3/envs/pvmamba/lib/python3.10/site-packages/requests/__init__.py:109: RequestsDependencyWarning: urllib3 (1.26.13) or chardet (7.2.0)/charset_normalizer (2.1.1) doesn't match a supported version!
  warnings.warn(
/home/jlx_75/miniconda3/envs/pvmamba/lib/python3.10/site-packages/requests/__init__.py:109: RequestsDependencyWarning: urllib3 (1.26.13) or chardet (7.2.0)/charset_normalizer (2.1.1) doesn't match a supported version!
  warnings.warn(
/home/jlx_75/miniconda3/envs/pvmamba/lib/python3.10/site-packages/requests/__init__.py:109: RequestsDependencyWarning: urllib3 (1.26.13) or chardet (7.2.0)/charset_normalizer (2.1.1) doesn't match a supported version!
  warnings.warn(
/home/jlx_75/miniconda3/envs/pvmamba/lib/python3.10/site-packages/requests/__init__.py:109: RequestsDependencyWarning: urllib3 (1.26.13) or chardet (7.2.0)/charset_normalizer (2.1.1) doesn't match a supported version!
  warnings.warn(
/home/jlx_75/miniconda3/envs/pvmamba/lib/python3.10/site-packages/requests/__init__.py:109: RequestsDependencyWarning: urllib3 (1.26.13) or chardet (7.2.0)/charset_normalizer (2.1.1) doesn't match a supported version!
  warnings.warn(
[2026-03-25 02:06:19 tiny_cifar100_30ep](main.py 403): INFO Test: [0/79]	Time 14.894 (14.894)	Loss 3.4688 (3.4688)	Acc@1 17.969 (17.969)	Acc@5 42.188 (42.188)	Mem 1205MB
[2026-03-25 02:06:19 tiny_cifar100_30ep](main.py 403): INFO Test: [10/79]	Time 0.037 (1.389)	Loss 3.4941 (3.4590)	Acc@1 25.000 (19.034)	Acc@5 46.875 (46.449)	Mem 1205MB
[2026-03-25 02:06:20 tiny_cifar100_30ep](main.py 403): INFO Test: [20/79]	Time 0.040 (0.746)	Loss 3.5293 (3.4581)	Acc@1 17.188 (19.048)	Acc@5 46.875 (46.131)	Mem 1205MB
[2026-03-25 02:06:20 tiny_cifar100_30ep](main.py 403): INFO Test: [30/79]	Time 0.036 (0.517)	Loss 3.4004 (3.4555)	Acc@1 21.875 (19.078)	Acc@5 49.219 (46.497)	Mem 1205MB
[2026-03-25 02:06:21 tiny_cifar100_30ep](main.py 403): INFO Test: [40/79]	Time 0.035 (0.400)	Loss 3.4961 (3.4552)	Acc@1 18.750 (19.188)	Acc@5 43.750 (46.704)	Mem 1205MB
[2026-03-25 02:06:21 tiny_cifar100_30ep](main.py 403): INFO Test: [50/79]	Time 0.036 (0.328)	Loss 3.5332 (3.4570)	Acc@1 19.531 (18.995)	Acc@5 49.219 (46.798)	Mem 1205MB
[2026-03-25 02:06:21 tiny_cifar100_30ep](main.py 403): INFO Test: [60/79]	Time 0.036 (0.281)	Loss 3.6738 (3.4597)	Acc@1 20.312 (19.045)	Acc@5 45.312 (46.875)	Mem 1205MB
[2026-03-25 02:06:22 tiny_cifar100_30ep](main.py 403): INFO Test: [70/79]	Time 0.034 (0.246)	Loss 3.4980 (3.4618)	Acc@1 17.969 (18.860)	Acc@5 46.875 (46.809)	Mem 1205MB
[2026-03-25 02:06:22 tiny_cifar100_30ep](main.py 410): INFO  * Acc@1 18.770 Acc@5 46.650
[2026-03-25 02:06:22 tiny_cifar100_30ep](main.py 239): INFO Accuracy of the network on the 10000 test images: 18.8%
[2026-03-25 02:06:22 tiny_cifar100_30ep](main.py 247): INFO New max accuracy: 18.77%
[2026-03-25 02:06:22 tiny_cifar100_30ep](utils.py 104): INFO ./output_cifar100_noema_30ep/tiny_cifar100_30ep/20260325020204/best_ckpt.pth saving......
[2026-03-25 02:06:23 tiny_cifar100_30ep](utils.py 106): INFO ./output_cifar100_noema_30ep/tiny_cifar100_30ep/20260325020204/best_ckpt.pth saved !!!
/home/jlx_75/miniconda3/envs/pvmamba/lib/python3.10/site-packages/requests/__init__.py:109: RequestsDependencyWarning: urllib3 (1.26.13) or chardet (7.2.0)/charset_normalizer (2.1.1) doesn't match a supported version!
  warnings.warn(
/home/jlx_75/miniconda3/envs/pvmamba/lib/python3.10/site-packages/requests/__init__.py:109: RequestsDependencyWarning: urllib3 (1.26.13) or chardet (7.2.0)/charset_normalizer (2.1.1) doesn't match a supported version!
  warnings.warn(
/home/jlx_75/miniconda3/envs/pvmamba/lib/python3.10/site-packages/requests/__init__.py:109: RequestsDependencyWarning: urllib3 (1.26.13) or chardet (7.2.0)/charset_normalizer (2.1.1) doesn't match a supported version!
  warnings.warn(
/home/jlx_75/miniconda3/envs/pvmamba/lib/python3.10/site-packages/requests/__init__.py:109: RequestsDependencyWarning: urllib3 (1.26.13) or chardet (7.2.0)/charset_normalizer (2.1.1) doesn't match a supported version!
  warnings.warn(
/home/jlx_75/miniconda3/envs/pvmamba/lib/python3.10/site-packages/requests/__init__.py:109: RequestsDependencyWarning: urllib3 (1.26.13) or chardet (7.2.0)/charset_normalizer (2.1.1) doesn't match a supported version!
  warnings.warn(
/home/jlx_75/miniconda3/envs/pvmamba/lib/python3.10/site-packages/requests/__init__.py:109: RequestsDependencyWarning: urllib3 (1.26.13) or chardet (7.2.0)/charset_normalizer (2.1.1) doesn't match a supported version!
  warnings.warn(
/home/jlx_75/miniconda3/envs/pvmamba/lib/python3.10/site-packages/requests/__init__.py:109: RequestsDependencyWarning: urllib3 (1.26.13) or chardet (7.2.0)/charset_normalizer (2.1.1) doesn't match a supported version!
  warnings.warn(
/home/jlx_75/miniconda3/envs/pvmamba/lib/python3.10/site-packages/requests/__init__.py:109: RequestsDependencyWarning: urllib3 (1.26.13) or chardet (7.2.0)/charset_normalizer (2.1.1) doesn't match a supported version!
  warnings.warn(
[2026-03-25 02:06:45 tiny_cifar100_30ep](main.py 348): INFO Train: [3/30][0/390]	eta 2:18:15 lr 0.000125	 wd 0.0500	time 21.2716 (21.2716)	data time 21.1499 (21.1499)	model time 0.0000 (0.0000)	loss 3.7780 (3.7780)	grad_norm 3.8967 (3.8967)	loss_scale 65536.0000 (65536.0000)	mem 1205MB
[2026-03-25 02:06:46 tiny_cifar100_30ep](main.py 348): INFO Train: [3/30][10/390]	eta 0:12:51 lr 0.000125	 wd 0.0500	time 0.1053 (2.0300)	data time 0.0005 (1.9233)	model time 0.0000 (0.0000)	loss 3.7334 (3.9311)	grad_norm 3.6635 (3.6563)	loss_scale 65536.0000 (65536.0000)	mem 1205MB
[2026-03-25 02:06:47 tiny_cifar100_30ep](main.py 348): INFO Train: [3/30][20/390]	eta 0:06:51 lr 0.000125	 wd 0.0500	time 0.1050 (1.1133)	data time 0.0005 (1.0077)	model time 0.0000 (0.0000)	loss 3.7876 (4.0299)	grad_norm 3.6909 (3.6001)	loss_scale 65536.0000 (65536.0000)	mem 1205MB
[2026-03-25 02:06:48 tiny_cifar100_30ep](main.py 348): INFO Train: [3/30][30/390]	eta 0:04:43 lr 0.000125	 wd 0.0500	time 0.1067 (0.7882)	data time 0.0006 (0.6828)	model time 0.0000 (0.0000)	loss 4.4411 (4.0838)	grad_norm 3.1745 (3.5657)	loss_scale 65536.0000 (65536.0000)	mem 1205MB
[2026-03-25 02:06:49 tiny_cifar100_30ep](main.py 348): INFO Train: [3/30][40/390]	eta 0:03:37 lr 0.000125	 wd 0.0500	time 0.1102 (0.6226)	data time 0.0005 (0.5164)	model time 0.0000 (0.0000)	loss 3.7740 (4.0579)	grad_norm 3.3661 (3.5696)	loss_scale 65536.0000 (65536.0000)	mem 1205MB
[2026-03-25 02:06:50 tiny_cifar100_30ep](main.py 348): INFO Train: [3/30][50/390]	eta 0:02:57 lr 0.000125	 wd 0.0500	time 0.1200 (0.5223)	data time 0.0006 (0.4153)	model time 0.0000 (0.0000)	loss 3.7450 (4.0698)	grad_norm 4.3612 (3.5601)	loss_scale 65536.0000 (65536.0000)	mem 1205MB
[2026-03-25 02:06:51 tiny_cifar100_30ep](main.py 348): INFO Train: [3/30][60/390]	eta 0:02:30 lr 0.000125	 wd 0.0500	time 0.1082 (0.4548)	data time 0.0006 (0.3473)	model time 0.1076 (0.1100)	loss 3.7491 (4.0572)	grad_norm 3.8792 (3.5552)	loss_scale 65536.0000 (65536.0000)	mem 1205MB
[2026-03-25 02:06:52 tiny_cifar100_30ep](main.py 348): INFO Train: [3/30][70/390]	eta 0:02:10 lr 0.000125	 wd 0.0500	time 0.1038 (0.4066)	data time 0.0005 (0.2985)	model time 0.1033 (0.1109)	loss 3.8770 (4.0337)	grad_norm 3.9716 (3.5781)	loss_scale 65536.0000 (65536.0000)	mem 1205MB
[2026-03-25 02:06:53 tiny_cifar100_30ep](main.py 348): INFO Train: [3/30][80/390]	eta 0:01:54 lr 0.000125	 wd 0.0500	time 0.1030 (0.3695)	data time 0.0006 (0.2617)	model time 0.1023 (0.1091)	loss 3.6420 (4.0246)	grad_norm 3.9301 (3.5992)	loss_scale 65536.0000 (65536.0000)	mem 1205MB
[2026-03-25 02:06:54 tiny_cifar100_30ep](main.py 348): INFO Train: [3/30][90/390]	eta 0:01:42 lr 0.000125	 wd 0.0500	time 0.1054 (0.3407)	data time 0.0007 (0.2330)	model time 0.1048 (0.1086)	loss 3.6877 (4.0220)	grad_norm 3.7300 (3.6013)	loss_scale 65536.0000 (65536.0000)	mem 1205MB
[2026-03-25 02:06:55 tiny_cifar100_30ep](main.py 348): INFO Train: [3/30][100/390]	eta 0:01:32 lr 0.000125	 wd 0.0500	time 0.1049 (0.3178)	data time 0.0005 (0.2100)	model time 0.1044 (0.1087)	loss 3.5977 (4.0135)	grad_norm 4.0572 (3.6115)	loss_scale 65536.0000 (65536.0000)	mem 1205MB
[2026-03-25 02:06:57 tiny_cifar100_30ep](main.py 348): INFO Train: [3/30][110/390]	eta 0:01:23 lr 0.000125	 wd 0.0500	time 0.1033 (0.2986)	data time 0.0005 (0.1911)	model time 0.1028 (0.1078)	loss 3.9665 (4.0180)	grad_norm 4.0416 (3.6198)	loss_scale 65536.0000 (65536.0000)	mem 1205MB
[2026-03-25 02:06:58 tiny_cifar100_30ep](main.py 348): INFO Train: [3/30][120/390]	eta 0:01:16 lr 0.000125	 wd 0.0500	time 0.1629 (0.2832)	data time 0.0005 (0.1754)	model time 0.1623 (0.1084)	loss 3.6623 (4.0181)	grad_norm 4.1429 (3.6404)	loss_scale 65536.0000 (65536.0000)	mem 1205MB
[2026-03-25 02:06:59 tiny_cifar100_30ep](main.py 348): INFO Train: [3/30][130/390]	eta 0:01:10 lr 0.000125	 wd 0.0500	time 0.1079 (0.2706)	data time 0.0008 (0.1621)	model time 0.1071 (0.1095)	loss 4.2832 (4.0203)	grad_norm 3.2369 (3.6447)	loss_scale 65536.0000 (65536.0000)	mem 1205MB
[2026-03-25 02:07:00 tiny_cifar100_30ep](main.py 348): INFO Train: [3/30][140/390]	eta 0:01:04 lr 0.000125	 wd 0.0500	time 0.1054 (0.2590)	data time 0.0005 (0.1506)	model time 0.1049 (0.1091)	loss 4.1134 (4.0173)	grad_norm 3.6556 (3.6530)	loss_scale 65536.0000 (65536.0000)	mem 1205MB
[2026-03-25 02:07:01 tiny_cifar100_30ep](main.py 348): INFO Train: [3/30][150/390]	eta 0:00:59 lr 0.000125	 wd 0.0500	time 0.1067 (0.2491)	data time 0.0007 (0.1407)	model time 0.1060 (0.1091)	loss 4.3140 (4.0176)	grad_norm 3.3578 (3.6472)	loss_scale 65536.0000 (65536.0000)	mem 1205MB
[2026-03-25 02:07:02 tiny_cifar100_30ep](main.py 348): INFO Train: [3/30][160/390]	eta 0:00:55 lr 0.000125	 wd 0.0500	time 0.1115 (0.2407)	data time 0.0006 (0.1320)	model time 0.1109 (0.1095)	loss 4.1774 (4.0221)	grad_norm 3.6819 (3.6415)	loss_scale 65536.0000 (65536.0000)	mem 1205MB
[2026-03-25 02:07:03 tiny_cifar100_30ep](main.py 348): INFO Train: [3/30][170/390]	eta 0:00:51 lr 0.000125	 wd 0.0500	time 0.1028 (0.2331)	data time 0.0005 (0.1243)	model time 0.1023 (0.1095)	loss 3.8473 (4.0185)	grad_norm 3.6146 (3.6374)	loss_scale 65536.0000 (65536.0000)	mem 1205MB
[2026-03-25 02:07:04 tiny_cifar100_30ep](main.py 348): INFO Train: [3/30][180/390]	eta 0:00:47 lr 0.000125	 wd 0.0500	time 0.1107 (0.2263)	data time 0.0006 (0.1175)	model time 0.1101 (0.1095)	loss 3.9821 (4.0132)	grad_norm 3.5200 (3.6381)	loss_scale 65536.0000 (65536.0000)	mem 1205MB
[2026-03-25 02:07:05 tiny_cifar100_30ep](main.py 348): INFO Train: [3/30][190/390]	eta 0:00:44 lr 0.000125	 wd 0.0500	time 0.1063 (0.2204)	data time 0.0006 (0.1114)	model time 0.1056 (0.1098)	loss 4.2391 (4.0194)	grad_norm 3.3345 (3.6360)	loss_scale 65536.0000 (65536.0000)	mem 1205MB
[2026-03-25 02:07:07 tiny_cifar100_30ep](main.py 348): INFO Train: [3/30][200/390]	eta 0:00:40 lr 0.000125	 wd 0.0500	time 0.1288 (0.2157)	data time 0.0008 (0.1059)	model time 0.1280 (0.1108)	loss 4.2935 (4.0270)	grad_norm 3.0727 (3.6277)	loss_scale 65536.0000 (65536.0000)	mem 1205MB
[2026-03-25 02:07:08 tiny_cifar100_30ep](main.py 348): INFO Train: [3/30][210/390]	eta 0:00:38 lr 0.000125	 wd 0.0500	time 0.1314 (0.2116)	data time 0.0007 (0.1009)	model time 0.1307 (0.1119)	loss 3.7370 (4.0266)	grad_norm 3.6688 (3.6229)	loss_scale 65536.0000 (65536.0000)	mem 1205MB
[2026-03-25 02:07:09 tiny_cifar100_30ep](main.py 348): INFO Train: [3/30][220/390]	eta 0:00:35 lr 0.000125	 wd 0.0500	time 0.1294 (0.2079)	data time 0.0007 (0.0964)	model time 0.1286 (0.1129)	loss 4.3451 (4.0269)	grad_norm 3.2425 (3.6211)	loss_scale 65536.0000 (65536.0000)	mem 1205MB
[2026-03-25 02:07:11 tiny_cifar100_30ep](main.py 348): INFO Train: [3/30][230/390]	eta 0:00:32 lr 0.000125	 wd 0.0500	time 0.1421 (0.2046)	data time 0.0007 (0.0922)	model time 0.1415 (0.1139)	loss 3.9457 (4.0315)	grad_norm 3.8114 (3.6177)	loss_scale 65536.0000 (65536.0000)	mem 1205MB
[2026-03-25 02:07:12 tiny_cifar100_30ep](main.py 348): INFO Train: [3/30][240/390]	eta 0:00:30 lr 0.000125	 wd 0.0500	time 0.1189 (0.2017)	data time 0.0007 (0.0884)	model time 0.1182 (0.1149)	loss 3.9768 (4.0329)	grad_norm 3.9002 (3.6143)	loss_scale 65536.0000 (65536.0000)	mem 1205MB
[2026-03-25 02:07:13 tiny_cifar100_30ep](main.py 348): INFO Train: [3/30][250/390]	eta 0:00:27 lr 0.000125	 wd 0.0500	time 0.1144 (0.1983)	data time 0.0006 (0.0849)	model time 0.1138 (0.1149)	loss 3.7421 (4.0302)	grad_norm 3.7248 (3.6109)	loss_scale 65536.0000 (65536.0000)	mem 1205MB
[2026-03-25 02:07:14 tiny_cifar100_30ep](main.py 348): INFO Train: [3/30][260/390]	eta 0:00:25 lr 0.000125	 wd 0.0500	time 0.1150 (0.1950)	data time 0.0008 (0.0817)	model time 0.1142 (0.1148)	loss 4.3277 (4.0267)	grad_norm 3.2506 (3.6131)	loss_scale 65536.0000 (65536.0000)	mem 1205MB
[2026-03-25 02:07:15 tiny_cifar100_30ep](main.py 348): INFO Train: [3/30][270/390]	eta 0:00:23 lr 0.000125	 wd 0.0500	time 0.1027 (0.1917)	data time 0.0005 (0.0787)	model time 0.1022 (0.1143)	loss 4.2820 (4.0261)	grad_norm 3.2276 (3.6114)	loss_scale 65536.0000 (65536.0000)	mem 1205MB
[2026-03-25 02:07:16 tiny_cifar100_30ep](main.py 348): INFO Train: [3/30][280/390]	eta 0:00:20 lr 0.000125	 wd 0.0500	time 0.1027 (0.1888)	data time 0.0005 (0.0759)	model time 0.1022 (0.1142)	loss 4.1370 (4.0205)	grad_norm 3.3210 (3.6189)	loss_scale 65536.0000 (65536.0000)	mem 1205MB
[2026-03-25 02:07:18 tiny_cifar100_30ep](main.py 348): INFO Train: [3/30][290/390]	eta 0:00:18 lr 0.000125	 wd 0.0500	time 0.1088 (0.1862)	data time 0.0007 (0.0733)	model time 0.1081 (0.1141)	loss 3.8653 (4.0197)	grad_norm 3.1840 (3.6205)	loss_scale 65536.0000 (65536.0000)	mem 1205MB
[2026-03-25 02:07:19 tiny_cifar100_30ep](main.py 348): INFO Train: [3/30][300/390]	eta 0:00:16 lr 0.000125	 wd 0.0500	time 0.1025 (0.1835)	data time 0.0005 (0.0709)	model time 0.1020 (0.1137)	loss 3.7709 (4.0198)	grad_norm 3.2883 (3.6210)	loss_scale 65536.0000 (65536.0000)	mem 1205MB
[2026-03-25 02:07:20 tiny_cifar100_30ep](main.py 348): INFO Train: [3/30][310/390]	eta 0:00:14 lr 0.000125	 wd 0.0500	time 0.1032 (0.1809)	data time 0.0004 (0.0687)	model time 0.1028 (0.1133)	loss 3.8901 (4.0178)	grad_norm 4.0861 (3.6242)	loss_scale 65536.0000 (65536.0000)	mem 1205MB
[2026-03-25 02:07:21 tiny_cifar100_30ep](main.py 348): INFO Train: [3/30][320/390]	eta 0:00:12 lr 0.000125	 wd 0.0500	time 0.1095 (0.1785)	data time 0.0007 (0.0666)	model time 0.1088 (0.1129)	loss 3.5790 (4.0206)	grad_norm 3.8714 (3.6305)	loss_scale 65536.0000 (65536.0000)	mem 1205MB
[2026-03-25 02:07:22 tiny_cifar100_30ep](main.py 348): INFO Train: [3/30][330/390]	eta 0:00:10 lr 0.000125	 wd 0.0500	time 0.1027 (0.1763)	data time 0.0006 (0.0646)	model time 0.1020 (0.1126)	loss 4.1005 (4.0213)	grad_norm 3.5585 (3.6275)	loss_scale 65536.0000 (65536.0000)	mem 1205MB
[2026-03-25 02:07:23 tiny_cifar100_30ep](main.py 348): INFO Train: [3/30][340/390]	eta 0:00:08 lr 0.000125	 wd 0.0500	time 0.1057 (0.1743)	data time 0.0007 (0.0627)	model time 0.1051 (0.1124)	loss 4.1253 (4.0218)	grad_norm 3.1683 (3.6300)	loss_scale 65536.0000 (65536.0000)	mem 1205MB
[2026-03-25 02:07:24 tiny_cifar100_30ep](main.py 348): INFO Train: [3/30][350/390]	eta 0:00:06 lr 0.000125	 wd 0.0500	time 0.1025 (0.1723)	data time 0.0005 (0.0609)	model time 0.1021 (0.1121)	loss 3.7512 (4.0213)	grad_norm 3.6759 (3.6312)	loss_scale 65536.0000 (65536.0000)	mem 1205MB
[2026-03-25 02:07:25 tiny_cifar100_30ep](main.py 348): INFO Train: [3/30][360/390]	eta 0:00:05 lr 0.000125	 wd 0.0500	time 0.1023 (0.1704)	data time 0.0005 (0.0592)	model time 0.1018 (0.1118)	loss 4.2046 (4.0189)	grad_norm 4.8202 (3.6322)	loss_scale 65536.0000 (65536.0000)	mem 1205MB
[2026-03-25 02:07:26 tiny_cifar100_30ep](main.py 348): INFO Train: [3/30][370/390]	eta 0:00:03 lr 0.000125	 wd 0.0500	time 0.1031 (0.1687)	data time 0.0006 (0.0577)	model time 0.1025 (0.1117)	loss 3.8697 (4.0180)	grad_norm 3.2146 (3.6353)	loss_scale 65536.0000 (65536.0000)	mem 1205MB
[2026-03-25 02:07:27 tiny_cifar100_30ep](main.py 348): INFO Train: [3/30][380/390]	eta 0:00:01 lr 0.000125	 wd 0.0500	time 0.1021 (0.1670)	data time 0.0004 (0.0562)	model time 0.1017 (0.1114)	loss 4.1697 (4.0168)	grad_norm 3.3103 (3.6313)	loss_scale 65536.0000 (65536.0000)	mem 1205MB
[2026-03-25 02:07:29 tiny_cifar100_30ep](main.py 359): INFO EPOCH 3 training takes 0:01:05
[2026-03-25 02:07:29 tiny_cifar100_30ep](utils.py 104): INFO ./output_cifar100_noema_30ep/tiny_cifar100_30ep/20260325020204/latest_ckpt.pth saving......
[2026-03-25 02:07:30 tiny_cifar100_30ep](utils.py 106): INFO ./output_cifar100_noema_30ep/tiny_cifar100_30ep/20260325020204/latest_ckpt.pth saved !!!
/home/jlx_75/miniconda3/envs/pvmamba/lib/python3.10/site-packages/requests/__init__.py:109: RequestsDependencyWarning: urllib3 (1.26.13) or chardet (7.2.0)/charset_normalizer (2.1.1) doesn't match a supported version!
  warnings.warn(
/home/jlx_75/miniconda3/envs/pvmamba/lib/python3.10/site-packages/requests/__init__.py:109: RequestsDependencyWarning: urllib3 (1.26.13) or chardet (7.2.0)/charset_normalizer (2.1.1) doesn't match a supported version!
  warnings.warn(
/home/jlx_75/miniconda3/envs/pvmamba/lib/python3.10/site-packages/requests/__init__.py:109: RequestsDependencyWarning: urllib3 (1.26.13) or chardet (7.2.0)/charset_normalizer (2.1.1) doesn't match a supported version!
  warnings.warn(
/home/jlx_75/miniconda3/envs/pvmamba/lib/python3.10/site-packages/requests/__init__.py:109: RequestsDependencyWarning: urllib3 (1.26.13) or chardet (7.2.0)/charset_normalizer (2.1.1) doesn't match a supported version!
  warnings.warn(
/home/jlx_75/miniconda3/envs/pvmamba/lib/python3.10/site-packages/requests/__init__.py:109: RequestsDependencyWarning: urllib3 (1.26.13) or chardet (7.2.0)/charset_normalizer (2.1.1) doesn't match a supported version!
  warnings.warn(
/home/jlx_75/miniconda3/envs/pvmamba/lib/python3.10/site-packages/requests/__init__.py:109: RequestsDependencyWarning: urllib3 (1.26.13) or chardet (7.2.0)/charset_normalizer (2.1.1) doesn't match a supported version!
  warnings.warn(
/home/jlx_75/miniconda3/envs/pvmamba/lib/python3.10/site-packages/requests/__init__.py:109: RequestsDependencyWarning: urllib3 (1.26.13) or chardet (7.2.0)/charset_normalizer (2.1.1) doesn't match a supported version!
  warnings.warn(
/home/jlx_75/miniconda3/envs/pvmamba/lib/python3.10/site-packages/requests/__init__.py:109: RequestsDependencyWarning: urllib3 (1.26.13) or chardet (7.2.0)/charset_normalizer (2.1.1) doesn't match a supported version!
  warnings.warn(
[2026-03-25 02:07:45 tiny_cifar100_30ep](main.py 403): INFO Test: [0/79]	Time 15.519 (15.519)	Loss 3.2090 (3.2090)	Acc@1 23.438 (23.438)	Acc@5 55.469 (55.469)	Mem 1205MB
[2026-03-25 02:07:46 tiny_cifar100_30ep](main.py 403): INFO Test: [10/79]	Time 0.035 (1.445)	Loss 3.2715 (3.2567)	Acc@1 24.219 (21.804)	Acc@5 51.562 (52.273)	Mem 1205MB
[2026-03-25 02:07:46 tiny_cifar100_30ep](main.py 403): INFO Test: [20/79]	Time 0.035 (0.774)	Loss 3.4238 (3.2686)	Acc@1 21.875 (22.210)	Acc@5 46.875 (51.749)	Mem 1205MB
[2026-03-25 02:07:46 tiny_cifar100_30ep](main.py 403): INFO Test: [30/79]	Time 0.035 (0.535)	Loss 3.2324 (3.2665)	Acc@1 21.875 (22.581)	Acc@5 50.781 (51.689)	Mem 1205MB
[2026-03-25 02:07:47 tiny_cifar100_30ep](main.py 403): INFO Test: [40/79]	Time 0.035 (0.413)	Loss 3.2227 (3.2672)	Acc@1 26.562 (22.885)	Acc@5 55.469 (51.543)	Mem 1205MB
[2026-03-25 02:07:47 tiny_cifar100_30ep](main.py 403): INFO Test: [50/79]	Time 0.034 (0.339)	Loss 3.3203 (3.2692)	Acc@1 22.656 (23.024)	Acc@5 50.781 (51.639)	Mem 1205MB
[2026-03-25 02:07:47 tiny_cifar100_30ep](main.py 403): INFO Test: [60/79]	Time 0.035 (0.289)	Loss 3.4043 (3.2739)	Acc@1 25.000 (23.079)	Acc@5 48.438 (51.460)	Mem 1205MB
[2026-03-25 02:07:48 tiny_cifar100_30ep](main.py 403): INFO Test: [70/79]	Time 0.034 (0.253)	Loss 3.3223 (3.2735)	Acc@1 21.875 (22.997)	Acc@5 50.000 (51.397)	Mem 1205MB
[2026-03-25 02:07:49 tiny_cifar100_30ep](main.py 410): INFO  * Acc@1 22.960 Acc@5 51.640
[2026-03-25 02:07:49 tiny_cifar100_30ep](main.py 239): INFO Accuracy of the network on the 10000 test images: 23.0%
[2026-03-25 02:07:49 tiny_cifar100_30ep](main.py 247): INFO New max accuracy: 22.96%
[2026-03-25 02:07:49 tiny_cifar100_30ep](utils.py 104): INFO ./output_cifar100_noema_30ep/tiny_cifar100_30ep/20260325020204/best_ckpt.pth saving......
[2026-03-25 02:07:50 tiny_cifar100_30ep](utils.py 106): INFO ./output_cifar100_noema_30ep/tiny_cifar100_30ep/20260325020204/best_ckpt.pth saved !!!
/home/jlx_75/miniconda3/envs/pvmamba/lib/python3.10/site-packages/requests/__init__.py:109: RequestsDependencyWarning: urllib3 (1.26.13) or chardet (7.2.0)/charset_normalizer (2.1.1) doesn't match a supported version!
  warnings.warn(
/home/jlx_75/miniconda3/envs/pvmamba/lib/python3.10/site-packages/requests/__init__.py:109: RequestsDependencyWarning: urllib3 (1.26.13) or chardet (7.2.0)/charset_normalizer (2.1.1) doesn't match a supported version!
  warnings.warn(
/home/jlx_75/miniconda3/envs/pvmamba/lib/python3.10/site-packages/requests/__init__.py:109: RequestsDependencyWarning: urllib3 (1.26.13) or chardet (7.2.0)/charset_normalizer (2.1.1) doesn't match a supported version!
  warnings.warn(
/home/jlx_75/miniconda3/envs/pvmamba/lib/python3.10/site-packages/requests/__init__.py:109: RequestsDependencyWarning: urllib3 (1.26.13) or chardet (7.2.0)/charset_normalizer (2.1.1) doesn't match a supported version!
  warnings.warn(
/home/jlx_75/miniconda3/envs/pvmamba/lib/python3.10/site-packages/requests/__init__.py:109: RequestsDependencyWarning: urllib3 (1.26.13) or chardet (7.2.0)/charset_normalizer (2.1.1) doesn't match a supported version!
  warnings.warn(
/home/jlx_75/miniconda3/envs/pvmamba/lib/python3.10/site-packages/requests/__init__.py:109: RequestsDependencyWarning: urllib3 (1.26.13) or chardet (7.2.0)/charset_normalizer (2.1.1) doesn't match a supported version!
  warnings.warn(
/home/jlx_75/miniconda3/envs/pvmamba/lib/python3.10/site-packages/requests/__init__.py:109: RequestsDependencyWarning: urllib3 (1.26.13) or chardet (7.2.0)/charset_normalizer (2.1.1) doesn't match a supported version!
  warnings.warn(
/home/jlx_75/miniconda3/envs/pvmamba/lib/python3.10/site-packages/requests/__init__.py:109: RequestsDependencyWarning: urllib3 (1.26.13) or chardet (7.2.0)/charset_normalizer (2.1.1) doesn't match a supported version!
  warnings.warn(
[2026-03-25 02:08:11 tiny_cifar100_30ep](main.py 348): INFO Train: [4/30][0/390]	eta 2:18:56 lr 0.000125	 wd 0.0500	time 21.3752 (21.3752)	data time 21.2095 (21.2095)	model time 0.0000 (0.0000)	loss 4.2009 (4.2009)	grad_norm 3.7034 (3.7034)	loss_scale 65536.0000 (65536.0000)	mem 1205MB
[2026-03-25 02:08:12 tiny_cifar100_30ep](main.py 348): INFO Train: [4/30][10/390]	eta 0:12:56 lr 0.000125	 wd 0.0500	time 0.1064 (2.0425)	data time 0.0006 (1.9287)	model time 0.0000 (0.0000)	loss 4.2172 (3.9210)	grad_norm 3.6407 (3.5661)	loss_scale 65536.0000 (65536.0000)	mem 1205MB
[2026-03-25 02:08:13 tiny_cifar100_30ep](main.py 348): INFO Train: [4/30][20/390]	eta 0:06:54 lr 0.000125	 wd 0.0500	time 0.1058 (1.1202)	data time 0.0006 (1.0105)	model time 0.0000 (0.0000)	loss 4.1840 (3.9627)	grad_norm 3.5660 (3.6373)	loss_scale 65536.0000 (65536.0000)	mem 1205MB
[2026-03-25 02:08:14 tiny_cifar100_30ep](main.py 348): INFO Train: [4/30][30/390]	eta 0:04:45 lr 0.000125	 wd 0.0500	time 0.1156 (0.7940)	data time 0.0006 (0.6848)	model time 0.0000 (0.0000)	loss 3.6762 (3.9166)	grad_norm 3.4625 (3.6741)	loss_scale 65536.0000 (65536.0000)	mem 1205MB
[2026-03-25 02:08:15 tiny_cifar100_30ep](main.py 348): INFO Train: [4/30][40/390]	eta 0:03:39 lr 0.000124	 wd 0.0500	time 0.1073 (0.6269)	data time 0.0005 (0.5179)	model time 0.0000 (0.0000)	loss 4.1451 (3.9245)	grad_norm 4.3903 (3.7198)	loss_scale 65536.0000 (65536.0000)	mem 1205MB
[2026-03-25 02:08:16 tiny_cifar100_30ep](main.py 348): INFO Train: [4/30][50/390]	eta 0:02:58 lr 0.000124	 wd 0.0500	time 0.1138 (0.5264)	data time 0.0007 (0.4165)	model time 0.0000 (0.0000)	loss 4.2007 (3.8999)	grad_norm 3.5521 (3.7536)	loss_scale 65536.0000 (65536.0000)	mem 1205MB
[2026-03-25 02:08:17 tiny_cifar100_30ep](main.py 348): INFO Train: [4/30][60/390]	eta 0:02:31 lr 0.000124	 wd 0.0500	time 0.1139 (0.4584)	data time 0.0005 (0.3483)	model time 0.1134 (0.1111)	loss 3.8870 (3.9133)	grad_norm 3.5356 (3.7708)	loss_scale 65536.0000 (65536.0000)	mem 1205MB
[2026-03-25 02:08:19 tiny_cifar100_30ep](main.py 348): INFO Train: [4/30][70/390]	eta 0:02:10 lr 0.000124	 wd 0.0500	time 0.1050 (0.4089)	data time 0.0005 (0.2993)	model time 0.1045 (0.1086)	loss 4.0612 (3.9188)	grad_norm 3.3154 (3.7483)	loss_scale 65536.0000 (65536.0000)	mem 1205MB
[2026-03-25 02:08:20 tiny_cifar100_30ep](main.py 348): INFO Train: [4/30][80/390]	eta 0:01:55 lr 0.000124	 wd 0.0500	time 0.1022 (0.3712)	data time 0.0005 (0.2624)	model time 0.1017 (0.1066)	loss 3.5394 (3.9176)	grad_norm 3.8648 (3.7347)	loss_scale 65536.0000 (65536.0000)	mem 1205MB
[2026-03-25 02:08:21 tiny_cifar100_30ep](main.py 348): INFO Train: [4/30][90/390]	eta 0:01:42 lr 0.000124	 wd 0.0500	time 0.1050 (0.3422)	data time 0.0007 (0.2337)	model time 0.1044 (0.1067)	loss 3.8033 (3.9172)	grad_norm 3.9412 (3.7293)	loss_scale 65536.0000 (65536.0000)	mem 1205MB
[2026-03-25 02:08:22 tiny_cifar100_30ep](main.py 348): INFO Train: [4/30][100/390]	eta 0:01:32 lr 0.000124	 wd 0.0500	time 0.1022 (0.3187)	data time 0.0007 (0.2106)	model time 0.1014 (0.1063)	loss 3.8798 (3.9206)	grad_norm 3.5258 (3.7335)	loss_scale 65536.0000 (65536.0000)	mem 1205MB
[2026-03-25 02:08:23 tiny_cifar100_30ep](main.py 348): INFO Train: [4/30][110/390]	eta 0:01:23 lr 0.000124	 wd 0.0500	time 0.1210 (0.2998)	data time 0.0006 (0.1917)	model time 0.1204 (0.1066)	loss 4.2046 (3.9282)	grad_norm 3.7512 (3.7567)	loss_scale 65536.0000 (65536.0000)	mem 1205MB
[2026-03-25 02:08:24 tiny_cifar100_30ep](main.py 348): INFO Train: [4/30][120/390]	eta 0:01:16 lr 0.000124	 wd 0.0500	time 0.1020 (0.2837)	data time 0.0006 (0.1759)	model time 0.1014 (0.1063)	loss 3.7061 (3.9249)	grad_norm 4.1971 (3.7514)	loss_scale 65536.0000 (65536.0000)	mem 1205MB
[2026-03-25 02:08:25 tiny_cifar100_30ep](main.py 348): INFO Train: [4/30][130/390]	eta 0:01:10 lr 0.000124	 wd 0.0500	time 0.1021 (0.2698)	data time 0.0005 (0.1625)	model time 0.1016 (0.1057)	loss 3.6481 (3.9333)	grad_norm 3.7239 (3.7460)	loss_scale 65536.0000 (65536.0000)	mem 1205MB
[2026-03-25 02:08:26 tiny_cifar100_30ep](main.py 348): INFO Train: [4/30][140/390]	eta 0:01:04 lr 0.000124	 wd 0.0500	time 0.1025 (0.2580)	data time 0.0005 (0.1510)	model time 0.1019 (0.1053)	loss 4.0483 (3.9378)	grad_norm 3.8898 (3.7447)	loss_scale 65536.0000 (65536.0000)	mem 1205MB
[2026-03-25 02:08:27 tiny_cifar100_30ep](main.py 348): INFO Train: [4/30][150/390]	eta 0:00:59 lr 0.000124	 wd 0.0500	time 0.1017 (0.2478)	data time 0.0005 (0.1410)	model time 0.1012 (0.1051)	loss 3.3797 (3.9338)	grad_norm 4.3858 (3.7466)	loss_scale 65536.0000 (65536.0000)	mem 1205MB
[2026-03-25 02:08:28 tiny_cifar100_30ep](main.py 348): INFO Train: [4/30][160/390]	eta 0:00:54 lr 0.000124	 wd 0.0500	time 0.1024 (0.2389)	data time 0.0006 (0.1323)	model time 0.1018 (0.1050)	loss 4.1336 (3.9339)	grad_norm 3.5713 (3.7568)	loss_scale 65536.0000 (65536.0000)	mem 1205MB
[2026-03-25 02:08:29 tiny_cifar100_30ep](main.py 348): INFO Train: [4/30][170/390]	eta 0:00:50 lr 0.000124	 wd 0.0500	time 0.1204 (0.2311)	data time 0.0005 (0.1246)	model time 0.1198 (0.1051)	loss 3.7395 (3.9366)	grad_norm 3.5987 (3.7474)	loss_scale 65536.0000 (65536.0000)	mem 1205MB
[2026-03-25 02:08:30 tiny_cifar100_30ep](main.py 348): INFO Train: [4/30][180/390]	eta 0:00:47 lr 0.000124	 wd 0.0500	time 0.1148 (0.2242)	data time 0.0005 (0.1178)	model time 0.1143 (0.1051)	loss 3.5395 (3.9330)	grad_norm 4.2166 (3.7462)	loss_scale 65536.0000 (65536.0000)	mem 1205MB
[2026-03-25 02:08:31 tiny_cifar100_30ep](main.py 348): INFO Train: [4/30][190/390]	eta 0:00:43 lr 0.000124	 wd 0.0500	time 0.1027 (0.2181)	data time 0.0005 (0.1116)	model time 0.1023 (0.1053)	loss 4.2724 (3.9327)	grad_norm 5.5429 (3.7535)	loss_scale 65536.0000 (65536.0000)	mem 1205MB
[2026-03-25 02:08:32 tiny_cifar100_30ep](main.py 348): INFO Train: [4/30][200/390]	eta 0:00:40 lr 0.000124	 wd 0.0500	time 0.1021 (0.2127)	data time 0.0005 (0.1061)	model time 0.1016 (0.1054)	loss 3.7534 (3.9370)	grad_norm 3.9811 (3.7594)	loss_scale 65536.0000 (65536.0000)	mem 1205MB
[2026-03-25 02:08:33 tiny_cifar100_30ep](main.py 348): INFO Train: [4/30][210/390]	eta 0:00:37 lr 0.000124	 wd 0.0500	time 0.1019 (0.2077)	data time 0.0007 (0.1011)	model time 0.1012 (0.1055)	loss 4.1957 (3.9388)	grad_norm 3.1283 (3.7596)	loss_scale 65536.0000 (65536.0000)	mem 1205MB
[2026-03-25 02:08:34 tiny_cifar100_30ep](main.py 348): INFO Train: [4/30][220/390]	eta 0:00:34 lr 0.000124	 wd 0.0500	time 0.1131 (0.2032)	data time 0.0006 (0.0966)	model time 0.1125 (0.1057)	loss 3.9714 (3.9344)	grad_norm 3.6966 (3.7578)	loss_scale 65536.0000 (65536.0000)	mem 1205MB
[2026-03-25 02:08:36 tiny_cifar100_30ep](main.py 348): INFO Train: [4/30][230/390]	eta 0:00:31 lr 0.000124	 wd 0.0500	time 0.1061 (0.1994)	data time 0.0006 (0.0924)	model time 0.1055 (0.1061)	loss 4.2791 (3.9415)	grad_norm 3.2931 (3.7477)	loss_scale 65536.0000 (65536.0000)	mem 1205MB
[2026-03-25 02:08:37 tiny_cifar100_30ep](main.py 348): INFO Train: [4/30][240/390]	eta 0:00:29 lr 0.000124	 wd 0.0500	time 0.1023 (0.1955)	data time 0.0005 (0.0886)	model time 0.1018 (0.1060)	loss 4.3001 (3.9444)	grad_norm 3.2964 (3.7423)	loss_scale 65536.0000 (65536.0000)	mem 1205MB
[2026-03-25 02:08:38 tiny_cifar100_30ep](main.py 348): INFO Train: [4/30][250/390]	eta 0:00:26 lr 0.000124	 wd 0.0500	time 0.1053 (0.1921)	data time 0.0006 (0.0851)	model time 0.1047 (0.1063)	loss 3.7303 (3.9475)	grad_norm 3.6153 (3.7395)	loss_scale 65536.0000 (65536.0000)	mem 1205MB
[2026-03-25 02:08:39 tiny_cifar100_30ep](main.py 348): INFO Train: [4/30][260/390]	eta 0:00:24 lr 0.000124	 wd 0.0500	time 0.1127 (0.1888)	data time 0.0005 (0.0819)	model time 0.1123 (0.1062)	loss 3.5649 (3.9460)	grad_norm 4.4795 (3.7379)	loss_scale 65536.0000 (65536.0000)	mem 1205MB
[2026-03-25 02:08:40 tiny_cifar100_30ep](main.py 348): INFO Train: [4/30][270/390]	eta 0:00:22 lr 0.000124	 wd 0.0500	time 0.1023 (0.1859)	data time 0.0005 (0.0789)	model time 0.1019 (0.1063)	loss 3.9744 (3.9465)	grad_norm 3.7519 (3.7355)	loss_scale 65536.0000 (65536.0000)	mem 1205MB
[2026-03-25 02:08:41 tiny_cifar100_30ep](main.py 348): INFO Train: [4/30][280/390]	eta 0:00:20 lr 0.000124	 wd 0.0500	time 0.1022 (0.1830)	data time 0.0006 (0.0761)	model time 0.1016 (0.1062)	loss 3.8826 (3.9444)	grad_norm 3.4697 (3.7387)	loss_scale 65536.0000 (65536.0000)	mem 1205MB
[2026-03-25 02:08:42 tiny_cifar100_30ep](main.py 348): INFO Train: [4/30][290/390]	eta 0:00:18 lr 0.000124	 wd 0.0500	time 0.1077 (0.1803)	data time 0.0005 (0.0735)	model time 0.1072 (0.1061)	loss 4.1412 (3.9432)	grad_norm 4.1917 (3.7388)	loss_scale 65536.0000 (65536.0000)	mem 1205MB
[2026-03-25 02:08:43 tiny_cifar100_30ep](main.py 348): INFO Train: [4/30][300/390]	eta 0:00:15 lr 0.000124	 wd 0.0500	time 0.1048 (0.1777)	data time 0.0005 (0.0711)	model time 0.1044 (0.1060)	loss 3.9576 (3.9427)	grad_norm 4.0610 (3.7468)	loss_scale 65536.0000 (65536.0000)	mem 1205MB
[2026-03-25 02:08:44 tiny_cifar100_30ep](main.py 348): INFO Train: [4/30][310/390]	eta 0:00:14 lr 0.000124	 wd 0.0500	time 0.1024 (0.1754)	data time 0.0006 (0.0688)	model time 0.1019 (0.1059)	loss 4.2931 (3.9485)	grad_norm 3.2169 (3.7441)	loss_scale 65536.0000 (65536.0000)	mem 1205MB
[2026-03-25 02:08:45 tiny_cifar100_30ep](main.py 348): INFO Train: [4/30][320/390]	eta 0:00:12 lr 0.000124	 wd 0.0500	time 0.1047 (0.1733)	data time 0.0005 (0.0667)	model time 0.1042 (0.1060)	loss 3.5425 (3.9468)	grad_norm 3.7232 (3.7430)	loss_scale 65536.0000 (65536.0000)	mem 1205MB
[2026-03-25 02:08:46 tiny_cifar100_30ep](main.py 348): INFO Train: [4/30][330/390]	eta 0:00:10 lr 0.000124	 wd 0.0500	time 0.1040 (0.1713)	data time 0.0006 (0.0647)	model time 0.1034 (0.1060)	loss 3.7383 (3.9453)	grad_norm 3.4520 (3.7349)	loss_scale 65536.0000 (65536.0000)	mem 1205MB
[2026-03-25 02:08:47 tiny_cifar100_30ep](main.py 348): INFO Train: [4/30][340/390]	eta 0:00:08 lr 0.000124	 wd 0.0500	time 0.1018 (0.1693)	data time 0.0005 (0.0628)	model time 0.1012 (0.1059)	loss 3.5565 (3.9484)	grad_norm 4.2773 (3.7313)	loss_scale 65536.0000 (65536.0000)	mem 1205MB
[2026-03-25 02:08:48 tiny_cifar100_30ep](main.py 348): INFO Train: [4/30][350/390]	eta 0:00:06 lr 0.000123	 wd 0.0500	time 0.1021 (0.1674)	data time 0.0005 (0.0610)	model time 0.1017 (0.1058)	loss 4.1623 (3.9514)	grad_norm 3.8804 (3.7292)	loss_scale 65536.0000 (65536.0000)	mem 1205MB
[2026-03-25 02:08:49 tiny_cifar100_30ep](main.py 348): INFO Train: [4/30][360/390]	eta 0:00:04 lr 0.000123	 wd 0.0500	time 0.1032 (0.1659)	data time 0.0005 (0.0593)	model time 0.1027 (0.1060)	loss 3.9866 (3.9536)	grad_norm 3.7202 (3.7239)	loss_scale 65536.0000 (65536.0000)	mem 1205MB
[2026-03-25 02:08:51 tiny_cifar100_30ep](main.py 348): INFO Train: [4/30][370/390]	eta 0:00:03 lr 0.000123	 wd 0.0500	time 0.1161 (0.1644)	data time 0.0006 (0.0578)	model time 0.1155 (0.1061)	loss 4.2133 (3.9518)	grad_norm 3.6585 (3.7196)	loss_scale 65536.0000 (65536.0000)	mem 1205MB
[2026-03-25 02:08:52 tiny_cifar100_30ep](main.py 348): INFO Train: [4/30][380/390]	eta 0:00:01 lr 0.000123	 wd 0.0500	time 0.1011 (0.1628)	data time 0.0003 (0.0563)	model time 0.1008 (0.1060)	loss 4.3191 (3.9555)	grad_norm 4.1890 (3.7137)	loss_scale 65536.0000 (65536.0000)	mem 1205MB
[2026-03-25 02:08:53 tiny_cifar100_30ep](main.py 359): INFO EPOCH 4 training takes 0:01:03
[2026-03-25 02:08:53 tiny_cifar100_30ep](utils.py 104): INFO ./output_cifar100_noema_30ep/tiny_cifar100_30ep/20260325020204/latest_ckpt.pth saving......
[2026-03-25 02:08:54 tiny_cifar100_30ep](utils.py 106): INFO ./output_cifar100_noema_30ep/tiny_cifar100_30ep/20260325020204/latest_ckpt.pth saved !!!
/home/jlx_75/miniconda3/envs/pvmamba/lib/python3.10/site-packages/requests/__init__.py:109: RequestsDependencyWarning: urllib3 (1.26.13) or chardet (7.2.0)/charset_normalizer (2.1.1) doesn't match a supported version!
  warnings.warn(
/home/jlx_75/miniconda3/envs/pvmamba/lib/python3.10/site-packages/requests/__init__.py:109: RequestsDependencyWarning: urllib3 (1.26.13) or chardet (7.2.0)/charset_normalizer (2.1.1) doesn't match a supported version!
  warnings.warn(
/home/jlx_75/miniconda3/envs/pvmamba/lib/python3.10/site-packages/requests/__init__.py:109: RequestsDependencyWarning: urllib3 (1.26.13) or chardet (7.2.0)/charset_normalizer (2.1.1) doesn't match a supported version!
  warnings.warn(
/home/jlx_75/miniconda3/envs/pvmamba/lib/python3.10/site-packages/requests/__init__.py:109: RequestsDependencyWarning: urllib3 (1.26.13) or chardet (7.2.0)/charset_normalizer (2.1.1) doesn't match a supported version!
  warnings.warn(
/home/jlx_75/miniconda3/envs/pvmamba/lib/python3.10/site-packages/requests/__init__.py:109: RequestsDependencyWarning: urllib3 (1.26.13) or chardet (7.2.0)/charset_normalizer (2.1.1) doesn't match a supported version!
  warnings.warn(
/home/jlx_75/miniconda3/envs/pvmamba/lib/python3.10/site-packages/requests/__init__.py:109: RequestsDependencyWarning: urllib3 (1.26.13) or chardet (7.2.0)/charset_normalizer (2.1.1) doesn't match a supported version!
  warnings.warn(
/home/jlx_75/miniconda3/envs/pvmamba/lib/python3.10/site-packages/requests/__init__.py:109: RequestsDependencyWarning: urllib3 (1.26.13) or chardet (7.2.0)/charset_normalizer (2.1.1) doesn't match a supported version!
  warnings.warn(
/home/jlx_75/miniconda3/envs/pvmamba/lib/python3.10/site-packages/requests/__init__.py:109: RequestsDependencyWarning: urllib3 (1.26.13) or chardet (7.2.0)/charset_normalizer (2.1.1) doesn't match a supported version!
  warnings.warn(
[2026-03-25 02:09:09 tiny_cifar100_30ep](main.py 403): INFO Test: [0/79]	Time 14.932 (14.932)	Loss 3.0762 (3.0762)	Acc@1 33.594 (33.594)	Acc@5 60.156 (60.156)	Mem 1205MB
[2026-03-25 02:09:10 tiny_cifar100_30ep](main.py 403): INFO Test: [10/79]	Time 0.035 (1.391)	Loss 3.0723 (3.1495)	Acc@1 29.688 (25.639)	Acc@5 60.156 (54.972)	Mem 1205MB
[2026-03-25 02:09:10 tiny_cifar100_30ep](main.py 403): INFO Test: [20/79]	Time 0.035 (0.745)	Loss 3.2402 (3.1471)	Acc@1 23.438 (25.335)	Acc@5 51.562 (54.799)	Mem 1205MB
[2026-03-25 02:09:10 tiny_cifar100_30ep](main.py 403): INFO Test: [30/79]	Time 0.035 (0.516)	Loss 3.1094 (3.1476)	Acc@1 25.781 (25.227)	Acc@5 56.250 (55.292)	Mem 1205MB
[2026-03-25 02:09:11 tiny_cifar100_30ep](main.py 403): INFO Test: [40/79]	Time 0.035 (0.399)	Loss 3.0918 (3.1470)	Acc@1 25.000 (25.286)	Acc@5 54.688 (55.469)	Mem 1205MB
[2026-03-25 02:09:11 tiny_cifar100_30ep](main.py 403): INFO Test: [50/79]	Time 0.036 (0.328)	Loss 3.2637 (3.1526)	Acc@1 21.875 (25.046)	Acc@5 55.469 (55.515)	Mem 1205MB
[2026-03-25 02:09:11 tiny_cifar100_30ep](main.py 403): INFO Test: [60/79]	Time 0.035 (0.280)	Loss 3.3574 (3.1577)	Acc@1 23.438 (25.038)	Acc@5 53.125 (55.379)	Mem 1205MB
[2026-03-25 02:09:12 tiny_cifar100_30ep](main.py 403): INFO Test: [70/79]	Time 0.034 (0.245)	Loss 3.2461 (3.1599)	Acc@1 26.562 (25.066)	Acc@5 46.875 (55.304)	Mem 1205MB
[2026-03-25 02:09:12 tiny_cifar100_30ep](main.py 410): INFO  * Acc@1 25.000 Acc@5 55.460
[2026-03-25 02:09:12 tiny_cifar100_30ep](main.py 239): INFO Accuracy of the network on the 10000 test images: 25.0%
[2026-03-25 02:09:12 tiny_cifar100_30ep](main.py 247): INFO New max accuracy: 25.00%
[2026-03-25 02:09:13 tiny_cifar100_30ep](utils.py 104): INFO ./output_cifar100_noema_30ep/tiny_cifar100_30ep/20260325020204/best_ckpt.pth saving......
[2026-03-25 02:09:13 tiny_cifar100_30ep](utils.py 106): INFO ./output_cifar100_noema_30ep/tiny_cifar100_30ep/20260325020204/best_ckpt.pth saved !!!
/home/jlx_75/miniconda3/envs/pvmamba/lib/python3.10/site-packages/requests/__init__.py:109: RequestsDependencyWarning: urllib3 (1.26.13) or chardet (7.2.0)/charset_normalizer (2.1.1) doesn't match a supported version!
  warnings.warn(
/home/jlx_75/miniconda3/envs/pvmamba/lib/python3.10/site-packages/requests/__init__.py:109: RequestsDependencyWarning: urllib3 (1.26.13) or chardet (7.2.0)/charset_normalizer (2.1.1) doesn't match a supported version!
  warnings.warn(
/home/jlx_75/miniconda3/envs/pvmamba/lib/python3.10/site-packages/requests/__init__.py:109: RequestsDependencyWarning: urllib3 (1.26.13) or chardet (7.2.0)/charset_normalizer (2.1.1) doesn't match a supported version!
  warnings.warn(
/home/jlx_75/miniconda3/envs/pvmamba/lib/python3.10/site-packages/requests/__init__.py:109: RequestsDependencyWarning: urllib3 (1.26.13) or chardet (7.2.0)/charset_normalizer (2.1.1) doesn't match a supported version!
  warnings.warn(
/home/jlx_75/miniconda3/envs/pvmamba/lib/python3.10/site-packages/requests/__init__.py:109: RequestsDependencyWarning: urllib3 (1.26.13) or chardet (7.2.0)/charset_normalizer (2.1.1) doesn't match a supported version!
  warnings.warn(
/home/jlx_75/miniconda3/envs/pvmamba/lib/python3.10/site-packages/requests/__init__.py:109: RequestsDependencyWarning: urllib3 (1.26.13) or chardet (7.2.0)/charset_normalizer (2.1.1) doesn't match a supported version!
  warnings.warn(
/home/jlx_75/miniconda3/envs/pvmamba/lib/python3.10/site-packages/requests/__init__.py:109: RequestsDependencyWarning: urllib3 (1.26.13) or chardet (7.2.0)/charset_normalizer (2.1.1) doesn't match a supported version!
  warnings.warn(
/home/jlx_75/miniconda3/envs/pvmamba/lib/python3.10/site-packages/requests/__init__.py:109: RequestsDependencyWarning: urllib3 (1.26.13) or chardet (7.2.0)/charset_normalizer (2.1.1) doesn't match a supported version!
  warnings.warn(
[2026-03-25 02:09:35 tiny_cifar100_30ep](main.py 348): INFO Train: [5/30][0/390]	eta 2:18:01 lr 0.000123	 wd 0.0500	time 21.2343 (21.2343)	data time 21.0888 (21.0888)	model time 0.0000 (0.0000)	loss 4.1564 (4.1564)	grad_norm 2.9077 (2.9077)	loss_scale 65536.0000 (65536.0000)	mem 1205MB
[2026-03-25 02:09:36 tiny_cifar100_30ep](main.py 348): INFO Train: [5/30][10/390]	eta 0:12:51 lr 0.000123	 wd 0.0500	time 0.1064 (2.0295)	data time 0.0006 (1.9177)	model time 0.0000 (0.0000)	loss 3.9083 (3.8976)	grad_norm 3.0436 (3.5416)	loss_scale 65536.0000 (65536.0000)	mem 1205MB
[2026-03-25 02:09:37 tiny_cifar100_30ep](main.py 348): INFO Train: [5/30][20/390]	eta 0:06:52 lr 0.000123	 wd 0.0500	time 0.1072 (1.1138)	data time 0.0005 (1.0048)	model time 0.0000 (0.0000)	loss 4.1090 (3.9158)	grad_norm 4.2423 (3.6267)	loss_scale 65536.0000 (65536.0000)	mem 1205MB
[2026-03-25 02:09:38 tiny_cifar100_30ep](main.py 348): INFO Train: [5/30][30/390]	eta 0:04:44 lr 0.000123	 wd 0.0500	time 0.1076 (0.7895)	data time 0.0005 (0.6809)	model time 0.0000 (0.0000)	loss 4.1013 (3.9330)	grad_norm 3.8231 (3.6529)	loss_scale 65536.0000 (65536.0000)	mem 1205MB
[2026-03-25 02:09:39 tiny_cifar100_30ep](main.py 348): INFO Train: [5/30][40/390]	eta 0:03:38 lr 0.000123	 wd 0.0500	time 0.1076 (0.6231)	data time 0.0007 (0.5150)	model time 0.0000 (0.0000)	loss 3.6236 (3.9318)	grad_norm 3.6298 (3.6353)	loss_scale 65536.0000 (65536.0000)	mem 1205MB
[2026-03-25 02:09:40 tiny_cifar100_30ep](main.py 348): INFO Train: [5/30][50/390]	eta 0:02:57 lr 0.000123	 wd 0.0500	time 0.1186 (0.5227)	data time 0.0005 (0.4141)	model time 0.0000 (0.0000)	loss 3.5391 (3.8992)	grad_norm 3.8145 (3.6538)	loss_scale 131072.0000 (68106.0392)	mem 1205MB
[2026-03-25 02:09:41 tiny_cifar100_30ep](main.py 348): INFO Train: [5/30][60/390]	eta 0:02:30 lr 0.000123	 wd 0.0500	time 0.1073 (0.4547)	data time 0.0005 (0.3463)	model time 0.1068 (0.1075)	loss 4.0410 (3.9162)	grad_norm 4.1808 (3.6611)	loss_scale 131072.0000 (78428.3279)	mem 1205MB
[2026-03-25 02:09:42 tiny_cifar100_30ep](main.py 348): INFO Train: [5/30][70/390]	eta 0:02:10 lr 0.000123	 wd 0.0500	time 0.1169 (0.4065)	data time 0.0005 (0.2976)	model time 0.1165 (0.1097)	loss 4.1349 (3.8798)	grad_norm 4.0237 (3.7286)	loss_scale 131072.0000 (85842.9296)	mem 1205MB
[2026-03-25 02:09:43 tiny_cifar100_30ep](main.py 348): INFO Train: [5/30][80/390]	eta 0:01:54 lr 0.000123	 wd 0.0500	time 0.1022 (0.3697)	data time 0.0005 (0.2610)	model time 0.1017 (0.1090)	loss 3.4041 (3.8748)	grad_norm 4.7862 (3.7462)	loss_scale 131072.0000 (91426.7654)	mem 1205MB
[2026-03-25 02:09:44 tiny_cifar100_30ep](main.py 348): INFO Train: [5/30][90/390]	eta 0:01:42 lr 0.000123	 wd 0.0500	time 0.1022 (0.3405)	data time 0.0005 (0.2323)	model time 0.1017 (0.1076)	loss 3.7985 (3.8841)	grad_norm 3.5751 (3.7587)	loss_scale 131072.0000 (95783.3846)	mem 1205MB
[2026-03-25 02:09:45 tiny_cifar100_30ep](main.py 348): INFO Train: [5/30][100/390]	eta 0:01:31 lr 0.000123	 wd 0.0500	time 0.1091 (0.3172)	data time 0.0005 (0.2094)	model time 0.1086 (0.1070)	loss 3.5489 (3.8827)	grad_norm 4.1012 (3.7455)	loss_scale 131072.0000 (99277.3069)	mem 1205MB
[2026-03-25 02:09:47 tiny_cifar100_30ep](main.py 348): INFO Train: [5/30][110/390]	eta 0:01:23 lr 0.000123	 wd 0.0500	time 0.1024 (0.2983)	data time 0.0005 (0.1906)	model time 0.1019 (0.1069)	loss 3.9328 (3.8947)	grad_norm 3.6677 (3.7282)	loss_scale 131072.0000 (102141.6937)	mem 1205MB
[2026-03-25 02:09:48 tiny_cifar100_30ep](main.py 348): INFO Train: [5/30][120/390]	eta 0:01:16 lr 0.000123	 wd 0.0500	time 0.1057 (0.2825)	data time 0.0005 (0.1749)	model time 0.1052 (0.1069)	loss 3.4195 (3.8911)	grad_norm 3.9064 (3.7405)	loss_scale 131072.0000 (104532.6281)	mem 1205MB
[2026-03-25 02:09:49 tiny_cifar100_30ep](main.py 348): INFO Train: [5/30][130/390]	eta 0:01:09 lr 0.000123	 wd 0.0500	time 0.1022 (0.2687)	data time 0.0006 (0.1616)	model time 0.1016 (0.1063)	loss 4.2692 (3.8973)	grad_norm 3.2354 (3.7360)	loss_scale 131072.0000 (106558.5344)	mem 1205MB
[2026-03-25 02:09:50 tiny_cifar100_30ep](main.py 348): INFO Train: [5/30][140/390]	eta 0:01:04 lr 0.000123	 wd 0.0500	time 0.1021 (0.2571)	data time 0.0007 (0.1502)	model time 0.1015 (0.1059)	loss 3.6027 (3.8934)	grad_norm 5.4725 (3.7475)	loss_scale 131072.0000 (108297.0780)	mem 1205MB
[2026-03-25 02:09:51 tiny_cifar100_30ep](main.py 348): INFO Train: [5/30][150/390]	eta 0:00:59 lr 0.000123	 wd 0.0500	time 0.1020 (0.2470)	data time 0.0004 (0.1403)	model time 0.1015 (0.1059)	loss 3.4667 (3.8795)	grad_norm 4.5876 (3.7674)	loss_scale 131072.0000 (109805.3510)	mem 1205MB
[2026-03-25 02:09:52 tiny_cifar100_30ep](main.py 348): INFO Train: [5/30][160/390]	eta 0:00:54 lr 0.000123	 wd 0.0500	time 0.1064 (0.2383)	data time 0.0007 (0.1316)	model time 0.1057 (0.1059)	loss 3.7452 (3.8807)	grad_norm 3.8646 (3.7644)	loss_scale 131072.0000 (111126.2609)	mem 1205MB
[2026-03-25 02:09:53 tiny_cifar100_30ep](main.py 348): INFO Train: [5/30][170/390]	eta 0:00:50 lr 0.000123	 wd 0.0500	time 0.1156 (0.2308)	data time 0.0007 (0.1239)	model time 0.1149 (0.1061)	loss 4.0659 (3.8765)	grad_norm 3.4196 (3.7848)	loss_scale 131072.0000 (112292.6784)	mem 1205MB
[2026-03-25 02:09:54 tiny_cifar100_30ep](main.py 348): INFO Train: [5/30][180/390]	eta 0:00:47 lr 0.000122	 wd 0.0500	time 0.1031 (0.2241)	data time 0.0005 (0.1171)	model time 0.1026 (0.1063)	loss 3.4086 (3.8729)	grad_norm 4.6185 (3.8037)	loss_scale 131072.0000 (113330.2099)	mem 1205MB
[2026-03-25 02:09:55 tiny_cifar100_30ep](main.py 348): INFO Train: [5/30][190/390]	eta 0:00:43 lr 0.000122	 wd 0.0500	time 0.1033 (0.2180)	data time 0.0007 (0.1110)	model time 0.1026 (0.1064)	loss 3.4010 (3.8696)	grad_norm 3.8182 (3.8147)	loss_scale 131072.0000 (114259.0995)	mem 1205MB
[2026-03-25 02:09:56 tiny_cifar100_30ep](main.py 348): INFO Train: [5/30][200/390]	eta 0:00:40 lr 0.000122	 wd 0.0500	time 0.1019 (0.2124)	data time 0.0004 (0.1055)	model time 0.1015 (0.1063)	loss 4.0838 (3.8778)	grad_norm 3.8065 (3.8125)	loss_scale 131072.0000 (115095.5622)	mem 1205MB
[2026-03-25 02:09:57 tiny_cifar100_30ep](main.py 348): INFO Train: [5/30][210/390]	eta 0:00:37 lr 0.000122	 wd 0.0500	time 0.1034 (0.2074)	data time 0.0008 (0.1006)	model time 0.1026 (0.1062)	loss 3.9005 (3.8765)	grad_norm 4.0504 (3.8235)	loss_scale 131072.0000 (115852.7393)	mem 1205MB
[2026-03-25 02:09:58 tiny_cifar100_30ep](main.py 348): INFO Train: [5/30][220/390]	eta 0:00:34 lr 0.000122	 wd 0.0500	time 0.1020 (0.2027)	data time 0.0005 (0.0960)	model time 0.1016 (0.1062)	loss 4.3106 (3.8713)	grad_norm 3.9608 (3.8356)	loss_scale 131072.0000 (116541.3937)	mem 1205MB
[2026-03-25 02:09:59 tiny_cifar100_30ep](main.py 348): INFO Train: [5/30][230/390]	eta 0:00:31 lr 0.000122	 wd 0.0500	time 0.1087 (0.1987)	data time 0.0005 (0.0919)	model time 0.1082 (0.1062)	loss 3.3160 (3.8617)	grad_norm 4.1291 (3.8400)	loss_scale 131072.0000 (117170.4242)	mem 1205MB
[2026-03-25 02:10:00 tiny_cifar100_30ep](main.py 348): INFO Train: [5/30][240/390]	eta 0:00:29 lr 0.000122	 wd 0.0500	time 0.1035 (0.1949)	data time 0.0004 (0.0881)	model time 0.1030 (0.1064)	loss 3.9165 (3.8667)	grad_norm 3.7148 (3.8387)	loss_scale 131072.0000 (117747.2531)	mem 1205MB
[2026-03-25 02:10:01 tiny_cifar100_30ep](main.py 348): INFO Train: [5/30][250/390]	eta 0:00:26 lr 0.000122	 wd 0.0500	time 0.1139 (0.1914)	data time 0.0005 (0.0846)	model time 0.1134 (0.1063)	loss 3.8150 (3.8675)	grad_norm 3.4506 (3.8488)	loss_scale 131072.0000 (118278.1195)	mem 1205MB
[2026-03-25 02:10:03 tiny_cifar100_30ep](main.py 348): INFO Train: [5/30][260/390]	eta 0:00:24 lr 0.000122	 wd 0.0500	time 0.1019 (0.1881)	data time 0.0005 (0.0814)	model time 0.1014 (0.1063)	loss 4.3527 (3.8672)	grad_norm 3.2967 (3.8489)	loss_scale 131072.0000 (118768.3065)	mem 1205MB
[2026-03-25 02:10:04 tiny_cifar100_30ep](main.py 348): INFO Train: [5/30][270/390]	eta 0:00:22 lr 0.000122	 wd 0.0500	time 0.1021 (0.1851)	data time 0.0006 (0.0784)	model time 0.1015 (0.1063)	loss 3.8537 (3.8640)	grad_norm 3.4873 (3.8498)	loss_scale 131072.0000 (119222.3173)	mem 1205MB
[2026-03-25 02:10:05 tiny_cifar100_30ep](main.py 348): INFO Train: [5/30][280/390]	eta 0:00:20 lr 0.000122	 wd 0.0500	time 0.1033 (0.1822)	data time 0.0005 (0.0757)	model time 0.1027 (0.1061)	loss 3.4334 (3.8643)	grad_norm 3.9250 (3.8501)	loss_scale 131072.0000 (119644.0142)	mem 1205MB
[2026-03-25 02:10:06 tiny_cifar100_30ep](main.py 348): INFO Train: [5/30][290/390]	eta 0:00:17 lr 0.000122	 wd 0.0500	time 0.1021 (0.1795)	data time 0.0006 (0.0731)	model time 0.1015 (0.1060)	loss 3.6930 (3.8630)	grad_norm 4.4194 (3.8535)	loss_scale 131072.0000 (120036.7285)	mem 1205MB
[2026-03-25 02:10:07 tiny_cifar100_30ep](main.py 348): INFO Train: [5/30][300/390]	eta 0:00:15 lr 0.000122	 wd 0.0500	time 0.1061 (0.1772)	data time 0.0007 (0.0707)	model time 0.1054 (0.1061)	loss 3.8987 (3.8644)	grad_norm 3.9711 (3.8485)	loss_scale 131072.0000 (120403.3488)	mem 1205MB
[2026-03-25 02:10:08 tiny_cifar100_30ep](main.py 348): INFO Train: [5/30][310/390]	eta 0:00:14 lr 0.000122	 wd 0.0500	time 0.1152 (0.1751)	data time 0.0005 (0.0684)	model time 0.1147 (0.1063)	loss 3.7851 (3.8625)	grad_norm 3.6000 (3.8518)	loss_scale 131072.0000 (120746.3923)	mem 1205MB
[2026-03-25 02:10:09 tiny_cifar100_30ep](main.py 348): INFO Train: [5/30][320/390]	eta 0:00:12 lr 0.000122	 wd 0.0500	time 0.1216 (0.1731)	data time 0.0005 (0.0663)	model time 0.1211 (0.1065)	loss 3.6487 (3.8627)	grad_norm 3.9149 (3.8489)	loss_scale 131072.0000 (121068.0623)	mem 1205MB
[2026-03-25 02:10:10 tiny_cifar100_30ep](main.py 348): INFO Train: [5/30][330/390]	eta 0:00:10 lr 0.000122	 wd 0.0500	time 0.1023 (0.1710)	data time 0.0006 (0.0643)	model time 0.1017 (0.1064)	loss 3.7389 (3.8590)	grad_norm 3.8431 (3.8515)	loss_scale 131072.0000 (121370.2961)	mem 1205MB
[2026-03-25 02:10:11 tiny_cifar100_30ep](main.py 348): INFO Train: [5/30][340/390]	eta 0:00:08 lr 0.000122	 wd 0.0500	time 0.1018 (0.1690)	data time 0.0005 (0.0625)	model time 0.1013 (0.1062)	loss 4.1393 (3.8579)	grad_norm 4.6342 (3.8587)	loss_scale 131072.0000 (121654.8035)	mem 1205MB
[2026-03-25 02:10:12 tiny_cifar100_30ep](main.py 348): INFO Train: [5/30][350/390]	eta 0:00:06 lr 0.000122	 wd 0.0500	time 0.1261 (0.1675)	data time 0.0006 (0.0607)	model time 0.1254 (0.1065)	loss 3.5069 (3.8581)	grad_norm 4.0493 (3.8634)	loss_scale 131072.0000 (121923.0997)	mem 1205MB
[2026-03-25 02:10:13 tiny_cifar100_30ep](main.py 348): INFO Train: [5/30][360/390]	eta 0:00:04 lr 0.000121	 wd 0.0500	time 0.1020 (0.1658)	data time 0.0005 (0.0590)	model time 0.1015 (0.1065)	loss 3.4230 (3.8620)	grad_norm 4.0333 (3.8647)	loss_scale 131072.0000 (122176.5319)	mem 1205MB
[2026-03-25 02:10:14 tiny_cifar100_30ep](main.py 348): INFO Train: [5/30][370/390]	eta 0:00:03 lr 0.000121	 wd 0.0500	time 0.1032 (0.1643)	data time 0.0006 (0.0575)	model time 0.1026 (0.1066)	loss 4.2762 (3.8614)	grad_norm 3.2635 (3.8625)	loss_scale 131072.0000 (122416.3019)	mem 1205MB
[2026-03-25 02:10:15 tiny_cifar100_30ep](main.py 348): INFO Train: [5/30][380/390]	eta 0:00:01 lr 0.000121	 wd 0.0500	time 0.1013 (0.1627)	data time 0.0003 (0.0560)	model time 0.1010 (0.1065)	loss 3.5768 (3.8618)	grad_norm 3.7430 (3.8613)	loss_scale 131072.0000 (122643.4856)	mem 1205MB
[2026-03-25 02:10:17 tiny_cifar100_30ep](main.py 359): INFO EPOCH 5 training takes 0:01:03
[2026-03-25 02:10:17 tiny_cifar100_30ep](utils.py 104): INFO ./output_cifar100_noema_30ep/tiny_cifar100_30ep/20260325020204/latest_ckpt.pth saving......
[2026-03-25 02:10:18 tiny_cifar100_30ep](utils.py 106): INFO ./output_cifar100_noema_30ep/tiny_cifar100_30ep/20260325020204/latest_ckpt.pth saved !!!
/home/jlx_75/miniconda3/envs/pvmamba/lib/python3.10/site-packages/requests/__init__.py:109: RequestsDependencyWarning: urllib3 (1.26.13) or chardet (7.2.0)/charset_normalizer (2.1.1) doesn't match a supported version!
  warnings.warn(
/home/jlx_75/miniconda3/envs/pvmamba/lib/python3.10/site-packages/requests/__init__.py:109: RequestsDependencyWarning: urllib3 (1.26.13) or chardet (7.2.0)/charset_normalizer (2.1.1) doesn't match a supported version!
  warnings.warn(
/home/jlx_75/miniconda3/envs/pvmamba/lib/python3.10/site-packages/requests/__init__.py:109: RequestsDependencyWarning: urllib3 (1.26.13) or chardet (7.2.0)/charset_normalizer (2.1.1) doesn't match a supported version!
  warnings.warn(
/home/jlx_75/miniconda3/envs/pvmamba/lib/python3.10/site-packages/requests/__init__.py:109: RequestsDependencyWarning: urllib3 (1.26.13) or chardet (7.2.0)/charset_normalizer (2.1.1) doesn't match a supported version!
  warnings.warn(
/home/jlx_75/miniconda3/envs/pvmamba/lib/python3.10/site-packages/requests/__init__.py:109: RequestsDependencyWarning: urllib3 (1.26.13) or chardet (7.2.0)/charset_normalizer (2.1.1) doesn't match a supported version!
  warnings.warn(
/home/jlx_75/miniconda3/envs/pvmamba/lib/python3.10/site-packages/requests/__init__.py:109: RequestsDependencyWarning: urllib3 (1.26.13) or chardet (7.2.0)/charset_normalizer (2.1.1) doesn't match a supported version!
  warnings.warn(
/home/jlx_75/miniconda3/envs/pvmamba/lib/python3.10/site-packages/requests/__init__.py:109: RequestsDependencyWarning: urllib3 (1.26.13) or chardet (7.2.0)/charset_normalizer (2.1.1) doesn't match a supported version!
  warnings.warn(
/home/jlx_75/miniconda3/envs/pvmamba/lib/python3.10/site-packages/requests/__init__.py:109: RequestsDependencyWarning: urllib3 (1.26.13) or chardet (7.2.0)/charset_normalizer (2.1.1) doesn't match a supported version!
  warnings.warn(
[2026-03-25 02:10:34 tiny_cifar100_30ep](main.py 403): INFO Test: [0/79]	Time 15.977 (15.977)	Loss 2.9141 (2.9141)	Acc@1 29.688 (29.688)	Acc@5 59.375 (59.375)	Mem 1205MB
[2026-03-25 02:10:34 tiny_cifar100_30ep](main.py 403): INFO Test: [10/79]	Time 0.035 (1.487)	Loss 3.0156 (3.0210)	Acc@1 31.250 (26.989)	Acc@5 58.594 (57.670)	Mem 1205MB
[2026-03-25 02:10:35 tiny_cifar100_30ep](main.py 403): INFO Test: [20/79]	Time 0.035 (0.796)	Loss 3.0410 (3.0030)	Acc@1 25.781 (27.865)	Acc@5 56.250 (57.812)	Mem 1205MB
[2026-03-25 02:10:35 tiny_cifar100_30ep](main.py 403): INFO Test: [30/79]	Time 0.035 (0.551)	Loss 2.9727 (3.0025)	Acc@1 28.906 (28.251)	Acc@5 57.812 (57.535)	Mem 1205MB
[2026-03-25 02:10:35 tiny_cifar100_30ep](main.py 403): INFO Test: [40/79]	Time 0.035 (0.425)	Loss 2.8672 (2.9997)	Acc@1 35.156 (28.601)	Acc@5 60.938 (57.774)	Mem 1205MB
[2026-03-25 02:10:36 tiny_cifar100_30ep](main.py 403): INFO Test: [50/79]	Time 0.036 (0.349)	Loss 3.1172 (3.0121)	Acc@1 27.344 (27.972)	Acc@5 53.906 (57.690)	Mem 1205MB
[2026-03-25 02:10:36 tiny_cifar100_30ep](main.py 403): INFO Test: [60/79]	Time 0.034 (0.297)	Loss 3.2012 (3.0186)	Acc@1 23.438 (27.818)	Acc@5 53.906 (57.710)	Mem 1205MB
[2026-03-25 02:10:36 tiny_cifar100_30ep](main.py 403): INFO Test: [70/79]	Time 0.034 (0.260)	Loss 3.0176 (3.0164)	Acc@1 28.906 (27.850)	Acc@5 59.375 (57.857)	Mem 1205MB
[2026-03-25 02:10:37 tiny_cifar100_30ep](main.py 410): INFO  * Acc@1 27.920 Acc@5 57.980
[2026-03-25 02:10:37 tiny_cifar100_30ep](main.py 239): INFO Accuracy of the network on the 10000 test images: 27.9%
[2026-03-25 02:10:37 tiny_cifar100_30ep](main.py 247): INFO New max accuracy: 27.92%
[2026-03-25 02:10:37 tiny_cifar100_30ep](utils.py 104): INFO ./output_cifar100_noema_30ep/tiny_cifar100_30ep/20260325020204/best_ckpt.pth saving......
[2026-03-25 02:10:38 tiny_cifar100_30ep](utils.py 106): INFO ./output_cifar100_noema_30ep/tiny_cifar100_30ep/20260325020204/best_ckpt.pth saved !!!
/home/jlx_75/miniconda3/envs/pvmamba/lib/python3.10/site-packages/requests/__init__.py:109: RequestsDependencyWarning: urllib3 (1.26.13) or chardet (7.2.0)/charset_normalizer (2.1.1) doesn't match a supported version!
  warnings.warn(
/home/jlx_75/miniconda3/envs/pvmamba/lib/python3.10/site-packages/requests/__init__.py:109: RequestsDependencyWarning: urllib3 (1.26.13) or chardet (7.2.0)/charset_normalizer (2.1.1) doesn't match a supported version!
  warnings.warn(
/home/jlx_75/miniconda3/envs/pvmamba/lib/python3.10/site-packages/requests/__init__.py:109: RequestsDependencyWarning: urllib3 (1.26.13) or chardet (7.2.0)/charset_normalizer (2.1.1) doesn't match a supported version!
  warnings.warn(
/home/jlx_75/miniconda3/envs/pvmamba/lib/python3.10/site-packages/requests/__init__.py:109: RequestsDependencyWarning: urllib3 (1.26.13) or chardet (7.2.0)/charset_normalizer (2.1.1) doesn't match a supported version!
  warnings.warn(
/home/jlx_75/miniconda3/envs/pvmamba/lib/python3.10/site-packages/requests/__init__.py:109: RequestsDependencyWarning: urllib3 (1.26.13) or chardet (7.2.0)/charset_normalizer (2.1.1) doesn't match a supported version!
  warnings.warn(
/home/jlx_75/miniconda3/envs/pvmamba/lib/python3.10/site-packages/requests/__init__.py:109: RequestsDependencyWarning: urllib3 (1.26.13) or chardet (7.2.0)/charset_normalizer (2.1.1) doesn't match a supported version!
  warnings.warn(
/home/jlx_75/miniconda3/envs/pvmamba/lib/python3.10/site-packages/requests/__init__.py:109: RequestsDependencyWarning: urllib3 (1.26.13) or chardet (7.2.0)/charset_normalizer (2.1.1) doesn't match a supported version!
  warnings.warn(
/home/jlx_75/miniconda3/envs/pvmamba/lib/python3.10/site-packages/requests/__init__.py:109: RequestsDependencyWarning: urllib3 (1.26.13) or chardet (7.2.0)/charset_normalizer (2.1.1) doesn't match a supported version!
  warnings.warn(
[2026-03-25 02:11:00 tiny_cifar100_30ep](main.py 348): INFO Train: [6/30][0/390]	eta 2:18:55 lr 0.000121	 wd 0.0500	time 21.3719 (21.3719)	data time 21.2284 (21.2284)	model time 0.0000 (0.0000)	loss 3.9492 (3.9492)	grad_norm 3.4827 (3.4827)	loss_scale 131072.0000 (131072.0000)	mem 1205MB
[2026-03-25 02:11:01 tiny_cifar100_30ep](main.py 348): INFO Train: [6/30][10/390]	eta 0:12:56 lr 0.000121	 wd 0.0500	time 0.1078 (2.0446)	data time 0.0005 (1.9304)	model time 0.0000 (0.0000)	loss 3.7100 (3.8246)	grad_norm 3.8870 (3.9038)	loss_scale 131072.0000 (131072.0000)	mem 1205MB
[2026-03-25 02:11:02 tiny_cifar100_30ep](main.py 348): INFO Train: [6/30][20/390]	eta 0:06:55 lr 0.000121	 wd 0.0500	time 0.1031 (1.1219)	data time 0.0006 (1.0115)	model time 0.0000 (0.0000)	loss 3.3926 (3.8103)	grad_norm 4.0925 (3.7608)	loss_scale 131072.0000 (131072.0000)	mem 1205MB
[2026-03-25 02:11:03 tiny_cifar100_30ep](main.py 348): INFO Train: [6/30][30/390]	eta 0:04:46 lr 0.000121	 wd 0.0500	time 0.1241 (0.7949)	data time 0.0006 (0.6854)	model time 0.0000 (0.0000)	loss 3.8796 (3.7526)	grad_norm 4.4380 (3.8598)	loss_scale 131072.0000 (131072.0000)	mem 1205MB
[2026-03-25 02:11:04 tiny_cifar100_30ep](main.py 348): INFO Train: [6/30][40/390]	eta 0:03:39 lr 0.000121	 wd 0.0500	time 0.1045 (0.6272)	data time 0.0005 (0.5184)	model time 0.0000 (0.0000)	loss 3.5617 (3.7514)	grad_norm 3.6838 (3.9352)	loss_scale 131072.0000 (131072.0000)	mem 1205MB
[2026-03-25 02:11:05 tiny_cifar100_30ep](main.py 348): INFO Train: [6/30][50/390]	eta 0:02:58 lr 0.000121	 wd 0.0500	time 0.1026 (0.5255)	data time 0.0005 (0.4169)	model time 0.0000 (0.0000)	loss 3.6148 (3.7760)	grad_norm 4.0898 (3.9241)	loss_scale 131072.0000 (131072.0000)	mem 1205MB
[2026-03-25 02:11:06 tiny_cifar100_30ep](main.py 348): INFO Train: [6/30][60/390]	eta 0:02:30 lr 0.000121	 wd 0.0500	time 0.1049 (0.4566)	data time 0.0005 (0.3486)	model time 0.1044 (0.1051)	loss 3.8309 (3.7851)	grad_norm 4.2649 (3.9498)	loss_scale 131072.0000 (131072.0000)	mem 1205MB
[2026-03-25 02:11:07 tiny_cifar100_30ep](main.py 348): INFO Train: [6/30][70/390]	eta 0:02:10 lr 0.000121	 wd 0.0500	time 0.1029 (0.4072)	data time 0.0005 (0.2996)	model time 0.1023 (0.1052)	loss 4.0736 (3.7825)	grad_norm 3.7258 (3.9715)	loss_scale 131072.0000 (131072.0000)	mem 1205MB
[2026-03-25 02:11:08 tiny_cifar100_30ep](main.py 348): INFO Train: [6/30][80/390]	eta 0:01:54 lr 0.000121	 wd 0.0500	time 0.1021 (0.3705)	data time 0.0006 (0.2627)	model time 0.1016 (0.1065)	loss 3.4241 (3.7813)	grad_norm 4.6919 (3.9718)	loss_scale 131072.0000 (131072.0000)	mem 1205MB
[2026-03-25 02:11:10 tiny_cifar100_30ep](main.py 348): INFO Train: [6/30][90/390]	eta 0:01:42 lr 0.000121	 wd 0.0500	time 0.1017 (0.3413)	data time 0.0004 (0.2339)	model time 0.1012 (0.1059)	loss 3.9637 (3.7782)	grad_norm 5.0623 (3.9877)	loss_scale 131072.0000 (131072.0000)	mem 1205MB
[2026-03-25 02:11:11 tiny_cifar100_30ep](main.py 348): INFO Train: [6/30][100/390]	eta 0:01:32 lr 0.000121	 wd 0.0500	time 0.1021 (0.3182)	data time 0.0006 (0.2108)	model time 0.1015 (0.1062)	loss 4.1511 (3.7856)	grad_norm 3.6761 (3.9973)	loss_scale 131072.0000 (131072.0000)	mem 1205MB
[2026-03-25 02:11:12 tiny_cifar100_30ep](main.py 348): INFO Train: [6/30][110/390]	eta 0:01:23 lr 0.000121	 wd 0.0500	time 0.1061 (0.2994)	data time 0.0005 (0.1918)	model time 0.1056 (0.1068)	loss 3.9902 (3.7800)	grad_norm 4.5850 (4.0030)	loss_scale 131072.0000 (131072.0000)	mem 1205MB
[2026-03-25 02:11:13 tiny_cifar100_30ep](main.py 348): INFO Train: [6/30][120/390]	eta 0:01:16 lr 0.000120	 wd 0.0500	time 0.1037 (0.2839)	data time 0.0005 (0.1760)	model time 0.1032 (0.1072)	loss 3.4816 (3.7868)	grad_norm 4.7668 (4.0208)	loss_scale 131072.0000 (131072.0000)	mem 1205MB
[2026-03-25 02:11:14 tiny_cifar100_30ep](main.py 348): INFO Train: [6/30][130/390]	eta 0:01:10 lr 0.000120	 wd 0.0500	time 0.1052 (0.2706)	data time 0.0005 (0.1626)	model time 0.1047 (0.1075)	loss 3.3073 (3.7718)	grad_norm 4.5559 (4.0220)	loss_scale 131072.0000 (131072.0000)	mem 1205MB
[2026-03-25 02:11:15 tiny_cifar100_30ep](main.py 348): INFO Train: [6/30][140/390]	eta 0:01:04 lr 0.000120	 wd 0.0500	time 0.1026 (0.2587)	data time 0.0006 (0.1511)	model time 0.1020 (0.1070)	loss 3.8476 (3.7844)	grad_norm 3.9745 (4.0116)	loss_scale 131072.0000 (131072.0000)	mem 1205MB
[2026-03-25 02:11:16 tiny_cifar100_30ep](main.py 348): INFO Train: [6/30][150/390]	eta 0:00:59 lr 0.000120	 wd 0.0500	time 0.1022 (0.2486)	data time 0.0006 (0.1412)	model time 0.1016 (0.1068)	loss 3.9864 (3.7920)	grad_norm 3.7855 (4.0037)	loss_scale 131072.0000 (131072.0000)	mem 1205MB
[2026-03-25 02:11:17 tiny_cifar100_30ep](main.py 348): INFO Train: [6/30][160/390]	eta 0:00:55 lr 0.000120	 wd 0.0500	time 0.1021 (0.2395)	data time 0.0005 (0.1324)	model time 0.1016 (0.1064)	loss 3.8469 (3.8056)	grad_norm 3.7198 (4.0074)	loss_scale 131072.0000 (131072.0000)	mem 1205MB
[2026-03-25 02:11:18 tiny_cifar100_30ep](main.py 348): INFO Train: [6/30][170/390]	eta 0:00:51 lr 0.000120	 wd 0.0500	time 0.1085 (0.2323)	data time 0.0005 (0.1247)	model time 0.1080 (0.1071)	loss 3.5920 (3.8002)	grad_norm 3.8907 (4.0061)	loss_scale 131072.0000 (131072.0000)	mem 1205MB
[2026-03-25 02:11:19 tiny_cifar100_30ep](main.py 348): INFO Train: [6/30][180/390]	eta 0:00:47 lr 0.000120	 wd 0.0500	time 0.1023 (0.2253)	data time 0.0007 (0.1179)	model time 0.1016 (0.1070)	loss 4.1564 (3.7999)	grad_norm 3.7093 (4.0106)	loss_scale 131072.0000 (131072.0000)	mem 1205MB
[2026-03-25 02:11:20 tiny_cifar100_30ep](main.py 348): INFO Train: [6/30][190/390]	eta 0:00:43 lr 0.000120	 wd 0.0500	time 0.1024 (0.2191)	data time 0.0005 (0.1117)	model time 0.1019 (0.1069)	loss 3.9069 (3.8003)	grad_norm 4.0832 (4.0067)	loss_scale 131072.0000 (131072.0000)	mem 1205MB
[2026-03-25 02:11:21 tiny_cifar100_30ep](main.py 348): INFO Train: [6/30][200/390]	eta 0:00:40 lr 0.000120	 wd 0.0500	time 0.1114 (0.2138)	data time 0.0005 (0.1062)	model time 0.1109 (0.1073)	loss 3.4694 (3.8014)	grad_norm 4.0015 (4.0125)	loss_scale 131072.0000 (131072.0000)	mem 1205MB
[2026-03-25 02:11:23 tiny_cifar100_30ep](main.py 348): INFO Train: [6/30][210/390]	eta 0:00:37 lr 0.000120	 wd 0.0500	time 0.1020 (0.2088)	data time 0.0005 (0.1012)	model time 0.1015 (0.1073)	loss 4.2152 (3.8017)	grad_norm 3.6991 (4.0083)	loss_scale 131072.0000 (131072.0000)	mem 1205MB
[2026-03-25 02:11:24 tiny_cifar100_30ep](main.py 348): INFO Train: [6/30][220/390]	eta 0:00:34 lr 0.000120	 wd 0.0500	time 0.1097 (0.2042)	data time 0.0007 (0.0966)	model time 0.1090 (0.1073)	loss 3.8814 (3.8036)	grad_norm 3.8614 (inf)	loss_scale 65536.0000 (128699.6561)	mem 1205MB
[2026-03-25 02:11:25 tiny_cifar100_30ep](main.py 348): INFO Train: [6/30][230/390]	eta 0:00:32 lr 0.000120	 wd 0.0500	time 0.1019 (0.2001)	data time 0.0005 (0.0925)	model time 0.1014 (0.1074)	loss 3.4224 (3.8038)	grad_norm 4.8982 (inf)	loss_scale 65536.0000 (125965.2987)	mem 1205MB
[2026-03-25 02:11:26 tiny_cifar100_30ep](main.py 348): INFO Train: [6/30][240/390]	eta 0:00:29 lr 0.000120	 wd 0.0500	time 0.1117 (0.1961)	data time 0.0004 (0.0887)	model time 0.1113 (0.1071)	loss 3.7870 (3.8080)	grad_norm 4.2821 (inf)	loss_scale 65536.0000 (123457.8589)	mem 1205MB
[2026-03-25 02:11:27 tiny_cifar100_30ep](main.py 348): INFO Train: [6/30][250/390]	eta 0:00:26 lr 0.000120	 wd 0.0500	time 0.1051 (0.1925)	data time 0.0005 (0.0852)	model time 0.1046 (0.1070)	loss 4.0791 (3.8113)	grad_norm 4.6074 (inf)	loss_scale 65536.0000 (121150.2151)	mem 1205MB
[2026-03-25 02:11:28 tiny_cifar100_30ep](main.py 348): INFO Train: [6/30][260/390]	eta 0:00:24 lr 0.000119	 wd 0.0500	time 0.1027 (0.1890)	data time 0.0005 (0.0819)	model time 0.1022 (0.1068)	loss 4.3837 (3.8197)	grad_norm 3.2775 (inf)	loss_scale 65536.0000 (119019.4023)	mem 1205MB
[2026-03-25 02:11:29 tiny_cifar100_30ep](main.py 348): INFO Train: [6/30][270/390]	eta 0:00:22 lr 0.000119	 wd 0.0500	time 0.1025 (0.1860)	data time 0.0005 (0.0789)	model time 0.1020 (0.1067)	loss 3.8922 (3.8266)	grad_norm 4.3002 (inf)	loss_scale 65536.0000 (117045.8450)	mem 1205MB
[2026-03-25 02:11:30 tiny_cifar100_30ep](main.py 348): INFO Train: [6/30][280/390]	eta 0:00:20 lr 0.000119	 wd 0.0500	time 0.1032 (0.1832)	data time 0.0006 (0.0761)	model time 0.1026 (0.1067)	loss 3.5891 (3.8322)	grad_norm 4.1080 (inf)	loss_scale 65536.0000 (115212.7544)	mem 1205MB
[2026-03-25 02:11:31 tiny_cifar100_30ep](main.py 348): INFO Train: [6/30][290/390]	eta 0:00:18 lr 0.000119	 wd 0.0500	time 0.1169 (0.1806)	data time 0.0005 (0.0735)	model time 0.1164 (0.1067)	loss 4.3425 (3.8332)	grad_norm 3.9525 (inf)	loss_scale 65536.0000 (113505.6495)	mem 1205MB
[2026-03-25 02:11:32 tiny_cifar100_30ep](main.py 348): INFO Train: [6/30][300/390]	eta 0:00:16 lr 0.000119	 wd 0.0500	time 0.1019 (0.1781)	data time 0.0005 (0.0711)	model time 0.1014 (0.1067)	loss 3.9143 (3.8297)	grad_norm 3.8242 (inf)	loss_scale 65536.0000 (111911.9734)	mem 1205MB
[2026-03-25 02:11:33 tiny_cifar100_30ep](main.py 348): INFO Train: [6/30][310/390]	eta 0:00:14 lr 0.000119	 wd 0.0500	time 0.1026 (0.1758)	data time 0.0006 (0.0688)	model time 0.1020 (0.1066)	loss 4.0508 (3.8276)	grad_norm 3.5701 (inf)	loss_scale 65536.0000 (110420.7846)	mem 1205MB
[2026-03-25 02:11:34 tiny_cifar100_30ep](main.py 348): INFO Train: [6/30][320/390]	eta 0:00:12 lr 0.000119	 wd 0.0500	time 0.1051 (0.1736)	data time 0.0007 (0.0667)	model time 0.1043 (0.1066)	loss 4.2123 (3.8256)	grad_norm 3.5132 (inf)	loss_scale 65536.0000 (109022.5047)	mem 1205MB
[2026-03-25 02:11:35 tiny_cifar100_30ep](main.py 348): INFO Train: [6/30][330/390]	eta 0:00:10 lr 0.000119	 wd 0.0500	time 0.1153 (0.1717)	data time 0.0007 (0.0647)	model time 0.1146 (0.1067)	loss 4.0729 (3.8225)	grad_norm 4.1635 (inf)	loss_scale 65536.0000 (107708.7130)	mem 1205MB
[2026-03-25 02:11:36 tiny_cifar100_30ep](main.py 348): INFO Train: [6/30][340/390]	eta 0:00:08 lr 0.000119	 wd 0.0500	time 0.1049 (0.1700)	data time 0.0006 (0.0628)	model time 0.1044 (0.1069)	loss 3.5422 (3.8203)	grad_norm 3.7525 (inf)	loss_scale 65536.0000 (106471.9765)	mem 1205MB
[2026-03-25 02:11:37 tiny_cifar100_30ep](main.py 348): INFO Train: [6/30][350/390]	eta 0:00:06 lr 0.000119	 wd 0.0500	time 0.1022 (0.1681)	data time 0.0006 (0.0611)	model time 0.1016 (0.1068)	loss 3.9069 (3.8212)	grad_norm 4.0387 (inf)	loss_scale 65536.0000 (105305.7094)	mem 1205MB
[2026-03-25 02:11:39 tiny_cifar100_30ep](main.py 348): INFO Train: [6/30][360/390]	eta 0:00:04 lr 0.000119	 wd 0.0500	time 0.1023 (0.1664)	data time 0.0006 (0.0594)	model time 0.1017 (0.1067)	loss 3.1810 (3.8193)	grad_norm 4.8699 (inf)	loss_scale 65536.0000 (104204.0554)	mem 1205MB
[2026-03-25 02:11:40 tiny_cifar100_30ep](main.py 348): INFO Train: [6/30][370/390]	eta 0:00:03 lr 0.000119	 wd 0.0500	time 0.1058 (0.1647)	data time 0.0006 (0.0578)	model time 0.1052 (0.1066)	loss 3.6977 (3.8201)	grad_norm 4.3700 (inf)	loss_scale 65536.0000 (103161.7898)	mem 1205MB
[2026-03-25 02:11:41 tiny_cifar100_30ep](main.py 348): INFO Train: [6/30][380/390]	eta 0:00:01 lr 0.000119	 wd 0.0500	time 0.1016 (0.1631)	data time 0.0004 (0.0563)	model time 0.1012 (0.1065)	loss 4.0922 (3.8222)	grad_norm 3.6085 (inf)	loss_scale 65536.0000 (102174.2362)	mem 1205MB
[2026-03-25 02:11:42 tiny_cifar100_30ep](main.py 359): INFO EPOCH 6 training takes 0:01:03
[2026-03-25 02:11:42 tiny_cifar100_30ep](utils.py 104): INFO ./output_cifar100_noema_30ep/tiny_cifar100_30ep/20260325020204/latest_ckpt.pth saving......
[2026-03-25 02:11:43 tiny_cifar100_30ep](utils.py 106): INFO ./output_cifar100_noema_30ep/tiny_cifar100_30ep/20260325020204/latest_ckpt.pth saved !!!
/home/jlx_75/miniconda3/envs/pvmamba/lib/python3.10/site-packages/requests/__init__.py:109: RequestsDependencyWarning: urllib3 (1.26.13) or chardet (7.2.0)/charset_normalizer (2.1.1) doesn't match a supported version!
  warnings.warn(
/home/jlx_75/miniconda3/envs/pvmamba/lib/python3.10/site-packages/requests/__init__.py:109: RequestsDependencyWarning: urllib3 (1.26.13) or chardet (7.2.0)/charset_normalizer (2.1.1) doesn't match a supported version!
  warnings.warn(
/home/jlx_75/miniconda3/envs/pvmamba/lib/python3.10/site-packages/requests/__init__.py:109: RequestsDependencyWarning: urllib3 (1.26.13) or chardet (7.2.0)/charset_normalizer (2.1.1) doesn't match a supported version!
  warnings.warn(
/home/jlx_75/miniconda3/envs/pvmamba/lib/python3.10/site-packages/requests/__init__.py:109: RequestsDependencyWarning: urllib3 (1.26.13) or chardet (7.2.0)/charset_normalizer (2.1.1) doesn't match a supported version!
  warnings.warn(
/home/jlx_75/miniconda3/envs/pvmamba/lib/python3.10/site-packages/requests/__init__.py:109: RequestsDependencyWarning: urllib3 (1.26.13) or chardet (7.2.0)/charset_normalizer (2.1.1) doesn't match a supported version!
  warnings.warn(
/home/jlx_75/miniconda3/envs/pvmamba/lib/python3.10/site-packages/requests/__init__.py:109: RequestsDependencyWarning: urllib3 (1.26.13) or chardet (7.2.0)/charset_normalizer (2.1.1) doesn't match a supported version!
  warnings.warn(
/home/jlx_75/miniconda3/envs/pvmamba/lib/python3.10/site-packages/requests/__init__.py:109: RequestsDependencyWarning: urllib3 (1.26.13) or chardet (7.2.0)/charset_normalizer (2.1.1) doesn't match a supported version!
  warnings.warn(
/home/jlx_75/miniconda3/envs/pvmamba/lib/python3.10/site-packages/requests/__init__.py:109: RequestsDependencyWarning: urllib3 (1.26.13) or chardet (7.2.0)/charset_normalizer (2.1.1) doesn't match a supported version!
  warnings.warn(
[2026-03-25 02:11:58 tiny_cifar100_30ep](main.py 403): INFO Test: [0/79]	Time 14.926 (14.926)	Loss 2.8828 (2.8828)	Acc@1 28.125 (28.125)	Acc@5 57.812 (57.812)	Mem 1205MB
[2026-03-25 02:11:58 tiny_cifar100_30ep](main.py 403): INFO Test: [10/79]	Time 0.036 (1.389)	Loss 3.0059 (2.9989)	Acc@1 29.688 (28.196)	Acc@5 62.500 (58.807)	Mem 1205MB
[2026-03-25 02:11:59 tiny_cifar100_30ep](main.py 403): INFO Test: [20/79]	Time 0.036 (0.745)	Loss 3.0508 (2.9931)	Acc@1 27.344 (28.125)	Acc@5 61.719 (58.891)	Mem 1205MB
[2026-03-25 02:11:59 tiny_cifar100_30ep](main.py 403): INFO Test: [30/79]	Time 0.036 (0.516)	Loss 2.9023 (2.9883)	Acc@1 30.469 (28.276)	Acc@5 56.250 (58.795)	Mem 1205MB
[2026-03-25 02:11:59 tiny_cifar100_30ep](main.py 403): INFO Test: [40/79]	Time 0.036 (0.399)	Loss 2.9043 (2.9898)	Acc@1 32.031 (28.239)	Acc@5 57.812 (58.822)	Mem 1205MB
[2026-03-25 02:12:00 tiny_cifar100_30ep](main.py 403): INFO Test: [50/79]	Time 0.036 (0.328)	Loss 2.9883 (2.9907)	Acc@1 28.906 (28.033)	Acc@5 58.594 (58.839)	Mem 1205MB
[2026-03-25 02:12:00 tiny_cifar100_30ep](main.py 403): INFO Test: [60/79]	Time 0.035 (0.280)	Loss 3.1133 (2.9929)	Acc@1 28.906 (28.317)	Acc@5 60.156 (58.747)	Mem 1205MB
[2026-03-25 02:12:01 tiny_cifar100_30ep](main.py 403): INFO Test: [70/79]	Time 0.034 (0.245)	Loss 3.0566 (2.9933)	Acc@1 25.781 (28.521)	Acc@5 53.125 (58.869)	Mem 1205MB
[2026-03-25 02:12:01 tiny_cifar100_30ep](main.py 410): INFO  * Acc@1 28.400 Acc@5 58.880
[2026-03-25 02:12:01 tiny_cifar100_30ep](main.py 239): INFO Accuracy of the network on the 10000 test images: 28.4%
[2026-03-25 02:12:01 tiny_cifar100_30ep](main.py 247): INFO New max accuracy: 28.40%
[2026-03-25 02:12:01 tiny_cifar100_30ep](utils.py 104): INFO ./output_cifar100_noema_30ep/tiny_cifar100_30ep/20260325020204/best_ckpt.pth saving......
[2026-03-25 02:12:02 tiny_cifar100_30ep](utils.py 106): INFO ./output_cifar100_noema_30ep/tiny_cifar100_30ep/20260325020204/best_ckpt.pth saved !!!
/home/jlx_75/miniconda3/envs/pvmamba/lib/python3.10/site-packages/requests/__init__.py:109: RequestsDependencyWarning: urllib3 (1.26.13) or chardet (7.2.0)/charset_normalizer (2.1.1) doesn't match a supported version!
  warnings.warn(
/home/jlx_75/miniconda3/envs/pvmamba/lib/python3.10/site-packages/requests/__init__.py:109: RequestsDependencyWarning: urllib3 (1.26.13) or chardet (7.2.0)/charset_normalizer (2.1.1) doesn't match a supported version!
  warnings.warn(
/home/jlx_75/miniconda3/envs/pvmamba/lib/python3.10/site-packages/requests/__init__.py:109: RequestsDependencyWarning: urllib3 (1.26.13) or chardet (7.2.0)/charset_normalizer (2.1.1) doesn't match a supported version!
  warnings.warn(
/home/jlx_75/miniconda3/envs/pvmamba/lib/python3.10/site-packages/requests/__init__.py:109: RequestsDependencyWarning: urllib3 (1.26.13) or chardet (7.2.0)/charset_normalizer (2.1.1) doesn't match a supported version!
  warnings.warn(
/home/jlx_75/miniconda3/envs/pvmamba/lib/python3.10/site-packages/requests/__init__.py:109: RequestsDependencyWarning: urllib3 (1.26.13) or chardet (7.2.0)/charset_normalizer (2.1.1) doesn't match a supported version!
  warnings.warn(
/home/jlx_75/miniconda3/envs/pvmamba/lib/python3.10/site-packages/requests/__init__.py:109: RequestsDependencyWarning: urllib3 (1.26.13) or chardet (7.2.0)/charset_normalizer (2.1.1) doesn't match a supported version!
  warnings.warn(
/home/jlx_75/miniconda3/envs/pvmamba/lib/python3.10/site-packages/requests/__init__.py:109: RequestsDependencyWarning: urllib3 (1.26.13) or chardet (7.2.0)/charset_normalizer (2.1.1) doesn't match a supported version!
  warnings.warn(
/home/jlx_75/miniconda3/envs/pvmamba/lib/python3.10/site-packages/requests/__init__.py:109: RequestsDependencyWarning: urllib3 (1.26.13) or chardet (7.2.0)/charset_normalizer (2.1.1) doesn't match a supported version!
  warnings.warn(
[2026-03-25 02:12:23 tiny_cifar100_30ep](main.py 348): INFO Train: [7/30][0/390]	eta 2:17:30 lr 0.000118	 wd 0.0500	time 21.1539 (21.1539)	data time 21.0283 (21.0283)	model time 0.0000 (0.0000)	loss 3.2417 (3.2417)	grad_norm 4.0659 (4.0659)	loss_scale 65536.0000 (65536.0000)	mem 1205MB
[2026-03-25 02:12:25 tiny_cifar100_30ep](main.py 348): INFO Train: [7/30][10/390]	eta 0:12:48 lr 0.000118	 wd 0.0500	time 0.1058 (2.0218)	data time 0.0006 (1.9123)	model time 0.0000 (0.0000)	loss 3.5409 (3.7673)	grad_norm 3.8961 (4.0210)	loss_scale 65536.0000 (65536.0000)	mem 1205MB
[2026-03-25 02:12:26 tiny_cifar100_30ep](main.py 348): INFO Train: [7/30][20/390]	eta 0:06:50 lr 0.000118	 wd 0.0500	time 0.1053 (1.1093)	data time 0.0007 (1.0020)	model time 0.0000 (0.0000)	loss 3.9798 (3.8501)	grad_norm 3.5977 (3.9219)	loss_scale 65536.0000 (65536.0000)	mem 1205MB
[2026-03-25 02:12:27 tiny_cifar100_30ep](main.py 348): INFO Train: [7/30][30/390]	eta 0:04:42 lr 0.000118	 wd 0.0500	time 0.1051 (0.7853)	data time 0.0006 (0.6789)	model time 0.0000 (0.0000)	loss 3.6695 (3.8199)	grad_norm 3.8393 (4.0181)	loss_scale 65536.0000 (65536.0000)	mem 1205MB
[2026-03-25 02:12:28 tiny_cifar100_30ep](main.py 348): INFO Train: [7/30][40/390]	eta 0:03:36 lr 0.000118	 wd 0.0500	time 0.1048 (0.6194)	data time 0.0007 (0.5135)	model time 0.0000 (0.0000)	loss 4.1679 (3.8322)	grad_norm 3.3952 (4.0064)	loss_scale 65536.0000 (65536.0000)	mem 1205MB
[2026-03-25 02:12:29 tiny_cifar100_30ep](main.py 348): INFO Train: [7/30][50/390]	eta 0:02:56 lr 0.000118	 wd 0.0500	time 0.1047 (0.5202)	data time 0.0006 (0.4129)	model time 0.0000 (0.0000)	loss 3.6262 (3.8241)	grad_norm 3.8360 (4.0353)	loss_scale 65536.0000 (65536.0000)	mem 1205MB
[2026-03-25 02:12:30 tiny_cifar100_30ep](main.py 348): INFO Train: [7/30][60/390]	eta 0:02:29 lr 0.000118	 wd 0.0500	time 0.1072 (0.4527)	data time 0.0007 (0.3453)	model time 0.1065 (0.1082)	loss 3.4021 (3.7776)	grad_norm 4.2315 (4.0779)	loss_scale 65536.0000 (65536.0000)	mem 1205MB
[2026-03-25 02:12:31 tiny_cifar100_30ep](main.py 348): INFO Train: [7/30][70/390]	eta 0:02:09 lr 0.000118	 wd 0.0500	time 0.1029 (0.4037)	data time 0.0005 (0.2968)	model time 0.1025 (0.1061)	loss 4.0798 (3.7953)	grad_norm 4.6143 (4.1030)	loss_scale 65536.0000 (65536.0000)	mem 1205MB
[2026-03-25 02:12:32 tiny_cifar100_30ep](main.py 348): INFO Train: [7/30][80/390]	eta 0:01:53 lr 0.000118	 wd 0.0500	time 0.1029 (0.3668)	data time 0.0007 (0.2602)	model time 0.1022 (0.1054)	loss 3.8403 (3.8101)	grad_norm 3.9502 (4.0985)	loss_scale 65536.0000 (65536.0000)	mem 1205MB
[2026-03-25 02:12:33 tiny_cifar100_30ep](main.py 348): INFO Train: [7/30][90/390]	eta 0:01:41 lr 0.000118	 wd 0.0500	time 0.1056 (0.3384)	data time 0.0004 (0.2317)	model time 0.1051 (0.1060)	loss 3.1955 (3.8118)	grad_norm 4.3597 (4.0745)	loss_scale 65536.0000 (65536.0000)	mem 1205MB
[2026-03-25 02:12:34 tiny_cifar100_30ep](main.py 348): INFO Train: [7/30][100/390]	eta 0:01:31 lr 0.000118	 wd 0.0500	time 0.1027 (0.3152)	data time 0.0005 (0.2088)	model time 0.1022 (0.1056)	loss 3.9771 (3.8029)	grad_norm 4.5009 (4.0897)	loss_scale 65536.0000 (65536.0000)	mem 1205MB
[2026-03-25 02:12:35 tiny_cifar100_30ep](main.py 348): INFO Train: [7/30][110/390]	eta 0:01:22 lr 0.000117	 wd 0.0500	time 0.1030 (0.2963)	data time 0.0006 (0.1901)	model time 0.1024 (0.1053)	loss 3.1872 (3.7755)	grad_norm 4.4703 (4.1210)	loss_scale 65536.0000 (65536.0000)	mem 1205MB
[2026-03-25 02:12:36 tiny_cifar100_30ep](main.py 348): INFO Train: [7/30][120/390]	eta 0:01:15 lr 0.000117	 wd 0.0500	time 0.1028 (0.2806)	data time 0.0006 (0.1744)	model time 0.1023 (0.1055)	loss 3.7894 (3.7913)	grad_norm 3.8749 (4.1134)	loss_scale 65536.0000 (65536.0000)	mem 1205MB
[2026-03-25 02:12:37 tiny_cifar100_30ep](main.py 348): INFO Train: [7/30][130/390]	eta 0:01:09 lr 0.000117	 wd 0.0500	time 0.1029 (0.2673)	data time 0.0005 (0.1611)	model time 0.1023 (0.1055)	loss 3.9702 (3.7972)	grad_norm 3.8476 (4.1076)	loss_scale 65536.0000 (65536.0000)	mem 1205MB
[2026-03-25 02:12:38 tiny_cifar100_30ep](main.py 348): INFO Train: [7/30][140/390]	eta 0:01:04 lr 0.000117	 wd 0.0500	time 0.1031 (0.2561)	data time 0.0007 (0.1498)	model time 0.1025 (0.1058)	loss 3.2080 (3.8119)	grad_norm 4.4326 (4.0908)	loss_scale 65536.0000 (65536.0000)	mem 1205MB
[2026-03-25 02:12:40 tiny_cifar100_30ep](main.py 348): INFO Train: [7/30][150/390]	eta 0:00:59 lr 0.000117	 wd 0.0500	time 0.1157 (0.2464)	data time 0.0005 (0.1399)	model time 0.1151 (0.1062)	loss 3.8043 (3.8128)	grad_norm 3.6244 (4.0741)	loss_scale 65536.0000 (65536.0000)	mem 1205MB
[2026-03-25 02:12:41 tiny_cifar100_30ep](main.py 348): INFO Train: [7/30][160/390]	eta 0:00:54 lr 0.000117	 wd 0.0500	time 0.1027 (0.2376)	data time 0.0006 (0.1312)	model time 0.1021 (0.1059)	loss 3.6627 (3.8112)	grad_norm 4.1182 (4.0656)	loss_scale 65536.0000 (65536.0000)	mem 1205MB
[2026-03-25 02:12:42 tiny_cifar100_30ep](main.py 348): INFO Train: [7/30][170/390]	eta 0:00:50 lr 0.000117	 wd 0.0500	time 0.1157 (0.2302)	data time 0.0006 (0.1236)	model time 0.1151 (0.1064)	loss 4.1778 (3.8060)	grad_norm 3.6780 (4.0733)	loss_scale 65536.0000 (65536.0000)	mem 1205MB
[2026-03-25 02:12:43 tiny_cifar100_30ep](main.py 348): INFO Train: [7/30][180/390]	eta 0:00:46 lr 0.000117	 wd 0.0500	time 0.1064 (0.2235)	data time 0.0005 (0.1168)	model time 0.1059 (0.1064)	loss 3.4003 (3.7974)	grad_norm 4.5952 (4.0820)	loss_scale 65536.0000 (65536.0000)	mem 1205MB
[2026-03-25 02:12:44 tiny_cifar100_30ep](main.py 348): INFO Train: [7/30][190/390]	eta 0:00:43 lr 0.000117	 wd 0.0500	time 0.1029 (0.2173)	data time 0.0006 (0.1107)	model time 0.1023 (0.1064)	loss 3.8821 (3.7946)	grad_norm 4.0922 (4.0938)	loss_scale 65536.0000 (65536.0000)	mem 1205MB
[2026-03-25 02:12:45 tiny_cifar100_30ep](main.py 348): INFO Train: [7/30][200/390]	eta 0:00:40 lr 0.000117	 wd 0.0500	time 0.1109 (0.2120)	data time 0.0006 (0.1052)	model time 0.1102 (0.1066)	loss 3.9775 (3.7888)	grad_norm 3.9578 (4.0944)	loss_scale 65536.0000 (65536.0000)	mem 1205MB
[2026-03-25 02:12:46 tiny_cifar100_30ep](main.py 348): INFO Train: [7/30][210/390]	eta 0:00:37 lr 0.000117	 wd 0.0500	time 0.1173 (0.2071)	data time 0.0005 (0.1003)	model time 0.1167 (0.1067)	loss 4.1800 (3.7942)	grad_norm 4.3019 (4.0964)	loss_scale 65536.0000 (65536.0000)	mem 1205MB
[2026-03-25 02:12:47 tiny_cifar100_30ep](main.py 348): INFO Train: [7/30][220/390]	eta 0:00:34 lr 0.000116	 wd 0.0500	time 0.1025 (0.2026)	data time 0.0005 (0.0958)	model time 0.1020 (0.1067)	loss 3.3333 (3.7872)	grad_norm 5.1000 (4.1065)	loss_scale 65536.0000 (65536.0000)	mem 1205MB
[2026-03-25 02:12:48 tiny_cifar100_30ep](main.py 348): INFO Train: [7/30][230/390]	eta 0:00:31 lr 0.000116	 wd 0.0500	time 0.1063 (0.1984)	data time 0.0006 (0.0916)	model time 0.1058 (0.1066)	loss 3.7848 (3.7814)	grad_norm 3.7499 (4.0987)	loss_scale 65536.0000 (65536.0000)	mem 1205MB
[2026-03-25 02:12:49 tiny_cifar100_30ep](main.py 348): INFO Train: [7/30][240/390]	eta 0:00:29 lr 0.000116	 wd 0.0500	time 0.1047 (0.1947)	data time 0.0006 (0.0879)	model time 0.1041 (0.1068)	loss 3.7757 (3.7720)	grad_norm 4.6684 (4.1018)	loss_scale 65536.0000 (65536.0000)	mem 1205MB
[2026-03-25 02:12:50 tiny_cifar100_30ep](main.py 348): INFO Train: [7/30][250/390]	eta 0:00:26 lr 0.000116	 wd 0.0500	time 0.1207 (0.1914)	data time 0.0005 (0.0844)	model time 0.1202 (0.1070)	loss 3.9148 (3.7667)	grad_norm 3.6610 (4.1090)	loss_scale 65536.0000 (65536.0000)	mem 1205MB
[2026-03-25 02:12:52 tiny_cifar100_30ep](main.py 348): INFO Train: [7/30][260/390]	eta 0:00:24 lr 0.000116	 wd 0.0500	time 0.1148 (0.1886)	data time 0.0006 (0.0812)	model time 0.1142 (0.1075)	loss 3.9906 (3.7627)	grad_norm 4.2093 (4.1124)	loss_scale 65536.0000 (65536.0000)	mem 1205MB
[2026-03-25 02:12:53 tiny_cifar100_30ep](main.py 348): INFO Train: [7/30][270/390]	eta 0:00:22 lr 0.000116	 wd 0.0500	time 0.1154 (0.1859)	data time 0.0005 (0.0782)	model time 0.1149 (0.1078)	loss 3.9867 (3.7638)	grad_norm 3.6443 (4.1063)	loss_scale 65536.0000 (65536.0000)	mem 1205MB
[2026-03-25 02:12:54 tiny_cifar100_30ep](main.py 348): INFO Train: [7/30][280/390]	eta 0:00:20 lr 0.000116	 wd 0.0500	time 0.1292 (0.1835)	data time 0.0007 (0.0754)	model time 0.1285 (0.1083)	loss 3.9467 (3.7682)	grad_norm 3.7237 (4.1064)	loss_scale 65536.0000 (65536.0000)	mem 1205MB
[2026-03-25 02:12:55 tiny_cifar100_30ep](main.py 348): INFO Train: [7/30][290/390]	eta 0:00:18 lr 0.000116	 wd 0.0500	time 0.1162 (0.1812)	data time 0.0005 (0.0729)	model time 0.1157 (0.1086)	loss 3.3798 (3.7628)	grad_norm 4.4899 (4.1197)	loss_scale 65536.0000 (65536.0000)	mem 1205MB
[2026-03-25 02:12:56 tiny_cifar100_30ep](main.py 348): INFO Train: [7/30][300/390]	eta 0:00:16 lr 0.000116	 wd 0.0500	time 0.1150 (0.1790)	data time 0.0007 (0.0705)	model time 0.1143 (0.1088)	loss 4.3050 (3.7610)	grad_norm 3.3483 (4.1338)	loss_scale 65536.0000 (65536.0000)	mem 1205MB
[2026-03-25 02:12:57 tiny_cifar100_30ep](main.py 348): INFO Train: [7/30][310/390]	eta 0:00:14 lr 0.000116	 wd 0.0500	time 0.1151 (0.1771)	data time 0.0005 (0.0682)	model time 0.1146 (0.1092)	loss 3.3680 (3.7602)	grad_norm 4.1717 (4.1392)	loss_scale 65536.0000 (65536.0000)	mem 1205MB
[2026-03-25 02:12:59 tiny_cifar100_30ep](main.py 348): INFO Train: [7/30][320/390]	eta 0:00:12 lr 0.000116	 wd 0.0500	time 0.1148 (0.1753)	data time 0.0005 (0.0661)	model time 0.1143 (0.1095)	loss 3.6918 (3.7531)	grad_norm 3.9741 (4.1473)	loss_scale 65536.0000 (65536.0000)	mem 1205MB
[2026-03-25 02:13:00 tiny_cifar100_30ep](main.py 348): INFO Train: [7/30][330/390]	eta 0:00:10 lr 0.000115	 wd 0.0500	time 0.1190 (0.1735)	data time 0.0005 (0.0641)	model time 0.1185 (0.1098)	loss 3.7167 (3.7540)	grad_norm 4.0408 (4.1571)	loss_scale 65536.0000 (65536.0000)	mem 1205MB
[2026-03-25 02:13:01 tiny_cifar100_30ep](main.py 348): INFO Train: [7/30][340/390]	eta 0:00:08 lr 0.000115	 wd 0.0500	time 0.1149 (0.1719)	data time 0.0008 (0.0623)	model time 0.1141 (0.1101)	loss 3.7076 (3.7542)	grad_norm 4.4299 (4.1683)	loss_scale 65536.0000 (65536.0000)	mem 1205MB
[2026-03-25 02:13:02 tiny_cifar100_30ep](main.py 348): INFO Train: [7/30][350/390]	eta 0:00:06 lr 0.000115	 wd 0.0500	time 0.1150 (0.1703)	data time 0.0005 (0.0605)	model time 0.1144 (0.1102)	loss 3.3096 (3.7465)	grad_norm 5.0099 (4.1802)	loss_scale 65536.0000 (65536.0000)	mem 1205MB
[2026-03-25 02:13:03 tiny_cifar100_30ep](main.py 348): INFO Train: [7/30][360/390]	eta 0:00:05 lr 0.000115	 wd 0.0500	time 0.1138 (0.1690)	data time 0.0007 (0.0589)	model time 0.1131 (0.1106)	loss 4.1049 (3.7418)	grad_norm 3.7911 (4.1981)	loss_scale 65536.0000 (65536.0000)	mem 1205MB
[2026-03-25 02:13:05 tiny_cifar100_30ep](main.py 348): INFO Train: [7/30][370/390]	eta 0:00:03 lr 0.000115	 wd 0.0500	time 0.1159 (0.1676)	data time 0.0005 (0.0573)	model time 0.1154 (0.1108)	loss 3.4632 (3.7427)	grad_norm 4.4220 (4.1948)	loss_scale 65536.0000 (65536.0000)	mem 1205MB
[2026-03-25 02:13:06 tiny_cifar100_30ep](main.py 348): INFO Train: [7/30][380/390]	eta 0:00:01 lr 0.000115	 wd 0.0500	time 0.1144 (0.1662)	data time 0.0003 (0.0558)	model time 0.1141 (0.1109)	loss 3.3657 (3.7469)	grad_norm 3.7712 (4.1875)	loss_scale 65536.0000 (65536.0000)	mem 1205MB
[2026-03-25 02:13:07 tiny_cifar100_30ep](main.py 359): INFO EPOCH 7 training takes 0:01:05
[2026-03-25 02:13:07 tiny_cifar100_30ep](utils.py 104): INFO ./output_cifar100_noema_30ep/tiny_cifar100_30ep/20260325020204/latest_ckpt.pth saving......
[2026-03-25 02:13:09 tiny_cifar100_30ep](utils.py 106): INFO ./output_cifar100_noema_30ep/tiny_cifar100_30ep/20260325020204/latest_ckpt.pth saved !!!
/home/jlx_75/miniconda3/envs/pvmamba/lib/python3.10/site-packages/requests/__init__.py:109: RequestsDependencyWarning: urllib3 (1.26.13) or chardet (7.2.0)/charset_normalizer (2.1.1) doesn't match a supported version!
  warnings.warn(
/home/jlx_75/miniconda3/envs/pvmamba/lib/python3.10/site-packages/requests/__init__.py:109: RequestsDependencyWarning: urllib3 (1.26.13) or chardet (7.2.0)/charset_normalizer (2.1.1) doesn't match a supported version!
  warnings.warn(
/home/jlx_75/miniconda3/envs/pvmamba/lib/python3.10/site-packages/requests/__init__.py:109: RequestsDependencyWarning: urllib3 (1.26.13) or chardet (7.2.0)/charset_normalizer (2.1.1) doesn't match a supported version!
  warnings.warn(
/home/jlx_75/miniconda3/envs/pvmamba/lib/python3.10/site-packages/requests/__init__.py:109: RequestsDependencyWarning: urllib3 (1.26.13) or chardet (7.2.0)/charset_normalizer (2.1.1) doesn't match a supported version!
  warnings.warn(
/home/jlx_75/miniconda3/envs/pvmamba/lib/python3.10/site-packages/requests/__init__.py:109: RequestsDependencyWarning: urllib3 (1.26.13) or chardet (7.2.0)/charset_normalizer (2.1.1) doesn't match a supported version!
  warnings.warn(
/home/jlx_75/miniconda3/envs/pvmamba/lib/python3.10/site-packages/requests/__init__.py:109: RequestsDependencyWarning: urllib3 (1.26.13) or chardet (7.2.0)/charset_normalizer (2.1.1) doesn't match a supported version!
  warnings.warn(
/home/jlx_75/miniconda3/envs/pvmamba/lib/python3.10/site-packages/requests/__init__.py:109: RequestsDependencyWarning: urllib3 (1.26.13) or chardet (7.2.0)/charset_normalizer (2.1.1) doesn't match a supported version!
  warnings.warn(
/home/jlx_75/miniconda3/envs/pvmamba/lib/python3.10/site-packages/requests/__init__.py:109: RequestsDependencyWarning: urllib3 (1.26.13) or chardet (7.2.0)/charset_normalizer (2.1.1) doesn't match a supported version!
  warnings.warn(
[2026-03-25 02:13:24 tiny_cifar100_30ep](main.py 403): INFO Test: [0/79]	Time 15.417 (15.417)	Loss 2.6602 (2.6602)	Acc@1 36.719 (36.719)	Acc@5 69.531 (69.531)	Mem 1205MB
[2026-03-25 02:13:24 tiny_cifar100_30ep](main.py 403): INFO Test: [10/79]	Time 0.036 (1.437)	Loss 2.8047 (2.8239)	Acc@1 32.812 (32.173)	Acc@5 63.281 (62.784)	Mem 1205MB
[2026-03-25 02:13:25 tiny_cifar100_30ep](main.py 403): INFO Test: [20/79]	Time 0.036 (0.770)	Loss 2.7988 (2.8090)	Acc@1 34.375 (32.775)	Acc@5 64.062 (63.318)	Mem 1205MB
[2026-03-25 02:13:25 tiny_cifar100_30ep](main.py 403): INFO Test: [30/79]	Time 0.036 (0.533)	Loss 2.7246 (2.8082)	Acc@1 32.812 (32.384)	Acc@5 66.406 (63.256)	Mem 1205MB
[2026-03-25 02:13:25 tiny_cifar100_30ep](main.py 403): INFO Test: [40/79]	Time 0.036 (0.412)	Loss 2.6934 (2.8097)	Acc@1 37.500 (32.450)	Acc@5 67.188 (63.167)	Mem 1205MB
[2026-03-25 02:13:26 tiny_cifar100_30ep](main.py 403): INFO Test: [50/79]	Time 0.036 (0.338)	Loss 2.8945 (2.8120)	Acc@1 29.688 (32.184)	Acc@5 61.719 (63.128)	Mem 1205MB
[2026-03-25 02:13:26 tiny_cifar100_30ep](main.py 403): INFO Test: [60/79]	Time 0.035 (0.288)	Loss 3.0098 (2.8199)	Acc@1 29.688 (31.942)	Acc@5 58.594 (62.961)	Mem 1205MB
[2026-03-25 02:13:26 tiny_cifar100_30ep](main.py 403): INFO Test: [70/79]	Time 0.034 (0.253)	Loss 2.8613 (2.8154)	Acc@1 28.125 (32.108)	Acc@5 65.625 (63.006)	Mem 1205MB
[2026-03-25 02:13:27 tiny_cifar100_30ep](main.py 410): INFO  * Acc@1 32.050 Acc@5 63.050
[2026-03-25 02:13:27 tiny_cifar100_30ep](main.py 239): INFO Accuracy of the network on the 10000 test images: 32.0%
[2026-03-25 02:13:27 tiny_cifar100_30ep](main.py 247): INFO New max accuracy: 32.05%
[2026-03-25 02:13:27 tiny_cifar100_30ep](utils.py 104): INFO ./output_cifar100_noema_30ep/tiny_cifar100_30ep/20260325020204/best_ckpt.pth saving......
[2026-03-25 02:13:28 tiny_cifar100_30ep](utils.py 106): INFO ./output_cifar100_noema_30ep/tiny_cifar100_30ep/20260325020204/best_ckpt.pth saved !!!
/home/jlx_75/miniconda3/envs/pvmamba/lib/python3.10/site-packages/requests/__init__.py:109: RequestsDependencyWarning: urllib3 (1.26.13) or chardet (7.2.0)/charset_normalizer (2.1.1) doesn't match a supported version!
  warnings.warn(
/home/jlx_75/miniconda3/envs/pvmamba/lib/python3.10/site-packages/requests/__init__.py:109: RequestsDependencyWarning: urllib3 (1.26.13) or chardet (7.2.0)/charset_normalizer (2.1.1) doesn't match a supported version!
  warnings.warn(
/home/jlx_75/miniconda3/envs/pvmamba/lib/python3.10/site-packages/requests/__init__.py:109: RequestsDependencyWarning: urllib3 (1.26.13) or chardet (7.2.0)/charset_normalizer (2.1.1) doesn't match a supported version!
  warnings.warn(
/home/jlx_75/miniconda3/envs/pvmamba/lib/python3.10/site-packages/requests/__init__.py:109: RequestsDependencyWarning: urllib3 (1.26.13) or chardet (7.2.0)/charset_normalizer (2.1.1) doesn't match a supported version!
  warnings.warn(
/home/jlx_75/miniconda3/envs/pvmamba/lib/python3.10/site-packages/requests/__init__.py:109: RequestsDependencyWarning: urllib3 (1.26.13) or chardet (7.2.0)/charset_normalizer (2.1.1) doesn't match a supported version!
  warnings.warn(
/home/jlx_75/miniconda3/envs/pvmamba/lib/python3.10/site-packages/requests/__init__.py:109: RequestsDependencyWarning: urllib3 (1.26.13) or chardet (7.2.0)/charset_normalizer (2.1.1) doesn't match a supported version!
  warnings.warn(
/home/jlx_75/miniconda3/envs/pvmamba/lib/python3.10/site-packages/requests/__init__.py:109: RequestsDependencyWarning: urllib3 (1.26.13) or chardet (7.2.0)/charset_normalizer (2.1.1) doesn't match a supported version!
  warnings.warn(
/home/jlx_75/miniconda3/envs/pvmamba/lib/python3.10/site-packages/requests/__init__.py:109: RequestsDependencyWarning: urllib3 (1.26.13) or chardet (7.2.0)/charset_normalizer (2.1.1) doesn't match a supported version!
  warnings.warn(
[2026-03-25 02:13:50 tiny_cifar100_30ep](main.py 348): INFO Train: [8/30][0/390]	eta 2:19:53 lr 0.000115	 wd 0.0500	time 21.5218 (21.5218)	data time 21.3404 (21.3404)	model time 0.0000 (0.0000)	loss 3.4233 (3.4233)	grad_norm 4.0011 (4.0011)	loss_scale 65536.0000 (65536.0000)	mem 1205MB
[2026-03-25 02:13:51 tiny_cifar100_30ep](main.py 348): INFO Train: [8/30][10/390]	eta 0:13:01 lr 0.000115	 wd 0.0500	time 0.1052 (2.0571)	data time 0.0006 (1.9407)	model time 0.0000 (0.0000)	loss 4.0780 (3.5722)	grad_norm 3.8089 (4.2593)	loss_scale 65536.0000 (65536.0000)	mem 1205MB
[2026-03-25 02:13:52 tiny_cifar100_30ep](main.py 348): INFO Train: [8/30][20/390]	eta 0:06:57 lr 0.000115	 wd 0.0500	time 0.1056 (1.1277)	data time 0.0007 (1.0168)	model time 0.0000 (0.0000)	loss 4.4314 (3.6614)	grad_norm 3.4295 (4.3029)	loss_scale 65536.0000 (65536.0000)	mem 1205MB
[2026-03-25 02:13:53 tiny_cifar100_30ep](main.py 348): INFO Train: [8/30][30/390]	eta 0:04:47 lr 0.000115	 wd 0.0500	time 0.1054 (0.7980)	data time 0.0007 (0.6890)	model time 0.0000 (0.0000)	loss 3.8280 (3.7007)	grad_norm 4.2938 (4.2790)	loss_scale 65536.0000 (65536.0000)	mem 1205MB
[2026-03-25 02:13:54 tiny_cifar100_30ep](main.py 348): INFO Train: [8/30][40/390]	eta 0:03:40 lr 0.000114	 wd 0.0500	time 0.1066 (0.6297)	data time 0.0007 (0.5211)	model time 0.0000 (0.0000)	loss 3.3877 (3.6917)	grad_norm 4.6694 (4.3283)	loss_scale 65536.0000 (65536.0000)	mem 1205MB
[2026-03-25 02:13:55 tiny_cifar100_30ep](main.py 348): INFO Train: [8/30][50/390]	eta 0:02:59 lr 0.000114	 wd 0.0500	time 0.1060 (0.5289)	data time 0.0007 (0.4191)	model time 0.0000 (0.0000)	loss 3.0964 (3.7002)	grad_norm 4.8101 (4.3734)	loss_scale 65536.0000 (65536.0000)	mem 1205MB
[2026-03-25 02:13:56 tiny_cifar100_30ep](main.py 348): INFO Train: [8/30][60/390]	eta 0:02:31 lr 0.000114	 wd 0.0500	time 0.1028 (0.4598)	data time 0.0005 (0.3505)	model time 0.1023 (0.1070)	loss 4.0801 (3.6939)	grad_norm 5.0056 (4.3786)	loss_scale 65536.0000 (65536.0000)	mem 1205MB
[2026-03-25 02:13:57 tiny_cifar100_30ep](main.py 348): INFO Train: [8/30][70/390]	eta 0:02:11 lr 0.000114	 wd 0.0500	time 0.1041 (0.4100)	data time 0.0005 (0.3012)	model time 0.1036 (0.1062)	loss 3.3941 (3.6728)	grad_norm 5.0514 (4.4200)	loss_scale 65536.0000 (65536.0000)	mem 1205MB
[2026-03-25 02:13:58 tiny_cifar100_30ep](main.py 348): INFO Train: [8/30][80/390]	eta 0:01:55 lr 0.000114	 wd 0.0500	time 0.1058 (0.3729)	data time 0.0005 (0.2641)	model time 0.1053 (0.1071)	loss 3.7468 (3.6543)	grad_norm 4.2578 (4.4027)	loss_scale 65536.0000 (65536.0000)	mem 1205MB
[2026-03-25 02:14:00 tiny_cifar100_30ep](main.py 348): INFO Train: [8/30][90/390]	eta 0:01:43 lr 0.000114	 wd 0.0500	time 0.1149 (0.3438)	data time 0.0005 (0.2351)	model time 0.1143 (0.1073)	loss 2.9649 (3.6403)	grad_norm 4.4372 (4.4140)	loss_scale 65536.0000 (65536.0000)	mem 1205MB
[2026-03-25 02:14:01 tiny_cifar100_30ep](main.py 348): INFO Train: [8/30][100/390]	eta 0:01:32 lr 0.000114	 wd 0.0500	time 0.1030 (0.3202)	data time 0.0005 (0.2119)	model time 0.1025 (0.1067)	loss 3.0806 (3.6340)	grad_norm 5.0407 (4.4267)	loss_scale 65536.0000 (65536.0000)	mem 1205MB
[2026-03-25 02:14:02 tiny_cifar100_30ep](main.py 348): INFO Train: [8/30][110/390]	eta 0:01:24 lr 0.000114	 wd 0.0500	time 0.1148 (0.3011)	data time 0.0007 (0.1929)	model time 0.1141 (0.1069)	loss 4.1850 (3.6298)	grad_norm 4.3704 (4.4320)	loss_scale 65536.0000 (65536.0000)	mem 1205MB
[2026-03-25 02:14:03 tiny_cifar100_30ep](main.py 348): INFO Train: [8/30][120/390]	eta 0:01:17 lr 0.000114	 wd 0.0500	time 0.1059 (0.2858)	data time 0.0006 (0.1770)	model time 0.1053 (0.1080)	loss 4.1749 (3.6402)	grad_norm 3.8806 (4.4292)	loss_scale 65536.0000 (65536.0000)	mem 1205MB
[2026-03-25 02:14:04 tiny_cifar100_30ep](main.py 348): INFO Train: [8/30][130/390]	eta 0:01:10 lr 0.000113	 wd 0.0500	time 0.1136 (0.2722)	data time 0.0007 (0.1635)	model time 0.1129 (0.1079)	loss 2.9732 (3.6380)	grad_norm 5.1574 (4.4533)	loss_scale 65536.0000 (65536.0000)	mem 1205MB
[2026-03-25 02:14:05 tiny_cifar100_30ep](main.py 348): INFO Train: [8/30][140/390]	eta 0:01:05 lr 0.000113	 wd 0.0500	time 0.1045 (0.2608)	data time 0.0006 (0.1520)	model time 0.1039 (0.1083)	loss 4.1263 (3.6364)	grad_norm 4.3428 (4.4471)	loss_scale 65536.0000 (65536.0000)	mem 1205MB
[2026-03-25 02:14:06 tiny_cifar100_30ep](main.py 348): INFO Train: [8/30][150/390]	eta 0:01:00 lr 0.000113	 wd 0.0500	time 0.1032 (0.2506)	data time 0.0006 (0.1420)	model time 0.1025 (0.1080)	loss 3.0889 (3.6454)	grad_norm 4.3567 (4.4503)	loss_scale 65536.0000 (65536.0000)	mem 1205MB
[2026-03-25 02:14:07 tiny_cifar100_30ep](main.py 348): INFO Train: [8/30][160/390]	eta 0:00:55 lr 0.000113	 wd 0.0500	time 0.1034 (0.2416)	data time 0.0007 (0.1332)	model time 0.1027 (0.1078)	loss 3.8875 (3.6559)	grad_norm 4.4275 (4.4569)	loss_scale 65536.0000 (65536.0000)	mem 1205MB
[2026-03-25 02:14:08 tiny_cifar100_30ep](main.py 348): INFO Train: [8/30][170/390]	eta 0:00:51 lr 0.000113	 wd 0.0500	time 0.1056 (0.2340)	data time 0.0005 (0.1254)	model time 0.1051 (0.1081)	loss 3.5359 (3.6487)	grad_norm 3.9965 (4.4626)	loss_scale 65536.0000 (65536.0000)	mem 1205MB
[2026-03-25 02:14:09 tiny_cifar100_30ep](main.py 348): INFO Train: [8/30][180/390]	eta 0:00:47 lr 0.000113	 wd 0.0500	time 0.1034 (0.2270)	data time 0.0006 (0.1185)	model time 0.1028 (0.1080)	loss 3.9976 (3.6603)	grad_norm 4.0615 (4.4720)	loss_scale 65536.0000 (65536.0000)	mem 1205MB
[2026-03-25 02:14:10 tiny_cifar100_30ep](main.py 348): INFO Train: [8/30][190/390]	eta 0:00:44 lr 0.000113	 wd 0.0500	time 0.1030 (0.2206)	data time 0.0007 (0.1124)	model time 0.1022 (0.1077)	loss 3.3878 (3.6565)	grad_norm 4.1544 (4.4818)	loss_scale 65536.0000 (65536.0000)	mem 1205MB
[2026-03-25 02:14:12 tiny_cifar100_30ep](main.py 348): INFO Train: [8/30][200/390]	eta 0:00:40 lr 0.000113	 wd 0.0500	time 0.1065 (0.2151)	data time 0.0005 (0.1068)	model time 0.1060 (0.1078)	loss 3.2069 (3.6602)	grad_norm 4.9524 (4.4725)	loss_scale 65536.0000 (65536.0000)	mem 1205MB
[2026-03-25 02:14:13 tiny_cifar100_30ep](main.py 348): INFO Train: [8/30][210/390]	eta 0:00:37 lr 0.000113	 wd 0.0500	time 0.1158 (0.2102)	data time 0.0005 (0.1018)	model time 0.1153 (0.1080)	loss 4.0389 (3.6625)	grad_norm 4.7007 (4.4715)	loss_scale 65536.0000 (65536.0000)	mem 1205MB
[2026-03-25 02:14:14 tiny_cifar100_30ep](main.py 348): INFO Train: [8/30][220/390]	eta 0:00:35 lr 0.000112	 wd 0.0500	time 0.1154 (0.2059)	data time 0.0005 (0.0972)	model time 0.1149 (0.1084)	loss 3.5108 (3.6629)	grad_norm 4.2823 (4.4673)	loss_scale 65536.0000 (65536.0000)	mem 1205MB
[2026-03-25 02:14:15 tiny_cifar100_30ep](main.py 348): INFO Train: [8/30][230/390]	eta 0:00:32 lr 0.000112	 wd 0.0500	time 0.1034 (0.2017)	data time 0.0006 (0.0930)	model time 0.1028 (0.1084)	loss 3.5541 (3.6689)	grad_norm 4.3299 (4.4703)	loss_scale 65536.0000 (65536.0000)	mem 1205MB
[2026-03-25 02:14:16 tiny_cifar100_30ep](main.py 348): INFO Train: [8/30][240/390]	eta 0:00:29 lr 0.000112	 wd 0.0500	time 0.1030 (0.1978)	data time 0.0005 (0.0892)	model time 0.1025 (0.1083)	loss 4.1965 (3.6726)	grad_norm 4.7061 (4.4660)	loss_scale 65536.0000 (65536.0000)	mem 1205MB
[2026-03-25 02:14:17 tiny_cifar100_30ep](main.py 348): INFO Train: [8/30][250/390]	eta 0:00:27 lr 0.000112	 wd 0.0500	time 0.1267 (0.1943)	data time 0.0005 (0.0856)	model time 0.1262 (0.1084)	loss 3.7254 (3.6769)	grad_norm 4.3184 (4.4642)	loss_scale 65536.0000 (65536.0000)	mem 1205MB
[2026-03-25 02:14:18 tiny_cifar100_30ep](main.py 348): INFO Train: [8/30][260/390]	eta 0:00:24 lr 0.000112	 wd 0.0500	time 0.1026 (0.1909)	data time 0.0005 (0.0824)	model time 0.1021 (0.1083)	loss 3.2259 (3.6722)	grad_norm 4.7492 (4.4603)	loss_scale 65536.0000 (65536.0000)	mem 1205MB
[2026-03-25 02:14:19 tiny_cifar100_30ep](main.py 348): INFO Train: [8/30][270/390]	eta 0:00:22 lr 0.000112	 wd 0.0500	time 0.1129 (0.1880)	data time 0.0006 (0.0794)	model time 0.1123 (0.1083)	loss 3.5904 (3.6799)	grad_norm 4.1102 (4.4481)	loss_scale 65536.0000 (65536.0000)	mem 1205MB
[2026-03-25 02:14:20 tiny_cifar100_30ep](main.py 348): INFO Train: [8/30][280/390]	eta 0:00:20 lr 0.000112	 wd 0.0500	time 0.1035 (0.1851)	data time 0.0006 (0.0766)	model time 0.1029 (0.1082)	loss 4.2220 (3.6815)	grad_norm 3.7766 (4.4483)	loss_scale 65536.0000 (65536.0000)	mem 1205MB
[2026-03-25 02:14:21 tiny_cifar100_30ep](main.py 348): INFO Train: [8/30][290/390]	eta 0:00:18 lr 0.000112	 wd 0.0500	time 0.1111 (0.1824)	data time 0.0006 (0.0739)	model time 0.1105 (0.1082)	loss 3.5288 (3.6805)	grad_norm 4.0116 (4.4433)	loss_scale 65536.0000 (65536.0000)	mem 1205MB
[2026-03-25 02:14:22 tiny_cifar100_30ep](main.py 348): INFO Train: [8/30][300/390]	eta 0:00:16 lr 0.000112	 wd 0.0500	time 0.1043 (0.1799)	data time 0.0005 (0.0715)	model time 0.1038 (0.1081)	loss 3.4197 (3.6797)	grad_norm 4.8069 (4.4418)	loss_scale 65536.0000 (65536.0000)	mem 1205MB
[2026-03-25 02:14:24 tiny_cifar100_30ep](main.py 348): INFO Train: [8/30][310/390]	eta 0:00:14 lr 0.000111	 wd 0.0500	time 0.1061 (0.1776)	data time 0.0006 (0.0692)	model time 0.1055 (0.1081)	loss 4.1568 (3.6764)	grad_norm 3.6778 (4.4384)	loss_scale 65536.0000 (65536.0000)	mem 1205MB
[2026-03-25 02:14:25 tiny_cifar100_30ep](main.py 348): INFO Train: [8/30][320/390]	eta 0:00:12 lr 0.000111	 wd 0.0500	time 0.1032 (0.1753)	data time 0.0006 (0.0671)	model time 0.1025 (0.1079)	loss 3.7191 (3.6753)	grad_norm 3.7854 (4.4391)	loss_scale 65536.0000 (65536.0000)	mem 1205MB
[2026-03-25 02:14:26 tiny_cifar100_30ep](main.py 348): INFO Train: [8/30][330/390]	eta 0:00:10 lr 0.000111	 wd 0.0500	time 0.1076 (0.1732)	data time 0.0008 (0.0651)	model time 0.1068 (0.1078)	loss 3.3727 (3.6759)	grad_norm 4.9516 (4.4466)	loss_scale 65536.0000 (65536.0000)	mem 1205MB
[2026-03-25 02:14:27 tiny_cifar100_30ep](main.py 348): INFO Train: [8/30][340/390]	eta 0:00:08 lr 0.000111	 wd 0.0500	time 0.1176 (0.1712)	data time 0.0005 (0.0632)	model time 0.1172 (0.1077)	loss 3.1361 (3.6765)	grad_norm 4.4396 (4.4435)	loss_scale 65536.0000 (65536.0000)	mem 1205MB
[2026-03-25 02:14:28 tiny_cifar100_30ep](main.py 348): INFO Train: [8/30][350/390]	eta 0:00:06 lr 0.000111	 wd 0.0500	time 0.1135 (0.1694)	data time 0.0005 (0.0614)	model time 0.1130 (0.1076)	loss 3.2214 (3.6782)	grad_norm 4.9353 (4.4397)	loss_scale 65536.0000 (65536.0000)	mem 1205MB
[2026-03-25 02:14:29 tiny_cifar100_30ep](main.py 348): INFO Train: [8/30][360/390]	eta 0:00:05 lr 0.000111	 wd 0.0500	time 0.1063 (0.1676)	data time 0.0006 (0.0597)	model time 0.1058 (0.1076)	loss 3.8461 (3.6785)	grad_norm 4.7684 (4.4366)	loss_scale 65536.0000 (65536.0000)	mem 1205MB
[2026-03-25 02:14:30 tiny_cifar100_30ep](main.py 348): INFO Train: [8/30][370/390]	eta 0:00:03 lr 0.000111	 wd 0.0500	time 0.1112 (0.1661)	data time 0.0006 (0.0581)	model time 0.1107 (0.1077)	loss 3.1798 (3.6779)	grad_norm 4.8122 (4.4374)	loss_scale 65536.0000 (65536.0000)	mem 1205MB
[2026-03-25 02:14:31 tiny_cifar100_30ep](main.py 348): INFO Train: [8/30][380/390]	eta 0:00:01 lr 0.000111	 wd 0.0500	time 0.1024 (0.1646)	data time 0.0003 (0.0566)	model time 0.1020 (0.1077)	loss 4.0160 (3.6792)	grad_norm 3.8793 (4.4348)	loss_scale 65536.0000 (65536.0000)	mem 1205MB
[2026-03-25 02:14:33 tiny_cifar100_30ep](main.py 359): INFO EPOCH 8 training takes 0:01:04
[2026-03-25 02:14:33 tiny_cifar100_30ep](utils.py 104): INFO ./output_cifar100_noema_30ep/tiny_cifar100_30ep/20260325020204/latest_ckpt.pth saving......
[2026-03-25 02:14:34 tiny_cifar100_30ep](utils.py 106): INFO ./output_cifar100_noema_30ep/tiny_cifar100_30ep/20260325020204/latest_ckpt.pth saved !!!
/home/jlx_75/miniconda3/envs/pvmamba/lib/python3.10/site-packages/requests/__init__.py:109: RequestsDependencyWarning: urllib3 (1.26.13) or chardet (7.2.0)/charset_normalizer (2.1.1) doesn't match a supported version!
  warnings.warn(
/home/jlx_75/miniconda3/envs/pvmamba/lib/python3.10/site-packages/requests/__init__.py:109: RequestsDependencyWarning: urllib3 (1.26.13) or chardet (7.2.0)/charset_normalizer (2.1.1) doesn't match a supported version!
  warnings.warn(
/home/jlx_75/miniconda3/envs/pvmamba/lib/python3.10/site-packages/requests/__init__.py:109: RequestsDependencyWarning: urllib3 (1.26.13) or chardet (7.2.0)/charset_normalizer (2.1.1) doesn't match a supported version!
  warnings.warn(
/home/jlx_75/miniconda3/envs/pvmamba/lib/python3.10/site-packages/requests/__init__.py:109: RequestsDependencyWarning: urllib3 (1.26.13) or chardet (7.2.0)/charset_normalizer (2.1.1) doesn't match a supported version!
  warnings.warn(
/home/jlx_75/miniconda3/envs/pvmamba/lib/python3.10/site-packages/requests/__init__.py:109: RequestsDependencyWarning: urllib3 (1.26.13) or chardet (7.2.0)/charset_normalizer (2.1.1) doesn't match a supported version!
  warnings.warn(
/home/jlx_75/miniconda3/envs/pvmamba/lib/python3.10/site-packages/requests/__init__.py:109: RequestsDependencyWarning: urllib3 (1.26.13) or chardet (7.2.0)/charset_normalizer (2.1.1) doesn't match a supported version!
  warnings.warn(
/home/jlx_75/miniconda3/envs/pvmamba/lib/python3.10/site-packages/requests/__init__.py:109: RequestsDependencyWarning: urllib3 (1.26.13) or chardet (7.2.0)/charset_normalizer (2.1.1) doesn't match a supported version!
  warnings.warn(
/home/jlx_75/miniconda3/envs/pvmamba/lib/python3.10/site-packages/requests/__init__.py:109: RequestsDependencyWarning: urllib3 (1.26.13) or chardet (7.2.0)/charset_normalizer (2.1.1) doesn't match a supported version!
  warnings.warn(
[2026-03-25 02:14:49 tiny_cifar100_30ep](main.py 403): INFO Test: [0/79]	Time 15.520 (15.520)	Loss 2.5664 (2.5664)	Acc@1 41.406 (41.406)	Acc@5 64.844 (64.844)	Mem 1205MB
[2026-03-25 02:14:50 tiny_cifar100_30ep](main.py 403): INFO Test: [10/79]	Time 0.035 (1.445)	Loss 2.7852 (2.7509)	Acc@1 37.500 (34.091)	Acc@5 70.312 (63.778)	Mem 1205MB
[2026-03-25 02:14:50 tiny_cifar100_30ep](main.py 403): INFO Test: [20/79]	Time 0.036 (0.774)	Loss 2.7871 (2.7250)	Acc@1 32.031 (34.970)	Acc@5 65.625 (65.030)	Mem 1205MB
[2026-03-25 02:14:50 tiny_cifar100_30ep](main.py 403): INFO Test: [30/79]	Time 0.036 (0.536)	Loss 2.7188 (2.7225)	Acc@1 35.938 (34.577)	Acc@5 64.844 (65.045)	Mem 1205MB
[2026-03-25 02:14:51 tiny_cifar100_30ep](main.py 403): INFO Test: [40/79]	Time 0.035 (0.414)	Loss 2.5684 (2.7263)	Acc@1 39.062 (34.775)	Acc@5 71.875 (64.901)	Mem 1205MB
[2026-03-25 02:14:51 tiny_cifar100_30ep](main.py 403): INFO Test: [50/79]	Time 0.035 (0.339)	Loss 2.7246 (2.7264)	Acc@1 30.469 (34.513)	Acc@5 66.406 (65.074)	Mem 1205MB
[2026-03-25 02:14:51 tiny_cifar100_30ep](main.py 403): INFO Test: [60/79]	Time 0.035 (0.290)	Loss 2.9023 (2.7319)	Acc@1 29.688 (34.490)	Acc@5 59.375 (65.113)	Mem 1205MB
[2026-03-25 02:14:52 tiny_cifar100_30ep](main.py 403): INFO Test: [70/79]	Time 0.034 (0.254)	Loss 2.7402 (2.7296)	Acc@1 32.031 (34.551)	Acc@5 64.844 (65.174)	Mem 1205MB
[2026-03-25 02:14:53 tiny_cifar100_30ep](main.py 410): INFO  * Acc@1 34.460 Acc@5 65.250
[2026-03-25 02:14:53 tiny_cifar100_30ep](main.py 239): INFO Accuracy of the network on the 10000 test images: 34.5%
[2026-03-25 02:14:53 tiny_cifar100_30ep](main.py 247): INFO New max accuracy: 34.46%
[2026-03-25 02:14:53 tiny_cifar100_30ep](utils.py 104): INFO ./output_cifar100_noema_30ep/tiny_cifar100_30ep/20260325020204/best_ckpt.pth saving......
[2026-03-25 02:14:54 tiny_cifar100_30ep](utils.py 106): INFO ./output_cifar100_noema_30ep/tiny_cifar100_30ep/20260325020204/best_ckpt.pth saved !!!
/home/jlx_75/miniconda3/envs/pvmamba/lib/python3.10/site-packages/requests/__init__.py:109: RequestsDependencyWarning: urllib3 (1.26.13) or chardet (7.2.0)/charset_normalizer (2.1.1) doesn't match a supported version!
  warnings.warn(
/home/jlx_75/miniconda3/envs/pvmamba/lib/python3.10/site-packages/requests/__init__.py:109: RequestsDependencyWarning: urllib3 (1.26.13) or chardet (7.2.0)/charset_normalizer (2.1.1) doesn't match a supported version!
  warnings.warn(
/home/jlx_75/miniconda3/envs/pvmamba/lib/python3.10/site-packages/requests/__init__.py:109: RequestsDependencyWarning: urllib3 (1.26.13) or chardet (7.2.0)/charset_normalizer (2.1.1) doesn't match a supported version!
  warnings.warn(
/home/jlx_75/miniconda3/envs/pvmamba/lib/python3.10/site-packages/requests/__init__.py:109: RequestsDependencyWarning: urllib3 (1.26.13) or chardet (7.2.0)/charset_normalizer (2.1.1) doesn't match a supported version!
  warnings.warn(
/home/jlx_75/miniconda3/envs/pvmamba/lib/python3.10/site-packages/requests/__init__.py:109: RequestsDependencyWarning: urllib3 (1.26.13) or chardet (7.2.0)/charset_normalizer (2.1.1) doesn't match a supported version!
  warnings.warn(
/home/jlx_75/miniconda3/envs/pvmamba/lib/python3.10/site-packages/requests/__init__.py:109: RequestsDependencyWarning: urllib3 (1.26.13) or chardet (7.2.0)/charset_normalizer (2.1.1) doesn't match a supported version!
  warnings.warn(
/home/jlx_75/miniconda3/envs/pvmamba/lib/python3.10/site-packages/requests/__init__.py:109: RequestsDependencyWarning: urllib3 (1.26.13) or chardet (7.2.0)/charset_normalizer (2.1.1) doesn't match a supported version!
  warnings.warn(
/home/jlx_75/miniconda3/envs/pvmamba/lib/python3.10/site-packages/requests/__init__.py:109: RequestsDependencyWarning: urllib3 (1.26.13) or chardet (7.2.0)/charset_normalizer (2.1.1) doesn't match a supported version!
  warnings.warn(
[2026-03-25 02:15:15 tiny_cifar100_30ep](main.py 348): INFO Train: [9/30][0/390]	eta 2:17:51 lr 0.000111	 wd 0.0500	time 21.2078 (21.2078)	data time 21.0878 (21.0878)	model time 0.0000 (0.0000)	loss 3.8394 (3.8394)	grad_norm 3.9021 (3.9021)	loss_scale 65536.0000 (65536.0000)	mem 1205MB
[2026-03-25 02:15:16 tiny_cifar100_30ep](main.py 348): INFO Train: [9/30][10/390]	eta 0:12:49 lr 0.000110	 wd 0.0500	time 0.1023 (2.0251)	data time 0.0005 (1.9176)	model time 0.0000 (0.0000)	loss 3.4683 (3.6709)	grad_norm 4.4527 (4.4313)	loss_scale 65536.0000 (65536.0000)	mem 1205MB
[2026-03-25 02:15:17 tiny_cifar100_30ep](main.py 348): INFO Train: [9/30][20/390]	eta 0:06:51 lr 0.000110	 wd 0.0500	time 0.1058 (1.1112)	data time 0.0007 (1.0047)	model time 0.0000 (0.0000)	loss 3.1119 (3.6532)	grad_norm 4.6175 (4.4981)	loss_scale 65536.0000 (65536.0000)	mem 1205MB
[2026-03-25 02:15:18 tiny_cifar100_30ep](main.py 348): INFO Train: [9/30][30/390]	eta 0:04:43 lr 0.000110	 wd 0.0500	time 0.1088 (0.7879)	data time 0.0007 (0.6808)	model time 0.0000 (0.0000)	loss 3.2085 (3.6935)	grad_norm 4.1941 (4.4186)	loss_scale 65536.0000 (65536.0000)	mem 1205MB
[2026-03-25 02:15:19 tiny_cifar100_30ep](main.py 348): INFO Train: [9/30][40/390]	eta 0:03:37 lr 0.000110	 wd 0.0500	time 0.1083 (0.6227)	data time 0.0006 (0.5149)	model time 0.0000 (0.0000)	loss 4.1313 (3.7202)	grad_norm 3.5910 (4.3508)	loss_scale 65536.0000 (65536.0000)	mem 1205MB
[2026-03-25 02:15:20 tiny_cifar100_30ep](main.py 348): INFO Train: [9/30][50/390]	eta 0:02:57 lr 0.000110	 wd 0.0500	time 0.1154 (0.5225)	data time 0.0006 (0.4141)	model time 0.0000 (0.0000)	loss 3.9324 (3.7518)	grad_norm 4.2115 (4.3017)	loss_scale 65536.0000 (65536.0000)	mem 1205MB
[2026-03-25 02:15:21 tiny_cifar100_30ep](main.py 348): INFO Train: [9/30][60/390]	eta 0:02:30 lr 0.000110	 wd 0.0500	time 0.1230 (0.4553)	data time 0.0005 (0.3463)	model time 0.1225 (0.1125)	loss 3.8478 (3.7332)	grad_norm 4.5022 (4.2844)	loss_scale 65536.0000 (65536.0000)	mem 1205MB
[2026-03-25 02:15:22 tiny_cifar100_30ep](main.py 348): INFO Train: [9/30][70/390]	eta 0:02:10 lr 0.000110	 wd 0.0500	time 0.1126 (0.4063)	data time 0.0005 (0.2976)	model time 0.1121 (0.1096)	loss 3.8727 (3.7229)	grad_norm 4.3643 (4.2934)	loss_scale 65536.0000 (65536.0000)	mem 1205MB
[2026-03-25 02:15:24 tiny_cifar100_30ep](main.py 348): INFO Train: [9/30][80/390]	eta 0:01:54 lr 0.000110	 wd 0.0500	time 0.1037 (0.3697)	data time 0.0005 (0.2609)	model time 0.1031 (0.1096)	loss 3.8356 (3.7277)	grad_norm 4.0981 (4.3028)	loss_scale 65536.0000 (65536.0000)	mem 1205MB
[2026-03-25 02:15:25 tiny_cifar100_30ep](main.py 348): INFO Train: [9/30][90/390]	eta 0:01:42 lr 0.000109	 wd 0.0500	time 0.1047 (0.3411)	data time 0.0006 (0.2323)	model time 0.1041 (0.1094)	loss 4.1133 (3.7383)	grad_norm 3.9338 (4.3097)	loss_scale 65536.0000 (65536.0000)	mem 1205MB
[2026-03-25 02:15:26 tiny_cifar100_30ep](main.py 348): INFO Train: [9/30][100/390]	eta 0:01:32 lr 0.000109	 wd 0.0500	time 0.1018 (0.3176)	data time 0.0006 (0.2094)	model time 0.1013 (0.1082)	loss 3.6717 (3.7365)	grad_norm 4.2745 (4.2944)	loss_scale 65536.0000 (65536.0000)	mem 1205MB
[2026-03-25 02:15:27 tiny_cifar100_30ep](main.py 348): INFO Train: [9/30][110/390]	eta 0:01:23 lr 0.000109	 wd 0.0500	time 0.1021 (0.2985)	data time 0.0006 (0.1906)	model time 0.1015 (0.1076)	loss 3.9440 (3.7458)	grad_norm 3.7517 (4.2934)	loss_scale 65536.0000 (65536.0000)	mem 1205MB
[2026-03-25 02:15:28 tiny_cifar100_30ep](main.py 348): INFO Train: [9/30][120/390]	eta 0:01:16 lr 0.000109	 wd 0.0500	time 0.1061 (0.2828)	data time 0.0005 (0.1749)	model time 0.1057 (0.1076)	loss 3.0656 (3.7470)	grad_norm 4.7437 (4.3126)	loss_scale 65536.0000 (65536.0000)	mem 1205MB
[2026-03-25 02:15:29 tiny_cifar100_30ep](main.py 348): INFO Train: [9/30][130/390]	eta 0:01:10 lr 0.000109	 wd 0.0500	time 0.1189 (0.2699)	data time 0.0005 (0.1616)	model time 0.1183 (0.1083)	loss 4.0633 (3.7411)	grad_norm 4.2383 (4.3228)	loss_scale 65536.0000 (65536.0000)	mem 1205MB
[2026-03-25 02:15:30 tiny_cifar100_30ep](main.py 348): INFO Train: [9/30][140/390]	eta 0:01:04 lr 0.000109	 wd 0.0500	time 0.1017 (0.2584)	data time 0.0005 (0.1501)	model time 0.1011 (0.1082)	loss 3.8435 (3.7433)	grad_norm 4.2475 (4.3132)	loss_scale 65536.0000 (65536.0000)	mem 1205MB
[2026-03-25 02:15:31 tiny_cifar100_30ep](main.py 348): INFO Train: [9/30][150/390]	eta 0:00:59 lr 0.000109	 wd 0.0500	time 0.1048 (0.2484)	data time 0.0005 (0.1402)	model time 0.1042 (0.1081)	loss 3.9558 (3.7484)	grad_norm 4.0169 (4.2954)	loss_scale 65536.0000 (65536.0000)	mem 1205MB
[2026-03-25 02:15:32 tiny_cifar100_30ep](main.py 348): INFO Train: [9/30][160/390]	eta 0:00:55 lr 0.000109	 wd 0.0500	time 0.1012 (0.2398)	data time 0.0005 (0.1316)	model time 0.1007 (0.1082)	loss 3.3909 (3.7373)	grad_norm 4.7338 (4.2976)	loss_scale 65536.0000 (65536.0000)	mem 1205MB
[2026-03-25 02:15:33 tiny_cifar100_30ep](main.py 348): INFO Train: [9/30][170/390]	eta 0:00:51 lr 0.000108	 wd 0.0500	time 0.1018 (0.2319)	data time 0.0004 (0.1239)	model time 0.1013 (0.1079)	loss 2.9564 (3.7306)	grad_norm 4.7073 (4.2943)	loss_scale 65536.0000 (65536.0000)	mem 1205MB
[2026-03-25 02:15:34 tiny_cifar100_30ep](main.py 348): INFO Train: [9/30][180/390]	eta 0:00:47 lr 0.000108	 wd 0.0500	time 0.1020 (0.2250)	data time 0.0006 (0.1171)	model time 0.1014 (0.1078)	loss 3.1063 (3.7303)	grad_norm 4.9125 (4.2985)	loss_scale 65536.0000 (65536.0000)	mem 1205MB
[2026-03-25 02:15:35 tiny_cifar100_30ep](main.py 348): INFO Train: [9/30][190/390]	eta 0:00:43 lr 0.000108	 wd 0.0500	time 0.1039 (0.2190)	data time 0.0005 (0.1110)	model time 0.1034 (0.1079)	loss 3.1002 (3.7263)	grad_norm 5.0934 (4.3111)	loss_scale 65536.0000 (65536.0000)	mem 1205MB
[2026-03-25 02:15:37 tiny_cifar100_30ep](main.py 348): INFO Train: [9/30][200/390]	eta 0:00:40 lr 0.000108	 wd 0.0500	time 0.1028 (0.2136)	data time 0.0006 (0.1055)	model time 0.1022 (0.1080)	loss 4.1561 (3.7204)	grad_norm 4.0482 (4.3131)	loss_scale 65536.0000 (65536.0000)	mem 1205MB
[2026-03-25 02:15:38 tiny_cifar100_30ep](main.py 348): INFO Train: [9/30][210/390]	eta 0:00:37 lr 0.000108	 wd 0.0500	time 0.1018 (0.2084)	data time 0.0004 (0.1005)	model time 0.1014 (0.1078)	loss 3.5158 (3.7164)	grad_norm 5.1445 (4.3174)	loss_scale 65536.0000 (65536.0000)	mem 1205MB
[2026-03-25 02:15:39 tiny_cifar100_30ep](main.py 348): INFO Train: [9/30][220/390]	eta 0:00:34 lr 0.000108	 wd 0.0500	time 0.1017 (0.2038)	data time 0.0006 (0.0960)	model time 0.1011 (0.1076)	loss 3.5188 (3.7100)	grad_norm 4.8559 (4.3324)	loss_scale 65536.0000 (65536.0000)	mem 1205MB
[2026-03-25 02:15:40 tiny_cifar100_30ep](main.py 348): INFO Train: [9/30][230/390]	eta 0:00:31 lr 0.000108	 wd 0.0500	time 0.1052 (0.1996)	data time 0.0007 (0.0919)	model time 0.1045 (0.1076)	loss 4.1788 (3.7119)	grad_norm 3.8353 (4.3432)	loss_scale 65536.0000 (65536.0000)	mem 1205MB
[2026-03-25 02:15:41 tiny_cifar100_30ep](main.py 348): INFO Train: [9/30][240/390]	eta 0:00:29 lr 0.000108	 wd 0.0500	time 0.1131 (0.1961)	data time 0.0005 (0.0881)	model time 0.1126 (0.1079)	loss 3.7982 (3.7073)	grad_norm 4.4767 (4.3573)	loss_scale 65536.0000 (65536.0000)	mem 1205MB
[2026-03-25 02:15:42 tiny_cifar100_30ep](main.py 348): INFO Train: [9/30][250/390]	eta 0:00:26 lr 0.000107	 wd 0.0500	time 0.1047 (0.1926)	data time 0.0006 (0.0846)	model time 0.1041 (0.1079)	loss 4.1110 (3.7103)	grad_norm 4.5188 (4.3711)	loss_scale 65536.0000 (65536.0000)	mem 1205MB
[2026-03-25 02:15:43 tiny_cifar100_30ep](main.py 348): INFO Train: [9/30][260/390]	eta 0:00:24 lr 0.000107	 wd 0.0500	time 0.1029 (0.1893)	data time 0.0005 (0.0814)	model time 0.1024 (0.1078)	loss 3.4022 (3.7070)	grad_norm 5.4595 (4.3798)	loss_scale 65536.0000 (65536.0000)	mem 1205MB
[2026-03-25 02:15:44 tiny_cifar100_30ep](main.py 348): INFO Train: [9/30][270/390]	eta 0:00:22 lr 0.000107	 wd 0.0500	time 0.1018 (0.1862)	data time 0.0006 (0.0784)	model time 0.1012 (0.1077)	loss 3.7900 (3.7057)	grad_norm 4.3250 (4.3917)	loss_scale 65536.0000 (65536.0000)	mem 1205MB
[2026-03-25 02:15:45 tiny_cifar100_30ep](main.py 348): INFO Train: [9/30][280/390]	eta 0:00:20 lr 0.000107	 wd 0.0500	time 0.1128 (0.1835)	data time 0.0005 (0.0756)	model time 0.1123 (0.1077)	loss 4.0095 (3.7043)	grad_norm 4.7659 (4.3908)	loss_scale 65536.0000 (65536.0000)	mem 1205MB
[2026-03-25 02:15:46 tiny_cifar100_30ep](main.py 348): INFO Train: [9/30][290/390]	eta 0:00:18 lr 0.000107	 wd 0.0500	time 0.1024 (0.1809)	data time 0.0005 (0.0730)	model time 0.1019 (0.1077)	loss 3.1559 (3.6990)	grad_norm 4.2210 (4.3871)	loss_scale 65536.0000 (65536.0000)	mem 1205MB
[2026-03-25 02:15:47 tiny_cifar100_30ep](main.py 348): INFO Train: [9/30][300/390]	eta 0:00:16 lr 0.000107	 wd 0.0500	time 0.1094 (0.1785)	data time 0.0006 (0.0706)	model time 0.1087 (0.1078)	loss 3.9686 (3.6980)	grad_norm 4.5966 (4.3860)	loss_scale 65536.0000 (65536.0000)	mem 1205MB
[2026-03-25 02:15:48 tiny_cifar100_30ep](main.py 348): INFO Train: [9/30][310/390]	eta 0:00:14 lr 0.000107	 wd 0.0500	time 0.1074 (0.1763)	data time 0.0007 (0.0684)	model time 0.1066 (0.1079)	loss 3.8362 (3.6962)	grad_norm 4.0608 (4.3912)	loss_scale 65536.0000 (65536.0000)	mem 1205MB
[2026-03-25 02:15:50 tiny_cifar100_30ep](main.py 348): INFO Train: [9/30][320/390]	eta 0:00:12 lr 0.000107	 wd 0.0500	time 0.1185 (0.1744)	data time 0.0006 (0.0663)	model time 0.1179 (0.1081)	loss 4.1610 (3.6971)	grad_norm 4.5197 (4.4101)	loss_scale 65536.0000 (65536.0000)	mem 1205MB
[2026-03-25 02:15:51 tiny_cifar100_30ep](main.py 348): INFO Train: [9/30][330/390]	eta 0:00:10 lr 0.000106	 wd 0.0500	time 0.1046 (0.1725)	data time 0.0006 (0.0643)	model time 0.1041 (0.1081)	loss 3.8912 (3.6995)	grad_norm 4.4119 (4.4127)	loss_scale 65536.0000 (65536.0000)	mem 1205MB
[2026-03-25 02:15:52 tiny_cifar100_30ep](main.py 348): INFO Train: [9/30][340/390]	eta 0:00:08 lr 0.000106	 wd 0.0500	time 0.1016 (0.1706)	data time 0.0006 (0.0624)	model time 0.1010 (0.1082)	loss 4.0339 (3.6992)	grad_norm 4.3707 (4.4170)	loss_scale 65536.0000 (65536.0000)	mem 1205MB
[2026-03-25 02:15:53 tiny_cifar100_30ep](main.py 348): INFO Train: [9/30][350/390]	eta 0:00:06 lr 0.000106	 wd 0.0500	time 0.1018 (0.1688)	data time 0.0007 (0.0607)	model time 0.1011 (0.1081)	loss 4.2465 (3.6996)	grad_norm 3.9224 (4.4168)	loss_scale 65536.0000 (65536.0000)	mem 1205MB
[2026-03-25 02:15:54 tiny_cifar100_30ep](main.py 348): INFO Train: [9/30][360/390]	eta 0:00:05 lr 0.000106	 wd 0.0500	time 0.1016 (0.1671)	data time 0.0005 (0.0590)	model time 0.1011 (0.1080)	loss 3.1816 (3.6983)	grad_norm 4.2792 (4.4153)	loss_scale 65536.0000 (65536.0000)	mem 1205MB
[2026-03-25 02:15:55 tiny_cifar100_30ep](main.py 348): INFO Train: [9/30][370/390]	eta 0:00:03 lr 0.000106	 wd 0.0500	time 0.1019 (0.1654)	data time 0.0005 (0.0574)	model time 0.1014 (0.1079)	loss 4.0672 (3.7012)	grad_norm 5.2457 (4.4103)	loss_scale 65536.0000 (65536.0000)	mem 1205MB
[2026-03-25 02:15:56 tiny_cifar100_30ep](main.py 348): INFO Train: [9/30][380/390]	eta 0:00:01 lr 0.000106	 wd 0.0500	time 0.1012 (0.1637)	data time 0.0004 (0.0559)	model time 0.1009 (0.1077)	loss 3.8160 (3.6999)	grad_norm 4.4979 (4.4143)	loss_scale 65536.0000 (65536.0000)	mem 1205MB
[2026-03-25 02:15:58 tiny_cifar100_30ep](main.py 359): INFO EPOCH 9 training takes 0:01:03
[2026-03-25 02:15:58 tiny_cifar100_30ep](utils.py 104): INFO ./output_cifar100_noema_30ep/tiny_cifar100_30ep/20260325020204/latest_ckpt.pth saving......
[2026-03-25 02:15:58 tiny_cifar100_30ep](utils.py 106): INFO ./output_cifar100_noema_30ep/tiny_cifar100_30ep/20260325020204/latest_ckpt.pth saved !!!
/home/jlx_75/miniconda3/envs/pvmamba/lib/python3.10/site-packages/requests/__init__.py:109: RequestsDependencyWarning: urllib3 (1.26.13) or chardet (7.2.0)/charset_normalizer (2.1.1) doesn't match a supported version!
  warnings.warn(
/home/jlx_75/miniconda3/envs/pvmamba/lib/python3.10/site-packages/requests/__init__.py:109: RequestsDependencyWarning: urllib3 (1.26.13) or chardet (7.2.0)/charset_normalizer (2.1.1) doesn't match a supported version!
  warnings.warn(
/home/jlx_75/miniconda3/envs/pvmamba/lib/python3.10/site-packages/requests/__init__.py:109: RequestsDependencyWarning: urllib3 (1.26.13) or chardet (7.2.0)/charset_normalizer (2.1.1) doesn't match a supported version!
  warnings.warn(
/home/jlx_75/miniconda3/envs/pvmamba/lib/python3.10/site-packages/requests/__init__.py:109: RequestsDependencyWarning: urllib3 (1.26.13) or chardet (7.2.0)/charset_normalizer (2.1.1) doesn't match a supported version!
  warnings.warn(
/home/jlx_75/miniconda3/envs/pvmamba/lib/python3.10/site-packages/requests/__init__.py:109: RequestsDependencyWarning: urllib3 (1.26.13) or chardet (7.2.0)/charset_normalizer (2.1.1) doesn't match a supported version!
  warnings.warn(
/home/jlx_75/miniconda3/envs/pvmamba/lib/python3.10/site-packages/requests/__init__.py:109: RequestsDependencyWarning: urllib3 (1.26.13) or chardet (7.2.0)/charset_normalizer (2.1.1) doesn't match a supported version!
  warnings.warn(
/home/jlx_75/miniconda3/envs/pvmamba/lib/python3.10/site-packages/requests/__init__.py:109: RequestsDependencyWarning: urllib3 (1.26.13) or chardet (7.2.0)/charset_normalizer (2.1.1) doesn't match a supported version!
  warnings.warn(
/home/jlx_75/miniconda3/envs/pvmamba/lib/python3.10/site-packages/requests/__init__.py:109: RequestsDependencyWarning: urllib3 (1.26.13) or chardet (7.2.0)/charset_normalizer (2.1.1) doesn't match a supported version!
  warnings.warn(
[2026-03-25 02:16:14 tiny_cifar100_30ep](main.py 403): INFO Test: [0/79]	Time 15.100 (15.100)	Loss 2.5020 (2.5020)	Acc@1 37.500 (37.500)	Acc@5 71.875 (71.875)	Mem 1205MB
[2026-03-25 02:16:14 tiny_cifar100_30ep](main.py 403): INFO Test: [10/79]	Time 0.059 (1.421)	Loss 2.6836 (2.6923)	Acc@1 40.625 (34.517)	Acc@5 67.188 (65.767)	Mem 1205MB
[2026-03-25 02:16:15 tiny_cifar100_30ep](main.py 403): INFO Test: [20/79]	Time 0.054 (0.770)	Loss 2.7363 (2.6728)	Acc@1 32.812 (34.784)	Acc@5 68.750 (66.332)	Mem 1205MB
[2026-03-25 02:16:15 tiny_cifar100_30ep](main.py 403): INFO Test: [30/79]	Time 0.054 (0.539)	Loss 2.5898 (2.6720)	Acc@1 36.719 (34.955)	Acc@5 71.875 (66.532)	Mem 1205MB
[2026-03-25 02:16:16 tiny_cifar100_30ep](main.py 403): INFO Test: [40/79]	Time 0.052 (0.421)	Loss 2.5312 (2.6692)	Acc@1 45.312 (35.575)	Acc@5 67.969 (66.463)	Mem 1205MB
[2026-03-25 02:16:16 tiny_cifar100_30ep](main.py 403): INFO Test: [50/79]	Time 0.036 (0.346)	Loss 2.6426 (2.6692)	Acc@1 37.500 (35.463)	Acc@5 66.406 (66.468)	Mem 1205MB
[2026-03-25 02:16:16 tiny_cifar100_30ep](main.py 403): INFO Test: [60/79]	Time 0.035 (0.295)	Loss 2.9355 (2.6801)	Acc@1 28.906 (35.067)	Acc@5 60.156 (66.329)	Mem 1205MB
[2026-03-25 02:16:17 tiny_cifar100_30ep](main.py 403): INFO Test: [70/79]	Time 0.034 (0.258)	Loss 2.7188 (2.6747)	Acc@1 32.031 (35.409)	Acc@5 64.844 (66.604)	Mem 1205MB
[2026-03-25 02:16:18 tiny_cifar100_30ep](main.py 410): INFO  * Acc@1 35.290 Acc@5 66.450
[2026-03-25 02:16:18 tiny_cifar100_30ep](main.py 239): INFO Accuracy of the network on the 10000 test images: 35.3%
[2026-03-25 02:16:18 tiny_cifar100_30ep](main.py 247): INFO New max accuracy: 35.29%
[2026-03-25 02:16:18 tiny_cifar100_30ep](utils.py 104): INFO ./output_cifar100_noema_30ep/tiny_cifar100_30ep/20260325020204/best_ckpt.pth saving......
[2026-03-25 02:16:19 tiny_cifar100_30ep](utils.py 106): INFO ./output_cifar100_noema_30ep/tiny_cifar100_30ep/20260325020204/best_ckpt.pth saved !!!
/home/jlx_75/miniconda3/envs/pvmamba/lib/python3.10/site-packages/requests/__init__.py:109: RequestsDependencyWarning: urllib3 (1.26.13) or chardet (7.2.0)/charset_normalizer (2.1.1) doesn't match a supported version!
  warnings.warn(
/home/jlx_75/miniconda3/envs/pvmamba/lib/python3.10/site-packages/requests/__init__.py:109: RequestsDependencyWarning: urllib3 (1.26.13) or chardet (7.2.0)/charset_normalizer (2.1.1) doesn't match a supported version!
  warnings.warn(
/home/jlx_75/miniconda3/envs/pvmamba/lib/python3.10/site-packages/requests/__init__.py:109: RequestsDependencyWarning: urllib3 (1.26.13) or chardet (7.2.0)/charset_normalizer (2.1.1) doesn't match a supported version!
  warnings.warn(
/home/jlx_75/miniconda3/envs/pvmamba/lib/python3.10/site-packages/requests/__init__.py:109: RequestsDependencyWarning: urllib3 (1.26.13) or chardet (7.2.0)/charset_normalizer (2.1.1) doesn't match a supported version!
  warnings.warn(
/home/jlx_75/miniconda3/envs/pvmamba/lib/python3.10/site-packages/requests/__init__.py:109: RequestsDependencyWarning: urllib3 (1.26.13) or chardet (7.2.0)/charset_normalizer (2.1.1) doesn't match a supported version!
  warnings.warn(
/home/jlx_75/miniconda3/envs/pvmamba/lib/python3.10/site-packages/requests/__init__.py:109: RequestsDependencyWarning: urllib3 (1.26.13) or chardet (7.2.0)/charset_normalizer (2.1.1) doesn't match a supported version!
  warnings.warn(
/home/jlx_75/miniconda3/envs/pvmamba/lib/python3.10/site-packages/requests/__init__.py:109: RequestsDependencyWarning: urllib3 (1.26.13) or chardet (7.2.0)/charset_normalizer (2.1.1) doesn't match a supported version!
  warnings.warn(
/home/jlx_75/miniconda3/envs/pvmamba/lib/python3.10/site-packages/requests/__init__.py:109: RequestsDependencyWarning: urllib3 (1.26.13) or chardet (7.2.0)/charset_normalizer (2.1.1) doesn't match a supported version!
  warnings.warn(
[2026-03-25 02:16:40 tiny_cifar100_30ep](main.py 348): INFO Train: [10/30][0/390]	eta 2:17:37 lr 0.000106	 wd 0.0500	time 21.1729 (21.1729)	data time 21.0243 (21.0243)	model time 0.0000 (0.0000)	loss 4.1638 (4.1638)	grad_norm 4.9308 (4.9308)	loss_scale 65536.0000 (65536.0000)	mem 1205MB
[2026-03-25 02:16:41 tiny_cifar100_30ep](main.py 348): INFO Train: [10/30][10/390]	eta 0:12:50 lr 0.000105	 wd 0.0500	time 0.1083 (2.0264)	data time 0.0005 (1.9119)	model time 0.0000 (0.0000)	loss 3.2524 (3.6226)	grad_norm 4.4736 (4.4731)	loss_scale 65536.0000 (65536.0000)	mem 1205MB
[2026-03-25 02:16:42 tiny_cifar100_30ep](main.py 348): INFO Train: [10/30][20/390]	eta 0:06:52 lr 0.000105	 wd 0.0500	time 0.1072 (1.1139)	data time 0.0006 (1.0017)	model time 0.0000 (0.0000)	loss 3.5563 (3.5888)	grad_norm 3.8815 (4.5437)	loss_scale 65536.0000 (65536.0000)	mem 1205MB
[2026-03-25 02:16:43 tiny_cifar100_30ep](main.py 348): INFO Train: [10/30][30/390]	eta 0:04:44 lr 0.000105	 wd 0.0500	time 0.1083 (0.7893)	data time 0.0005 (0.6788)	model time 0.0000 (0.0000)	loss 3.5579 (3.6706)	grad_norm 4.0438 (4.4896)	loss_scale 65536.0000 (65536.0000)	mem 1205MB
[2026-03-25 02:16:44 tiny_cifar100_30ep](main.py 348): INFO Train: [10/30][40/390]	eta 0:03:38 lr 0.000105	 wd 0.0500	time 0.1074 (0.6230)	data time 0.0005 (0.5134)	model time 0.0000 (0.0000)	loss 3.6829 (3.6078)	grad_norm 5.1150 (4.6142)	loss_scale 65536.0000 (65536.0000)	mem 1205MB
[2026-03-25 02:16:45 tiny_cifar100_30ep](main.py 348): INFO Train: [10/30][50/390]	eta 0:02:57 lr 0.000105	 wd 0.0500	time 0.1115 (0.5230)	data time 0.0006 (0.4128)	model time 0.0000 (0.0000)	loss 4.0642 (3.6078)	grad_norm 3.8785 (4.5756)	loss_scale 65536.0000 (65536.0000)	mem 1205MB
[2026-03-25 02:16:46 tiny_cifar100_30ep](main.py 348): INFO Train: [10/30][60/390]	eta 0:02:30 lr 0.000105	 wd 0.0500	time 0.1017 (0.4549)	data time 0.0005 (0.3452)	model time 0.1013 (0.1070)	loss 3.7895 (3.6106)	grad_norm 4.2638 (4.6058)	loss_scale 65536.0000 (65536.0000)	mem 1205MB
[2026-03-25 02:16:47 tiny_cifar100_30ep](main.py 348): INFO Train: [10/30][70/390]	eta 0:02:09 lr 0.000105	 wd 0.0500	time 0.1051 (0.4061)	data time 0.0005 (0.2967)	model time 0.1046 (0.1074)	loss 4.1454 (3.6288)	grad_norm 5.0769 (4.6104)	loss_scale 65536.0000 (65536.0000)	mem 1205MB
[2026-03-25 02:16:48 tiny_cifar100_30ep](main.py 348): INFO Train: [10/30][80/390]	eta 0:01:54 lr 0.000105	 wd 0.0500	time 0.1022 (0.3688)	data time 0.0006 (0.2602)	model time 0.1015 (0.1061)	loss 3.4262 (3.6257)	grad_norm 4.6156 (4.6094)	loss_scale 65536.0000 (65536.0000)	mem 1205MB
[2026-03-25 02:16:50 tiny_cifar100_30ep](main.py 348): INFO Train: [10/30][90/390]	eta 0:01:42 lr 0.000104	 wd 0.0500	time 0.1020 (0.3406)	data time 0.0005 (0.2316)	model time 0.1014 (0.1076)	loss 4.2449 (3.6340)	grad_norm 3.6397 (4.5930)	loss_scale 65536.0000 (65536.0000)	mem 1205MB
[2026-03-25 02:16:51 tiny_cifar100_30ep](main.py 348): INFO Train: [10/30][100/390]	eta 0:01:32 lr 0.000104	 wd 0.0500	time 0.1252 (0.3184)	data time 0.0006 (0.2088)	model time 0.1246 (0.1091)	loss 3.7557 (3.6350)	grad_norm 4.0213 (4.5723)	loss_scale 65536.0000 (65536.0000)	mem 1205MB
[2026-03-25 02:16:52 tiny_cifar100_30ep](main.py 348): INFO Train: [10/30][110/390]	eta 0:01:23 lr 0.000104	 wd 0.0500	time 0.1054 (0.2998)	data time 0.0005 (0.1900)	model time 0.1049 (0.1094)	loss 2.8309 (3.6288)	grad_norm 5.0384 (4.5679)	loss_scale 65536.0000 (65536.0000)	mem 1205MB
[2026-03-25 02:16:53 tiny_cifar100_30ep](main.py 348): INFO Train: [10/30][120/390]	eta 0:01:16 lr 0.000104	 wd 0.0500	time 0.1025 (0.2838)	data time 0.0006 (0.1744)	model time 0.1019 (0.1090)	loss 3.9888 (3.6320)	grad_norm 4.4692 (4.5887)	loss_scale 65536.0000 (65536.0000)	mem 1205MB
[2026-03-25 02:16:54 tiny_cifar100_30ep](main.py 348): INFO Train: [10/30][130/390]	eta 0:01:10 lr 0.000104	 wd 0.0500	time 0.1016 (0.2700)	data time 0.0004 (0.1611)	model time 0.1012 (0.1081)	loss 3.2374 (3.6367)	grad_norm 5.5011 (4.6289)	loss_scale 65536.0000 (65536.0000)	mem 1205MB
[2026-03-25 02:16:55 tiny_cifar100_30ep](main.py 348): INFO Train: [10/30][140/390]	eta 0:01:04 lr 0.000104	 wd 0.0500	time 0.1145 (0.2584)	data time 0.0006 (0.1497)	model time 0.1139 (0.1078)	loss 3.9405 (3.6302)	grad_norm 4.2327 (4.6670)	loss_scale 65536.0000 (65536.0000)	mem 1205MB
[2026-03-25 02:16:56 tiny_cifar100_30ep](main.py 348): INFO Train: [10/30][150/390]	eta 0:00:59 lr 0.000104	 wd 0.0500	time 0.1025 (0.2481)	data time 0.0006 (0.1398)	model time 0.1019 (0.1074)	loss 4.1291 (3.6246)	grad_norm 4.0531 (4.6836)	loss_scale 65536.0000 (65536.0000)	mem 1205MB
[2026-03-25 02:16:57 tiny_cifar100_30ep](main.py 348): INFO Train: [10/30][160/390]	eta 0:00:55 lr 0.000103	 wd 0.0500	time 0.1051 (0.2396)	data time 0.0006 (0.1312)	model time 0.1045 (0.1076)	loss 3.1793 (3.6235)	grad_norm 4.8227 (4.7069)	loss_scale 65536.0000 (65536.0000)	mem 1205MB
[2026-03-25 02:16:58 tiny_cifar100_30ep](main.py 348): INFO Train: [10/30][170/390]	eta 0:00:51 lr 0.000103	 wd 0.0500	time 0.1034 (0.2321)	data time 0.0005 (0.1235)	model time 0.1029 (0.1079)	loss 2.9687 (3.6272)	grad_norm 4.6457 (4.6938)	loss_scale 65536.0000 (65536.0000)	mem 1205MB
[2026-03-25 02:16:59 tiny_cifar100_30ep](main.py 348): INFO Train: [10/30][180/390]	eta 0:00:47 lr 0.000103	 wd 0.0500	time 0.1019 (0.2251)	data time 0.0005 (0.1168)	model time 0.1014 (0.1077)	loss 4.1456 (3.6266)	grad_norm 3.6612 (4.6856)	loss_scale 65536.0000 (65536.0000)	mem 1205MB
[2026-03-25 02:17:00 tiny_cifar100_30ep](main.py 348): INFO Train: [10/30][190/390]	eta 0:00:43 lr 0.000103	 wd 0.0500	time 0.1021 (0.2187)	data time 0.0005 (0.1107)	model time 0.1015 (0.1073)	loss 3.7885 (3.6216)	grad_norm 4.6976 (4.6852)	loss_scale 65536.0000 (65536.0000)	mem 1205MB
[2026-03-25 02:17:01 tiny_cifar100_30ep](main.py 348): INFO Train: [10/30][200/390]	eta 0:00:40 lr 0.000103	 wd 0.0500	time 0.1020 (0.2131)	data time 0.0005 (0.1052)	model time 0.1016 (0.1072)	loss 3.0094 (3.6173)	grad_norm 5.3937 (4.6876)	loss_scale 65536.0000 (65536.0000)	mem 1205MB
[2026-03-25 02:17:03 tiny_cifar100_30ep](main.py 348): INFO Train: [10/30][210/390]	eta 0:00:37 lr 0.000103	 wd 0.0500	time 0.1019 (0.2085)	data time 0.0005 (0.1002)	model time 0.1013 (0.1077)	loss 2.9650 (3.6129)	grad_norm 5.1175 (4.6992)	loss_scale 65536.0000 (65536.0000)	mem 1205MB
[2026-03-25 02:17:04 tiny_cifar100_30ep](main.py 348): INFO Train: [10/30][220/390]	eta 0:00:34 lr 0.000103	 wd 0.0500	time 0.1019 (0.2038)	data time 0.0005 (0.0957)	model time 0.1014 (0.1074)	loss 3.9615 (3.6079)	grad_norm 5.1198 (4.7103)	loss_scale 65536.0000 (65536.0000)	mem 1205MB
[2026-03-25 02:17:05 tiny_cifar100_30ep](main.py 348): INFO Train: [10/30][230/390]	eta 0:00:31 lr 0.000102	 wd 0.0500	time 0.1020 (0.1994)	data time 0.0005 (0.0916)	model time 0.1015 (0.1071)	loss 3.9138 (3.6078)	grad_norm 5.0355 (4.7155)	loss_scale 65536.0000 (65536.0000)	mem 1205MB
[2026-03-25 02:17:06 tiny_cifar100_30ep](main.py 348): INFO Train: [10/30][240/390]	eta 0:00:29 lr 0.000102	 wd 0.0500	time 0.1153 (0.1956)	data time 0.0009 (0.0878)	model time 0.1145 (0.1071)	loss 2.9875 (3.6068)	grad_norm 5.4715 (4.7134)	loss_scale 65536.0000 (65536.0000)	mem 1205MB
[2026-03-25 02:17:07 tiny_cifar100_30ep](main.py 348): INFO Train: [10/30][250/390]	eta 0:00:26 lr 0.000102	 wd 0.0500	time 0.1102 (0.1920)	data time 0.0008 (0.0844)	model time 0.1095 (0.1071)	loss 3.6031 (3.6151)	grad_norm 6.5049 (4.7181)	loss_scale 65536.0000 (65536.0000)	mem 1205MB
[2026-03-25 02:17:08 tiny_cifar100_30ep](main.py 348): INFO Train: [10/30][260/390]	eta 0:00:24 lr 0.000102	 wd 0.0500	time 0.1021 (0.1887)	data time 0.0005 (0.0811)	model time 0.1016 (0.1069)	loss 3.5003 (3.6193)	grad_norm 5.0547 (4.7187)	loss_scale 65536.0000 (65536.0000)	mem 1205MB
[2026-03-25 02:17:09 tiny_cifar100_30ep](main.py 348): INFO Train: [10/30][270/390]	eta 0:00:22 lr 0.000102	 wd 0.0500	time 0.1038 (0.1857)	data time 0.0007 (0.0782)	model time 0.1031 (0.1069)	loss 3.9215 (3.6192)	grad_norm 3.8943 (4.7161)	loss_scale 65536.0000 (65536.0000)	mem 1205MB
[2026-03-25 02:17:10 tiny_cifar100_30ep](main.py 348): INFO Train: [10/30][280/390]	eta 0:00:20 lr 0.000102	 wd 0.0500	time 0.1095 (0.1829)	data time 0.0006 (0.0754)	model time 0.1089 (0.1068)	loss 3.7011 (3.6130)	grad_norm 4.6533 (4.7216)	loss_scale 65536.0000 (65536.0000)	mem 1205MB
[2026-03-25 02:17:11 tiny_cifar100_30ep](main.py 348): INFO Train: [10/30][290/390]	eta 0:00:18 lr 0.000102	 wd 0.0500	time 0.1020 (0.1803)	data time 0.0005 (0.0728)	model time 0.1015 (0.1069)	loss 4.0154 (3.6175)	grad_norm 3.8336 (4.7138)	loss_scale 65536.0000 (65536.0000)	mem 1205MB
[2026-03-25 02:17:12 tiny_cifar100_30ep](main.py 348): INFO Train: [10/30][300/390]	eta 0:00:16 lr 0.000101	 wd 0.0500	time 0.1033 (0.1779)	data time 0.0006 (0.0704)	model time 0.1027 (0.1069)	loss 4.1285 (3.6122)	grad_norm 3.6967 (4.7117)	loss_scale 65536.0000 (65536.0000)	mem 1205MB
[2026-03-25 02:17:13 tiny_cifar100_30ep](main.py 348): INFO Train: [10/30][310/390]	eta 0:00:14 lr 0.000101	 wd 0.0500	time 0.1046 (0.1755)	data time 0.0006 (0.0682)	model time 0.1040 (0.1068)	loss 3.5258 (3.6126)	grad_norm 4.7852 (4.7105)	loss_scale 65536.0000 (65536.0000)	mem 1205MB
[2026-03-25 02:17:14 tiny_cifar100_30ep](main.py 348): INFO Train: [10/30][320/390]	eta 0:00:12 lr 0.000101	 wd 0.0500	time 0.1115 (0.1735)	data time 0.0005 (0.0661)	model time 0.1110 (0.1069)	loss 4.0433 (3.6162)	grad_norm 5.1636 (4.7137)	loss_scale 65536.0000 (65536.0000)	mem 1205MB
[2026-03-25 02:17:15 tiny_cifar100_30ep](main.py 348): INFO Train: [10/30][330/390]	eta 0:00:10 lr 0.000101	 wd 0.0500	time 0.1017 (0.1715)	data time 0.0005 (0.0641)	model time 0.1013 (0.1068)	loss 2.8956 (3.6148)	grad_norm 4.8181 (4.7255)	loss_scale 65536.0000 (65536.0000)	mem 1205MB
[2026-03-25 02:17:16 tiny_cifar100_30ep](main.py 348): INFO Train: [10/30][340/390]	eta 0:00:08 lr 0.000101	 wd 0.0500	time 0.1031 (0.1695)	data time 0.0006 (0.0622)	model time 0.1026 (0.1068)	loss 3.0643 (3.6120)	grad_norm 4.9474 (4.7332)	loss_scale 65536.0000 (65536.0000)	mem 1205MB
[2026-03-25 02:17:17 tiny_cifar100_30ep](main.py 348): INFO Train: [10/30][350/390]	eta 0:00:06 lr 0.000101	 wd 0.0500	time 0.1029 (0.1677)	data time 0.0005 (0.0605)	model time 0.1024 (0.1067)	loss 4.3701 (3.6179)	grad_norm 3.9089 (4.7321)	loss_scale 65536.0000 (65536.0000)	mem 1205MB
[2026-03-25 02:17:19 tiny_cifar100_30ep](main.py 348): INFO Train: [10/30][360/390]	eta 0:00:04 lr 0.000101	 wd 0.0500	time 0.1019 (0.1661)	data time 0.0005 (0.0588)	model time 0.1013 (0.1068)	loss 4.2052 (3.6204)	grad_norm 3.8561 (4.7307)	loss_scale 65536.0000 (65536.0000)	mem 1205MB
[2026-03-25 02:17:20 tiny_cifar100_30ep](main.py 348): INFO Train: [10/30][370/390]	eta 0:00:03 lr 0.000100	 wd 0.0500	time 0.1288 (0.1647)	data time 0.0008 (0.0573)	model time 0.1280 (0.1070)	loss 3.6767 (3.6231)	grad_norm 4.1192 (4.7230)	loss_scale 65536.0000 (65536.0000)	mem 1205MB
[2026-03-25 02:17:21 tiny_cifar100_30ep](main.py 348): INFO Train: [10/30][380/390]	eta 0:00:01 lr 0.000100	 wd 0.0500	time 0.1015 (0.1632)	data time 0.0003 (0.0558)	model time 0.1012 (0.1070)	loss 3.9373 (3.6250)	grad_norm 4.7009 (4.7268)	loss_scale 65536.0000 (65536.0000)	mem 1205MB
[2026-03-25 02:17:22 tiny_cifar100_30ep](main.py 359): INFO EPOCH 10 training takes 0:01:03
[2026-03-25 02:17:22 tiny_cifar100_30ep](utils.py 104): INFO ./output_cifar100_noema_30ep/tiny_cifar100_30ep/20260325020204/latest_ckpt.pth saving......
[2026-03-25 02:17:23 tiny_cifar100_30ep](utils.py 106): INFO ./output_cifar100_noema_30ep/tiny_cifar100_30ep/20260325020204/latest_ckpt.pth saved !!!
/home/jlx_75/miniconda3/envs/pvmamba/lib/python3.10/site-packages/requests/__init__.py:109: RequestsDependencyWarning: urllib3 (1.26.13) or chardet (7.2.0)/charset_normalizer (2.1.1) doesn't match a supported version!
  warnings.warn(
/home/jlx_75/miniconda3/envs/pvmamba/lib/python3.10/site-packages/requests/__init__.py:109: RequestsDependencyWarning: urllib3 (1.26.13) or chardet (7.2.0)/charset_normalizer (2.1.1) doesn't match a supported version!
  warnings.warn(
/home/jlx_75/miniconda3/envs/pvmamba/lib/python3.10/site-packages/requests/__init__.py:109: RequestsDependencyWarning: urllib3 (1.26.13) or chardet (7.2.0)/charset_normalizer (2.1.1) doesn't match a supported version!
  warnings.warn(
/home/jlx_75/miniconda3/envs/pvmamba/lib/python3.10/site-packages/requests/__init__.py:109: RequestsDependencyWarning: urllib3 (1.26.13) or chardet (7.2.0)/charset_normalizer (2.1.1) doesn't match a supported version!
  warnings.warn(
/home/jlx_75/miniconda3/envs/pvmamba/lib/python3.10/site-packages/requests/__init__.py:109: RequestsDependencyWarning: urllib3 (1.26.13) or chardet (7.2.0)/charset_normalizer (2.1.1) doesn't match a supported version!
  warnings.warn(
/home/jlx_75/miniconda3/envs/pvmamba/lib/python3.10/site-packages/requests/__init__.py:109: RequestsDependencyWarning: urllib3 (1.26.13) or chardet (7.2.0)/charset_normalizer (2.1.1) doesn't match a supported version!
  warnings.warn(
/home/jlx_75/miniconda3/envs/pvmamba/lib/python3.10/site-packages/requests/__init__.py:109: RequestsDependencyWarning: urllib3 (1.26.13) or chardet (7.2.0)/charset_normalizer (2.1.1) doesn't match a supported version!
  warnings.warn(
/home/jlx_75/miniconda3/envs/pvmamba/lib/python3.10/site-packages/requests/__init__.py:109: RequestsDependencyWarning: urllib3 (1.26.13) or chardet (7.2.0)/charset_normalizer (2.1.1) doesn't match a supported version!
  warnings.warn(
[2026-03-25 02:17:38 tiny_cifar100_30ep](main.py 403): INFO Test: [0/79]	Time 15.037 (15.037)	Loss 2.4785 (2.4785)	Acc@1 41.406 (41.406)	Acc@5 67.969 (67.969)	Mem 1205MB
[2026-03-25 02:17:39 tiny_cifar100_30ep](main.py 403): INFO Test: [10/79]	Time 0.036 (1.402)	Loss 2.5820 (2.6296)	Acc@1 40.625 (35.298)	Acc@5 72.656 (67.614)	Mem 1205MB
[2026-03-25 02:17:39 tiny_cifar100_30ep](main.py 403): INFO Test: [20/79]	Time 0.036 (0.751)	Loss 2.7090 (2.6030)	Acc@1 34.375 (36.012)	Acc@5 63.281 (67.857)	Mem 1205MB
[2026-03-25 02:17:39 tiny_cifar100_30ep](main.py 403): INFO Test: [30/79]	Time 0.036 (0.521)	Loss 2.5215 (2.6013)	Acc@1 36.719 (36.190)	Acc@5 71.875 (67.692)	Mem 1205MB
[2026-03-25 02:17:40 tiny_cifar100_30ep](main.py 403): INFO Test: [40/79]	Time 0.036 (0.402)	Loss 2.4805 (2.6027)	Acc@1 41.406 (36.585)	Acc@5 69.531 (67.607)	Mem 1205MB
[2026-03-25 02:17:40 tiny_cifar100_30ep](main.py 403): INFO Test: [50/79]	Time 0.036 (0.331)	Loss 2.6484 (2.6040)	Acc@1 36.719 (36.642)	Acc@5 64.844 (67.816)	Mem 1205MB
[2026-03-25 02:17:41 tiny_cifar100_30ep](main.py 403): INFO Test: [60/79]	Time 0.036 (0.282)	Loss 2.8516 (2.6119)	Acc@1 30.469 (36.463)	Acc@5 64.844 (67.751)	Mem 1205MB
[2026-03-25 02:17:41 tiny_cifar100_30ep](main.py 403): INFO Test: [70/79]	Time 0.035 (0.247)	Loss 2.6406 (2.6081)	Acc@1 39.062 (36.686)	Acc@5 71.094 (67.925)	Mem 1205MB
[2026-03-25 02:17:42 tiny_cifar100_30ep](main.py 410): INFO  * Acc@1 36.540 Acc@5 67.860
[2026-03-25 02:17:42 tiny_cifar100_30ep](main.py 239): INFO Accuracy of the network on the 10000 test images: 36.5%
[2026-03-25 02:17:42 tiny_cifar100_30ep](main.py 247): INFO New max accuracy: 36.54%
[2026-03-25 02:17:42 tiny_cifar100_30ep](utils.py 104): INFO ./output_cifar100_noema_30ep/tiny_cifar100_30ep/20260325020204/best_ckpt.pth saving......
[2026-03-25 02:17:43 tiny_cifar100_30ep](utils.py 106): INFO ./output_cifar100_noema_30ep/tiny_cifar100_30ep/20260325020204/best_ckpt.pth saved !!!
/home/jlx_75/miniconda3/envs/pvmamba/lib/python3.10/site-packages/requests/__init__.py:109: RequestsDependencyWarning: urllib3 (1.26.13) or chardet (7.2.0)/charset_normalizer (2.1.1) doesn't match a supported version!
  warnings.warn(
/home/jlx_75/miniconda3/envs/pvmamba/lib/python3.10/site-packages/requests/__init__.py:109: RequestsDependencyWarning: urllib3 (1.26.13) or chardet (7.2.0)/charset_normalizer (2.1.1) doesn't match a supported version!
  warnings.warn(
/home/jlx_75/miniconda3/envs/pvmamba/lib/python3.10/site-packages/requests/__init__.py:109: RequestsDependencyWarning: urllib3 (1.26.13) or chardet (7.2.0)/charset_normalizer (2.1.1) doesn't match a supported version!
  warnings.warn(
/home/jlx_75/miniconda3/envs/pvmamba/lib/python3.10/site-packages/requests/__init__.py:109: RequestsDependencyWarning: urllib3 (1.26.13) or chardet (7.2.0)/charset_normalizer (2.1.1) doesn't match a supported version!
  warnings.warn(
/home/jlx_75/miniconda3/envs/pvmamba/lib/python3.10/site-packages/requests/__init__.py:109: RequestsDependencyWarning: urllib3 (1.26.13) or chardet (7.2.0)/charset_normalizer (2.1.1) doesn't match a supported version!
  warnings.warn(
/home/jlx_75/miniconda3/envs/pvmamba/lib/python3.10/site-packages/requests/__init__.py:109: RequestsDependencyWarning: urllib3 (1.26.13) or chardet (7.2.0)/charset_normalizer (2.1.1) doesn't match a supported version!
  warnings.warn(
/home/jlx_75/miniconda3/envs/pvmamba/lib/python3.10/site-packages/requests/__init__.py:109: RequestsDependencyWarning: urllib3 (1.26.13) or chardet (7.2.0)/charset_normalizer (2.1.1) doesn't match a supported version!
  warnings.warn(
/home/jlx_75/miniconda3/envs/pvmamba/lib/python3.10/site-packages/requests/__init__.py:109: RequestsDependencyWarning: urllib3 (1.26.13) or chardet (7.2.0)/charset_normalizer (2.1.1) doesn't match a supported version!
  warnings.warn(
[2026-03-25 02:18:04 tiny_cifar100_30ep](main.py 348): INFO Train: [11/30][0/390]	eta 2:18:31 lr 0.000100	 wd 0.0500	time 21.3108 (21.3108)	data time 21.1638 (21.1638)	model time 0.0000 (0.0000)	loss 3.0635 (3.0635)	grad_norm 5.2193 (5.2193)	loss_scale 65536.0000 (65536.0000)	mem 1205MB
[2026-03-25 02:18:05 tiny_cifar100_30ep](main.py 348): INFO Train: [11/30][10/390]	eta 0:12:54 lr 0.000100	 wd 0.0500	time 0.1066 (2.0375)	data time 0.0005 (1.9246)	model time 0.0000 (0.0000)	loss 3.8531 (3.7743)	grad_norm 5.3960 (4.6075)	loss_scale 65536.0000 (65536.0000)	mem 1205MB
[2026-03-25 02:18:06 tiny_cifar100_30ep](main.py 348): INFO Train: [11/30][20/390]	eta 0:06:53 lr 0.000100	 wd 0.0500	time 0.1045 (1.1175)	data time 0.0005 (1.0084)	model time 0.0000 (0.0000)	loss 3.0020 (3.6692)	grad_norm 4.8697 (4.6072)	loss_scale 65536.0000 (65536.0000)	mem 1205MB
[2026-03-25 02:18:07 tiny_cifar100_30ep](main.py 348): INFO Train: [11/30][30/390]	eta 0:04:45 lr 0.000100	 wd 0.0500	time 0.1077 (0.7917)	data time 0.0006 (0.6833)	model time 0.0000 (0.0000)	loss 4.1490 (3.6569)	grad_norm 4.1954 (4.7501)	loss_scale 65536.0000 (65536.0000)	mem 1205MB
[2026-03-25 02:18:08 tiny_cifar100_30ep](main.py 348): INFO Train: [11/30][40/390]	eta 0:03:38 lr 0.000099	 wd 0.0500	time 0.1073 (0.6255)	data time 0.0005 (0.5168)	model time 0.0000 (0.0000)	loss 3.6692 (3.6376)	grad_norm 5.0064 (4.7087)	loss_scale 65536.0000 (65536.0000)	mem 1205MB
[2026-03-25 02:18:10 tiny_cifar100_30ep](main.py 348): INFO Train: [11/30][50/390]	eta 0:02:58 lr 0.000099	 wd 0.0500	time 0.1236 (0.5249)	data time 0.0006 (0.4156)	model time 0.0000 (0.0000)	loss 3.4827 (3.5804)	grad_norm 5.9747 (4.7514)	loss_scale 65536.0000 (65536.0000)	mem 1205MB
[2026-03-25 02:18:11 tiny_cifar100_30ep](main.py 348): INFO Train: [11/30][60/390]	eta 0:02:30 lr 0.000099	 wd 0.0500	time 0.1150 (0.4574)	data time 0.0006 (0.3476)	model time 0.1144 (0.1125)	loss 3.5917 (3.5767)	grad_norm 4.9596 (4.8144)	loss_scale 65536.0000 (65536.0000)	mem 1205MB
[2026-03-25 02:18:12 tiny_cifar100_30ep](main.py 348): INFO Train: [11/30][70/390]	eta 0:02:10 lr 0.000099	 wd 0.0500	time 0.1070 (0.4084)	data time 0.0005 (0.2987)	model time 0.1065 (0.1107)	loss 3.5283 (3.5643)	grad_norm 4.5217 (4.8540)	loss_scale 65536.0000 (65536.0000)	mem 1205MB
[2026-03-25 02:18:13 tiny_cifar100_30ep](main.py 348): INFO Train: [11/30][80/390]	eta 0:01:55 lr 0.000099	 wd 0.0500	time 0.1080 (0.3719)	data time 0.0005 (0.2619)	model time 0.1075 (0.1111)	loss 3.8406 (3.5494)	grad_norm 4.3758 (4.8582)	loss_scale 65536.0000 (65536.0000)	mem 1205MB
[2026-03-25 02:18:14 tiny_cifar100_30ep](main.py 348): INFO Train: [11/30][90/390]	eta 0:01:42 lr 0.000099	 wd 0.0500	time 0.1144 (0.3428)	data time 0.0007 (0.2332)	model time 0.1137 (0.1100)	loss 4.0374 (3.5560)	grad_norm 4.4403 (4.8459)	loss_scale 65536.0000 (65536.0000)	mem 1205MB
[2026-03-25 02:18:15 tiny_cifar100_30ep](main.py 348): INFO Train: [11/30][100/390]	eta 0:01:32 lr 0.000099	 wd 0.0500	time 0.1030 (0.3192)	data time 0.0006 (0.2102)	model time 0.1025 (0.1087)	loss 3.6855 (3.5425)	grad_norm 5.0986 (4.8566)	loss_scale 65536.0000 (65536.0000)	mem 1205MB
[2026-03-25 02:18:16 tiny_cifar100_30ep](main.py 348): INFO Train: [11/30][110/390]	eta 0:01:24 lr 0.000098	 wd 0.0500	time 0.1155 (0.3001)	data time 0.0007 (0.1913)	model time 0.1148 (0.1085)	loss 3.5592 (3.5589)	grad_norm 5.2321 (4.8151)	loss_scale 65536.0000 (65536.0000)	mem 1205MB
[2026-03-25 02:18:17 tiny_cifar100_30ep](main.py 348): INFO Train: [11/30][120/390]	eta 0:01:16 lr 0.000098	 wd 0.0500	time 0.1029 (0.2842)	data time 0.0005 (0.1755)	model time 0.1024 (0.1082)	loss 3.3835 (3.5666)	grad_norm 4.2466 (4.7867)	loss_scale 65536.0000 (65536.0000)	mem 1205MB
[2026-03-25 02:18:18 tiny_cifar100_30ep](main.py 348): INFO Train: [11/30][130/390]	eta 0:01:10 lr 0.000098	 wd 0.0500	time 0.1193 (0.2709)	data time 0.0008 (0.1622)	model time 0.1185 (0.1083)	loss 3.2551 (3.5721)	grad_norm 4.9904 (4.7813)	loss_scale 65536.0000 (65536.0000)	mem 1205MB
[2026-03-25 02:18:19 tiny_cifar100_30ep](main.py 348): INFO Train: [11/30][140/390]	eta 0:01:04 lr 0.000098	 wd 0.0500	time 0.1184 (0.2595)	data time 0.0006 (0.1507)	model time 0.1179 (0.1085)	loss 4.0709 (3.5677)	grad_norm 4.6141 (4.8000)	loss_scale 65536.0000 (65536.0000)	mem 1205MB
[2026-03-25 02:18:20 tiny_cifar100_30ep](main.py 348): INFO Train: [11/30][150/390]	eta 0:00:59 lr 0.000098	 wd 0.0500	time 0.1222 (0.2498)	data time 0.0007 (0.1408)	model time 0.1215 (0.1089)	loss 3.9831 (3.5820)	grad_norm 3.9505 (4.7934)	loss_scale 65536.0000 (65536.0000)	mem 1205MB
[2026-03-25 02:18:22 tiny_cifar100_30ep](main.py 348): INFO Train: [11/30][160/390]	eta 0:00:55 lr 0.000098	 wd 0.0500	time 0.0972 (0.2410)	data time 0.0005 (0.1321)	model time 0.0967 (0.1088)	loss 3.2178 (3.5899)	grad_norm inf (inf)	loss_scale 32768.0000 (65332.4720)	mem 1205MB
[2026-03-25 02:18:23 tiny_cifar100_30ep](main.py 348): INFO Train: [11/30][170/390]	eta 0:00:51 lr 0.000098	 wd 0.0500	time 0.1212 (0.2332)	data time 0.0008 (0.1244)	model time 0.1204 (0.1086)	loss 3.4687 (3.5887)	grad_norm 4.9916 (inf)	loss_scale 32768.0000 (63428.1170)	mem 1205MB
[2026-03-25 02:18:24 tiny_cifar100_30ep](main.py 348): INFO Train: [11/30][180/390]	eta 0:00:47 lr 0.000097	 wd 0.0500	time 0.1035 (0.2261)	data time 0.0007 (0.1176)	model time 0.1028 (0.1083)	loss 4.1309 (3.5968)	grad_norm 3.7560 (inf)	loss_scale 32768.0000 (61734.1878)	mem 1205MB
[2026-03-25 02:18:25 tiny_cifar100_30ep](main.py 348): INFO Train: [11/30][190/390]	eta 0:00:43 lr 0.000097	 wd 0.0500	time 0.1047 (0.2199)	data time 0.0005 (0.1114)	model time 0.1042 (0.1081)	loss 4.0532 (3.5865)	grad_norm 5.6934 (inf)	loss_scale 32768.0000 (60217.6335)	mem 1205MB
[2026-03-25 02:18:26 tiny_cifar100_30ep](main.py 348): INFO Train: [11/30][200/390]	eta 0:00:40 lr 0.000097	 wd 0.0500	time 0.1025 (0.2142)	data time 0.0006 (0.1059)	model time 0.1019 (0.1080)	loss 3.4209 (3.5896)	grad_norm 5.0079 (inf)	loss_scale 32768.0000 (58851.9801)	mem 1205MB
[2026-03-25 02:18:27 tiny_cifar100_30ep](main.py 348): INFO Train: [11/30][210/390]	eta 0:00:37 lr 0.000097	 wd 0.0500	time 0.1058 (0.2093)	data time 0.0006 (0.1009)	model time 0.1052 (0.1081)	loss 3.2817 (3.5847)	grad_norm 5.8563 (inf)	loss_scale 32768.0000 (57615.7725)	mem 1205MB
[2026-03-25 02:18:28 tiny_cifar100_30ep](main.py 348): INFO Train: [11/30][220/390]	eta 0:00:34 lr 0.000097	 wd 0.0500	time 0.1194 (0.2048)	data time 0.0006 (0.0964)	model time 0.1188 (0.1082)	loss 4.0647 (3.5862)	grad_norm 4.3183 (inf)	loss_scale 32768.0000 (56491.4389)	mem 1205MB
[2026-03-25 02:18:29 tiny_cifar100_30ep](main.py 348): INFO Train: [11/30][230/390]	eta 0:00:32 lr 0.000097	 wd 0.0500	time 0.1031 (0.2005)	data time 0.0006 (0.0922)	model time 0.1025 (0.1080)	loss 3.9654 (3.5816)	grad_norm 5.1828 (inf)	loss_scale 32768.0000 (55464.4502)	mem 1205MB
[2026-03-25 02:18:30 tiny_cifar100_30ep](main.py 348): INFO Train: [11/30][240/390]	eta 0:00:29 lr 0.000096	 wd 0.0500	time 0.1184 (0.1967)	data time 0.0005 (0.0884)	model time 0.1179 (0.1080)	loss 3.5785 (3.5752)	grad_norm 4.3988 (inf)	loss_scale 32768.0000 (54522.6888)	mem 1205MB
[2026-03-25 02:18:31 tiny_cifar100_30ep](main.py 348): INFO Train: [11/30][250/390]	eta 0:00:27 lr 0.000096	 wd 0.0500	time 0.1061 (0.1931)	data time 0.0006 (0.0849)	model time 0.1055 (0.1078)	loss 3.2984 (3.5591)	grad_norm 4.9998 (inf)	loss_scale 32768.0000 (53655.9681)	mem 1205MB
[2026-03-25 02:18:32 tiny_cifar100_30ep](main.py 348): INFO Train: [11/30][260/390]	eta 0:00:24 lr 0.000096	 wd 0.0500	time 0.1217 (0.1898)	data time 0.0007 (0.0817)	model time 0.1210 (0.1079)	loss 3.9646 (3.5554)	grad_norm 5.7746 (inf)	loss_scale 32768.0000 (52855.6628)	mem 1205MB
[2026-03-25 02:18:33 tiny_cifar100_30ep](main.py 348): INFO Train: [11/30][270/390]	eta 0:00:22 lr 0.000096	 wd 0.0500	time 0.1052 (0.1869)	data time 0.0005 (0.0787)	model time 0.1047 (0.1080)	loss 3.8190 (3.5624)	grad_norm 4.9603 (inf)	loss_scale 32768.0000 (52114.4207)	mem 1205MB
[2026-03-25 02:18:34 tiny_cifar100_30ep](main.py 348): INFO Train: [11/30][280/390]	eta 0:00:20 lr 0.000096	 wd 0.0500	time 0.1031 (0.1842)	data time 0.0005 (0.0759)	model time 0.1026 (0.1080)	loss 4.1521 (3.5610)	grad_norm 4.1397 (inf)	loss_scale 32768.0000 (51425.9359)	mem 1205MB
[2026-03-25 02:18:36 tiny_cifar100_30ep](main.py 348): INFO Train: [11/30][290/390]	eta 0:00:18 lr 0.000096	 wd 0.0500	time 0.1032 (0.1815)	data time 0.0006 (0.0733)	model time 0.1026 (0.1080)	loss 4.1016 (3.5632)	grad_norm 4.0872 (inf)	loss_scale 32768.0000 (50784.7698)	mem 1205MB
[2026-03-25 02:18:37 tiny_cifar100_30ep](main.py 348): INFO Train: [11/30][300/390]	eta 0:00:16 lr 0.000095	 wd 0.0500	time 0.1028 (0.1789)	data time 0.0007 (0.0709)	model time 0.1022 (0.1078)	loss 3.6532 (3.5643)	grad_norm 4.7033 (inf)	loss_scale 32768.0000 (50186.2060)	mem 1205MB
[2026-03-25 02:18:38 tiny_cifar100_30ep](main.py 348): INFO Train: [11/30][310/390]	eta 0:00:14 lr 0.000095	 wd 0.0500	time 0.1038 (0.1767)	data time 0.0005 (0.0687)	model time 0.1032 (0.1078)	loss 3.1715 (3.5676)	grad_norm 5.0832 (inf)	loss_scale 32768.0000 (49626.1350)	mem 1205MB
[2026-03-25 02:18:39 tiny_cifar100_30ep](main.py 348): INFO Train: [11/30][320/390]	eta 0:00:12 lr 0.000095	 wd 0.0500	time 0.1030 (0.1745)	data time 0.0007 (0.0665)	model time 0.1023 (0.1077)	loss 3.7640 (3.5727)	grad_norm 4.9898 (inf)	loss_scale 32768.0000 (49100.9595)	mem 1205MB
[2026-03-25 02:18:40 tiny_cifar100_30ep](main.py 348): INFO Train: [11/30][330/390]	eta 0:00:10 lr 0.000095	 wd 0.0500	time 0.1050 (0.1725)	data time 0.0005 (0.0646)	model time 0.1044 (0.1077)	loss 4.0609 (3.5763)	grad_norm 5.2876 (inf)	loss_scale 32768.0000 (48607.5166)	mem 1205MB
[2026-03-25 02:18:41 tiny_cifar100_30ep](main.py 348): INFO Train: [11/30][340/390]	eta 0:00:08 lr 0.000095	 wd 0.0500	time 0.1143 (0.1706)	data time 0.0005 (0.0627)	model time 0.1138 (0.1077)	loss 3.6528 (3.5711)	grad_norm 4.3772 (inf)	loss_scale 32768.0000 (48143.0147)	mem 1205MB
[2026-03-25 02:18:42 tiny_cifar100_30ep](main.py 348): INFO Train: [11/30][350/390]	eta 0:00:06 lr 0.000095	 wd 0.0500	time 0.1120 (0.1690)	data time 0.0007 (0.0609)	model time 0.1114 (0.1079)	loss 3.7690 (3.5691)	grad_norm 5.0289 (inf)	loss_scale 32768.0000 (47704.9801)	mem 1205MB
[2026-03-25 02:18:43 tiny_cifar100_30ep](main.py 348): INFO Train: [11/30][360/390]	eta 0:00:05 lr 0.000095	 wd 0.0500	time 0.1031 (0.1673)	data time 0.0005 (0.0592)	model time 0.1025 (0.1079)	loss 3.7003 (3.5668)	grad_norm 4.6643 (inf)	loss_scale 32768.0000 (47291.2133)	mem 1205MB
[2026-03-25 02:18:44 tiny_cifar100_30ep](main.py 348): INFO Train: [11/30][370/390]	eta 0:00:03 lr 0.000094	 wd 0.0500	time 0.1028 (0.1657)	data time 0.0005 (0.0577)	model time 0.1024 (0.1078)	loss 3.1671 (3.5639)	grad_norm 7.7793 (inf)	loss_scale 32768.0000 (46899.7520)	mem 1205MB
[2026-03-25 02:18:45 tiny_cifar100_30ep](main.py 348): INFO Train: [11/30][380/390]	eta 0:00:01 lr 0.000094	 wd 0.0500	time 0.1024 (0.1641)	data time 0.0004 (0.0562)	model time 0.1020 (0.1077)	loss 3.6141 (3.5652)	grad_norm 4.5752 (inf)	loss_scale 32768.0000 (46528.8399)	mem 1205MB
[2026-03-25 02:18:47 tiny_cifar100_30ep](main.py 359): INFO EPOCH 11 training takes 0:01:04
[2026-03-25 02:18:47 tiny_cifar100_30ep](utils.py 104): INFO ./output_cifar100_noema_30ep/tiny_cifar100_30ep/20260325020204/latest_ckpt.pth saving......
[2026-03-25 02:18:48 tiny_cifar100_30ep](utils.py 106): INFO ./output_cifar100_noema_30ep/tiny_cifar100_30ep/20260325020204/latest_ckpt.pth saved !!!
/home/jlx_75/miniconda3/envs/pvmamba/lib/python3.10/site-packages/requests/__init__.py:109: RequestsDependencyWarning: urllib3 (1.26.13) or chardet (7.2.0)/charset_normalizer (2.1.1) doesn't match a supported version!
  warnings.warn(
/home/jlx_75/miniconda3/envs/pvmamba/lib/python3.10/site-packages/requests/__init__.py:109: RequestsDependencyWarning: urllib3 (1.26.13) or chardet (7.2.0)/charset_normalizer (2.1.1) doesn't match a supported version!
  warnings.warn(
/home/jlx_75/miniconda3/envs/pvmamba/lib/python3.10/site-packages/requests/__init__.py:109: RequestsDependencyWarning: urllib3 (1.26.13) or chardet (7.2.0)/charset_normalizer (2.1.1) doesn't match a supported version!
  warnings.warn(
/home/jlx_75/miniconda3/envs/pvmamba/lib/python3.10/site-packages/requests/__init__.py:109: RequestsDependencyWarning: urllib3 (1.26.13) or chardet (7.2.0)/charset_normalizer (2.1.1) doesn't match a supported version!
  warnings.warn(
/home/jlx_75/miniconda3/envs/pvmamba/lib/python3.10/site-packages/requests/__init__.py:109: RequestsDependencyWarning: urllib3 (1.26.13) or chardet (7.2.0)/charset_normalizer (2.1.1) doesn't match a supported version!
  warnings.warn(
/home/jlx_75/miniconda3/envs/pvmamba/lib/python3.10/site-packages/requests/__init__.py:109: RequestsDependencyWarning: urllib3 (1.26.13) or chardet (7.2.0)/charset_normalizer (2.1.1) doesn't match a supported version!
  warnings.warn(
/home/jlx_75/miniconda3/envs/pvmamba/lib/python3.10/site-packages/requests/__init__.py:109: RequestsDependencyWarning: urllib3 (1.26.13) or chardet (7.2.0)/charset_normalizer (2.1.1) doesn't match a supported version!
  warnings.warn(
/home/jlx_75/miniconda3/envs/pvmamba/lib/python3.10/site-packages/requests/__init__.py:109: RequestsDependencyWarning: urllib3 (1.26.13) or chardet (7.2.0)/charset_normalizer (2.1.1) doesn't match a supported version!
  warnings.warn(
[2026-03-25 02:19:04 tiny_cifar100_30ep](main.py 403): INFO Test: [0/79]	Time 15.651 (15.651)	Loss 2.3652 (2.3652)	Acc@1 42.188 (42.188)	Acc@5 74.219 (74.219)	Mem 1205MB
[2026-03-25 02:19:04 tiny_cifar100_30ep](main.py 403): INFO Test: [10/79]	Time 0.036 (1.457)	Loss 2.5195 (2.5439)	Acc@1 42.969 (37.997)	Acc@5 71.094 (68.963)	Mem 1205MB
[2026-03-25 02:19:04 tiny_cifar100_30ep](main.py 403): INFO Test: [20/79]	Time 0.036 (0.780)	Loss 2.5195 (2.5071)	Acc@1 35.938 (38.988)	Acc@5 71.094 (69.643)	Mem 1205MB
[2026-03-25 02:19:05 tiny_cifar100_30ep](main.py 403): INFO Test: [30/79]	Time 0.036 (0.540)	Loss 2.3965 (2.5052)	Acc@1 43.750 (39.466)	Acc@5 75.000 (69.682)	Mem 1205MB
[2026-03-25 02:19:05 tiny_cifar100_30ep](main.py 403): INFO Test: [40/79]	Time 0.036 (0.417)	Loss 2.3652 (2.5125)	Acc@1 42.188 (39.348)	Acc@5 75.781 (69.112)	Mem 1205MB
[2026-03-25 02:19:06 tiny_cifar100_30ep](main.py 403): INFO Test: [50/79]	Time 0.036 (0.342)	Loss 2.5469 (2.5154)	Acc@1 40.625 (39.093)	Acc@5 71.875 (69.072)	Mem 1205MB
[2026-03-25 02:19:06 tiny_cifar100_30ep](main.py 403): INFO Test: [60/79]	Time 0.036 (0.292)	Loss 2.7598 (2.5239)	Acc@1 33.594 (38.794)	Acc@5 64.844 (69.006)	Mem 1205MB
[2026-03-25 02:19:06 tiny_cifar100_30ep](main.py 403): INFO Test: [70/79]	Time 0.034 (0.256)	Loss 2.5371 (2.5185)	Acc@1 38.281 (38.974)	Acc@5 67.969 (69.201)	Mem 1205MB
[2026-03-25 02:19:07 tiny_cifar100_30ep](main.py 410): INFO  * Acc@1 38.910 Acc@5 69.180
[2026-03-25 02:19:07 tiny_cifar100_30ep](main.py 239): INFO Accuracy of the network on the 10000 test images: 38.9%
[2026-03-25 02:19:07 tiny_cifar100_30ep](main.py 247): INFO New max accuracy: 38.91%
[2026-03-25 02:19:07 tiny_cifar100_30ep](utils.py 104): INFO ./output_cifar100_noema_30ep/tiny_cifar100_30ep/20260325020204/best_ckpt.pth saving......
[2026-03-25 02:19:08 tiny_cifar100_30ep](utils.py 106): INFO ./output_cifar100_noema_30ep/tiny_cifar100_30ep/20260325020204/best_ckpt.pth saved !!!
/home/jlx_75/miniconda3/envs/pvmamba/lib/python3.10/site-packages/requests/__init__.py:109: RequestsDependencyWarning: urllib3 (1.26.13) or chardet (7.2.0)/charset_normalizer (2.1.1) doesn't match a supported version!
  warnings.warn(
/home/jlx_75/miniconda3/envs/pvmamba/lib/python3.10/site-packages/requests/__init__.py:109: RequestsDependencyWarning: urllib3 (1.26.13) or chardet (7.2.0)/charset_normalizer (2.1.1) doesn't match a supported version!
  warnings.warn(
/home/jlx_75/miniconda3/envs/pvmamba/lib/python3.10/site-packages/requests/__init__.py:109: RequestsDependencyWarning: urllib3 (1.26.13) or chardet (7.2.0)/charset_normalizer (2.1.1) doesn't match a supported version!
  warnings.warn(
/home/jlx_75/miniconda3/envs/pvmamba/lib/python3.10/site-packages/requests/__init__.py:109: RequestsDependencyWarning: urllib3 (1.26.13) or chardet (7.2.0)/charset_normalizer (2.1.1) doesn't match a supported version!
  warnings.warn(
/home/jlx_75/miniconda3/envs/pvmamba/lib/python3.10/site-packages/requests/__init__.py:109: RequestsDependencyWarning: urllib3 (1.26.13) or chardet (7.2.0)/charset_normalizer (2.1.1) doesn't match a supported version!
  warnings.warn(
/home/jlx_75/miniconda3/envs/pvmamba/lib/python3.10/site-packages/requests/__init__.py:109: RequestsDependencyWarning: urllib3 (1.26.13) or chardet (7.2.0)/charset_normalizer (2.1.1) doesn't match a supported version!
  warnings.warn(
/home/jlx_75/miniconda3/envs/pvmamba/lib/python3.10/site-packages/requests/__init__.py:109: RequestsDependencyWarning: urllib3 (1.26.13) or chardet (7.2.0)/charset_normalizer (2.1.1) doesn't match a supported version!
  warnings.warn(
/home/jlx_75/miniconda3/envs/pvmamba/lib/python3.10/site-packages/requests/__init__.py:109: RequestsDependencyWarning: urllib3 (1.26.13) or chardet (7.2.0)/charset_normalizer (2.1.1) doesn't match a supported version!
  warnings.warn(
[2026-03-25 02:19:30 tiny_cifar100_30ep](main.py 348): INFO Train: [12/30][0/390]	eta 2:22:47 lr 0.000094	 wd 0.0500	time 21.9671 (21.9671)	data time 21.7970 (21.7970)	model time 0.0000 (0.0000)	loss 4.0799 (4.0799)	grad_norm 5.2283 (5.2283)	loss_scale 32768.0000 (32768.0000)	mem 1205MB
[2026-03-25 02:19:31 tiny_cifar100_30ep](main.py 348): INFO Train: [12/30][10/390]	eta 0:13:17 lr 0.000094	 wd 0.0500	time 0.1073 (2.0996)	data time 0.0005 (1.9821)	model time 0.0000 (0.0000)	loss 3.3838 (3.6916)	grad_norm 4.2743 (4.4834)	loss_scale 32768.0000 (32768.0000)	mem 1205MB
[2026-03-25 02:19:32 tiny_cifar100_30ep](main.py 348): INFO Train: [12/30][20/390]	eta 0:07:05 lr 0.000094	 wd 0.0500	time 0.1056 (1.1505)	data time 0.0009 (1.0385)	model time 0.0000 (0.0000)	loss 4.0418 (3.6630)	grad_norm 4.0507 (4.6556)	loss_scale 32768.0000 (32768.0000)	mem 1205MB
[2026-03-25 02:19:33 tiny_cifar100_30ep](main.py 348): INFO Train: [12/30][30/390]	eta 0:04:52 lr 0.000094	 wd 0.0500	time 0.1097 (0.8136)	data time 0.0007 (0.7037)	model time 0.0000 (0.0000)	loss 2.8575 (3.6185)	grad_norm 5.4515 (4.7249)	loss_scale 32768.0000 (32768.0000)	mem 1205MB
[2026-03-25 02:19:34 tiny_cifar100_30ep](main.py 348): INFO Train: [12/30][40/390]	eta 0:03:44 lr 0.000093	 wd 0.0500	time 0.1126 (0.6421)	data time 0.0007 (0.5323)	model time 0.0000 (0.0000)	loss 3.3801 (3.5688)	grad_norm 4.4423 (4.7519)	loss_scale 32768.0000 (32768.0000)	mem 1205MB
[2026-03-25 02:19:36 tiny_cifar100_30ep](main.py 348): INFO Train: [12/30][50/390]	eta 0:03:02 lr 0.000093	 wd 0.0500	time 0.1075 (0.5382)	data time 0.0006 (0.4280)	model time 0.0000 (0.0000)	loss 3.8312 (3.5692)	grad_norm 5.4263 (4.8059)	loss_scale 32768.0000 (32768.0000)	mem 1205MB
[2026-03-25 02:19:37 tiny_cifar100_30ep](main.py 348): INFO Train: [12/30][60/390]	eta 0:02:34 lr 0.000093	 wd 0.0500	time 0.1135 (0.4679)	data time 0.0005 (0.3579)	model time 0.1130 (0.1089)	loss 3.8514 (3.5706)	grad_norm 4.5942 (4.8664)	loss_scale 32768.0000 (32768.0000)	mem 1205MB
[2026-03-25 02:19:38 tiny_cifar100_30ep](main.py 348): INFO Train: [12/30][70/390]	eta 0:02:13 lr 0.000093	 wd 0.0500	time 0.1140 (0.4176)	data time 0.0008 (0.3076)	model time 0.1132 (0.1094)	loss 3.5580 (3.5805)	grad_norm 5.2254 (4.8896)	loss_scale 32768.0000 (32768.0000)	mem 1205MB
[2026-03-25 02:19:39 tiny_cifar100_30ep](main.py 348): INFO Train: [12/30][80/390]	eta 0:01:57 lr 0.000093	 wd 0.0500	time 0.1130 (0.3797)	data time 0.0006 (0.2697)	model time 0.1124 (0.1097)	loss 3.2752 (3.5736)	grad_norm 5.2789 (4.8824)	loss_scale 32768.0000 (32768.0000)	mem 1205MB
[2026-03-25 02:19:40 tiny_cifar100_30ep](main.py 348): INFO Train: [12/30][90/390]	eta 0:01:45 lr 0.000093	 wd 0.0500	time 0.1180 (0.3507)	data time 0.0009 (0.2402)	model time 0.1171 (0.1110)	loss 3.7843 (3.5609)	grad_norm 5.1021 (4.8745)	loss_scale 32768.0000 (32768.0000)	mem 1205MB
[2026-03-25 02:19:41 tiny_cifar100_30ep](main.py 348): INFO Train: [12/30][100/390]	eta 0:01:34 lr 0.000092	 wd 0.0500	time 0.1181 (0.3273)	data time 0.0005 (0.2164)	model time 0.1176 (0.1116)	loss 3.6636 (3.5883)	grad_norm 4.6321 (4.8474)	loss_scale 32768.0000 (32768.0000)	mem 1205MB
[2026-03-25 02:19:42 tiny_cifar100_30ep](main.py 348): INFO Train: [12/30][110/390]	eta 0:01:26 lr 0.000092	 wd 0.0500	time 0.1030 (0.3074)	data time 0.0005 (0.1970)	model time 0.1024 (0.1106)	loss 3.8732 (3.5746)	grad_norm 4.3153 (4.8913)	loss_scale 32768.0000 (32768.0000)	mem 1205MB
[2026-03-25 02:19:43 tiny_cifar100_30ep](main.py 348): INFO Train: [12/30][120/390]	eta 0:01:18 lr 0.000092	 wd 0.0500	time 0.1296 (0.2914)	data time 0.0006 (0.1808)	model time 0.1290 (0.1109)	loss 3.8178 (3.5630)	grad_norm 4.6360 (4.9006)	loss_scale 32768.0000 (32768.0000)	mem 1205MB
[2026-03-25 02:19:44 tiny_cifar100_30ep](main.py 348): INFO Train: [12/30][130/390]	eta 0:01:12 lr 0.000092	 wd 0.0500	time 0.1047 (0.2773)	data time 0.0006 (0.1670)	model time 0.1042 (0.1104)	loss 3.0889 (3.5595)	grad_norm 4.5160 (4.8973)	loss_scale 32768.0000 (32768.0000)	mem 1205MB
[2026-03-25 02:19:45 tiny_cifar100_30ep](main.py 348): INFO Train: [12/30][140/390]	eta 0:01:06 lr 0.000092	 wd 0.0500	time 0.1039 (0.2655)	data time 0.0005 (0.1552)	model time 0.1034 (0.1103)	loss 3.0270 (3.5314)	grad_norm 5.3835 (4.9215)	loss_scale 32768.0000 (32768.0000)	mem 1205MB
[2026-03-25 02:19:47 tiny_cifar100_30ep](main.py 348): INFO Train: [12/30][150/390]	eta 0:01:01 lr 0.000092	 wd 0.0500	time 0.1026 (0.2548)	data time 0.0005 (0.1450)	model time 0.1022 (0.1097)	loss 3.8532 (3.5352)	grad_norm 5.1951 (4.9334)	loss_scale 32768.0000 (32768.0000)	mem 1205MB
[2026-03-25 02:19:48 tiny_cifar100_30ep](main.py 348): INFO Train: [12/30][160/390]	eta 0:00:56 lr 0.000091	 wd 0.0500	time 0.1027 (0.2456)	data time 0.0007 (0.1360)	model time 0.1020 (0.1094)	loss 4.0266 (3.5414)	grad_norm 4.3393 (4.9350)	loss_scale 32768.0000 (32768.0000)	mem 1205MB
[2026-03-25 02:19:49 tiny_cifar100_30ep](main.py 348): INFO Train: [12/30][170/390]	eta 0:00:52 lr 0.000091	 wd 0.0500	time 0.1057 (0.2375)	data time 0.0005 (0.1281)	model time 0.1052 (0.1091)	loss 3.9715 (3.5555)	grad_norm 4.8809 (4.9413)	loss_scale 32768.0000 (32768.0000)	mem 1205MB
[2026-03-25 02:19:50 tiny_cifar100_30ep](main.py 348): INFO Train: [12/30][180/390]	eta 0:00:48 lr 0.000091	 wd 0.0500	time 0.1176 (0.2304)	data time 0.0006 (0.1210)	model time 0.1170 (0.1091)	loss 3.7580 (3.5542)	grad_norm 4.7006 (4.9351)	loss_scale 32768.0000 (32768.0000)	mem 1205MB
[2026-03-25 02:19:51 tiny_cifar100_30ep](main.py 348): INFO Train: [12/30][190/390]	eta 0:00:44 lr 0.000091	 wd 0.0500	time 0.1103 (0.2242)	data time 0.0006 (0.1147)	model time 0.1097 (0.1092)	loss 3.7550 (3.5535)	grad_norm 5.6429 (4.9504)	loss_scale 32768.0000 (32768.0000)	mem 1205MB
[2026-03-25 02:19:52 tiny_cifar100_30ep](main.py 348): INFO Train: [12/30][200/390]	eta 0:00:41 lr 0.000091	 wd 0.0500	time 0.1031 (0.2184)	data time 0.0005 (0.1091)	model time 0.1026 (0.1091)	loss 3.3193 (3.5599)	grad_norm 5.0079 (4.9410)	loss_scale 32768.0000 (32768.0000)	mem 1205MB
[2026-03-25 02:19:53 tiny_cifar100_30ep](main.py 348): INFO Train: [12/30][210/390]	eta 0:00:38 lr 0.000091	 wd 0.0500	time 0.1069 (0.2131)	data time 0.0006 (0.1039)	model time 0.1063 (0.1089)	loss 3.5619 (3.5677)	grad_norm 5.1130 (4.9390)	loss_scale 32768.0000 (32768.0000)	mem 1205MB
[2026-03-25 02:19:54 tiny_cifar100_30ep](main.py 348): INFO Train: [12/30][220/390]	eta 0:00:35 lr 0.000090	 wd 0.0500	time 0.1027 (0.2082)	data time 0.0006 (0.0992)	model time 0.1021 (0.1086)	loss 3.5344 (3.5666)	grad_norm 4.4192 (4.9342)	loss_scale 32768.0000 (32768.0000)	mem 1205MB
[2026-03-25 02:19:55 tiny_cifar100_30ep](main.py 348): INFO Train: [12/30][230/390]	eta 0:00:32 lr 0.000090	 wd 0.0500	time 0.1075 (0.2040)	data time 0.0006 (0.0950)	model time 0.1069 (0.1087)	loss 3.8326 (3.5623)	grad_norm 4.9248 (4.9252)	loss_scale 32768.0000 (32768.0000)	mem 1205MB
[2026-03-25 02:19:56 tiny_cifar100_30ep](main.py 348): INFO Train: [12/30][240/390]	eta 0:00:30 lr 0.000090	 wd 0.0500	time 0.1063 (0.2001)	data time 0.0006 (0.0911)	model time 0.1057 (0.1087)	loss 3.0790 (3.5518)	grad_norm 5.8285 (4.9273)	loss_scale 32768.0000 (32768.0000)	mem 1205MB
[2026-03-25 02:19:57 tiny_cifar100_30ep](main.py 348): INFO Train: [12/30][250/390]	eta 0:00:27 lr 0.000090	 wd 0.0500	time 0.1029 (0.1964)	data time 0.0005 (0.0875)	model time 0.1024 (0.1086)	loss 3.0366 (3.5523)	grad_norm 4.6234 (4.9275)	loss_scale 32768.0000 (32768.0000)	mem 1205MB
[2026-03-25 02:19:58 tiny_cifar100_30ep](main.py 348): INFO Train: [12/30][260/390]	eta 0:00:25 lr 0.000090	 wd 0.0500	time 0.1031 (0.1929)	data time 0.0006 (0.0841)	model time 0.1026 (0.1084)	loss 4.0719 (3.5558)	grad_norm 4.5156 (4.9128)	loss_scale 32768.0000 (32768.0000)	mem 1205MB
[2026-03-25 02:19:59 tiny_cifar100_30ep](main.py 348): INFO Train: [12/30][270/390]	eta 0:00:22 lr 0.000090	 wd 0.0500	time 0.1032 (0.1897)	data time 0.0006 (0.0811)	model time 0.1026 (0.1082)	loss 3.8254 (3.5569)	grad_norm 4.6745 (4.9260)	loss_scale 32768.0000 (32768.0000)	mem 1205MB
[2026-03-25 02:20:01 tiny_cifar100_30ep](main.py 348): INFO Train: [12/30][280/390]	eta 0:00:20 lr 0.000089	 wd 0.0500	time 0.1030 (0.1867)	data time 0.0007 (0.0782)	model time 0.1023 (0.1082)	loss 4.1159 (3.5521)	grad_norm 4.5722 (4.9352)	loss_scale 32768.0000 (32768.0000)	mem 1205MB
[2026-03-25 02:20:02 tiny_cifar100_30ep](main.py 348): INFO Train: [12/30][290/390]	eta 0:00:18 lr 0.000089	 wd 0.0500	time 0.1067 (0.1841)	data time 0.0008 (0.0755)	model time 0.1058 (0.1083)	loss 4.0758 (3.5506)	grad_norm 4.1947 (4.9316)	loss_scale 32768.0000 (32768.0000)	mem 1205MB
[2026-03-25 02:20:03 tiny_cifar100_30ep](main.py 348): INFO Train: [12/30][300/390]	eta 0:00:16 lr 0.000089	 wd 0.0500	time 0.1124 (0.1816)	data time 0.0008 (0.0730)	model time 0.1116 (0.1082)	loss 4.1714 (3.5515)	grad_norm 3.6805 (4.9300)	loss_scale 32768.0000 (32768.0000)	mem 1205MB
[2026-03-25 02:20:04 tiny_cifar100_30ep](main.py 348): INFO Train: [12/30][310/390]	eta 0:00:14 lr 0.000089	 wd 0.0500	time 0.1056 (0.1793)	data time 0.0006 (0.0707)	model time 0.1051 (0.1082)	loss 3.9319 (3.5548)	grad_norm 5.1618 (4.9256)	loss_scale 32768.0000 (32768.0000)	mem 1205MB
[2026-03-25 02:20:05 tiny_cifar100_30ep](main.py 348): INFO Train: [12/30][320/390]	eta 0:00:12 lr 0.000089	 wd 0.0500	time 0.1074 (0.1769)	data time 0.0007 (0.0685)	model time 0.1067 (0.1080)	loss 2.9863 (3.5562)	grad_norm 5.1929 (4.9270)	loss_scale 32768.0000 (32768.0000)	mem 1205MB
[2026-03-25 02:20:06 tiny_cifar100_30ep](main.py 348): INFO Train: [12/30][330/390]	eta 0:00:10 lr 0.000089	 wd 0.0500	time 0.1028 (0.1751)	data time 0.0006 (0.0665)	model time 0.1023 (0.1083)	loss 3.8954 (3.5587)	grad_norm 5.5300 (4.9231)	loss_scale 32768.0000 (32768.0000)	mem 1205MB
[2026-03-25 02:20:07 tiny_cifar100_30ep](main.py 348): INFO Train: [12/30][340/390]	eta 0:00:08 lr 0.000088	 wd 0.0500	time 0.1156 (0.1733)	data time 0.0006 (0.0645)	model time 0.1150 (0.1085)	loss 3.1255 (3.5481)	grad_norm 4.9664 (4.9321)	loss_scale 32768.0000 (32768.0000)	mem 1205MB
[2026-03-25 02:20:08 tiny_cifar100_30ep](main.py 348): INFO Train: [12/30][350/390]	eta 0:00:06 lr 0.000088	 wd 0.0500	time 0.1178 (0.1714)	data time 0.0006 (0.0627)	model time 0.1172 (0.1085)	loss 4.1063 (3.5507)	grad_norm 5.5443 (4.9354)	loss_scale 32768.0000 (32768.0000)	mem 1205MB
[2026-03-25 02:20:09 tiny_cifar100_30ep](main.py 348): INFO Train: [12/30][360/390]	eta 0:00:05 lr 0.000088	 wd 0.0500	time 0.1035 (0.1697)	data time 0.0006 (0.0610)	model time 0.1029 (0.1084)	loss 2.8746 (3.5565)	grad_norm 4.6616 (4.9280)	loss_scale 32768.0000 (32768.0000)	mem 1205MB
[2026-03-25 02:20:10 tiny_cifar100_30ep](main.py 348): INFO Train: [12/30][370/390]	eta 0:00:03 lr 0.000088	 wd 0.0500	time 0.1107 (0.1680)	data time 0.0008 (0.0594)	model time 0.1100 (0.1084)	loss 4.0504 (3.5581)	grad_norm 3.8894 (4.9272)	loss_scale 32768.0000 (32768.0000)	mem 1205MB
[2026-03-25 02:20:11 tiny_cifar100_30ep](main.py 348): INFO Train: [12/30][380/390]	eta 0:00:01 lr 0.000088	 wd 0.0500	time 0.1025 (0.1663)	data time 0.0003 (0.0578)	model time 0.1022 (0.1082)	loss 3.9099 (3.5525)	grad_norm 6.6846 (4.9347)	loss_scale 32768.0000 (32768.0000)	mem 1205MB
[2026-03-25 02:20:13 tiny_cifar100_30ep](main.py 359): INFO EPOCH 12 training takes 0:01:05
[2026-03-25 02:20:13 tiny_cifar100_30ep](utils.py 104): INFO ./output_cifar100_noema_30ep/tiny_cifar100_30ep/20260325020204/latest_ckpt.pth saving......
[2026-03-25 02:20:14 tiny_cifar100_30ep](utils.py 106): INFO ./output_cifar100_noema_30ep/tiny_cifar100_30ep/20260325020204/latest_ckpt.pth saved !!!
/home/jlx_75/miniconda3/envs/pvmamba/lib/python3.10/site-packages/requests/__init__.py:109: RequestsDependencyWarning: urllib3 (1.26.13) or chardet (7.2.0)/charset_normalizer (2.1.1) doesn't match a supported version!
  warnings.warn(
/home/jlx_75/miniconda3/envs/pvmamba/lib/python3.10/site-packages/requests/__init__.py:109: RequestsDependencyWarning: urllib3 (1.26.13) or chardet (7.2.0)/charset_normalizer (2.1.1) doesn't match a supported version!
  warnings.warn(
/home/jlx_75/miniconda3/envs/pvmamba/lib/python3.10/site-packages/requests/__init__.py:109: RequestsDependencyWarning: urllib3 (1.26.13) or chardet (7.2.0)/charset_normalizer (2.1.1) doesn't match a supported version!
  warnings.warn(
/home/jlx_75/miniconda3/envs/pvmamba/lib/python3.10/site-packages/requests/__init__.py:109: RequestsDependencyWarning: urllib3 (1.26.13) or chardet (7.2.0)/charset_normalizer (2.1.1) doesn't match a supported version!
  warnings.warn(
/home/jlx_75/miniconda3/envs/pvmamba/lib/python3.10/site-packages/requests/__init__.py:109: RequestsDependencyWarning: urllib3 (1.26.13) or chardet (7.2.0)/charset_normalizer (2.1.1) doesn't match a supported version!
  warnings.warn(
/home/jlx_75/miniconda3/envs/pvmamba/lib/python3.10/site-packages/requests/__init__.py:109: RequestsDependencyWarning: urllib3 (1.26.13) or chardet (7.2.0)/charset_normalizer (2.1.1) doesn't match a supported version!
  warnings.warn(
/home/jlx_75/miniconda3/envs/pvmamba/lib/python3.10/site-packages/requests/__init__.py:109: RequestsDependencyWarning: urllib3 (1.26.13) or chardet (7.2.0)/charset_normalizer (2.1.1) doesn't match a supported version!
  warnings.warn(
/home/jlx_75/miniconda3/envs/pvmamba/lib/python3.10/site-packages/requests/__init__.py:109: RequestsDependencyWarning: urllib3 (1.26.13) or chardet (7.2.0)/charset_normalizer (2.1.1) doesn't match a supported version!
  warnings.warn(
[2026-03-25 02:20:29 tiny_cifar100_30ep](main.py 403): INFO Test: [0/79]	Time 15.231 (15.231)	Loss 2.3438 (2.3438)	Acc@1 44.531 (44.531)	Acc@5 74.219 (74.219)	Mem 1205MB
[2026-03-25 02:20:30 tiny_cifar100_30ep](main.py 403): INFO Test: [10/79]	Time 0.048 (1.432)	Loss 2.4883 (2.5020)	Acc@1 42.969 (39.418)	Acc@5 70.312 (70.810)	Mem 1205MB
[2026-03-25 02:20:30 tiny_cifar100_30ep](main.py 403): INFO Test: [20/79]	Time 0.036 (0.767)	Loss 2.4668 (2.4668)	Acc@1 38.281 (39.881)	Acc@5 70.312 (70.833)	Mem 1205MB
[2026-03-25 02:20:30 tiny_cifar100_30ep](main.py 403): INFO Test: [30/79]	Time 0.035 (0.531)	Loss 2.4082 (2.4600)	Acc@1 39.062 (40.373)	Acc@5 72.656 (70.867)	Mem 1205MB
[2026-03-25 02:20:31 tiny_cifar100_30ep](main.py 403): INFO Test: [40/79]	Time 0.035 (0.411)	Loss 2.3242 (2.4676)	Acc@1 42.969 (40.244)	Acc@5 77.344 (70.694)	Mem 1205MB
[2026-03-25 02:20:31 tiny_cifar100_30ep](main.py 403): INFO Test: [50/79]	Time 0.036 (0.337)	Loss 2.5625 (2.4741)	Acc@1 39.844 (40.058)	Acc@5 70.312 (70.481)	Mem 1205MB
[2026-03-25 02:20:32 tiny_cifar100_30ep](main.py 403): INFO Test: [60/79]	Time 0.037 (0.288)	Loss 2.6641 (2.4853)	Acc@1 35.938 (39.588)	Acc@5 64.844 (70.210)	Mem 1205MB
[2026-03-25 02:20:32 tiny_cifar100_30ep](main.py 403): INFO Test: [70/79]	Time 0.034 (0.253)	Loss 2.5391 (2.4821)	Acc@1 35.156 (39.448)	Acc@5 69.531 (70.257)	Mem 1205MB
[2026-03-25 02:20:33 tiny_cifar100_30ep](main.py 410): INFO  * Acc@1 39.380 Acc@5 70.260
[2026-03-25 02:20:33 tiny_cifar100_30ep](main.py 239): INFO Accuracy of the network on the 10000 test images: 39.4%
[2026-03-25 02:20:33 tiny_cifar100_30ep](main.py 247): INFO New max accuracy: 39.38%
[2026-03-25 02:20:33 tiny_cifar100_30ep](utils.py 104): INFO ./output_cifar100_noema_30ep/tiny_cifar100_30ep/20260325020204/best_ckpt.pth saving......
[2026-03-25 02:20:34 tiny_cifar100_30ep](utils.py 106): INFO ./output_cifar100_noema_30ep/tiny_cifar100_30ep/20260325020204/best_ckpt.pth saved !!!
/home/jlx_75/miniconda3/envs/pvmamba/lib/python3.10/site-packages/requests/__init__.py:109: RequestsDependencyWarning: urllib3 (1.26.13) or chardet (7.2.0)/charset_normalizer (2.1.1) doesn't match a supported version!
  warnings.warn(
/home/jlx_75/miniconda3/envs/pvmamba/lib/python3.10/site-packages/requests/__init__.py:109: RequestsDependencyWarning: urllib3 (1.26.13) or chardet (7.2.0)/charset_normalizer (2.1.1) doesn't match a supported version!
  warnings.warn(
/home/jlx_75/miniconda3/envs/pvmamba/lib/python3.10/site-packages/requests/__init__.py:109: RequestsDependencyWarning: urllib3 (1.26.13) or chardet (7.2.0)/charset_normalizer (2.1.1) doesn't match a supported version!
  warnings.warn(
/home/jlx_75/miniconda3/envs/pvmamba/lib/python3.10/site-packages/requests/__init__.py:109: RequestsDependencyWarning: urllib3 (1.26.13) or chardet (7.2.0)/charset_normalizer (2.1.1) doesn't match a supported version!
  warnings.warn(
/home/jlx_75/miniconda3/envs/pvmamba/lib/python3.10/site-packages/requests/__init__.py:109: RequestsDependencyWarning: urllib3 (1.26.13) or chardet (7.2.0)/charset_normalizer (2.1.1) doesn't match a supported version!
  warnings.warn(
/home/jlx_75/miniconda3/envs/pvmamba/lib/python3.10/site-packages/requests/__init__.py:109: RequestsDependencyWarning: urllib3 (1.26.13) or chardet (7.2.0)/charset_normalizer (2.1.1) doesn't match a supported version!
  warnings.warn(
/home/jlx_75/miniconda3/envs/pvmamba/lib/python3.10/site-packages/requests/__init__.py:109: RequestsDependencyWarning: urllib3 (1.26.13) or chardet (7.2.0)/charset_normalizer (2.1.1) doesn't match a supported version!
  warnings.warn(
/home/jlx_75/miniconda3/envs/pvmamba/lib/python3.10/site-packages/requests/__init__.py:109: RequestsDependencyWarning: urllib3 (1.26.13) or chardet (7.2.0)/charset_normalizer (2.1.1) doesn't match a supported version!
  warnings.warn(
[2026-03-25 02:20:56 tiny_cifar100_30ep](main.py 348): INFO Train: [13/30][0/390]	eta 2:23:51 lr 0.000088	 wd 0.0500	time 22.1322 (22.1322)	data time 21.9834 (21.9834)	model time 0.0000 (0.0000)	loss 3.4145 (3.4145)	grad_norm 4.6211 (4.6211)	loss_scale 32768.0000 (32768.0000)	mem 1205MB
[2026-03-25 02:20:57 tiny_cifar100_30ep](main.py 348): INFO Train: [13/30][10/390]	eta 0:13:26 lr 0.000087	 wd 0.0500	time 0.1162 (2.1226)	data time 0.0006 (1.9991)	model time 0.0000 (0.0000)	loss 3.9200 (3.8081)	grad_norm 3.9488 (4.8708)	loss_scale 32768.0000 (32768.0000)	mem 1205MB
[2026-03-25 02:20:58 tiny_cifar100_30ep](main.py 348): INFO Train: [13/30][20/390]	eta 0:07:10 lr 0.000087	 wd 0.0500	time 0.1056 (1.1633)	data time 0.0006 (1.0475)	model time 0.0000 (0.0000)	loss 3.8982 (3.7773)	grad_norm 4.2250 (4.7360)	loss_scale 32768.0000 (32768.0000)	mem 1205MB
[2026-03-25 02:20:59 tiny_cifar100_30ep](main.py 348): INFO Train: [13/30][30/390]	eta 0:04:56 lr 0.000087	 wd 0.0500	time 0.1091 (0.8230)	data time 0.0006 (0.7098)	model time 0.0000 (0.0000)	loss 3.6471 (3.7441)	grad_norm 4.2621 (4.7187)	loss_scale 32768.0000 (32768.0000)	mem 1205MB
[2026-03-25 02:21:00 tiny_cifar100_30ep](main.py 348): INFO Train: [13/30][40/390]	eta 0:03:47 lr 0.000087	 wd 0.0500	time 0.1098 (0.6489)	data time 0.0007 (0.5368)	model time 0.0000 (0.0000)	loss 4.0517 (3.6442)	grad_norm 4.1507 (4.7672)	loss_scale 32768.0000 (32768.0000)	mem 1205MB
[2026-03-25 02:21:01 tiny_cifar100_30ep](main.py 348): INFO Train: [13/30][50/390]	eta 0:03:05 lr 0.000087	 wd 0.0500	time 0.1044 (0.5448)	data time 0.0005 (0.4317)	model time 0.0000 (0.0000)	loss 3.6397 (3.6397)	grad_norm 4.7386 (4.7460)	loss_scale 32768.0000 (32768.0000)	mem 1205MB
[2026-03-25 02:21:03 tiny_cifar100_30ep](main.py 348): INFO Train: [13/30][60/390]	eta 0:02:36 lr 0.000087	 wd 0.0500	time 0.1103 (0.4732)	data time 0.0005 (0.3610)	model time 0.1098 (0.1075)	loss 3.2247 (3.6261)	grad_norm 5.1505 (4.7921)	loss_scale 32768.0000 (32768.0000)	mem 1205MB
[2026-03-25 02:21:04 tiny_cifar100_30ep](main.py 348): INFO Train: [13/30][70/390]	eta 0:02:14 lr 0.000086	 wd 0.0500	time 0.1033 (0.4217)	data time 0.0006 (0.3103)	model time 0.1027 (0.1072)	loss 4.1004 (3.6097)	grad_norm 4.1130 (4.7937)	loss_scale 32768.0000 (32768.0000)	mem 1205MB
[2026-03-25 02:21:05 tiny_cifar100_30ep](main.py 348): INFO Train: [13/30][80/390]	eta 0:01:58 lr 0.000086	 wd 0.0500	time 0.1034 (0.3822)	data time 0.0005 (0.2720)	model time 0.1029 (0.1052)	loss 3.7279 (3.6211)	grad_norm 5.0698 (4.7742)	loss_scale 32768.0000 (32768.0000)	mem 1205MB
[2026-03-25 02:21:06 tiny_cifar100_30ep](main.py 348): INFO Train: [13/30][90/390]	eta 0:01:45 lr 0.000086	 wd 0.0500	time 0.1023 (0.3518)	data time 0.0006 (0.2422)	model time 0.1016 (0.1051)	loss 3.1454 (3.6191)	grad_norm 7.0236 (4.8404)	loss_scale 32768.0000 (32768.0000)	mem 1205MB
[2026-03-25 02:21:07 tiny_cifar100_30ep](main.py 348): INFO Train: [13/30][100/390]	eta 0:01:35 lr 0.000086	 wd 0.0500	time 0.1208 (0.3281)	data time 0.0005 (0.2183)	model time 0.1203 (0.1065)	loss 3.6572 (3.6200)	grad_norm 5.0487 (4.8197)	loss_scale 32768.0000 (32768.0000)	mem 1205MB
[2026-03-25 02:21:08 tiny_cifar100_30ep](main.py 348): INFO Train: [13/30][110/390]	eta 0:01:26 lr 0.000086	 wd 0.0500	time 0.1025 (0.3082)	data time 0.0006 (0.1987)	model time 0.1019 (0.1064)	loss 4.0628 (3.5940)	grad_norm 4.0511 (4.8283)	loss_scale 32768.0000 (32768.0000)	mem 1205MB
[2026-03-25 02:21:09 tiny_cifar100_30ep](main.py 348): INFO Train: [13/30][120/390]	eta 0:01:18 lr 0.000086	 wd 0.0500	time 0.1036 (0.2914)	data time 0.0005 (0.1823)	model time 0.1031 (0.1061)	loss 3.7701 (3.5917)	grad_norm 4.3225 (4.8472)	loss_scale 32768.0000 (32768.0000)	mem 1205MB
[2026-03-25 02:21:10 tiny_cifar100_30ep](main.py 348): INFO Train: [13/30][130/390]	eta 0:01:12 lr 0.000085	 wd 0.0500	time 0.1140 (0.2776)	data time 0.0007 (0.1684)	model time 0.1133 (0.1067)	loss 3.3972 (3.5870)	grad_norm 5.8658 (4.8866)	loss_scale 32768.0000 (32768.0000)	mem 1205MB
[2026-03-25 02:21:11 tiny_cifar100_30ep](main.py 348): INFO Train: [13/30][140/390]	eta 0:01:06 lr 0.000085	 wd 0.0500	time 0.1145 (0.2661)	data time 0.0006 (0.1565)	model time 0.1139 (0.1076)	loss 2.9522 (3.5664)	grad_norm 5.8232 (4.9104)	loss_scale 32768.0000 (32768.0000)	mem 1205MB
[2026-03-25 02:21:12 tiny_cifar100_30ep](main.py 348): INFO Train: [13/30][150/390]	eta 0:01:01 lr 0.000085	 wd 0.0500	time 0.1139 (0.2562)	data time 0.0005 (0.1462)	model time 0.1133 (0.1084)	loss 2.8232 (3.5647)	grad_norm 5.4357 (4.9262)	loss_scale 32768.0000 (32768.0000)	mem 1205MB
[2026-03-25 02:21:14 tiny_cifar100_30ep](main.py 348): INFO Train: [13/30][160/390]	eta 0:00:56 lr 0.000085	 wd 0.0500	time 0.1143 (0.2474)	data time 0.0005 (0.1372)	model time 0.1138 (0.1089)	loss 4.0061 (3.5699)	grad_norm 5.0213 (4.9321)	loss_scale 32768.0000 (32768.0000)	mem 1205MB
[2026-03-25 02:21:15 tiny_cifar100_30ep](main.py 348): INFO Train: [13/30][170/390]	eta 0:00:52 lr 0.000085	 wd 0.0500	time 0.1141 (0.2396)	data time 0.0006 (0.1292)	model time 0.1136 (0.1093)	loss 3.6881 (3.5662)	grad_norm 6.1546 (4.9602)	loss_scale 32768.0000 (32768.0000)	mem 1205MB
[2026-03-25 02:21:16 tiny_cifar100_30ep](main.py 348): INFO Train: [13/30][180/390]	eta 0:00:48 lr 0.000085	 wd 0.0500	time 0.1137 (0.2329)	data time 0.0006 (0.1221)	model time 0.1131 (0.1099)	loss 3.4722 (3.5677)	grad_norm 5.1573 (4.9865)	loss_scale 32768.0000 (32768.0000)	mem 1205MB
[2026-03-25 02:21:17 tiny_cifar100_30ep](main.py 348): INFO Train: [13/30][190/390]	eta 0:00:45 lr 0.000084	 wd 0.0500	time 0.1217 (0.2268)	data time 0.0005 (0.1157)	model time 0.1212 (0.1103)	loss 2.5377 (3.5716)	grad_norm 5.3405 (4.9897)	loss_scale 32768.0000 (32768.0000)	mem 1205MB
[2026-03-25 02:21:18 tiny_cifar100_30ep](main.py 348): INFO Train: [13/30][200/390]	eta 0:00:42 lr 0.000084	 wd 0.0500	time 0.1143 (0.2213)	data time 0.0006 (0.1100)	model time 0.1137 (0.1107)	loss 2.8524 (3.5709)	grad_norm 5.2918 (4.9977)	loss_scale 32768.0000 (32768.0000)	mem 1205MB
[2026-03-25 02:21:19 tiny_cifar100_30ep](main.py 348): INFO Train: [13/30][210/390]	eta 0:00:38 lr 0.000084	 wd 0.0500	time 0.1151 (0.2163)	data time 0.0005 (0.1048)	model time 0.1146 (0.1110)	loss 3.8939 (3.5788)	grad_norm 5.9326 (5.0015)	loss_scale 32768.0000 (32768.0000)	mem 1205MB
[2026-03-25 02:21:21 tiny_cifar100_30ep](main.py 348): INFO Train: [13/30][220/390]	eta 0:00:36 lr 0.000084	 wd 0.0500	time 0.1144 (0.2118)	data time 0.0006 (0.1001)	model time 0.1138 (0.1113)	loss 3.8882 (3.5839)	grad_norm 4.0488 (4.9876)	loss_scale 32768.0000 (32768.0000)	mem 1205MB
[2026-03-25 02:21:22 tiny_cifar100_30ep](main.py 348): INFO Train: [13/30][230/390]	eta 0:00:33 lr 0.000084	 wd 0.0500	time 0.1157 (0.2078)	data time 0.0006 (0.0958)	model time 0.1151 (0.1116)	loss 2.9489 (3.5872)	grad_norm 5.2520 (4.9820)	loss_scale 32768.0000 (32768.0000)	mem 1205MB
[2026-03-25 02:21:23 tiny_cifar100_30ep](main.py 348): INFO Train: [13/30][240/390]	eta 0:00:30 lr 0.000084	 wd 0.0500	time 0.1148 (0.2040)	data time 0.0006 (0.0919)	model time 0.1142 (0.1119)	loss 3.6568 (3.5846)	grad_norm 5.2562 (4.9722)	loss_scale 32768.0000 (32768.0000)	mem 1205MB
[2026-03-25 02:21:24 tiny_cifar100_30ep](main.py 348): INFO Train: [13/30][250/390]	eta 0:00:28 lr 0.000083	 wd 0.0500	time 0.1147 (0.2006)	data time 0.0006 (0.0882)	model time 0.1141 (0.1122)	loss 3.5416 (3.5792)	grad_norm 4.8577 (4.9901)	loss_scale 32768.0000 (32768.0000)	mem 1205MB
[2026-03-25 02:21:25 tiny_cifar100_30ep](main.py 348): INFO Train: [13/30][260/390]	eta 0:00:25 lr 0.000083	 wd 0.0500	time 0.1152 (0.1973)	data time 0.0005 (0.0849)	model time 0.1147 (0.1123)	loss 2.7028 (3.5737)	grad_norm 5.2082 (5.0094)	loss_scale 32768.0000 (32768.0000)	mem 1205MB
[2026-03-25 02:21:26 tiny_cifar100_30ep](main.py 348): INFO Train: [13/30][270/390]	eta 0:00:23 lr 0.000083	 wd 0.0500	time 0.1151 (0.1944)	data time 0.0007 (0.0818)	model time 0.1144 (0.1125)	loss 3.5021 (3.5723)	grad_norm 4.5599 (5.0074)	loss_scale 32768.0000 (32768.0000)	mem 1205MB
[2026-03-25 02:21:28 tiny_cifar100_30ep](main.py 348): INFO Train: [13/30][280/390]	eta 0:00:21 lr 0.000083	 wd 0.0500	time 0.1230 (0.1916)	data time 0.0005 (0.0789)	model time 0.1224 (0.1126)	loss 3.0504 (3.5747)	grad_norm 5.4021 (5.0084)	loss_scale 32768.0000 (32768.0000)	mem 1205MB
[2026-03-25 02:21:29 tiny_cifar100_30ep](main.py 348): INFO Train: [13/30][290/390]	eta 0:00:18 lr 0.000083	 wd 0.0500	time 0.1142 (0.1889)	data time 0.0006 (0.0762)	model time 0.1136 (0.1127)	loss 4.0172 (3.5791)	grad_norm 4.7782 (5.0355)	loss_scale 32768.0000 (32768.0000)	mem 1205MB
[2026-03-25 02:21:30 tiny_cifar100_30ep](main.py 348): INFO Train: [13/30][300/390]	eta 0:00:16 lr 0.000082	 wd 0.0500	time 0.1155 (0.1864)	data time 0.0006 (0.0737)	model time 0.1149 (0.1127)	loss 3.5920 (3.5788)	grad_norm 4.9680 (5.0400)	loss_scale 32768.0000 (32768.0000)	mem 1205MB
[2026-03-25 02:21:31 tiny_cifar100_30ep](main.py 348): INFO Train: [13/30][310/390]	eta 0:00:14 lr 0.000082	 wd 0.0500	time 0.1142 (0.1842)	data time 0.0007 (0.0713)	model time 0.1135 (0.1128)	loss 3.8915 (3.5769)	grad_norm 4.6779 (5.0438)	loss_scale 32768.0000 (32768.0000)	mem 1205MB
[2026-03-25 02:21:32 tiny_cifar100_30ep](main.py 348): INFO Train: [13/30][320/390]	eta 0:00:12 lr 0.000082	 wd 0.0500	time 0.1146 (0.1821)	data time 0.0007 (0.0691)	model time 0.1140 (0.1130)	loss 3.2764 (3.5729)	grad_norm 6.3601 (5.0454)	loss_scale 32768.0000 (32768.0000)	mem 1205MB
[2026-03-25 02:21:33 tiny_cifar100_30ep](main.py 348): INFO Train: [13/30][330/390]	eta 0:00:10 lr 0.000082	 wd 0.0500	time 0.1144 (0.1801)	data time 0.0005 (0.0671)	model time 0.1138 (0.1130)	loss 3.5888 (3.5665)	grad_norm 4.4183 (5.0457)	loss_scale 32768.0000 (32768.0000)	mem 1205MB
[2026-03-25 02:21:34 tiny_cifar100_30ep](main.py 348): INFO Train: [13/30][340/390]	eta 0:00:08 lr 0.000082	 wd 0.0500	time 0.1146 (0.1782)	data time 0.0007 (0.0651)	model time 0.1139 (0.1131)	loss 3.5720 (3.5722)	grad_norm 4.2371 (5.0401)	loss_scale 32768.0000 (32768.0000)	mem 1205MB
[2026-03-25 02:21:36 tiny_cifar100_30ep](main.py 348): INFO Train: [13/30][350/390]	eta 0:00:07 lr 0.000082	 wd 0.0500	time 0.1149 (0.1765)	data time 0.0007 (0.0633)	model time 0.1142 (0.1132)	loss 3.6814 (3.5659)	grad_norm 4.9423 (5.0455)	loss_scale 32768.0000 (32768.0000)	mem 1205MB
[2026-03-25 02:21:37 tiny_cifar100_30ep](main.py 348): INFO Train: [13/30][360/390]	eta 0:00:05 lr 0.000081	 wd 0.0500	time 0.1237 (0.1748)	data time 0.0006 (0.0615)	model time 0.1231 (0.1133)	loss 3.1307 (3.5708)	grad_norm 5.4967 (5.0515)	loss_scale 32768.0000 (32768.0000)	mem 1205MB
[2026-03-25 02:21:38 tiny_cifar100_30ep](main.py 348): INFO Train: [13/30][370/390]	eta 0:00:03 lr 0.000081	 wd 0.0500	time 0.1219 (0.1733)	data time 0.0007 (0.0599)	model time 0.1212 (0.1135)	loss 3.7740 (3.5684)	grad_norm 4.2262 (5.0470)	loss_scale 32768.0000 (32768.0000)	mem 1205MB
[2026-03-25 02:21:39 tiny_cifar100_30ep](main.py 348): INFO Train: [13/30][380/390]	eta 0:00:01 lr 0.000081	 wd 0.0500	time 0.1143 (0.1718)	data time 0.0004 (0.0583)	model time 0.1140 (0.1135)	loss 2.9099 (3.5630)	grad_norm 5.8078 (5.0552)	loss_scale 32768.0000 (32768.0000)	mem 1205MB
[2026-03-25 02:21:41 tiny_cifar100_30ep](main.py 359): INFO EPOCH 13 training takes 0:01:07
[2026-03-25 02:21:41 tiny_cifar100_30ep](utils.py 104): INFO ./output_cifar100_noema_30ep/tiny_cifar100_30ep/20260325020204/latest_ckpt.pth saving......
[2026-03-25 02:21:42 tiny_cifar100_30ep](utils.py 106): INFO ./output_cifar100_noema_30ep/tiny_cifar100_30ep/20260325020204/latest_ckpt.pth saved !!!
/home/jlx_75/miniconda3/envs/pvmamba/lib/python3.10/site-packages/requests/__init__.py:109: RequestsDependencyWarning: urllib3 (1.26.13) or chardet (7.2.0)/charset_normalizer (2.1.1) doesn't match a supported version!
  warnings.warn(
/home/jlx_75/miniconda3/envs/pvmamba/lib/python3.10/site-packages/requests/__init__.py:109: RequestsDependencyWarning: urllib3 (1.26.13) or chardet (7.2.0)/charset_normalizer (2.1.1) doesn't match a supported version!
  warnings.warn(
/home/jlx_75/miniconda3/envs/pvmamba/lib/python3.10/site-packages/requests/__init__.py:109: RequestsDependencyWarning: urllib3 (1.26.13) or chardet (7.2.0)/charset_normalizer (2.1.1) doesn't match a supported version!
  warnings.warn(
/home/jlx_75/miniconda3/envs/pvmamba/lib/python3.10/site-packages/requests/__init__.py:109: RequestsDependencyWarning: urllib3 (1.26.13) or chardet (7.2.0)/charset_normalizer (2.1.1) doesn't match a supported version!
  warnings.warn(
/home/jlx_75/miniconda3/envs/pvmamba/lib/python3.10/site-packages/requests/__init__.py:109: RequestsDependencyWarning: urllib3 (1.26.13) or chardet (7.2.0)/charset_normalizer (2.1.1) doesn't match a supported version!
  warnings.warn(
/home/jlx_75/miniconda3/envs/pvmamba/lib/python3.10/site-packages/requests/__init__.py:109: RequestsDependencyWarning: urllib3 (1.26.13) or chardet (7.2.0)/charset_normalizer (2.1.1) doesn't match a supported version!
  warnings.warn(
/home/jlx_75/miniconda3/envs/pvmamba/lib/python3.10/site-packages/requests/__init__.py:109: RequestsDependencyWarning: urllib3 (1.26.13) or chardet (7.2.0)/charset_normalizer (2.1.1) doesn't match a supported version!
  warnings.warn(
/home/jlx_75/miniconda3/envs/pvmamba/lib/python3.10/site-packages/requests/__init__.py:109: RequestsDependencyWarning: urllib3 (1.26.13) or chardet (7.2.0)/charset_normalizer (2.1.1) doesn't match a supported version!
  warnings.warn(
[2026-03-25 02:21:57 tiny_cifar100_30ep](main.py 403): INFO Test: [0/79]	Time 15.090 (15.090)	Loss 2.2363 (2.2363)	Acc@1 51.562 (51.562)	Acc@5 77.344 (77.344)	Mem 1205MB
[2026-03-25 02:21:57 tiny_cifar100_30ep](main.py 403): INFO Test: [10/79]	Time 0.035 (1.405)	Loss 2.3672 (2.4490)	Acc@1 43.750 (39.347)	Acc@5 75.000 (72.230)	Mem 1205MB
[2026-03-25 02:21:58 tiny_cifar100_30ep](main.py 403): INFO Test: [20/79]	Time 0.035 (0.753)	Loss 2.4707 (2.4253)	Acc@1 40.625 (40.253)	Acc@5 70.312 (71.987)	Mem 1205MB
[2026-03-25 02:21:58 tiny_cifar100_30ep](main.py 403): INFO Test: [30/79]	Time 0.035 (0.521)	Loss 2.4102 (2.4160)	Acc@1 41.406 (40.978)	Acc@5 72.656 (72.203)	Mem 1205MB
[2026-03-25 02:21:58 tiny_cifar100_30ep](main.py 403): INFO Test: [40/79]	Time 0.035 (0.403)	Loss 2.1973 (2.4211)	Acc@1 48.438 (41.254)	Acc@5 80.469 (72.066)	Mem 1205MB
[2026-03-25 02:21:59 tiny_cifar100_30ep](main.py 403): INFO Test: [50/79]	Time 0.037 (0.331)	Loss 2.4609 (2.4256)	Acc@1 43.750 (41.222)	Acc@5 72.656 (71.967)	Mem 1205MB
[2026-03-25 02:21:59 tiny_cifar100_30ep](main.py 403): INFO Test: [60/79]	Time 0.035 (0.282)	Loss 2.6309 (2.4310)	Acc@1 37.500 (41.035)	Acc@5 66.406 (71.965)	Mem 1205MB
[2026-03-25 02:21:59 tiny_cifar100_30ep](main.py 403): INFO Test: [70/79]	Time 0.034 (0.247)	Loss 2.4668 (2.4239)	Acc@1 40.625 (41.285)	Acc@5 72.656 (72.205)	Mem 1205MB
[2026-03-25 02:22:00 tiny_cifar100_30ep](main.py 410): INFO  * Acc@1 41.180 Acc@5 72.150
[2026-03-25 02:22:00 tiny_cifar100_30ep](main.py 239): INFO Accuracy of the network on the 10000 test images: 41.2%
[2026-03-25 02:22:00 tiny_cifar100_30ep](main.py 247): INFO New max accuracy: 41.18%
[2026-03-25 02:22:00 tiny_cifar100_30ep](utils.py 104): INFO ./output_cifar100_noema_30ep/tiny_cifar100_30ep/20260325020204/best_ckpt.pth saving......
[2026-03-25 02:22:01 tiny_cifar100_30ep](utils.py 106): INFO ./output_cifar100_noema_30ep/tiny_cifar100_30ep/20260325020204/best_ckpt.pth saved !!!
/home/jlx_75/miniconda3/envs/pvmamba/lib/python3.10/site-packages/requests/__init__.py:109: RequestsDependencyWarning: urllib3 (1.26.13) or chardet (7.2.0)/charset_normalizer (2.1.1) doesn't match a supported version!
  warnings.warn(
/home/jlx_75/miniconda3/envs/pvmamba/lib/python3.10/site-packages/requests/__init__.py:109: RequestsDependencyWarning: urllib3 (1.26.13) or chardet (7.2.0)/charset_normalizer (2.1.1) doesn't match a supported version!
  warnings.warn(
/home/jlx_75/miniconda3/envs/pvmamba/lib/python3.10/site-packages/requests/__init__.py:109: RequestsDependencyWarning: urllib3 (1.26.13) or chardet (7.2.0)/charset_normalizer (2.1.1) doesn't match a supported version!
  warnings.warn(
/home/jlx_75/miniconda3/envs/pvmamba/lib/python3.10/site-packages/requests/__init__.py:109: RequestsDependencyWarning: urllib3 (1.26.13) or chardet (7.2.0)/charset_normalizer (2.1.1) doesn't match a supported version!
  warnings.warn(
/home/jlx_75/miniconda3/envs/pvmamba/lib/python3.10/site-packages/requests/__init__.py:109: RequestsDependencyWarning: urllib3 (1.26.13) or chardet (7.2.0)/charset_normalizer (2.1.1) doesn't match a supported version!
  warnings.warn(
/home/jlx_75/miniconda3/envs/pvmamba/lib/python3.10/site-packages/requests/__init__.py:109: RequestsDependencyWarning: urllib3 (1.26.13) or chardet (7.2.0)/charset_normalizer (2.1.1) doesn't match a supported version!
  warnings.warn(
/home/jlx_75/miniconda3/envs/pvmamba/lib/python3.10/site-packages/requests/__init__.py:109: RequestsDependencyWarning: urllib3 (1.26.13) or chardet (7.2.0)/charset_normalizer (2.1.1) doesn't match a supported version!
  warnings.warn(
/home/jlx_75/miniconda3/envs/pvmamba/lib/python3.10/site-packages/requests/__init__.py:109: RequestsDependencyWarning: urllib3 (1.26.13) or chardet (7.2.0)/charset_normalizer (2.1.1) doesn't match a supported version!
  warnings.warn(
[2026-03-25 02:22:24 tiny_cifar100_30ep](main.py 348): INFO Train: [14/30][0/390]	eta 2:25:42 lr 0.000081	 wd 0.0500	time 22.4162 (22.4162)	data time 22.2494 (22.2494)	model time 0.0000 (0.0000)	loss 3.1173 (3.1173)	grad_norm 5.2675 (5.2675)	loss_scale 32768.0000 (32768.0000)	mem 1205MB
[2026-03-25 02:22:25 tiny_cifar100_30ep](main.py 348): INFO Train: [14/30][10/390]	eta 0:13:33 lr 0.000081	 wd 0.0500	time 0.1083 (2.1396)	data time 0.0006 (2.0233)	model time 0.0000 (0.0000)	loss 3.9787 (3.5496)	grad_norm 3.9948 (5.0371)	loss_scale 32768.0000 (32768.0000)	mem 1205MB
[2026-03-25 02:22:26 tiny_cifar100_30ep](main.py 348): INFO Train: [14/30][20/390]	eta 0:07:13 lr 0.000081	 wd 0.0500	time 0.1069 (1.1715)	data time 0.0005 (1.0601)	model time 0.0000 (0.0000)	loss 2.6986 (3.5386)	grad_norm 5.9140 (5.0316)	loss_scale 32768.0000 (32768.0000)	mem 1205MB
[2026-03-25 02:22:27 tiny_cifar100_30ep](main.py 348): INFO Train: [14/30][30/390]	eta 0:04:58 lr 0.000080	 wd 0.0500	time 0.1089 (0.8290)	data time 0.0007 (0.7183)	model time 0.0000 (0.0000)	loss 3.9664 (3.5098)	grad_norm 4.4459 (5.0309)	loss_scale 32768.0000 (32768.0000)	mem 1205MB
[2026-03-25 02:22:28 tiny_cifar100_30ep](main.py 348): INFO Train: [14/30][40/390]	eta 0:03:48 lr 0.000080	 wd 0.0500	time 0.1042 (0.6527)	data time 0.0005 (0.5433)	model time 0.0000 (0.0000)	loss 3.7680 (3.4905)	grad_norm 5.3574 (5.0369)	loss_scale 32768.0000 (32768.0000)	mem 1205MB
[2026-03-25 02:22:29 tiny_cifar100_30ep](main.py 348): INFO Train: [14/30][50/390]	eta 0:03:05 lr 0.000080	 wd 0.0500	time 0.1033 (0.5456)	data time 0.0006 (0.4369)	model time 0.0000 (0.0000)	loss 3.0264 (3.4820)	grad_norm 4.5792 (5.0934)	loss_scale 32768.0000 (32768.0000)	mem 1205MB
[2026-03-25 02:22:30 tiny_cifar100_30ep](main.py 348): INFO Train: [14/30][60/390]	eta 0:02:36 lr 0.000080	 wd 0.0500	time 0.1066 (0.4739)	data time 0.0006 (0.3654)	model time 0.1059 (0.1074)	loss 3.4439 (3.4385)	grad_norm 4.9278 (5.0849)	loss_scale 32768.0000 (32768.0000)	mem 1205MB
[2026-03-25 02:22:31 tiny_cifar100_30ep](main.py 348): INFO Train: [14/30][70/390]	eta 0:02:15 lr 0.000080	 wd 0.0500	time 0.1068 (0.4227)	data time 0.0008 (0.3140)	model time 0.1061 (0.1086)	loss 3.8882 (3.4675)	grad_norm 4.5611 (5.0966)	loss_scale 32768.0000 (32768.0000)	mem 1205MB
[2026-03-25 02:22:33 tiny_cifar100_30ep](main.py 348): INFO Train: [14/30][80/390]	eta 0:01:58 lr 0.000079	 wd 0.0500	time 0.1038 (0.3836)	data time 0.0004 (0.2753)	model time 0.1034 (0.1076)	loss 3.1158 (3.4783)	grad_norm 5.3482 (5.0769)	loss_scale 32768.0000 (32768.0000)	mem 1205MB
[2026-03-25 02:22:34 tiny_cifar100_30ep](main.py 348): INFO Train: [14/30][90/390]	eta 0:01:45 lr 0.000079	 wd 0.0500	time 0.1136 (0.3530)	data time 0.0006 (0.2451)	model time 0.1131 (0.1068)	loss 3.0582 (3.4644)	grad_norm 4.6220 (5.1189)	loss_scale 32768.0000 (32768.0000)	mem 1205MB
[2026-03-25 02:22:35 tiny_cifar100_30ep](main.py 348): INFO Train: [14/30][100/390]	eta 0:01:35 lr 0.000079	 wd 0.0500	time 0.1053 (0.3286)	data time 0.0005 (0.2209)	model time 0.1048 (0.1067)	loss 3.8701 (3.4669)	grad_norm 5.4184 (5.1397)	loss_scale 32768.0000 (32768.0000)	mem 1205MB
[2026-03-25 02:22:36 tiny_cifar100_30ep](main.py 348): INFO Train: [14/30][110/390]	eta 0:01:26 lr 0.000079	 wd 0.0500	time 0.1093 (0.3088)	data time 0.0008 (0.2011)	model time 0.1085 (0.1070)	loss 3.9455 (3.4871)	grad_norm 4.3510 (5.1174)	loss_scale 32768.0000 (32768.0000)	mem 1205MB
[2026-03-25 02:22:37 tiny_cifar100_30ep](main.py 348): INFO Train: [14/30][120/390]	eta 0:01:18 lr 0.000079	 wd 0.0500	time 0.1131 (0.2923)	data time 0.0005 (0.1845)	model time 0.1126 (0.1071)	loss 3.0719 (3.4967)	grad_norm 5.3544 (5.0916)	loss_scale 32768.0000 (32768.0000)	mem 1205MB
[2026-03-25 02:22:38 tiny_cifar100_30ep](main.py 348): INFO Train: [14/30][130/390]	eta 0:01:12 lr 0.000079	 wd 0.0500	time 0.1033 (0.2781)	data time 0.0005 (0.1705)	model time 0.1028 (0.1069)	loss 2.6980 (3.4852)	grad_norm 6.8648 (5.0989)	loss_scale 32768.0000 (32768.0000)	mem 1205MB
[2026-03-25 02:22:39 tiny_cifar100_30ep](main.py 348): INFO Train: [14/30][140/390]	eta 0:01:06 lr 0.000078	 wd 0.0500	time 0.1040 (0.2660)	data time 0.0005 (0.1584)	model time 0.1035 (0.1070)	loss 3.9708 (3.4840)	grad_norm 4.3117 (5.0918)	loss_scale 32768.0000 (32768.0000)	mem 1205MB
[2026-03-25 02:22:40 tiny_cifar100_30ep](main.py 348): INFO Train: [14/30][150/390]	eta 0:01:01 lr 0.000078	 wd 0.0500	time 0.1039 (0.2556)	data time 0.0005 (0.1480)	model time 0.1034 (0.1072)	loss 3.0882 (3.4847)	grad_norm 4.8944 (5.0787)	loss_scale 32768.0000 (32768.0000)	mem 1205MB
[2026-03-25 02:22:41 tiny_cifar100_30ep](main.py 348): INFO Train: [14/30][160/390]	eta 0:00:56 lr 0.000078	 wd 0.0500	time 0.1187 (0.2465)	data time 0.0005 (0.1388)	model time 0.1182 (0.1071)	loss 3.7155 (3.4885)	grad_norm 5.1352 (5.1054)	loss_scale 32768.0000 (32768.0000)	mem 1205MB
[2026-03-25 02:22:42 tiny_cifar100_30ep](main.py 348): INFO Train: [14/30][170/390]	eta 0:00:52 lr 0.000078	 wd 0.0500	time 0.1059 (0.2382)	data time 0.0006 (0.1307)	model time 0.1053 (0.1070)	loss 3.2383 (3.4913)	grad_norm 4.9115 (5.1151)	loss_scale 32768.0000 (32768.0000)	mem 1205MB
[2026-03-25 02:22:43 tiny_cifar100_30ep](main.py 348): INFO Train: [14/30][180/390]	eta 0:00:48 lr 0.000078	 wd 0.0500	time 0.1033 (0.2309)	data time 0.0004 (0.1235)	model time 0.1029 (0.1068)	loss 3.5193 (3.4886)	grad_norm 5.9977 (5.1244)	loss_scale 32768.0000 (32768.0000)	mem 1205MB
[2026-03-25 02:22:44 tiny_cifar100_30ep](main.py 348): INFO Train: [14/30][190/390]	eta 0:00:44 lr 0.000077	 wd 0.0500	time 0.1063 (0.2246)	data time 0.0008 (0.1171)	model time 0.1055 (0.1071)	loss 3.8101 (3.4927)	grad_norm 5.3741 (5.1222)	loss_scale 32768.0000 (32768.0000)	mem 1205MB
[2026-03-25 02:22:45 tiny_cifar100_30ep](main.py 348): INFO Train: [14/30][200/390]	eta 0:00:41 lr 0.000077	 wd 0.0500	time 0.1038 (0.2187)	data time 0.0005 (0.1113)	model time 0.1033 (0.1070)	loss 3.2100 (3.4883)	grad_norm 4.9379 (5.1234)	loss_scale 32768.0000 (32768.0000)	mem 1205MB
[2026-03-25 02:22:47 tiny_cifar100_30ep](main.py 348): INFO Train: [14/30][210/390]	eta 0:00:38 lr 0.000077	 wd 0.0500	time 0.1254 (0.2137)	data time 0.0005 (0.1061)	model time 0.1249 (0.1073)	loss 3.3130 (3.4874)	grad_norm 4.6144 (5.1044)	loss_scale 32768.0000 (32768.0000)	mem 1205MB
[2026-03-25 02:22:48 tiny_cifar100_30ep](main.py 348): INFO Train: [14/30][220/390]	eta 0:00:35 lr 0.000077	 wd 0.0500	time 0.1071 (0.2089)	data time 0.0007 (0.1013)	model time 0.1064 (0.1072)	loss 3.9987 (3.4918)	grad_norm 5.5435 (5.1173)	loss_scale 32768.0000 (32768.0000)	mem 1205MB
[2026-03-25 02:22:49 tiny_cifar100_30ep](main.py 348): INFO Train: [14/30][230/390]	eta 0:00:32 lr 0.000077	 wd 0.0500	time 0.1035 (0.2047)	data time 0.0007 (0.0969)	model time 0.1028 (0.1075)	loss 2.8758 (3.4864)	grad_norm 5.0677 (5.1140)	loss_scale 32768.0000 (32768.0000)	mem 1205MB
[2026-03-25 02:22:50 tiny_cifar100_30ep](main.py 348): INFO Train: [14/30][240/390]	eta 0:00:30 lr 0.000077	 wd 0.0500	time 0.1153 (0.2009)	data time 0.0004 (0.0929)	model time 0.1148 (0.1077)	loss 3.2875 (3.4924)	grad_norm 4.9571 (5.1160)	loss_scale 32768.0000 (32768.0000)	mem 1205MB
[2026-03-25 02:22:51 tiny_cifar100_30ep](main.py 348): INFO Train: [14/30][250/390]	eta 0:00:27 lr 0.000076	 wd 0.0500	time 0.1031 (0.1972)	data time 0.0006 (0.0893)	model time 0.1025 (0.1077)	loss 3.3175 (3.4898)	grad_norm 6.6109 (5.1167)	loss_scale 32768.0000 (32768.0000)	mem 1205MB
[2026-03-25 02:22:52 tiny_cifar100_30ep](main.py 348): INFO Train: [14/30][260/390]	eta 0:00:25 lr 0.000076	 wd 0.0500	time 0.1034 (0.1936)	data time 0.0005 (0.0859)	model time 0.1028 (0.1075)	loss 3.4778 (3.4872)	grad_norm 6.1768 (5.1268)	loss_scale 32768.0000 (32768.0000)	mem 1205MB
[2026-03-25 02:22:53 tiny_cifar100_30ep](main.py 348): INFO Train: [14/30][270/390]	eta 0:00:22 lr 0.000076	 wd 0.0500	time 0.1163 (0.1904)	data time 0.0005 (0.0827)	model time 0.1157 (0.1074)	loss 3.2150 (3.4886)	grad_norm 5.1238 (5.1328)	loss_scale 32768.0000 (32768.0000)	mem 1205MB
[2026-03-25 02:22:54 tiny_cifar100_30ep](main.py 348): INFO Train: [14/30][280/390]	eta 0:00:20 lr 0.000076	 wd 0.0500	time 0.1164 (0.1875)	data time 0.0005 (0.0798)	model time 0.1160 (0.1074)	loss 3.4096 (3.4957)	grad_norm 4.6549 (5.1306)	loss_scale 32768.0000 (32768.0000)	mem 1205MB
[2026-03-25 02:22:55 tiny_cifar100_30ep](main.py 348): INFO Train: [14/30][290/390]	eta 0:00:18 lr 0.000076	 wd 0.0500	time 0.1035 (0.1847)	data time 0.0005 (0.0771)	model time 0.1030 (0.1074)	loss 3.9336 (3.5018)	grad_norm 5.7282 (5.1295)	loss_scale 32768.0000 (32768.0000)	mem 1205MB
[2026-03-25 02:22:56 tiny_cifar100_30ep](main.py 348): INFO Train: [14/30][300/390]	eta 0:00:16 lr 0.000076	 wd 0.0500	time 0.1050 (0.1823)	data time 0.0005 (0.0745)	model time 0.1045 (0.1075)	loss 3.6940 (3.5056)	grad_norm 4.8588 (5.1287)	loss_scale 32768.0000 (32768.0000)	mem 1205MB
[2026-03-25 02:22:57 tiny_cifar100_30ep](main.py 348): INFO Train: [14/30][310/390]	eta 0:00:14 lr 0.000075	 wd 0.0500	time 0.1044 (0.1800)	data time 0.0005 (0.0722)	model time 0.1039 (0.1076)	loss 2.8566 (3.4965)	grad_norm 4.9144 (5.1346)	loss_scale 32768.0000 (32768.0000)	mem 1205MB
[2026-03-25 02:22:59 tiny_cifar100_30ep](main.py 348): INFO Train: [14/30][320/390]	eta 0:00:12 lr 0.000075	 wd 0.0500	time 0.1154 (0.1778)	data time 0.0004 (0.0699)	model time 0.1150 (0.1077)	loss 3.1559 (3.4957)	grad_norm 4.5698 (5.1234)	loss_scale 32768.0000 (32768.0000)	mem 1205MB
[2026-03-25 02:23:00 tiny_cifar100_30ep](main.py 348): INFO Train: [14/30][330/390]	eta 0:00:10 lr 0.000075	 wd 0.0500	time 0.1061 (0.1757)	data time 0.0007 (0.0678)	model time 0.1054 (0.1077)	loss 3.9878 (3.4943)	grad_norm 4.5854 (5.1252)	loss_scale 32768.0000 (32768.0000)	mem 1205MB
[2026-03-25 02:23:01 tiny_cifar100_30ep](main.py 348): INFO Train: [14/30][340/390]	eta 0:00:08 lr 0.000075	 wd 0.0500	time 0.1037 (0.1738)	data time 0.0005 (0.0659)	model time 0.1032 (0.1078)	loss 3.3492 (3.4837)	grad_norm 5.0573 (5.1252)	loss_scale 32768.0000 (32768.0000)	mem 1205MB
[2026-03-25 02:23:02 tiny_cifar100_30ep](main.py 348): INFO Train: [14/30][350/390]	eta 0:00:06 lr 0.000075	 wd 0.0500	time 0.1035 (0.1719)	data time 0.0006 (0.0640)	model time 0.1030 (0.1077)	loss 3.8595 (3.4810)	grad_norm 7.7051 (5.1449)	loss_scale 32768.0000 (32768.0000)	mem 1205MB
[2026-03-25 02:23:03 tiny_cifar100_30ep](main.py 348): INFO Train: [14/30][360/390]	eta 0:00:05 lr 0.000074	 wd 0.0500	time 0.1036 (0.1701)	data time 0.0005 (0.0623)	model time 0.1031 (0.1077)	loss 3.9100 (3.4881)	grad_norm 6.0096 (5.1545)	loss_scale 32768.0000 (32768.0000)	mem 1205MB
[2026-03-25 02:23:04 tiny_cifar100_30ep](main.py 348): INFO Train: [14/30][370/390]	eta 0:00:03 lr 0.000074	 wd 0.0500	time 0.1059 (0.1685)	data time 0.0007 (0.0606)	model time 0.1052 (0.1078)	loss 2.9558 (3.4842)	grad_norm 6.3082 (5.1554)	loss_scale 32768.0000 (32768.0000)	mem 1205MB
[2026-03-25 02:23:05 tiny_cifar100_30ep](main.py 348): INFO Train: [14/30][380/390]	eta 0:00:01 lr 0.000074	 wd 0.0500	time 0.1036 (0.1670)	data time 0.0004 (0.0590)	model time 0.1032 (0.1078)	loss 4.2125 (3.4862)	grad_norm 4.3028 (5.1600)	loss_scale 32768.0000 (32768.0000)	mem 1205MB
[2026-03-25 02:23:07 tiny_cifar100_30ep](main.py 359): INFO EPOCH 14 training takes 0:01:05
[2026-03-25 02:23:07 tiny_cifar100_30ep](utils.py 104): INFO ./output_cifar100_noema_30ep/tiny_cifar100_30ep/20260325020204/latest_ckpt.pth saving......
[2026-03-25 02:23:08 tiny_cifar100_30ep](utils.py 106): INFO ./output_cifar100_noema_30ep/tiny_cifar100_30ep/20260325020204/latest_ckpt.pth saved !!!
/home/jlx_75/miniconda3/envs/pvmamba/lib/python3.10/site-packages/requests/__init__.py:109: RequestsDependencyWarning: urllib3 (1.26.13) or chardet (7.2.0)/charset_normalizer (2.1.1) doesn't match a supported version!
  warnings.warn(
/home/jlx_75/miniconda3/envs/pvmamba/lib/python3.10/site-packages/requests/__init__.py:109: RequestsDependencyWarning: urllib3 (1.26.13) or chardet (7.2.0)/charset_normalizer (2.1.1) doesn't match a supported version!
  warnings.warn(
/home/jlx_75/miniconda3/envs/pvmamba/lib/python3.10/site-packages/requests/__init__.py:109: RequestsDependencyWarning: urllib3 (1.26.13) or chardet (7.2.0)/charset_normalizer (2.1.1) doesn't match a supported version!
  warnings.warn(
/home/jlx_75/miniconda3/envs/pvmamba/lib/python3.10/site-packages/requests/__init__.py:109: RequestsDependencyWarning: urllib3 (1.26.13) or chardet (7.2.0)/charset_normalizer (2.1.1) doesn't match a supported version!
  warnings.warn(
/home/jlx_75/miniconda3/envs/pvmamba/lib/python3.10/site-packages/requests/__init__.py:109: RequestsDependencyWarning: urllib3 (1.26.13) or chardet (7.2.0)/charset_normalizer (2.1.1) doesn't match a supported version!
  warnings.warn(
/home/jlx_75/miniconda3/envs/pvmamba/lib/python3.10/site-packages/requests/__init__.py:109: RequestsDependencyWarning: urllib3 (1.26.13) or chardet (7.2.0)/charset_normalizer (2.1.1) doesn't match a supported version!
  warnings.warn(
/home/jlx_75/miniconda3/envs/pvmamba/lib/python3.10/site-packages/requests/__init__.py:109: RequestsDependencyWarning: urllib3 (1.26.13) or chardet (7.2.0)/charset_normalizer (2.1.1) doesn't match a supported version!
  warnings.warn(
/home/jlx_75/miniconda3/envs/pvmamba/lib/python3.10/site-packages/requests/__init__.py:109: RequestsDependencyWarning: urllib3 (1.26.13) or chardet (7.2.0)/charset_normalizer (2.1.1) doesn't match a supported version!
  warnings.warn(
[2026-03-25 02:23:23 tiny_cifar100_30ep](main.py 403): INFO Test: [0/79]	Time 15.041 (15.041)	Loss 2.2637 (2.2637)	Acc@1 46.094 (46.094)	Acc@5 73.438 (73.438)	Mem 1205MB
[2026-03-25 02:23:23 tiny_cifar100_30ep](main.py 403): INFO Test: [10/79]	Time 0.036 (1.403)	Loss 2.3672 (2.4249)	Acc@1 44.531 (40.057)	Acc@5 72.656 (71.733)	Mem 1205MB
[2026-03-25 02:23:23 tiny_cifar100_30ep](main.py 403): INFO Test: [20/79]	Time 0.036 (0.752)	Loss 2.3438 (2.3855)	Acc@1 42.969 (41.034)	Acc@5 75.000 (72.582)	Mem 1205MB
[2026-03-25 02:23:24 tiny_cifar100_30ep](main.py 403): INFO Test: [30/79]	Time 0.036 (0.521)	Loss 2.3125 (2.3747)	Acc@1 43.750 (41.683)	Acc@5 76.562 (72.908)	Mem 1205MB
[2026-03-25 02:23:24 tiny_cifar100_30ep](main.py 403): INFO Test: [40/79]	Time 0.036 (0.402)	Loss 2.2578 (2.3802)	Acc@1 46.875 (41.730)	Acc@5 73.438 (72.656)	Mem 1205MB
[2026-03-25 02:23:24 tiny_cifar100_30ep](main.py 403): INFO Test: [50/79]	Time 0.036 (0.331)	Loss 2.4199 (2.3846)	Acc@1 40.625 (41.667)	Acc@5 70.312 (72.457)	Mem 1205MB
[2026-03-25 02:23:25 tiny_cifar100_30ep](main.py 403): INFO Test: [60/79]	Time 0.036 (0.282)	Loss 2.6211 (2.3910)	Acc@1 39.062 (41.662)	Acc@5 66.406 (72.439)	Mem 1205MB
[2026-03-25 02:23:25 tiny_cifar100_30ep](main.py 403): INFO Test: [70/79]	Time 0.034 (0.247)	Loss 2.4707 (2.3811)	Acc@1 34.375 (41.989)	Acc@5 73.438 (72.854)	Mem 1205MB
[2026-03-25 02:23:26 tiny_cifar100_30ep](main.py 410): INFO  * Acc@1 41.880 Acc@5 72.680
[2026-03-25 02:23:26 tiny_cifar100_30ep](main.py 239): INFO Accuracy of the network on the 10000 test images: 41.9%
[2026-03-25 02:23:26 tiny_cifar100_30ep](main.py 247): INFO New max accuracy: 41.88%
[2026-03-25 02:23:26 tiny_cifar100_30ep](utils.py 104): INFO ./output_cifar100_noema_30ep/tiny_cifar100_30ep/20260325020204/best_ckpt.pth saving......
[2026-03-25 02:23:27 tiny_cifar100_30ep](utils.py 106): INFO ./output_cifar100_noema_30ep/tiny_cifar100_30ep/20260325020204/best_ckpt.pth saved !!!
/home/jlx_75/miniconda3/envs/pvmamba/lib/python3.10/site-packages/requests/__init__.py:109: RequestsDependencyWarning: urllib3 (1.26.13) or chardet (7.2.0)/charset_normalizer (2.1.1) doesn't match a supported version!
  warnings.warn(
/home/jlx_75/miniconda3/envs/pvmamba/lib/python3.10/site-packages/requests/__init__.py:109: RequestsDependencyWarning: urllib3 (1.26.13) or chardet (7.2.0)/charset_normalizer (2.1.1) doesn't match a supported version!
  warnings.warn(
/home/jlx_75/miniconda3/envs/pvmamba/lib/python3.10/site-packages/requests/__init__.py:109: RequestsDependencyWarning: urllib3 (1.26.13) or chardet (7.2.0)/charset_normalizer (2.1.1) doesn't match a supported version!
  warnings.warn(
/home/jlx_75/miniconda3/envs/pvmamba/lib/python3.10/site-packages/requests/__init__.py:109: RequestsDependencyWarning: urllib3 (1.26.13) or chardet (7.2.0)/charset_normalizer (2.1.1) doesn't match a supported version!
  warnings.warn(
/home/jlx_75/miniconda3/envs/pvmamba/lib/python3.10/site-packages/requests/__init__.py:109: RequestsDependencyWarning: urllib3 (1.26.13) or chardet (7.2.0)/charset_normalizer (2.1.1) doesn't match a supported version!
  warnings.warn(
/home/jlx_75/miniconda3/envs/pvmamba/lib/python3.10/site-packages/requests/__init__.py:109: RequestsDependencyWarning: urllib3 (1.26.13) or chardet (7.2.0)/charset_normalizer (2.1.1) doesn't match a supported version!
  warnings.warn(
/home/jlx_75/miniconda3/envs/pvmamba/lib/python3.10/site-packages/requests/__init__.py:109: RequestsDependencyWarning: urllib3 (1.26.13) or chardet (7.2.0)/charset_normalizer (2.1.1) doesn't match a supported version!
  warnings.warn(
/home/jlx_75/miniconda3/envs/pvmamba/lib/python3.10/site-packages/requests/__init__.py:109: RequestsDependencyWarning: urllib3 (1.26.13) or chardet (7.2.0)/charset_normalizer (2.1.1) doesn't match a supported version!
  warnings.warn(
[2026-03-25 02:23:49 tiny_cifar100_30ep](main.py 348): INFO Train: [15/30][0/390]	eta 2:20:05 lr 0.000074	 wd 0.0500	time 21.5537 (21.5537)	data time 21.3847 (21.3847)	model time 0.0000 (0.0000)	loss 2.6125 (2.6125)	grad_norm 5.9633 (5.9633)	loss_scale 32768.0000 (32768.0000)	mem 1205MB
[2026-03-25 02:23:50 tiny_cifar100_30ep](main.py 348): INFO Train: [15/30][10/390]	eta 0:13:02 lr 0.000074	 wd 0.0500	time 0.1097 (2.0597)	data time 0.0007 (1.9447)	model time 0.0000 (0.0000)	loss 3.9748 (3.5211)	grad_norm 4.8241 (5.1454)	loss_scale 32768.0000 (32768.0000)	mem 1205MB
[2026-03-25 02:23:51 tiny_cifar100_30ep](main.py 348): INFO Train: [15/30][20/390]	eta 0:06:58 lr 0.000074	 wd 0.0500	time 0.1064 (1.1298)	data time 0.0005 (1.0189)	model time 0.0000 (0.0000)	loss 2.9705 (3.5720)	grad_norm 6.0341 (5.2612)	loss_scale 32768.0000 (32768.0000)	mem 1205MB
[2026-03-25 02:23:52 tiny_cifar100_30ep](main.py 348): INFO Train: [15/30][30/390]	eta 0:04:47 lr 0.000073	 wd 0.0500	time 0.1079 (0.7999)	data time 0.0006 (0.6904)	model time 0.0000 (0.0000)	loss 3.7649 (3.4660)	grad_norm 4.5072 (5.1986)	loss_scale 32768.0000 (32768.0000)	mem 1205MB
[2026-03-25 02:23:53 tiny_cifar100_30ep](main.py 348): INFO Train: [15/30][40/390]	eta 0:03:41 lr 0.000073	 wd 0.0500	time 0.1076 (0.6316)	data time 0.0007 (0.5222)	model time 0.0000 (0.0000)	loss 3.8957 (3.5076)	grad_norm 4.7142 (5.1628)	loss_scale 32768.0000 (32768.0000)	mem 1205MB
[2026-03-25 02:23:54 tiny_cifar100_30ep](main.py 348): INFO Train: [15/30][50/390]	eta 0:03:00 lr 0.000073	 wd 0.0500	time 0.1143 (0.5297)	data time 0.0005 (0.4199)	model time 0.0000 (0.0000)	loss 2.9204 (3.4495)	grad_norm 5.3863 (5.2187)	loss_scale 32768.0000 (32768.0000)	mem 1205MB
[2026-03-25 02:23:55 tiny_cifar100_30ep](main.py 348): INFO Train: [15/30][60/390]	eta 0:02:32 lr 0.000073	 wd 0.0500	time 0.1061 (0.4606)	data time 0.0006 (0.3512)	model time 0.1055 (0.1081)	loss 3.7690 (3.4726)	grad_norm 4.9089 (5.1537)	loss_scale 32768.0000 (32768.0000)	mem 1205MB
[2026-03-25 02:23:56 tiny_cifar100_30ep](main.py 348): INFO Train: [15/30][70/390]	eta 0:02:11 lr 0.000073	 wd 0.0500	time 0.1186 (0.4120)	data time 0.0007 (0.3018)	model time 0.1179 (0.1113)	loss 2.8764 (3.4996)	grad_norm 6.0909 (5.1391)	loss_scale 32768.0000 (32768.0000)	mem 1205MB
[2026-03-25 02:23:57 tiny_cifar100_30ep](main.py 348): INFO Train: [15/30][80/390]	eta 0:01:56 lr 0.000072	 wd 0.0500	time 0.1206 (0.3760)	data time 0.0006 (0.2646)	model time 0.1200 (0.1142)	loss 3.5873 (3.5123)	grad_norm 4.5757 (5.0914)	loss_scale 32768.0000 (32768.0000)	mem 1205MB
[2026-03-25 02:23:59 tiny_cifar100_30ep](main.py 348): INFO Train: [15/30][90/390]	eta 0:01:44 lr 0.000072	 wd 0.0500	time 0.1222 (0.3482)	data time 0.0006 (0.2356)	model time 0.1216 (0.1161)	loss 3.3691 (3.5124)	grad_norm 5.9758 (5.0962)	loss_scale 32768.0000 (32768.0000)	mem 1205MB
[2026-03-25 02:24:00 tiny_cifar100_30ep](main.py 348): INFO Train: [15/30][100/390]	eta 0:01:34 lr 0.000072	 wd 0.0500	time 0.1244 (0.3259)	data time 0.0006 (0.2124)	model time 0.1238 (0.1175)	loss 2.8914 (3.4888)	grad_norm 5.2835 (5.1017)	loss_scale 32768.0000 (32768.0000)	mem 1205MB
[2026-03-25 02:24:01 tiny_cifar100_30ep](main.py 348): INFO Train: [15/30][110/390]	eta 0:01:26 lr 0.000072	 wd 0.0500	time 0.1196 (0.3077)	data time 0.0007 (0.1933)	model time 0.1189 (0.1184)	loss 3.3672 (3.4601)	grad_norm 4.2130 (5.1099)	loss_scale 32768.0000 (32768.0000)	mem 1205MB
[2026-03-25 02:24:02 tiny_cifar100_30ep](main.py 348): INFO Train: [15/30][120/390]	eta 0:01:18 lr 0.000072	 wd 0.0500	time 0.1146 (0.2919)	data time 0.0005 (0.1774)	model time 0.1141 (0.1181)	loss 3.8198 (3.4783)	grad_norm 5.8116 (5.1329)	loss_scale 32768.0000 (32768.0000)	mem 1205MB
[2026-03-25 02:24:03 tiny_cifar100_30ep](main.py 348): INFO Train: [15/30][130/390]	eta 0:01:12 lr 0.000071	 wd 0.0500	time 0.1144 (0.2785)	data time 0.0006 (0.1639)	model time 0.1139 (0.1178)	loss 3.6283 (3.4761)	grad_norm 4.9146 (5.1357)	loss_scale 32768.0000 (32768.0000)	mem 1205MB
[2026-03-25 02:24:05 tiny_cifar100_30ep](main.py 348): INFO Train: [15/30][140/390]	eta 0:01:06 lr 0.000071	 wd 0.0500	time 0.1289 (0.2671)	data time 0.0005 (0.1523)	model time 0.1284 (0.1176)	loss 3.3195 (3.4630)	grad_norm 5.0754 (5.1560)	loss_scale 32768.0000 (32768.0000)	mem 1205MB
[2026-03-25 02:24:06 tiny_cifar100_30ep](main.py 348): INFO Train: [15/30][150/390]	eta 0:01:01 lr 0.000071	 wd 0.0500	time 0.1150 (0.2574)	data time 0.0006 (0.1422)	model time 0.1145 (0.1179)	loss 2.6096 (3.4636)	grad_norm 6.9056 (5.1767)	loss_scale 32768.0000 (32768.0000)	mem 1205MB
[2026-03-25 02:24:07 tiny_cifar100_30ep](main.py 348): INFO Train: [15/30][160/390]	eta 0:00:57 lr 0.000071	 wd 0.0500	time 0.1145 (0.2485)	data time 0.0005 (0.1334)	model time 0.1140 (0.1176)	loss 2.9155 (3.4630)	grad_norm 5.6513 (5.1810)	loss_scale 32768.0000 (32768.0000)	mem 1205MB
[2026-03-25 02:24:08 tiny_cifar100_30ep](main.py 348): INFO Train: [15/30][170/390]	eta 0:00:52 lr 0.000071	 wd 0.0500	time 0.1225 (0.2408)	data time 0.0007 (0.1257)	model time 0.1219 (0.1174)	loss 4.1293 (3.4721)	grad_norm 4.7881 (5.1777)	loss_scale 32768.0000 (32768.0000)	mem 1205MB
[2026-03-25 02:24:09 tiny_cifar100_30ep](main.py 348): INFO Train: [15/30][180/390]	eta 0:00:49 lr 0.000071	 wd 0.0500	time 0.1137 (0.2339)	data time 0.0005 (0.1188)	model time 0.1132 (0.1173)	loss 3.0651 (3.4660)	grad_norm 5.4266 (5.1758)	loss_scale 32768.0000 (32768.0000)	mem 1205MB
[2026-03-25 02:24:10 tiny_cifar100_30ep](main.py 348): INFO Train: [15/30][190/390]	eta 0:00:45 lr 0.000070	 wd 0.0500	time 0.1196 (0.2278)	data time 0.0006 (0.1126)	model time 0.1190 (0.1172)	loss 3.7832 (3.4693)	grad_norm 4.8265 (5.1667)	loss_scale 32768.0000 (32768.0000)	mem 1205MB
[2026-03-25 02:24:12 tiny_cifar100_30ep](main.py 348): INFO Train: [15/30][200/390]	eta 0:00:42 lr 0.000070	 wd 0.0500	time 0.1249 (0.2223)	data time 0.0005 (0.1070)	model time 0.1244 (0.1171)	loss 3.6893 (3.4657)	grad_norm 4.9058 (5.1774)	loss_scale 32768.0000 (32768.0000)	mem 1205MB
[2026-03-25 02:24:13 tiny_cifar100_30ep](main.py 348): INFO Train: [15/30][210/390]	eta 0:00:39 lr 0.000070	 wd 0.0500	time 0.1226 (0.2175)	data time 0.0006 (0.1020)	model time 0.1220 (0.1174)	loss 2.9596 (3.4627)	grad_norm 4.3341 (5.1671)	loss_scale 32768.0000 (32768.0000)	mem 1205MB
[2026-03-25 02:24:14 tiny_cifar100_30ep](main.py 348): INFO Train: [15/30][220/390]	eta 0:00:36 lr 0.000070	 wd 0.0500	time 0.1136 (0.2130)	data time 0.0005 (0.0974)	model time 0.1130 (0.1174)	loss 4.0431 (3.4742)	grad_norm 4.4330 (5.1583)	loss_scale 32768.0000 (32768.0000)	mem 1205MB
[2026-03-25 02:24:15 tiny_cifar100_30ep](main.py 348): INFO Train: [15/30][230/390]	eta 0:00:33 lr 0.000070	 wd 0.0500	time 0.1138 (0.2088)	data time 0.0005 (0.0932)	model time 0.1133 (0.1173)	loss 3.0015 (3.4726)	grad_norm 4.9768 (5.1700)	loss_scale 32768.0000 (32768.0000)	mem 1205MB
[2026-03-25 02:24:16 tiny_cifar100_30ep](main.py 348): INFO Train: [15/30][240/390]	eta 0:00:30 lr 0.000069	 wd 0.0500	time 0.1155 (0.2051)	data time 0.0005 (0.0894)	model time 0.1150 (0.1174)	loss 2.4643 (3.4649)	grad_norm 5.4698 (5.1852)	loss_scale 32768.0000 (32768.0000)	mem 1205MB
[2026-03-25 02:24:18 tiny_cifar100_30ep](main.py 348): INFO Train: [15/30][250/390]	eta 0:00:28 lr 0.000069	 wd 0.0500	time 0.1152 (0.2015)	data time 0.0007 (0.0858)	model time 0.1145 (0.1172)	loss 3.5462 (3.4593)	grad_norm 5.3775 (5.1906)	loss_scale 32768.0000 (32768.0000)	mem 1205MB
[2026-03-25 02:24:19 tiny_cifar100_30ep](main.py 348): INFO Train: [15/30][260/390]	eta 0:00:25 lr 0.000069	 wd 0.0500	time 0.1153 (0.1983)	data time 0.0005 (0.0826)	model time 0.1148 (0.1172)	loss 3.5938 (3.4564)	grad_norm 4.9636 (5.1864)	loss_scale 32768.0000 (32768.0000)	mem 1205MB
[2026-03-25 02:24:20 tiny_cifar100_30ep](main.py 348): INFO Train: [15/30][270/390]	eta 0:00:23 lr 0.000069	 wd 0.0500	time 0.1139 (0.1952)	data time 0.0005 (0.0795)	model time 0.1134 (0.1170)	loss 3.5223 (3.4555)	grad_norm 4.9448 (5.1899)	loss_scale 32768.0000 (32768.0000)	mem 1205MB
[2026-03-25 02:24:21 tiny_cifar100_30ep](main.py 348): INFO Train: [15/30][280/390]	eta 0:00:21 lr 0.000069	 wd 0.0500	time 0.1228 (0.1924)	data time 0.0007 (0.0767)	model time 0.1222 (0.1171)	loss 2.8329 (3.4565)	grad_norm 4.6743 (5.1918)	loss_scale 32768.0000 (32768.0000)	mem 1205MB
[2026-03-25 02:24:22 tiny_cifar100_30ep](main.py 348): INFO Train: [15/30][290/390]	eta 0:00:18 lr 0.000069	 wd 0.0500	time 0.1186 (0.1900)	data time 0.0006 (0.0741)	model time 0.1180 (0.1171)	loss 3.0356 (3.4567)	grad_norm 5.4299 (5.1940)	loss_scale 32768.0000 (32768.0000)	mem 1205MB
[2026-03-25 02:24:23 tiny_cifar100_30ep](main.py 348): INFO Train: [15/30][300/390]	eta 0:00:16 lr 0.000068	 wd 0.0500	time 0.1290 (0.1876)	data time 0.0006 (0.0717)	model time 0.1283 (0.1172)	loss 3.6871 (3.4591)	grad_norm 4.8000 (5.1950)	loss_scale 32768.0000 (32768.0000)	mem 1205MB
[2026-03-25 02:24:25 tiny_cifar100_30ep](main.py 348): INFO Train: [15/30][310/390]	eta 0:00:14 lr 0.000068	 wd 0.0500	time 0.1146 (0.1854)	data time 0.0006 (0.0694)	model time 0.1140 (0.1173)	loss 3.7434 (3.4633)	grad_norm 4.8971 (5.1955)	loss_scale 32768.0000 (32768.0000)	mem 1205MB
[2026-03-25 02:24:26 tiny_cifar100_30ep](main.py 348): INFO Train: [15/30][320/390]	eta 0:00:12 lr 0.000068	 wd 0.0500	time 0.1140 (0.1832)	data time 0.0005 (0.0672)	model time 0.1136 (0.1172)	loss 3.6640 (3.4648)	grad_norm 4.8201 (5.1846)	loss_scale 32768.0000 (32768.0000)	mem 1205MB
[2026-03-25 02:24:27 tiny_cifar100_30ep](main.py 348): INFO Train: [15/30][330/390]	eta 0:00:10 lr 0.000068	 wd 0.0500	time 0.1211 (0.1812)	data time 0.0006 (0.0652)	model time 0.1206 (0.1171)	loss 2.4461 (3.4624)	grad_norm 5.5002 (5.1995)	loss_scale 32768.0000 (32768.0000)	mem 1205MB
[2026-03-25 02:24:28 tiny_cifar100_30ep](main.py 348): INFO Train: [15/30][340/390]	eta 0:00:08 lr 0.000068	 wd 0.0500	time 0.1139 (0.1795)	data time 0.0005 (0.0633)	model time 0.1134 (0.1173)	loss 2.8343 (3.4578)	grad_norm 4.8721 (5.2014)	loss_scale 32768.0000 (32768.0000)	mem 1205MB
[2026-03-25 02:24:29 tiny_cifar100_30ep](main.py 348): INFO Train: [15/30][350/390]	eta 0:00:07 lr 0.000067	 wd 0.0500	time 0.1144 (0.1777)	data time 0.0006 (0.0616)	model time 0.1139 (0.1173)	loss 2.8702 (3.4558)	grad_norm 6.7292 (5.2102)	loss_scale 32768.0000 (32768.0000)	mem 1205MB
[2026-03-25 02:24:31 tiny_cifar100_30ep](main.py 348): INFO Train: [15/30][360/390]	eta 0:00:05 lr 0.000067	 wd 0.0500	time 0.1154 (0.1761)	data time 0.0006 (0.0599)	model time 0.1148 (0.1173)	loss 3.3386 (3.4502)	grad_norm 6.8667 (5.2272)	loss_scale 32768.0000 (32768.0000)	mem 1205MB
[2026-03-25 02:24:32 tiny_cifar100_30ep](main.py 348): INFO Train: [15/30][370/390]	eta 0:00:03 lr 0.000067	 wd 0.0500	time 0.1186 (0.1746)	data time 0.0007 (0.0583)	model time 0.1179 (0.1174)	loss 3.9757 (3.4489)	grad_norm 4.5829 (5.2343)	loss_scale 32768.0000 (32768.0000)	mem 1205MB
[2026-03-25 02:24:33 tiny_cifar100_30ep](main.py 348): INFO Train: [15/30][380/390]	eta 0:00:01 lr 0.000067	 wd 0.0500	time 0.1136 (0.1730)	data time 0.0003 (0.0568)	model time 0.1133 (0.1172)	loss 2.7803 (3.4475)	grad_norm 5.1082 (5.2435)	loss_scale 32768.0000 (32768.0000)	mem 1205MB
[2026-03-25 02:24:35 tiny_cifar100_30ep](main.py 359): INFO EPOCH 15 training takes 0:01:07
[2026-03-25 02:24:35 tiny_cifar100_30ep](utils.py 104): INFO ./output_cifar100_noema_30ep/tiny_cifar100_30ep/20260325020204/latest_ckpt.pth saving......
[2026-03-25 02:24:36 tiny_cifar100_30ep](utils.py 106): INFO ./output_cifar100_noema_30ep/tiny_cifar100_30ep/20260325020204/latest_ckpt.pth saved !!!
/home/jlx_75/miniconda3/envs/pvmamba/lib/python3.10/site-packages/requests/__init__.py:109: RequestsDependencyWarning: urllib3 (1.26.13) or chardet (7.2.0)/charset_normalizer (2.1.1) doesn't match a supported version!
  warnings.warn(
/home/jlx_75/miniconda3/envs/pvmamba/lib/python3.10/site-packages/requests/__init__.py:109: RequestsDependencyWarning: urllib3 (1.26.13) or chardet (7.2.0)/charset_normalizer (2.1.1) doesn't match a supported version!
  warnings.warn(
/home/jlx_75/miniconda3/envs/pvmamba/lib/python3.10/site-packages/requests/__init__.py:109: RequestsDependencyWarning: urllib3 (1.26.13) or chardet (7.2.0)/charset_normalizer (2.1.1) doesn't match a supported version!
  warnings.warn(
/home/jlx_75/miniconda3/envs/pvmamba/lib/python3.10/site-packages/requests/__init__.py:109: RequestsDependencyWarning: urllib3 (1.26.13) or chardet (7.2.0)/charset_normalizer (2.1.1) doesn't match a supported version!
  warnings.warn(
/home/jlx_75/miniconda3/envs/pvmamba/lib/python3.10/site-packages/requests/__init__.py:109: RequestsDependencyWarning: urllib3 (1.26.13) or chardet (7.2.0)/charset_normalizer (2.1.1) doesn't match a supported version!
  warnings.warn(
/home/jlx_75/miniconda3/envs/pvmamba/lib/python3.10/site-packages/requests/__init__.py:109: RequestsDependencyWarning: urllib3 (1.26.13) or chardet (7.2.0)/charset_normalizer (2.1.1) doesn't match a supported version!
  warnings.warn(
/home/jlx_75/miniconda3/envs/pvmamba/lib/python3.10/site-packages/requests/__init__.py:109: RequestsDependencyWarning: urllib3 (1.26.13) or chardet (7.2.0)/charset_normalizer (2.1.1) doesn't match a supported version!
  warnings.warn(
/home/jlx_75/miniconda3/envs/pvmamba/lib/python3.10/site-packages/requests/__init__.py:109: RequestsDependencyWarning: urllib3 (1.26.13) or chardet (7.2.0)/charset_normalizer (2.1.1) doesn't match a supported version!
  warnings.warn(
[2026-03-25 02:24:51 tiny_cifar100_30ep](main.py 403): INFO Test: [0/79]	Time 15.804 (15.804)	Loss 2.1680 (2.1680)	Acc@1 48.438 (48.438)	Acc@5 78.906 (78.906)	Mem 1205MB
[2026-03-25 02:24:52 tiny_cifar100_30ep](main.py 403): INFO Test: [10/79]	Time 0.036 (1.479)	Loss 2.2871 (2.3484)	Acc@1 42.969 (41.690)	Acc@5 75.781 (73.438)	Mem 1205MB
[2026-03-25 02:24:52 tiny_cifar100_30ep](main.py 403): INFO Test: [20/79]	Time 0.035 (0.791)	Loss 2.3457 (2.3137)	Acc@1 38.281 (42.448)	Acc@5 71.875 (74.591)	Mem 1205MB
[2026-03-25 02:24:53 tiny_cifar100_30ep](main.py 403): INFO Test: [30/79]	Time 0.036 (0.548)	Loss 2.2871 (2.3045)	Acc@1 36.719 (42.843)	Acc@5 76.562 (75.000)	Mem 1205MB
[2026-03-25 02:24:53 tiny_cifar100_30ep](main.py 403): INFO Test: [40/79]	Time 0.035 (0.423)	Loss 2.1836 (2.3152)	Acc@1 48.438 (43.083)	Acc@5 77.344 (74.543)	Mem 1205MB
[2026-03-25 02:24:53 tiny_cifar100_30ep](main.py 403): INFO Test: [50/79]	Time 0.036 (0.347)	Loss 2.3496 (2.3239)	Acc@1 44.531 (42.877)	Acc@5 75.781 (74.249)	Mem 1205MB
[2026-03-25 02:24:54 tiny_cifar100_30ep](main.py 403): INFO Test: [60/79]	Time 0.037 (0.296)	Loss 2.5254 (2.3314)	Acc@1 42.188 (42.841)	Acc@5 65.625 (74.027)	Mem 1205MB
[2026-03-25 02:24:54 tiny_cifar100_30ep](main.py 403): INFO Test: [70/79]	Time 0.035 (0.259)	Loss 2.3633 (2.3235)	Acc@1 36.719 (43.134)	Acc@5 71.875 (74.142)	Mem 1205MB
[2026-03-25 02:24:55 tiny_cifar100_30ep](main.py 410): INFO  * Acc@1 43.070 Acc@5 74.150
[2026-03-25 02:24:55 tiny_cifar100_30ep](main.py 239): INFO Accuracy of the network on the 10000 test images: 43.1%
[2026-03-25 02:24:55 tiny_cifar100_30ep](main.py 247): INFO New max accuracy: 43.07%
[2026-03-25 02:24:55 tiny_cifar100_30ep](utils.py 104): INFO ./output_cifar100_noema_30ep/tiny_cifar100_30ep/20260325020204/best_ckpt.pth saving......
[2026-03-25 02:24:56 tiny_cifar100_30ep](utils.py 106): INFO ./output_cifar100_noema_30ep/tiny_cifar100_30ep/20260325020204/best_ckpt.pth saved !!!
/home/jlx_75/miniconda3/envs/pvmamba/lib/python3.10/site-packages/requests/__init__.py:109: RequestsDependencyWarning: urllib3 (1.26.13) or chardet (7.2.0)/charset_normalizer (2.1.1) doesn't match a supported version!
  warnings.warn(
/home/jlx_75/miniconda3/envs/pvmamba/lib/python3.10/site-packages/requests/__init__.py:109: RequestsDependencyWarning: urllib3 (1.26.13) or chardet (7.2.0)/charset_normalizer (2.1.1) doesn't match a supported version!
  warnings.warn(
/home/jlx_75/miniconda3/envs/pvmamba/lib/python3.10/site-packages/requests/__init__.py:109: RequestsDependencyWarning: urllib3 (1.26.13) or chardet (7.2.0)/charset_normalizer (2.1.1) doesn't match a supported version!
  warnings.warn(
/home/jlx_75/miniconda3/envs/pvmamba/lib/python3.10/site-packages/requests/__init__.py:109: RequestsDependencyWarning: urllib3 (1.26.13) or chardet (7.2.0)/charset_normalizer (2.1.1) doesn't match a supported version!
  warnings.warn(
/home/jlx_75/miniconda3/envs/pvmamba/lib/python3.10/site-packages/requests/__init__.py:109: RequestsDependencyWarning: urllib3 (1.26.13) or chardet (7.2.0)/charset_normalizer (2.1.1) doesn't match a supported version!
  warnings.warn(
/home/jlx_75/miniconda3/envs/pvmamba/lib/python3.10/site-packages/requests/__init__.py:109: RequestsDependencyWarning: urllib3 (1.26.13) or chardet (7.2.0)/charset_normalizer (2.1.1) doesn't match a supported version!
  warnings.warn(
/home/jlx_75/miniconda3/envs/pvmamba/lib/python3.10/site-packages/requests/__init__.py:109: RequestsDependencyWarning: urllib3 (1.26.13) or chardet (7.2.0)/charset_normalizer (2.1.1) doesn't match a supported version!
  warnings.warn(
/home/jlx_75/miniconda3/envs/pvmamba/lib/python3.10/site-packages/requests/__init__.py:109: RequestsDependencyWarning: urllib3 (1.26.13) or chardet (7.2.0)/charset_normalizer (2.1.1) doesn't match a supported version!
  warnings.warn(
[2026-03-25 02:25:17 tiny_cifar100_30ep](main.py 348): INFO Train: [16/30][0/390]	eta 2:20:05 lr 0.000067	 wd 0.0500	time 21.5529 (21.5529)	data time 21.3653 (21.3653)	model time 0.0000 (0.0000)	loss 2.8904 (2.8904)	grad_norm 6.4255 (6.4255)	loss_scale 32768.0000 (32768.0000)	mem 1205MB
[2026-03-25 02:25:19 tiny_cifar100_30ep](main.py 348): INFO Train: [16/30][10/390]	eta 0:13:03 lr 0.000067	 wd 0.0500	time 0.1071 (2.0608)	data time 0.0007 (1.9429)	model time 0.0000 (0.0000)	loss 3.3357 (3.5068)	grad_norm 5.3018 (5.1293)	loss_scale 32768.0000 (32768.0000)	mem 1205MB
[2026-03-25 02:25:20 tiny_cifar100_30ep](main.py 348): INFO Train: [16/30][20/390]	eta 0:06:58 lr 0.000066	 wd 0.0500	time 0.1069 (1.1304)	data time 0.0005 (1.0180)	model time 0.0000 (0.0000)	loss 3.8589 (3.5001)	grad_norm 6.1552 (5.1943)	loss_scale 32768.0000 (32768.0000)	mem 1205MB
[2026-03-25 02:25:21 tiny_cifar100_30ep](main.py 348): INFO Train: [16/30][30/390]	eta 0:04:48 lr 0.000066	 wd 0.0500	time 0.1081 (0.8010)	data time 0.0006 (0.6898)	model time 0.0000 (0.0000)	loss 3.7173 (3.5258)	grad_norm 5.9946 (5.2294)	loss_scale 32768.0000 (32768.0000)	mem 1205MB
[2026-03-25 02:25:22 tiny_cifar100_30ep](main.py 348): INFO Train: [16/30][40/390]	eta 0:03:41 lr 0.000066	 wd 0.0500	time 0.1080 (0.6322)	data time 0.0006 (0.5217)	model time 0.0000 (0.0000)	loss 3.9918 (3.5439)	grad_norm 5.9934 (5.2864)	loss_scale 32768.0000 (32768.0000)	mem 1205MB
[2026-03-25 02:25:23 tiny_cifar100_30ep](main.py 348): INFO Train: [16/30][50/390]	eta 0:03:00 lr 0.000066	 wd 0.0500	time 0.1219 (0.5321)	data time 0.0007 (0.4196)	model time 0.0000 (0.0000)	loss 3.9733 (3.5190)	grad_norm 4.5127 (5.2647)	loss_scale 32768.0000 (32768.0000)	mem 1205MB
[2026-03-25 02:25:24 tiny_cifar100_30ep](main.py 348): INFO Train: [16/30][60/390]	eta 0:02:33 lr 0.000066	 wd 0.0500	time 0.1252 (0.4649)	data time 0.0007 (0.3509)	model time 0.1246 (0.1218)	loss 3.9286 (3.5380)	grad_norm 4.8162 (5.2398)	loss_scale 32768.0000 (32768.0000)	mem 1205MB
[2026-03-25 02:25:25 tiny_cifar100_30ep](main.py 348): INFO Train: [16/30][70/390]	eta 0:02:13 lr 0.000065	 wd 0.0500	time 0.1165 (0.4170)	data time 0.0007 (0.3016)	model time 0.1159 (0.1228)	loss 3.8442 (3.5532)	grad_norm 7.8912 (5.2705)	loss_scale 32768.0000 (32768.0000)	mem 1205MB
[2026-03-25 02:25:27 tiny_cifar100_30ep](main.py 348): INFO Train: [16/30][80/390]	eta 0:01:57 lr 0.000065	 wd 0.0500	time 0.1251 (0.3803)	data time 0.0006 (0.2644)	model time 0.1244 (0.1216)	loss 3.1873 (3.5159)	grad_norm 4.6726 (5.2480)	loss_scale 32768.0000 (32768.0000)	mem 1205MB
[2026-03-25 02:25:28 tiny_cifar100_30ep](main.py 348): INFO Train: [16/30][90/390]	eta 0:01:45 lr 0.000065	 wd 0.0500	time 0.1156 (0.3516)	data time 0.0007 (0.2355)	model time 0.1149 (0.1208)	loss 3.6075 (3.5036)	grad_norm 5.8639 (5.2293)	loss_scale 32768.0000 (32768.0000)	mem 1205MB
[2026-03-25 02:25:29 tiny_cifar100_30ep](main.py 348): INFO Train: [16/30][100/390]	eta 0:01:35 lr 0.000065	 wd 0.0500	time 0.1367 (0.3287)	data time 0.0007 (0.2122)	model time 0.1360 (0.1207)	loss 3.8946 (3.4895)	grad_norm 4.1765 (5.2046)	loss_scale 32768.0000 (32768.0000)	mem 1205MB
[2026-03-25 02:25:30 tiny_cifar100_30ep](main.py 348): INFO Train: [16/30][110/390]	eta 0:01:26 lr 0.000065	 wd 0.0500	time 0.1303 (0.3097)	data time 0.0007 (0.1932)	model time 0.1296 (0.1200)	loss 2.7581 (3.4861)	grad_norm 5.2882 (5.2226)	loss_scale 32768.0000 (32768.0000)	mem 1205MB
[2026-03-25 02:25:31 tiny_cifar100_30ep](main.py 348): INFO Train: [16/30][120/390]	eta 0:01:19 lr 0.000065	 wd 0.0500	time 0.1193 (0.2942)	data time 0.0009 (0.1773)	model time 0.1185 (0.1203)	loss 3.9248 (3.4937)	grad_norm 4.7848 (5.2578)	loss_scale 32768.0000 (32768.0000)	mem 1205MB
[2026-03-25 02:25:33 tiny_cifar100_30ep](main.py 348): INFO Train: [16/30][130/390]	eta 0:01:12 lr 0.000064	 wd 0.0500	time 0.1158 (0.2806)	data time 0.0007 (0.1638)	model time 0.1151 (0.1195)	loss 3.9727 (3.5094)	grad_norm 4.8749 (5.2434)	loss_scale 32768.0000 (32768.0000)	mem 1205MB
[2026-03-25 02:25:34 tiny_cifar100_30ep](main.py 348): INFO Train: [16/30][140/390]	eta 0:01:07 lr 0.000064	 wd 0.0500	time 0.1220 (0.2690)	data time 0.0007 (0.1522)	model time 0.1213 (0.1193)	loss 4.0447 (3.5017)	grad_norm 4.4348 (5.2391)	loss_scale 32768.0000 (32768.0000)	mem 1205MB
[2026-03-25 02:25:35 tiny_cifar100_30ep](main.py 348): INFO Train: [16/30][150/390]	eta 0:01:02 lr 0.000064	 wd 0.0500	time 0.1394 (0.2593)	data time 0.0008 (0.1422)	model time 0.1386 (0.1195)	loss 4.0607 (3.5091)	grad_norm 4.9556 (5.2177)	loss_scale 32768.0000 (32768.0000)	mem 1205MB
[2026-03-25 02:25:36 tiny_cifar100_30ep](main.py 348): INFO Train: [16/30][160/390]	eta 0:00:57 lr 0.000064	 wd 0.0500	time 0.1298 (0.2508)	data time 0.0006 (0.1334)	model time 0.1292 (0.1197)	loss 3.6611 (3.5080)	grad_norm 5.8367 (5.2307)	loss_scale 32768.0000 (32768.0000)	mem 1205MB
[2026-03-25 02:25:37 tiny_cifar100_30ep](main.py 348): INFO Train: [16/30][170/390]	eta 0:00:53 lr 0.000064	 wd 0.0500	time 0.1159 (0.2431)	data time 0.0008 (0.1256)	model time 0.1151 (0.1196)	loss 3.7627 (3.5101)	grad_norm 5.1600 (5.2136)	loss_scale 32768.0000 (32768.0000)	mem 1205MB
[2026-03-25 02:25:39 tiny_cifar100_30ep](main.py 348): INFO Train: [16/30][180/390]	eta 0:00:49 lr 0.000063	 wd 0.0500	time 0.1237 (0.2365)	data time 0.0008 (0.1187)	model time 0.1229 (0.1198)	loss 3.9283 (3.4995)	grad_norm 4.0558 (5.2386)	loss_scale 32768.0000 (32768.0000)	mem 1205MB
[2026-03-25 02:25:40 tiny_cifar100_30ep](main.py 348): INFO Train: [16/30][190/390]	eta 0:00:46 lr 0.000063	 wd 0.0500	time 0.1145 (0.2301)	data time 0.0006 (0.1126)	model time 0.1138 (0.1194)	loss 2.9998 (3.4856)	grad_norm 5.5865 (5.2499)	loss_scale 32768.0000 (32768.0000)	mem 1205MB
[2026-03-25 02:25:41 tiny_cifar100_30ep](main.py 348): INFO Train: [16/30][200/390]	eta 0:00:42 lr 0.000063	 wd 0.0500	time 0.1157 (0.2246)	data time 0.0006 (0.1070)	model time 0.1150 (0.1193)	loss 2.9145 (3.4894)	grad_norm 4.7184 (5.2497)	loss_scale 32768.0000 (32768.0000)	mem 1205MB
[2026-03-25 02:25:42 tiny_cifar100_30ep](main.py 348): INFO Train: [16/30][210/390]	eta 0:00:39 lr 0.000063	 wd 0.0500	time 0.1141 (0.2194)	data time 0.0006 (0.1020)	model time 0.1135 (0.1190)	loss 3.4397 (3.4771)	grad_norm 5.2441 (5.2606)	loss_scale 65536.0000 (32923.2986)	mem 1205MB
[2026-03-25 02:25:43 tiny_cifar100_30ep](main.py 348): INFO Train: [16/30][220/390]	eta 0:00:36 lr 0.000063	 wd 0.0500	time 0.1161 (0.2147)	data time 0.0006 (0.0974)	model time 0.1155 (0.1187)	loss 3.5423 (3.4739)	grad_norm 4.3227 (5.2560)	loss_scale 65536.0000 (34398.9864)	mem 1205MB
[2026-03-25 02:25:44 tiny_cifar100_30ep](main.py 348): INFO Train: [16/30][230/390]	eta 0:00:33 lr 0.000062	 wd 0.0500	time 0.1266 (0.2105)	data time 0.0009 (0.0932)	model time 0.1257 (0.1187)	loss 3.7339 (3.4732)	grad_norm 5.1782 (5.2667)	loss_scale 65536.0000 (35746.9091)	mem 1205MB
[2026-03-25 02:25:46 tiny_cifar100_30ep](main.py 348): INFO Train: [16/30][240/390]	eta 0:00:30 lr 0.000062	 wd 0.0500	time 0.1153 (0.2066)	data time 0.0008 (0.0894)	model time 0.1144 (0.1186)	loss 3.9609 (3.4668)	grad_norm 4.2359 (5.2695)	loss_scale 65536.0000 (36982.9710)	mem 1205MB
[2026-03-25 02:25:47 tiny_cifar100_30ep](main.py 348): INFO Train: [16/30][250/390]	eta 0:00:28 lr 0.000062	 wd 0.0500	time 0.1440 (0.2033)	data time 0.0009 (0.0858)	model time 0.1430 (0.1188)	loss 3.7588 (3.4665)	grad_norm 5.3267 (5.2624)	loss_scale 65536.0000 (38120.5418)	mem 1205MB
[2026-03-25 02:25:48 tiny_cifar100_30ep](main.py 348): INFO Train: [16/30][260/390]	eta 0:00:26 lr 0.000062	 wd 0.0500	time 0.1616 (0.2017)	data time 0.0012 (0.0826)	model time 0.1605 (0.1208)	loss 3.8038 (3.4710)	grad_norm 6.5029 (5.2659)	loss_scale 65536.0000 (39170.9425)	mem 1205MB
[2026-03-25 02:25:50 tiny_cifar100_30ep](main.py 348): INFO Train: [16/30][270/390]	eta 0:00:24 lr 0.000062	 wd 0.0500	time 0.1443 (0.2001)	data time 0.0007 (0.0796)	model time 0.1436 (0.1224)	loss 3.8236 (3.4724)	grad_norm 5.9402 (5.2640)	loss_scale 65536.0000 (40143.8229)	mem 1205MB
[2026-03-25 02:25:51 tiny_cifar100_30ep](main.py 348): INFO Train: [16/30][280/390]	eta 0:00:21 lr 0.000062	 wd 0.0500	time 0.1136 (0.1978)	data time 0.0007 (0.0768)	model time 0.1129 (0.1229)	loss 3.5280 (3.4749)	grad_norm 4.9445 (5.2644)	loss_scale 65536.0000 (41047.4591)	mem 1205MB
[2026-03-25 02:25:53 tiny_cifar100_30ep](main.py 348): INFO Train: [16/30][290/390]	eta 0:00:19 lr 0.000061	 wd 0.0500	time 0.1092 (0.1948)	data time 0.0006 (0.0742)	model time 0.1087 (0.1224)	loss 3.9446 (3.4662)	grad_norm 5.9839 (5.2733)	loss_scale 65536.0000 (41888.9897)	mem 1205MB
[2026-03-25 02:25:54 tiny_cifar100_30ep](main.py 348): INFO Train: [16/30][300/390]	eta 0:00:17 lr 0.000061	 wd 0.0500	time 0.1121 (0.1921)	data time 0.0007 (0.0717)	model time 0.1113 (0.1220)	loss 3.2054 (3.4553)	grad_norm 5.1868 (5.2884)	loss_scale 65536.0000 (42674.6047)	mem 1205MB
[2026-03-25 02:25:55 tiny_cifar100_30ep](main.py 348): INFO Train: [16/30][310/390]	eta 0:00:15 lr 0.000061	 wd 0.0500	time 0.1171 (0.1894)	data time 0.0007 (0.0694)	model time 0.1165 (0.1214)	loss 3.9478 (3.4530)	grad_norm 4.5964 (5.2822)	loss_scale 65536.0000 (43409.6977)	mem 1205MB
[2026-03-25 02:25:56 tiny_cifar100_30ep](main.py 348): INFO Train: [16/30][320/390]	eta 0:00:13 lr 0.000061	 wd 0.0500	time 0.1027 (0.1868)	data time 0.0006 (0.0673)	model time 0.1021 (0.1209)	loss 3.6312 (3.4545)	grad_norm 5.6527 (5.2898)	loss_scale 65536.0000 (44098.9907)	mem 1205MB
[2026-03-25 02:25:57 tiny_cifar100_30ep](main.py 348): INFO Train: [16/30][330/390]	eta 0:00:11 lr 0.000061	 wd 0.0500	time 0.1027 (0.1843)	data time 0.0005 (0.0653)	model time 0.1022 (0.1202)	loss 3.4480 (3.4480)	grad_norm 6.6030 (5.2866)	loss_scale 65536.0000 (44746.6344)	mem 1205MB
[2026-03-25 02:25:58 tiny_cifar100_30ep](main.py 348): INFO Train: [16/30][340/390]	eta 0:00:09 lr 0.000060	 wd 0.0500	time 0.1025 (0.1820)	data time 0.0007 (0.0634)	model time 0.1017 (0.1197)	loss 2.5117 (3.4528)	grad_norm 4.7505 (5.2833)	loss_scale 65536.0000 (45356.2933)	mem 1205MB
[2026-03-25 02:25:59 tiny_cifar100_30ep](main.py 348): INFO Train: [16/30][350/390]	eta 0:00:07 lr 0.000060	 wd 0.0500	time 0.1024 (0.1798)	data time 0.0007 (0.0616)	model time 0.1017 (0.1192)	loss 3.8814 (3.4550)	grad_norm 5.1753 (5.2883)	loss_scale 65536.0000 (45931.2137)	mem 1205MB
[2026-03-25 02:26:00 tiny_cifar100_30ep](main.py 348): INFO Train: [16/30][360/390]	eta 0:00:05 lr 0.000060	 wd 0.0500	time 0.1042 (0.1778)	data time 0.0006 (0.0599)	model time 0.1036 (0.1188)	loss 3.8899 (3.4605)	grad_norm 4.1753 (5.2821)	loss_scale 65536.0000 (46474.2825)	mem 1205MB
[2026-03-25 02:26:01 tiny_cifar100_30ep](main.py 348): INFO Train: [16/30][370/390]	eta 0:00:03 lr 0.000060	 wd 0.0500	time 0.1098 (0.1759)	data time 0.0007 (0.0583)	model time 0.1091 (0.1184)	loss 3.8732 (3.4653)	grad_norm 4.5871 (5.2766)	loss_scale 65536.0000 (46988.0755)	mem 1205MB
[2026-03-25 02:26:02 tiny_cifar100_30ep](main.py 348): INFO Train: [16/30][380/390]	eta 0:00:01 lr 0.000060	 wd 0.0500	time 0.1017 (0.1741)	data time 0.0003 (0.0568)	model time 0.1014 (0.1181)	loss 3.2155 (3.4666)	grad_norm 6.2715 (5.2851)	loss_scale 65536.0000 (47474.8976)	mem 1205MB
[2026-03-25 02:26:04 tiny_cifar100_30ep](main.py 359): INFO EPOCH 16 training takes 0:01:07
[2026-03-25 02:26:04 tiny_cifar100_30ep](utils.py 104): INFO ./output_cifar100_noema_30ep/tiny_cifar100_30ep/20260325020204/latest_ckpt.pth saving......
[2026-03-25 02:26:05 tiny_cifar100_30ep](utils.py 106): INFO ./output_cifar100_noema_30ep/tiny_cifar100_30ep/20260325020204/latest_ckpt.pth saved !!!
/home/jlx_75/miniconda3/envs/pvmamba/lib/python3.10/site-packages/requests/__init__.py:109: RequestsDependencyWarning: urllib3 (1.26.13) or chardet (7.2.0)/charset_normalizer (2.1.1) doesn't match a supported version!
  warnings.warn(
/home/jlx_75/miniconda3/envs/pvmamba/lib/python3.10/site-packages/requests/__init__.py:109: RequestsDependencyWarning: urllib3 (1.26.13) or chardet (7.2.0)/charset_normalizer (2.1.1) doesn't match a supported version!
  warnings.warn(
/home/jlx_75/miniconda3/envs/pvmamba/lib/python3.10/site-packages/requests/__init__.py:109: RequestsDependencyWarning: urllib3 (1.26.13) or chardet (7.2.0)/charset_normalizer (2.1.1) doesn't match a supported version!
  warnings.warn(
/home/jlx_75/miniconda3/envs/pvmamba/lib/python3.10/site-packages/requests/__init__.py:109: RequestsDependencyWarning: urllib3 (1.26.13) or chardet (7.2.0)/charset_normalizer (2.1.1) doesn't match a supported version!
  warnings.warn(
/home/jlx_75/miniconda3/envs/pvmamba/lib/python3.10/site-packages/requests/__init__.py:109: RequestsDependencyWarning: urllib3 (1.26.13) or chardet (7.2.0)/charset_normalizer (2.1.1) doesn't match a supported version!
  warnings.warn(
/home/jlx_75/miniconda3/envs/pvmamba/lib/python3.10/site-packages/requests/__init__.py:109: RequestsDependencyWarning: urllib3 (1.26.13) or chardet (7.2.0)/charset_normalizer (2.1.1) doesn't match a supported version!
  warnings.warn(
/home/jlx_75/miniconda3/envs/pvmamba/lib/python3.10/site-packages/requests/__init__.py:109: RequestsDependencyWarning: urllib3 (1.26.13) or chardet (7.2.0)/charset_normalizer (2.1.1) doesn't match a supported version!
  warnings.warn(
/home/jlx_75/miniconda3/envs/pvmamba/lib/python3.10/site-packages/requests/__init__.py:109: RequestsDependencyWarning: urllib3 (1.26.13) or chardet (7.2.0)/charset_normalizer (2.1.1) doesn't match a supported version!
  warnings.warn(
[2026-03-25 02:26:20 tiny_cifar100_30ep](main.py 403): INFO Test: [0/79]	Time 15.614 (15.614)	Loss 2.1992 (2.1992)	Acc@1 51.562 (51.562)	Acc@5 75.000 (75.000)	Mem 1205MB
[2026-03-25 02:26:21 tiny_cifar100_30ep](main.py 403): INFO Test: [10/79]	Time 0.036 (1.454)	Loss 2.3398 (2.3704)	Acc@1 47.656 (42.401)	Acc@5 74.219 (73.153)	Mem 1205MB
[2026-03-25 02:26:21 tiny_cifar100_30ep](main.py 403): INFO Test: [20/79]	Time 0.036 (0.778)	Loss 2.3457 (2.3510)	Acc@1 44.531 (42.671)	Acc@5 75.781 (73.772)	Mem 1205MB
[2026-03-25 02:26:21 tiny_cifar100_30ep](main.py 403): INFO Test: [30/79]	Time 0.035 (0.539)	Loss 2.2871 (2.3475)	Acc@1 46.094 (43.019)	Acc@5 75.000 (73.790)	Mem 1205MB
[2026-03-25 02:26:22 tiny_cifar100_30ep](main.py 403): INFO Test: [40/79]	Time 0.036 (0.416)	Loss 2.2324 (2.3540)	Acc@1 46.875 (43.197)	Acc@5 74.219 (73.323)	Mem 1205MB
[2026-03-25 02:26:22 tiny_cifar100_30ep](main.py 403): INFO Test: [50/79]	Time 0.036 (0.342)	Loss 2.4082 (2.3635)	Acc@1 46.094 (42.938)	Acc@5 72.656 (73.192)	Mem 1205MB
[2026-03-25 02:26:23 tiny_cifar100_30ep](main.py 403): INFO Test: [60/79]	Time 0.036 (0.292)	Loss 2.6074 (2.3718)	Acc@1 39.844 (42.649)	Acc@5 64.844 (72.912)	Mem 1205MB
[2026-03-25 02:26:23 tiny_cifar100_30ep](main.py 403): INFO Test: [70/79]	Time 0.035 (0.256)	Loss 2.4062 (2.3640)	Acc@1 41.406 (42.903)	Acc@5 71.094 (73.206)	Mem 1205MB
[2026-03-25 02:26:24 tiny_cifar100_30ep](main.py 410): INFO  * Acc@1 42.720 Acc@5 73.160
[2026-03-25 02:26:24 tiny_cifar100_30ep](main.py 239): INFO Accuracy of the network on the 10000 test images: 42.7%
/home/jlx_75/miniconda3/envs/pvmamba/lib/python3.10/site-packages/requests/__init__.py:109: RequestsDependencyWarning: urllib3 (1.26.13) or chardet (7.2.0)/charset_normalizer (2.1.1) doesn't match a supported version!
  warnings.warn(
/home/jlx_75/miniconda3/envs/pvmamba/lib/python3.10/site-packages/requests/__init__.py:109: RequestsDependencyWarning: urllib3 (1.26.13) or chardet (7.2.0)/charset_normalizer (2.1.1) doesn't match a supported version!
  warnings.warn(
/home/jlx_75/miniconda3/envs/pvmamba/lib/python3.10/site-packages/requests/__init__.py:109: RequestsDependencyWarning: urllib3 (1.26.13) or chardet (7.2.0)/charset_normalizer (2.1.1) doesn't match a supported version!
  warnings.warn(
/home/jlx_75/miniconda3/envs/pvmamba/lib/python3.10/site-packages/requests/__init__.py:109: RequestsDependencyWarning: urllib3 (1.26.13) or chardet (7.2.0)/charset_normalizer (2.1.1) doesn't match a supported version!
  warnings.warn(
/home/jlx_75/miniconda3/envs/pvmamba/lib/python3.10/site-packages/requests/__init__.py:109: RequestsDependencyWarning: urllib3 (1.26.13) or chardet (7.2.0)/charset_normalizer (2.1.1) doesn't match a supported version!
  warnings.warn(
/home/jlx_75/miniconda3/envs/pvmamba/lib/python3.10/site-packages/requests/__init__.py:109: RequestsDependencyWarning: urllib3 (1.26.13) or chardet (7.2.0)/charset_normalizer (2.1.1) doesn't match a supported version!
  warnings.warn(
/home/jlx_75/miniconda3/envs/pvmamba/lib/python3.10/site-packages/requests/__init__.py:109: RequestsDependencyWarning: urllib3 (1.26.13) or chardet (7.2.0)/charset_normalizer (2.1.1) doesn't match a supported version!
  warnings.warn(
/home/jlx_75/miniconda3/envs/pvmamba/lib/python3.10/site-packages/requests/__init__.py:109: RequestsDependencyWarning: urllib3 (1.26.13) or chardet (7.2.0)/charset_normalizer (2.1.1) doesn't match a supported version!
  warnings.warn(
[2026-03-25 02:26:45 tiny_cifar100_30ep](main.py 348): INFO Train: [17/30][0/390]	eta 2:21:06 lr 0.000060	 wd 0.0500	time 21.7081 (21.7081)	data time 21.5607 (21.5607)	model time 0.0000 (0.0000)	loss 3.8603 (3.8603)	grad_norm 5.3676 (5.3676)	loss_scale 65536.0000 (65536.0000)	mem 1205MB
[2026-03-25 02:26:47 tiny_cifar100_30ep](main.py 348): INFO Train: [17/30][10/390]	eta 0:13:08 lr 0.000059	 wd 0.0500	time 0.1056 (2.0739)	data time 0.0005 (1.9606)	model time 0.0000 (0.0000)	loss 2.8815 (3.2282)	grad_norm 4.7587 (5.5576)	loss_scale 65536.0000 (65536.0000)	mem 1205MB
[2026-03-25 02:26:48 tiny_cifar100_30ep](main.py 348): INFO Train: [17/30][20/390]	eta 0:07:00 lr 0.000059	 wd 0.0500	time 0.1058 (1.1369)	data time 0.0005 (1.0273)	model time 0.0000 (0.0000)	loss 3.3672 (3.3664)	grad_norm 5.0816 (5.3429)	loss_scale 65536.0000 (65536.0000)	mem 1205MB
[2026-03-25 02:26:49 tiny_cifar100_30ep](main.py 348): INFO Train: [17/30][30/390]	eta 0:04:49 lr 0.000059	 wd 0.0500	time 0.1058 (0.8043)	data time 0.0008 (0.6961)	model time 0.0000 (0.0000)	loss 2.7115 (3.3888)	grad_norm 5.0934 (5.2559)	loss_scale 65536.0000 (65536.0000)	mem 1205MB
[2026-03-25 02:26:50 tiny_cifar100_30ep](main.py 348): INFO Train: [17/30][40/390]	eta 0:03:42 lr 0.000059	 wd 0.0500	time 0.1097 (0.6359)	data time 0.0006 (0.5265)	model time 0.0000 (0.0000)	loss 3.7962 (3.3482)	grad_norm 5.7729 (5.3248)	loss_scale 65536.0000 (65536.0000)	mem 1205MB
[2026-03-25 02:26:51 tiny_cifar100_30ep](main.py 348): INFO Train: [17/30][50/390]	eta 0:03:00 lr 0.000059	 wd 0.0500	time 0.1070 (0.5323)	data time 0.0007 (0.4234)	model time 0.0000 (0.0000)	loss 3.7818 (3.3908)	grad_norm 4.4077 (5.2372)	loss_scale 65536.0000 (65536.0000)	mem 1205MB
[2026-03-25 02:26:52 tiny_cifar100_30ep](main.py 348): INFO Train: [17/30][60/390]	eta 0:02:32 lr 0.000058	 wd 0.0500	time 0.1021 (0.4620)	data time 0.0005 (0.3541)	model time 0.1016 (0.1030)	loss 2.5726 (3.3555)	grad_norm 4.9341 (5.2367)	loss_scale 65536.0000 (65536.0000)	mem 1205MB
[2026-03-25 02:26:53 tiny_cifar100_30ep](main.py 348): INFO Train: [17/30][70/390]	eta 0:02:11 lr 0.000058	 wd 0.0500	time 0.1054 (0.4123)	data time 0.0006 (0.3043)	model time 0.1047 (0.1056)	loss 2.8761 (3.3562)	grad_norm 5.4219 (5.2448)	loss_scale 65536.0000 (65536.0000)	mem 1205MB
[2026-03-25 02:26:54 tiny_cifar100_30ep](main.py 348): INFO Train: [17/30][80/390]	eta 0:01:56 lr 0.000058	 wd 0.0500	time 0.1035 (0.3747)	data time 0.0006 (0.2668)	model time 0.1029 (0.1062)	loss 2.9065 (3.3852)	grad_norm 6.5578 (5.2580)	loss_scale 65536.0000 (65536.0000)	mem 1205MB
[2026-03-25 02:26:55 tiny_cifar100_30ep](main.py 348): INFO Train: [17/30][90/390]	eta 0:01:43 lr 0.000058	 wd 0.0500	time 0.1063 (0.3453)	data time 0.0008 (0.2375)	model time 0.1056 (0.1063)	loss 3.8964 (3.3947)	grad_norm 4.3809 (5.2494)	loss_scale 65536.0000 (65536.0000)	mem 1205MB
[2026-03-25 02:26:56 tiny_cifar100_30ep](main.py 348): INFO Train: [17/30][100/390]	eta 0:01:33 lr 0.000058	 wd 0.0500	time 0.1051 (0.3218)	data time 0.0006 (0.2141)	model time 0.1046 (0.1065)	loss 3.4541 (3.3952)	grad_norm 4.8171 (5.2421)	loss_scale 65536.0000 (65536.0000)	mem 1205MB
[2026-03-25 02:26:57 tiny_cifar100_30ep](main.py 348): INFO Train: [17/30][110/390]	eta 0:01:24 lr 0.000058	 wd 0.0500	time 0.1030 (0.3026)	data time 0.0006 (0.1949)	model time 0.1024 (0.1067)	loss 3.8091 (3.3646)	grad_norm 5.1648 (5.3243)	loss_scale 65536.0000 (65536.0000)	mem 1205MB
[2026-03-25 02:26:59 tiny_cifar100_30ep](main.py 348): INFO Train: [17/30][120/390]	eta 0:01:17 lr 0.000057	 wd 0.0500	time 0.1034 (0.2872)	data time 0.0006 (0.1788)	model time 0.1028 (0.1081)	loss 4.1219 (3.3861)	grad_norm 4.7077 (5.3316)	loss_scale 65536.0000 (65536.0000)	mem 1205MB
[2026-03-25 02:27:00 tiny_cifar100_30ep](main.py 348): INFO Train: [17/30][130/390]	eta 0:01:11 lr 0.000057	 wd 0.0500	time 0.1066 (0.2732)	data time 0.0009 (0.1652)	model time 0.1057 (0.1074)	loss 3.8375 (3.4150)	grad_norm 5.4784 (5.3272)	loss_scale 65536.0000 (65536.0000)	mem 1205MB
[2026-03-25 02:27:01 tiny_cifar100_30ep](main.py 348): INFO Train: [17/30][140/390]	eta 0:01:05 lr 0.000057	 wd 0.0500	time 0.1023 (0.2614)	data time 0.0006 (0.1535)	model time 0.1017 (0.1072)	loss 3.6130 (3.4280)	grad_norm 5.0969 (5.3437)	loss_scale 65536.0000 (65536.0000)	mem 1205MB
[2026-03-25 02:27:02 tiny_cifar100_30ep](main.py 348): INFO Train: [17/30][150/390]	eta 0:01:00 lr 0.000057	 wd 0.0500	time 0.1179 (0.2512)	data time 0.0006 (0.1434)	model time 0.1173 (0.1073)	loss 3.6323 (3.4409)	grad_norm 5.2477 (5.3446)	loss_scale 65536.0000 (65536.0000)	mem 1205MB
[2026-03-25 02:27:03 tiny_cifar100_30ep](main.py 348): INFO Train: [17/30][160/390]	eta 0:00:55 lr 0.000057	 wd 0.0500	time 0.1024 (0.2424)	data time 0.0006 (0.1345)	model time 0.1018 (0.1074)	loss 4.0054 (3.4407)	grad_norm 3.8151 (5.3388)	loss_scale 65536.0000 (65536.0000)	mem 1205MB
[2026-03-25 02:27:04 tiny_cifar100_30ep](main.py 348): INFO Train: [17/30][170/390]	eta 0:00:51 lr 0.000056	 wd 0.0500	time 0.1167 (0.2345)	data time 0.0005 (0.1267)	model time 0.1162 (0.1073)	loss 2.7304 (3.4407)	grad_norm 6.4236 (5.3503)	loss_scale 65536.0000 (65536.0000)	mem 1205MB
[2026-03-25 02:27:05 tiny_cifar100_30ep](main.py 348): INFO Train: [17/30][180/390]	eta 0:00:47 lr 0.000056	 wd 0.0500	time 0.1029 (0.2275)	data time 0.0007 (0.1197)	model time 0.1023 (0.1073)	loss 2.5865 (3.4190)	grad_norm 5.2788 (5.3429)	loss_scale 65536.0000 (65536.0000)	mem 1205MB
[2026-03-25 02:27:06 tiny_cifar100_30ep](main.py 348): INFO Train: [17/30][190/390]	eta 0:00:44 lr 0.000056	 wd 0.0500	time 0.1123 (0.2213)	data time 0.0007 (0.1135)	model time 0.1116 (0.1073)	loss 3.8181 (3.4191)	grad_norm 6.1794 (5.3330)	loss_scale 65536.0000 (65536.0000)	mem 1205MB
[2026-03-25 02:27:07 tiny_cifar100_30ep](main.py 348): INFO Train: [17/30][200/390]	eta 0:00:40 lr 0.000056	 wd 0.0500	time 0.1156 (0.2155)	data time 0.0005 (0.1079)	model time 0.1150 (0.1071)	loss 3.2310 (3.4063)	grad_norm 5.0680 (5.3446)	loss_scale 65536.0000 (65536.0000)	mem 1205MB
[2026-03-25 02:27:08 tiny_cifar100_30ep](main.py 348): INFO Train: [17/30][210/390]	eta 0:00:37 lr 0.000056	 wd 0.0500	time 0.1151 (0.2106)	data time 0.0007 (0.1028)	model time 0.1145 (0.1074)	loss 2.7902 (3.4083)	grad_norm 5.5401 (5.3656)	loss_scale 65536.0000 (65536.0000)	mem 1205MB
[2026-03-25 02:27:09 tiny_cifar100_30ep](main.py 348): INFO Train: [17/30][220/390]	eta 0:00:35 lr 0.000055	 wd 0.0500	time 0.1157 (0.2064)	data time 0.0006 (0.0982)	model time 0.1151 (0.1079)	loss 3.2898 (3.4126)	grad_norm 5.1267 (5.3852)	loss_scale 65536.0000 (65536.0000)	mem 1205MB
[2026-03-25 02:27:11 tiny_cifar100_30ep](main.py 348): INFO Train: [17/30][230/390]	eta 0:00:32 lr 0.000055	 wd 0.0500	time 0.1141 (0.2024)	data time 0.0006 (0.0940)	model time 0.1135 (0.1083)	loss 3.7196 (3.4177)	grad_norm 4.7359 (5.3880)	loss_scale 65536.0000 (65536.0000)	mem 1205MB
[2026-03-25 02:27:12 tiny_cifar100_30ep](main.py 348): INFO Train: [17/30][240/390]	eta 0:00:29 lr 0.000055	 wd 0.0500	time 0.1155 (0.1989)	data time 0.0007 (0.0901)	model time 0.1149 (0.1088)	loss 3.6708 (3.4192)	grad_norm 4.8361 (5.3806)	loss_scale 65536.0000 (65536.0000)	mem 1205MB
[2026-03-25 02:27:13 tiny_cifar100_30ep](main.py 348): INFO Train: [17/30][250/390]	eta 0:00:27 lr 0.000055	 wd 0.0500	time 0.1229 (0.1959)	data time 0.0008 (0.0865)	model time 0.1221 (0.1095)	loss 4.0526 (3.4155)	grad_norm 5.8354 (5.4032)	loss_scale 65536.0000 (65536.0000)	mem 1205MB
[2026-03-25 02:27:14 tiny_cifar100_30ep](main.py 348): INFO Train: [17/30][260/390]	eta 0:00:25 lr 0.000055	 wd 0.0500	time 0.1139 (0.1929)	data time 0.0007 (0.0832)	model time 0.1133 (0.1098)	loss 3.8294 (3.4133)	grad_norm 5.1065 (5.4085)	loss_scale 65536.0000 (65536.0000)	mem 1205MB
[2026-03-25 02:27:15 tiny_cifar100_30ep](main.py 348): INFO Train: [17/30][270/390]	eta 0:00:22 lr 0.000055	 wd 0.0500	time 0.1174 (0.1902)	data time 0.0006 (0.0802)	model time 0.1167 (0.1102)	loss 3.9036 (3.4170)	grad_norm 5.3053 (5.4216)	loss_scale 65536.0000 (65536.0000)	mem 1205MB
[2026-03-25 02:27:16 tiny_cifar100_30ep](main.py 348): INFO Train: [17/30][280/390]	eta 0:00:20 lr 0.000054	 wd 0.0500	time 0.1282 (0.1876)	data time 0.0007 (0.0774)	model time 0.1275 (0.1105)	loss 4.0165 (3.4133)	grad_norm 4.7405 (5.4192)	loss_scale 65536.0000 (65536.0000)	mem 1205MB
[2026-03-25 02:27:18 tiny_cifar100_30ep](main.py 348): INFO Train: [17/30][290/390]	eta 0:00:18 lr 0.000054	 wd 0.0500	time 0.1242 (0.1852)	data time 0.0008 (0.0747)	model time 0.1234 (0.1107)	loss 3.6422 (3.4123)	grad_norm 5.0721 (5.4140)	loss_scale 65536.0000 (65536.0000)	mem 1205MB
[2026-03-25 02:27:19 tiny_cifar100_30ep](main.py 348): INFO Train: [17/30][300/390]	eta 0:00:16 lr 0.000054	 wd 0.0500	time 0.1142 (0.1829)	data time 0.0006 (0.0723)	model time 0.1136 (0.1109)	loss 3.1218 (3.4104)	grad_norm 5.1712 (5.4195)	loss_scale 65536.0000 (65536.0000)	mem 1205MB
[2026-03-25 02:27:20 tiny_cifar100_30ep](main.py 348): INFO Train: [17/30][310/390]	eta 0:00:14 lr 0.000054	 wd 0.0500	time 0.1176 (0.1809)	data time 0.0005 (0.0700)	model time 0.1171 (0.1114)	loss 3.9135 (3.4191)	grad_norm 6.6157 (5.4155)	loss_scale 65536.0000 (65536.0000)	mem 1205MB
[2026-03-25 02:27:21 tiny_cifar100_30ep](main.py 348): INFO Train: [17/30][320/390]	eta 0:00:12 lr 0.000054	 wd 0.0500	time 0.1185 (0.1789)	data time 0.0008 (0.0678)	model time 0.1177 (0.1115)	loss 2.8822 (3.4164)	grad_norm 5.8636 (5.4130)	loss_scale 65536.0000 (65536.0000)	mem 1205MB
[2026-03-25 02:27:22 tiny_cifar100_30ep](main.py 348): INFO Train: [17/30][330/390]	eta 0:00:10 lr 0.000053	 wd 0.0500	time 0.1144 (0.1770)	data time 0.0007 (0.0658)	model time 0.1137 (0.1117)	loss 3.5150 (3.4115)	grad_norm 5.4775 (5.4132)	loss_scale 65536.0000 (65536.0000)	mem 1205MB
[2026-03-25 02:27:24 tiny_cifar100_30ep](main.py 348): INFO Train: [17/30][340/390]	eta 0:00:08 lr 0.000053	 wd 0.0500	time 0.1278 (0.1754)	data time 0.0006 (0.0639)	model time 0.1272 (0.1120)	loss 2.6529 (3.4078)	grad_norm 5.7086 (5.4139)	loss_scale 65536.0000 (65536.0000)	mem 1205MB
[2026-03-25 02:27:25 tiny_cifar100_30ep](main.py 348): INFO Train: [17/30][350/390]	eta 0:00:06 lr 0.000053	 wd 0.0500	time 0.1250 (0.1740)	data time 0.0006 (0.0621)	model time 0.1244 (0.1124)	loss 2.6399 (3.4085)	grad_norm 6.1747 (5.4161)	loss_scale 65536.0000 (65536.0000)	mem 1205MB
[2026-03-25 02:27:26 tiny_cifar100_30ep](main.py 348): INFO Train: [17/30][360/390]	eta 0:00:05 lr 0.000053	 wd 0.0500	time 0.1238 (0.1726)	data time 0.0006 (0.0604)	model time 0.1231 (0.1128)	loss 2.7842 (3.4078)	grad_norm 5.6350 (5.4125)	loss_scale 65536.0000 (65536.0000)	mem 1205MB
[2026-03-25 02:27:27 tiny_cifar100_30ep](main.py 348): INFO Train: [17/30][370/390]	eta 0:00:03 lr 0.000053	 wd 0.0500	time 0.1146 (0.1712)	data time 0.0006 (0.0588)	model time 0.1141 (0.1130)	loss 3.1117 (3.4047)	grad_norm 5.4305 (5.4144)	loss_scale 65536.0000 (65536.0000)	mem 1205MB
[2026-03-25 02:27:28 tiny_cifar100_30ep](main.py 348): INFO Train: [17/30][380/390]	eta 0:00:01 lr 0.000053	 wd 0.0500	time 0.1014 (0.1695)	data time 0.0003 (0.0572)	model time 0.1011 (0.1128)	loss 3.0277 (3.4057)	grad_norm 5.7476 (5.4162)	loss_scale 65536.0000 (65536.0000)	mem 1205MB
[2026-03-25 02:27:30 tiny_cifar100_30ep](main.py 359): INFO EPOCH 17 training takes 0:01:06
[2026-03-25 02:27:30 tiny_cifar100_30ep](utils.py 104): INFO ./output_cifar100_noema_30ep/tiny_cifar100_30ep/20260325020204/latest_ckpt.pth saving......
[2026-03-25 02:27:31 tiny_cifar100_30ep](utils.py 106): INFO ./output_cifar100_noema_30ep/tiny_cifar100_30ep/20260325020204/latest_ckpt.pth saved !!!
/home/jlx_75/miniconda3/envs/pvmamba/lib/python3.10/site-packages/requests/__init__.py:109: RequestsDependencyWarning: urllib3 (1.26.13) or chardet (7.2.0)/charset_normalizer (2.1.1) doesn't match a supported version!
  warnings.warn(
/home/jlx_75/miniconda3/envs/pvmamba/lib/python3.10/site-packages/requests/__init__.py:109: RequestsDependencyWarning: urllib3 (1.26.13) or chardet (7.2.0)/charset_normalizer (2.1.1) doesn't match a supported version!
  warnings.warn(
/home/jlx_75/miniconda3/envs/pvmamba/lib/python3.10/site-packages/requests/__init__.py:109: RequestsDependencyWarning: urllib3 (1.26.13) or chardet (7.2.0)/charset_normalizer (2.1.1) doesn't match a supported version!
  warnings.warn(
/home/jlx_75/miniconda3/envs/pvmamba/lib/python3.10/site-packages/requests/__init__.py:109: RequestsDependencyWarning: urllib3 (1.26.13) or chardet (7.2.0)/charset_normalizer (2.1.1) doesn't match a supported version!
  warnings.warn(
/home/jlx_75/miniconda3/envs/pvmamba/lib/python3.10/site-packages/requests/__init__.py:109: RequestsDependencyWarning: urllib3 (1.26.13) or chardet (7.2.0)/charset_normalizer (2.1.1) doesn't match a supported version!
  warnings.warn(
/home/jlx_75/miniconda3/envs/pvmamba/lib/python3.10/site-packages/requests/__init__.py:109: RequestsDependencyWarning: urllib3 (1.26.13) or chardet (7.2.0)/charset_normalizer (2.1.1) doesn't match a supported version!
  warnings.warn(
/home/jlx_75/miniconda3/envs/pvmamba/lib/python3.10/site-packages/requests/__init__.py:109: RequestsDependencyWarning: urllib3 (1.26.13) or chardet (7.2.0)/charset_normalizer (2.1.1) doesn't match a supported version!
  warnings.warn(
/home/jlx_75/miniconda3/envs/pvmamba/lib/python3.10/site-packages/requests/__init__.py:109: RequestsDependencyWarning: urllib3 (1.26.13) or chardet (7.2.0)/charset_normalizer (2.1.1) doesn't match a supported version!
  warnings.warn(
[2026-03-25 02:27:46 tiny_cifar100_30ep](main.py 403): INFO Test: [0/79]	Time 15.001 (15.001)	Loss 2.1074 (2.1074)	Acc@1 50.000 (50.000)	Acc@5 80.469 (80.469)	Mem 1205MB
[2026-03-25 02:27:46 tiny_cifar100_30ep](main.py 403): INFO Test: [10/79]	Time 0.036 (1.398)	Loss 2.2344 (2.2731)	Acc@1 46.875 (43.750)	Acc@5 74.219 (75.994)	Mem 1205MB
[2026-03-25 02:27:47 tiny_cifar100_30ep](main.py 403): INFO Test: [20/79]	Time 0.036 (0.749)	Loss 2.3008 (2.2418)	Acc@1 44.531 (44.717)	Acc@5 75.000 (76.562)	Mem 1205MB
[2026-03-25 02:27:47 tiny_cifar100_30ep](main.py 403): INFO Test: [30/79]	Time 0.035 (0.519)	Loss 2.1914 (2.2388)	Acc@1 46.875 (45.161)	Acc@5 76.562 (76.411)	Mem 1205MB
[2026-03-25 02:27:47 tiny_cifar100_30ep](main.py 403): INFO Test: [40/79]	Time 0.036 (0.401)	Loss 2.1055 (2.2434)	Acc@1 46.094 (45.370)	Acc@5 79.688 (75.972)	Mem 1205MB
[2026-03-25 02:27:48 tiny_cifar100_30ep](main.py 403): INFO Test: [50/79]	Time 0.037 (0.330)	Loss 2.2520 (2.2495)	Acc@1 50.000 (45.420)	Acc@5 78.125 (75.781)	Mem 1205MB
[2026-03-25 02:27:48 tiny_cifar100_30ep](main.py 403): INFO Test: [60/79]	Time 0.036 (0.282)	Loss 2.4629 (2.2589)	Acc@1 42.969 (45.044)	Acc@5 69.531 (75.538)	Mem 1205MB
[2026-03-25 02:27:48 tiny_cifar100_30ep](main.py 403): INFO Test: [70/79]	Time 0.034 (0.247)	Loss 2.3145 (2.2494)	Acc@1 48.438 (45.401)	Acc@5 73.438 (75.924)	Mem 1205MB
[2026-03-25 02:27:49 tiny_cifar100_30ep](main.py 410): INFO  * Acc@1 45.430 Acc@5 75.940
[2026-03-25 02:27:49 tiny_cifar100_30ep](main.py 239): INFO Accuracy of the network on the 10000 test images: 45.4%
[2026-03-25 02:27:49 tiny_cifar100_30ep](main.py 247): INFO New max accuracy: 45.43%
[2026-03-25 02:27:49 tiny_cifar100_30ep](utils.py 104): INFO ./output_cifar100_noema_30ep/tiny_cifar100_30ep/20260325020204/best_ckpt.pth saving......
[2026-03-25 02:27:50 tiny_cifar100_30ep](utils.py 106): INFO ./output_cifar100_noema_30ep/tiny_cifar100_30ep/20260325020204/best_ckpt.pth saved !!!
/home/jlx_75/miniconda3/envs/pvmamba/lib/python3.10/site-packages/requests/__init__.py:109: RequestsDependencyWarning: urllib3 (1.26.13) or chardet (7.2.0)/charset_normalizer (2.1.1) doesn't match a supported version!
  warnings.warn(
/home/jlx_75/miniconda3/envs/pvmamba/lib/python3.10/site-packages/requests/__init__.py:109: RequestsDependencyWarning: urllib3 (1.26.13) or chardet (7.2.0)/charset_normalizer (2.1.1) doesn't match a supported version!
  warnings.warn(
/home/jlx_75/miniconda3/envs/pvmamba/lib/python3.10/site-packages/requests/__init__.py:109: RequestsDependencyWarning: urllib3 (1.26.13) or chardet (7.2.0)/charset_normalizer (2.1.1) doesn't match a supported version!
  warnings.warn(
/home/jlx_75/miniconda3/envs/pvmamba/lib/python3.10/site-packages/requests/__init__.py:109: RequestsDependencyWarning: urllib3 (1.26.13) or chardet (7.2.0)/charset_normalizer (2.1.1) doesn't match a supported version!
  warnings.warn(
/home/jlx_75/miniconda3/envs/pvmamba/lib/python3.10/site-packages/requests/__init__.py:109: RequestsDependencyWarning: urllib3 (1.26.13) or chardet (7.2.0)/charset_normalizer (2.1.1) doesn't match a supported version!
  warnings.warn(
/home/jlx_75/miniconda3/envs/pvmamba/lib/python3.10/site-packages/requests/__init__.py:109: RequestsDependencyWarning: urllib3 (1.26.13) or chardet (7.2.0)/charset_normalizer (2.1.1) doesn't match a supported version!
  warnings.warn(
/home/jlx_75/miniconda3/envs/pvmamba/lib/python3.10/site-packages/requests/__init__.py:109: RequestsDependencyWarning: urllib3 (1.26.13) or chardet (7.2.0)/charset_normalizer (2.1.1) doesn't match a supported version!
  warnings.warn(
/home/jlx_75/miniconda3/envs/pvmamba/lib/python3.10/site-packages/requests/__init__.py:109: RequestsDependencyWarning: urllib3 (1.26.13) or chardet (7.2.0)/charset_normalizer (2.1.1) doesn't match a supported version!
  warnings.warn(
[2026-03-25 02:28:12 tiny_cifar100_30ep](main.py 348): INFO Train: [18/30][0/390]	eta 2:19:52 lr 0.000052	 wd 0.0500	time 21.5197 (21.5197)	data time 21.3830 (21.3830)	model time 0.0000 (0.0000)	loss 3.0026 (3.0026)	grad_norm 5.4272 (5.4272)	loss_scale 65536.0000 (65536.0000)	mem 1205MB
[2026-03-25 02:28:13 tiny_cifar100_30ep](main.py 348): INFO Train: [18/30][10/390]	eta 0:13:01 lr 0.000052	 wd 0.0500	time 0.1045 (2.0571)	data time 0.0005 (1.9445)	model time 0.0000 (0.0000)	loss 2.6140 (3.1470)	grad_norm 6.3142 (5.8569)	loss_scale 65536.0000 (65536.0000)	mem 1205MB
[2026-03-25 02:28:14 tiny_cifar100_30ep](main.py 348): INFO Train: [18/30][20/390]	eta 0:06:57 lr 0.000052	 wd 0.0500	time 0.1043 (1.1288)	data time 0.0006 (1.0188)	model time 0.0000 (0.0000)	loss 3.5108 (3.2101)	grad_norm 5.7372 (5.7633)	loss_scale 65536.0000 (65536.0000)	mem 1205MB
[2026-03-25 02:28:15 tiny_cifar100_30ep](main.py 348): INFO Train: [18/30][30/390]	eta 0:04:47 lr 0.000052	 wd 0.0500	time 0.1095 (0.7985)	data time 0.0006 (0.6904)	model time 0.0000 (0.0000)	loss 4.0171 (3.3718)	grad_norm 5.7390 (5.7471)	loss_scale 65536.0000 (65536.0000)	mem 1205MB
[2026-03-25 02:28:16 tiny_cifar100_30ep](main.py 348): INFO Train: [18/30][40/390]	eta 0:03:40 lr 0.000052	 wd 0.0500	time 0.1087 (0.6305)	data time 0.0007 (0.5221)	model time 0.0000 (0.0000)	loss 3.9788 (3.3280)	grad_norm 4.4601 (5.6253)	loss_scale 65536.0000 (65536.0000)	mem 1205MB
[2026-03-25 02:28:17 tiny_cifar100_30ep](main.py 348): INFO Train: [18/30][50/390]	eta 0:02:59 lr 0.000051	 wd 0.0500	time 0.1051 (0.5284)	data time 0.0006 (0.4199)	model time 0.0000 (0.0000)	loss 3.0474 (3.2876)	grad_norm 6.1073 (5.7221)	loss_scale 65536.0000 (65536.0000)	mem 1205MB
[2026-03-25 02:28:18 tiny_cifar100_30ep](main.py 348): INFO Train: [18/30][60/390]	eta 0:02:31 lr 0.000051	 wd 0.0500	time 0.1070 (0.4594)	data time 0.0006 (0.3512)	model time 0.1065 (0.1067)	loss 3.5512 (3.2473)	grad_norm 5.7433 (5.7363)	loss_scale 65536.0000 (65536.0000)	mem 1205MB
[2026-03-25 02:28:19 tiny_cifar100_30ep](main.py 348): INFO Train: [18/30][70/390]	eta 0:02:11 lr 0.000051	 wd 0.0500	time 0.1145 (0.4102)	data time 0.0010 (0.3018)	model time 0.1135 (0.1082)	loss 3.1426 (3.2629)	grad_norm 5.6217 (5.7105)	loss_scale 65536.0000 (65536.0000)	mem 1205MB
[2026-03-25 02:28:21 tiny_cifar100_30ep](main.py 348): INFO Train: [18/30][80/390]	eta 0:01:55 lr 0.000051	 wd 0.0500	time 0.1063 (0.3734)	data time 0.0007 (0.2646)	model time 0.1056 (0.1093)	loss 4.0532 (3.2652)	grad_norm 5.7973 (5.6858)	loss_scale 65536.0000 (65536.0000)	mem 1205MB
[2026-03-25 02:28:22 tiny_cifar100_30ep](main.py 348): INFO Train: [18/30][90/390]	eta 0:01:43 lr 0.000051	 wd 0.0500	time 0.1148 (0.3443)	data time 0.0005 (0.2356)	model time 0.1143 (0.1089)	loss 3.6204 (3.2838)	grad_norm 4.9949 (5.6626)	loss_scale 65536.0000 (65536.0000)	mem 1205MB
[2026-03-25 02:28:23 tiny_cifar100_30ep](main.py 348): INFO Train: [18/30][100/390]	eta 0:01:33 lr 0.000051	 wd 0.0500	time 0.1234 (0.3208)	data time 0.0006 (0.2124)	model time 0.1229 (0.1085)	loss 3.0092 (3.2667)	grad_norm 5.6439 (5.6549)	loss_scale 65536.0000 (65536.0000)	mem 1205MB
[2026-03-25 02:28:24 tiny_cifar100_30ep](main.py 348): INFO Train: [18/30][110/390]	eta 0:01:24 lr 0.000050	 wd 0.0500	time 0.1032 (0.3015)	data time 0.0006 (0.1933)	model time 0.1027 (0.1080)	loss 3.6102 (3.2889)	grad_norm 5.0640 (5.6582)	loss_scale 65536.0000 (65536.0000)	mem 1205MB
[2026-03-25 02:28:25 tiny_cifar100_30ep](main.py 348): INFO Train: [18/30][120/390]	eta 0:01:17 lr 0.000050	 wd 0.0500	time 0.1031 (0.2853)	data time 0.0006 (0.1774)	model time 0.1025 (0.1075)	loss 3.6962 (3.2957)	grad_norm 6.0938 (5.6983)	loss_scale 65536.0000 (65536.0000)	mem 1205MB
[2026-03-25 02:28:26 tiny_cifar100_30ep](main.py 348): INFO Train: [18/30][130/390]	eta 0:01:10 lr 0.000050	 wd 0.0500	time 0.1028 (0.2716)	data time 0.0005 (0.1639)	model time 0.1023 (0.1072)	loss 3.6229 (3.3080)	grad_norm 7.7477 (5.7078)	loss_scale 65536.0000 (65536.0000)	mem 1205MB
[2026-03-25 02:28:27 tiny_cifar100_30ep](main.py 348): INFO Train: [18/30][140/390]	eta 0:01:04 lr 0.000050	 wd 0.0500	time 0.1027 (0.2599)	data time 0.0006 (0.1523)	model time 0.1022 (0.1072)	loss 3.4913 (3.3112)	grad_norm 5.1540 (5.6890)	loss_scale 65536.0000 (65536.0000)	mem 1205MB
[2026-03-25 02:28:28 tiny_cifar100_30ep](main.py 348): INFO Train: [18/30][150/390]	eta 0:00:59 lr 0.000050	 wd 0.0500	time 0.1148 (0.2499)	data time 0.0006 (0.1422)	model time 0.1142 (0.1072)	loss 3.8353 (3.3277)	grad_norm 5.3121 (5.6708)	loss_scale 65536.0000 (65536.0000)	mem 1205MB
[2026-03-25 02:28:29 tiny_cifar100_30ep](main.py 348): INFO Train: [18/30][160/390]	eta 0:00:55 lr 0.000049	 wd 0.0500	time 0.1031 (0.2411)	data time 0.0007 (0.1335)	model time 0.1024 (0.1073)	loss 2.5355 (3.3329)	grad_norm 5.8714 (5.6781)	loss_scale 65536.0000 (65536.0000)	mem 1205MB
[2026-03-25 02:28:30 tiny_cifar100_30ep](main.py 348): INFO Train: [18/30][170/390]	eta 0:00:51 lr 0.000049	 wd 0.0500	time 0.1032 (0.2333)	data time 0.0006 (0.1257)	model time 0.1026 (0.1073)	loss 3.6872 (3.3380)	grad_norm 4.8008 (5.6518)	loss_scale 65536.0000 (65536.0000)	mem 1205MB
[2026-03-25 02:28:31 tiny_cifar100_30ep](main.py 348): INFO Train: [18/30][180/390]	eta 0:00:47 lr 0.000049	 wd 0.0500	time 0.1059 (0.2262)	data time 0.0005 (0.1188)	model time 0.1053 (0.1070)	loss 2.7419 (3.3437)	grad_norm 5.9717 (5.6366)	loss_scale 65536.0000 (65536.0000)	mem 1205MB
[2026-03-25 02:28:32 tiny_cifar100_30ep](main.py 348): INFO Train: [18/30][190/390]	eta 0:00:43 lr 0.000049	 wd 0.0500	time 0.1145 (0.2199)	data time 0.0006 (0.1126)	model time 0.1139 (0.1068)	loss 2.9687 (3.3423)	grad_norm 5.4755 (5.6266)	loss_scale 65536.0000 (65536.0000)	mem 1205MB
[2026-03-25 02:28:33 tiny_cifar100_30ep](main.py 348): INFO Train: [18/30][200/390]	eta 0:00:40 lr 0.000049	 wd 0.0500	time 0.1032 (0.2144)	data time 0.0007 (0.1070)	model time 0.1026 (0.1070)	loss 2.8920 (3.3479)	grad_norm 6.0616 (5.6157)	loss_scale 65536.0000 (65536.0000)	mem 1205MB
[2026-03-25 02:28:34 tiny_cifar100_30ep](main.py 348): INFO Train: [18/30][210/390]	eta 0:00:37 lr 0.000049	 wd 0.0500	time 0.1131 (0.2093)	data time 0.0005 (0.1020)	model time 0.1125 (0.1070)	loss 3.5950 (3.3601)	grad_norm 5.2882 (5.6069)	loss_scale 65536.0000 (65536.0000)	mem 1205MB
[2026-03-25 02:28:36 tiny_cifar100_30ep](main.py 348): INFO Train: [18/30][220/390]	eta 0:00:34 lr 0.000048	 wd 0.0500	time 0.1034 (0.2049)	data time 0.0005 (0.0974)	model time 0.1029 (0.1072)	loss 3.2133 (3.3778)	grad_norm 4.4492 (5.5838)	loss_scale 65536.0000 (65536.0000)	mem 1205MB
[2026-03-25 02:28:37 tiny_cifar100_30ep](main.py 348): INFO Train: [18/30][230/390]	eta 0:00:32 lr 0.000048	 wd 0.0500	time 0.1052 (0.2009)	data time 0.0006 (0.0932)	model time 0.1046 (0.1074)	loss 3.6717 (3.3801)	grad_norm 4.0406 (5.5835)	loss_scale 65536.0000 (65536.0000)	mem 1205MB
[2026-03-25 02:28:38 tiny_cifar100_30ep](main.py 348): INFO Train: [18/30][240/390]	eta 0:00:29 lr 0.000048	 wd 0.0500	time 0.1057 (0.1971)	data time 0.0006 (0.0894)	model time 0.1052 (0.1075)	loss 3.8602 (3.3804)	grad_norm 6.9502 (5.5892)	loss_scale 65536.0000 (65536.0000)	mem 1205MB
[2026-03-25 02:28:39 tiny_cifar100_30ep](main.py 348): INFO Train: [18/30][250/390]	eta 0:00:27 lr 0.000048	 wd 0.0500	time 0.1040 (0.1939)	data time 0.0006 (0.0858)	model time 0.1034 (0.1080)	loss 3.4346 (3.3815)	grad_norm 4.9816 (5.5746)	loss_scale 65536.0000 (65536.0000)	mem 1205MB
[2026-03-25 02:28:40 tiny_cifar100_30ep](main.py 348): INFO Train: [18/30][260/390]	eta 0:00:24 lr 0.000048	 wd 0.0500	time 0.1109 (0.1908)	data time 0.0006 (0.0826)	model time 0.1103 (0.1081)	loss 3.5890 (3.3751)	grad_norm 5.5001 (5.5696)	loss_scale 65536.0000 (65536.0000)	mem 1205MB
[2026-03-25 02:28:41 tiny_cifar100_30ep](main.py 348): INFO Train: [18/30][270/390]	eta 0:00:22 lr 0.000048	 wd 0.0500	time 0.1025 (0.1878)	data time 0.0005 (0.0795)	model time 0.1020 (0.1082)	loss 3.7709 (3.3739)	grad_norm 6.9995 (5.5640)	loss_scale 65536.0000 (65536.0000)	mem 1205MB
[2026-03-25 02:28:42 tiny_cifar100_30ep](main.py 348): INFO Train: [18/30][280/390]	eta 0:00:20 lr 0.000047	 wd 0.0500	time 0.1175 (0.1850)	data time 0.0007 (0.0767)	model time 0.1168 (0.1082)	loss 3.6196 (3.3782)	grad_norm 5.3264 (5.5709)	loss_scale 65536.0000 (65536.0000)	mem 1205MB
[2026-03-25 02:28:43 tiny_cifar100_30ep](main.py 348): INFO Train: [18/30][290/390]	eta 0:00:18 lr 0.000047	 wd 0.0500	time 0.1225 (0.1825)	data time 0.0007 (0.0741)	model time 0.1218 (0.1084)	loss 3.6756 (3.3745)	grad_norm 4.9292 (5.5753)	loss_scale 65536.0000 (65536.0000)	mem 1205MB
[2026-03-25 02:28:44 tiny_cifar100_30ep](main.py 348): INFO Train: [18/30][300/390]	eta 0:00:16 lr 0.000047	 wd 0.0500	time 0.1029 (0.1800)	data time 0.0007 (0.0717)	model time 0.1022 (0.1083)	loss 3.7793 (3.3803)	grad_norm 4.9722 (5.5658)	loss_scale 65536.0000 (65536.0000)	mem 1205MB
[2026-03-25 02:28:45 tiny_cifar100_30ep](main.py 348): INFO Train: [18/30][310/390]	eta 0:00:14 lr 0.000047	 wd 0.0500	time 0.1039 (0.1775)	data time 0.0006 (0.0694)	model time 0.1033 (0.1081)	loss 4.0768 (3.3811)	grad_norm 4.3220 (5.5658)	loss_scale 65536.0000 (65536.0000)	mem 1205MB
[2026-03-25 02:28:47 tiny_cifar100_30ep](main.py 348): INFO Train: [18/30][320/390]	eta 0:00:12 lr 0.000047	 wd 0.0500	time 0.1104 (0.1753)	data time 0.0005 (0.0673)	model time 0.1099 (0.1079)	loss 3.7776 (3.3807)	grad_norm 4.8956 (5.5811)	loss_scale 65536.0000 (65536.0000)	mem 1205MB
[2026-03-25 02:28:48 tiny_cifar100_30ep](main.py 348): INFO Train: [18/30][330/390]	eta 0:00:10 lr 0.000046	 wd 0.0500	time 0.1058 (0.1733)	data time 0.0005 (0.0652)	model time 0.1053 (0.1079)	loss 2.2380 (3.3866)	grad_norm 4.9710 (5.5699)	loss_scale 65536.0000 (65536.0000)	mem 1205MB
[2026-03-25 02:28:49 tiny_cifar100_30ep](main.py 348): INFO Train: [18/30][340/390]	eta 0:00:08 lr 0.000046	 wd 0.0500	time 0.1028 (0.1712)	data time 0.0006 (0.0634)	model time 0.1021 (0.1077)	loss 2.6230 (3.3851)	grad_norm 6.4975 (5.5615)	loss_scale 65536.0000 (65536.0000)	mem 1205MB
[2026-03-25 02:28:50 tiny_cifar100_30ep](main.py 348): INFO Train: [18/30][350/390]	eta 0:00:06 lr 0.000046	 wd 0.0500	time 0.1180 (0.1694)	data time 0.0006 (0.0616)	model time 0.1174 (0.1077)	loss 2.4659 (3.3899)	grad_norm 6.5072 (5.5638)	loss_scale 65536.0000 (65536.0000)	mem 1205MB
[2026-03-25 02:28:51 tiny_cifar100_30ep](main.py 348): INFO Train: [18/30][360/390]	eta 0:00:05 lr 0.000046	 wd 0.0500	time 0.1031 (0.1678)	data time 0.0006 (0.0599)	model time 0.1024 (0.1078)	loss 3.9796 (3.3920)	grad_norm 4.8327 (5.5508)	loss_scale 65536.0000 (65536.0000)	mem 1205MB
[2026-03-25 02:28:52 tiny_cifar100_30ep](main.py 348): INFO Train: [18/30][370/390]	eta 0:00:03 lr 0.000046	 wd 0.0500	time 0.1030 (0.1662)	data time 0.0006 (0.0583)	model time 0.1025 (0.1078)	loss 3.5114 (3.3920)	grad_norm 5.9093 (5.5513)	loss_scale 65536.0000 (65536.0000)	mem 1205MB
[2026-03-25 02:28:53 tiny_cifar100_30ep](main.py 348): INFO Train: [18/30][380/390]	eta 0:00:01 lr 0.000046	 wd 0.0500	time 0.1025 (0.1645)	data time 0.0003 (0.0568)	model time 0.1022 (0.1076)	loss 3.7833 (3.3916)	grad_norm 5.7494 (5.5539)	loss_scale 65536.0000 (65536.0000)	mem 1205MB
[2026-03-25 02:28:55 tiny_cifar100_30ep](main.py 359): INFO EPOCH 18 training takes 0:01:04
[2026-03-25 02:28:55 tiny_cifar100_30ep](utils.py 104): INFO ./output_cifar100_noema_30ep/tiny_cifar100_30ep/20260325020204/latest_ckpt.pth saving......
[2026-03-25 02:28:55 tiny_cifar100_30ep](utils.py 106): INFO ./output_cifar100_noema_30ep/tiny_cifar100_30ep/20260325020204/latest_ckpt.pth saved !!!
/home/jlx_75/miniconda3/envs/pvmamba/lib/python3.10/site-packages/requests/__init__.py:109: RequestsDependencyWarning: urllib3 (1.26.13) or chardet (7.2.0)/charset_normalizer (2.1.1) doesn't match a supported version!
  warnings.warn(
/home/jlx_75/miniconda3/envs/pvmamba/lib/python3.10/site-packages/requests/__init__.py:109: RequestsDependencyWarning: urllib3 (1.26.13) or chardet (7.2.0)/charset_normalizer (2.1.1) doesn't match a supported version!
  warnings.warn(
/home/jlx_75/miniconda3/envs/pvmamba/lib/python3.10/site-packages/requests/__init__.py:109: RequestsDependencyWarning: urllib3 (1.26.13) or chardet (7.2.0)/charset_normalizer (2.1.1) doesn't match a supported version!
  warnings.warn(
/home/jlx_75/miniconda3/envs/pvmamba/lib/python3.10/site-packages/requests/__init__.py:109: RequestsDependencyWarning: urllib3 (1.26.13) or chardet (7.2.0)/charset_normalizer (2.1.1) doesn't match a supported version!
  warnings.warn(
/home/jlx_75/miniconda3/envs/pvmamba/lib/python3.10/site-packages/requests/__init__.py:109: RequestsDependencyWarning: urllib3 (1.26.13) or chardet (7.2.0)/charset_normalizer (2.1.1) doesn't match a supported version!
  warnings.warn(
/home/jlx_75/miniconda3/envs/pvmamba/lib/python3.10/site-packages/requests/__init__.py:109: RequestsDependencyWarning: urllib3 (1.26.13) or chardet (7.2.0)/charset_normalizer (2.1.1) doesn't match a supported version!
  warnings.warn(
/home/jlx_75/miniconda3/envs/pvmamba/lib/python3.10/site-packages/requests/__init__.py:109: RequestsDependencyWarning: urllib3 (1.26.13) or chardet (7.2.0)/charset_normalizer (2.1.1) doesn't match a supported version!
  warnings.warn(
/home/jlx_75/miniconda3/envs/pvmamba/lib/python3.10/site-packages/requests/__init__.py:109: RequestsDependencyWarning: urllib3 (1.26.13) or chardet (7.2.0)/charset_normalizer (2.1.1) doesn't match a supported version!
  warnings.warn(
[2026-03-25 02:29:11 tiny_cifar100_30ep](main.py 403): INFO Test: [0/79]	Time 15.414 (15.414)	Loss 2.0762 (2.0762)	Acc@1 50.781 (50.781)	Acc@5 82.031 (82.031)	Mem 1205MB
[2026-03-25 02:29:11 tiny_cifar100_30ep](main.py 403): INFO Test: [10/79]	Time 0.036 (1.435)	Loss 2.1504 (2.2264)	Acc@1 52.344 (45.952)	Acc@5 78.125 (76.705)	Mem 1205MB
[2026-03-25 02:29:12 tiny_cifar100_30ep](main.py 403): INFO Test: [20/79]	Time 0.036 (0.769)	Loss 2.2402 (2.2103)	Acc@1 49.219 (46.429)	Acc@5 75.000 (76.376)	Mem 1205MB
[2026-03-25 02:29:12 tiny_cifar100_30ep](main.py 403): INFO Test: [30/79]	Time 0.036 (0.532)	Loss 2.1680 (2.2082)	Acc@1 44.531 (46.447)	Acc@5 78.906 (76.537)	Mem 1205MB
[2026-03-25 02:29:12 tiny_cifar100_30ep](main.py 403): INFO Test: [40/79]	Time 0.035 (0.411)	Loss 2.0566 (2.2147)	Acc@1 50.000 (46.627)	Acc@5 78.906 (75.915)	Mem 1205MB
[2026-03-25 02:29:13 tiny_cifar100_30ep](main.py 403): INFO Test: [50/79]	Time 0.037 (0.338)	Loss 2.2148 (2.2225)	Acc@1 47.656 (46.324)	Acc@5 77.344 (75.843)	Mem 1205MB
[2026-03-25 02:29:13 tiny_cifar100_30ep](main.py 403): INFO Test: [60/79]	Time 0.036 (0.288)	Loss 2.4473 (2.2309)	Acc@1 40.625 (45.978)	Acc@5 69.531 (75.820)	Mem 1205MB
[2026-03-25 02:29:13 tiny_cifar100_30ep](main.py 403): INFO Test: [70/79]	Time 0.034 (0.252)	Loss 2.2656 (2.2243)	Acc@1 44.531 (46.182)	Acc@5 75.781 (76.155)	Mem 1205MB
[2026-03-25 02:29:14 tiny_cifar100_30ep](main.py 410): INFO  * Acc@1 46.100 Acc@5 76.120
[2026-03-25 02:29:14 tiny_cifar100_30ep](main.py 239): INFO Accuracy of the network on the 10000 test images: 46.1%
[2026-03-25 02:29:14 tiny_cifar100_30ep](main.py 247): INFO New max accuracy: 46.10%
[2026-03-25 02:29:14 tiny_cifar100_30ep](utils.py 104): INFO ./output_cifar100_noema_30ep/tiny_cifar100_30ep/20260325020204/best_ckpt.pth saving......
[2026-03-25 02:29:15 tiny_cifar100_30ep](utils.py 106): INFO ./output_cifar100_noema_30ep/tiny_cifar100_30ep/20260325020204/best_ckpt.pth saved !!!
/home/jlx_75/miniconda3/envs/pvmamba/lib/python3.10/site-packages/requests/__init__.py:109: RequestsDependencyWarning: urllib3 (1.26.13) or chardet (7.2.0)/charset_normalizer (2.1.1) doesn't match a supported version!
  warnings.warn(
/home/jlx_75/miniconda3/envs/pvmamba/lib/python3.10/site-packages/requests/__init__.py:109: RequestsDependencyWarning: urllib3 (1.26.13) or chardet (7.2.0)/charset_normalizer (2.1.1) doesn't match a supported version!
  warnings.warn(
/home/jlx_75/miniconda3/envs/pvmamba/lib/python3.10/site-packages/requests/__init__.py:109: RequestsDependencyWarning: urllib3 (1.26.13) or chardet (7.2.0)/charset_normalizer (2.1.1) doesn't match a supported version!
  warnings.warn(
/home/jlx_75/miniconda3/envs/pvmamba/lib/python3.10/site-packages/requests/__init__.py:109: RequestsDependencyWarning: urllib3 (1.26.13) or chardet (7.2.0)/charset_normalizer (2.1.1) doesn't match a supported version!
  warnings.warn(
/home/jlx_75/miniconda3/envs/pvmamba/lib/python3.10/site-packages/requests/__init__.py:109: RequestsDependencyWarning: urllib3 (1.26.13) or chardet (7.2.0)/charset_normalizer (2.1.1) doesn't match a supported version!
  warnings.warn(
/home/jlx_75/miniconda3/envs/pvmamba/lib/python3.10/site-packages/requests/__init__.py:109: RequestsDependencyWarning: urllib3 (1.26.13) or chardet (7.2.0)/charset_normalizer (2.1.1) doesn't match a supported version!
  warnings.warn(
/home/jlx_75/miniconda3/envs/pvmamba/lib/python3.10/site-packages/requests/__init__.py:109: RequestsDependencyWarning: urllib3 (1.26.13) or chardet (7.2.0)/charset_normalizer (2.1.1) doesn't match a supported version!
  warnings.warn(
/home/jlx_75/miniconda3/envs/pvmamba/lib/python3.10/site-packages/requests/__init__.py:109: RequestsDependencyWarning: urllib3 (1.26.13) or chardet (7.2.0)/charset_normalizer (2.1.1) doesn't match a supported version!
  warnings.warn(
[2026-03-25 02:29:36 tiny_cifar100_30ep](main.py 348): INFO Train: [19/30][0/390]	eta 2:18:02 lr 0.000045	 wd 0.0500	time 21.2371 (21.2371)	data time 21.0924 (21.0924)	model time 0.0000 (0.0000)	loss 3.8752 (3.8752)	grad_norm 5.6343 (5.6343)	loss_scale 65536.0000 (65536.0000)	mem 1205MB
[2026-03-25 02:29:38 tiny_cifar100_30ep](main.py 348): INFO Train: [19/30][10/390]	eta 0:12:51 lr 0.000045	 wd 0.0500	time 0.1075 (2.0315)	data time 0.0006 (1.9181)	model time 0.0000 (0.0000)	loss 2.7577 (3.2428)	grad_norm 5.4205 (5.7181)	loss_scale 65536.0000 (65536.0000)	mem 1205MB
[2026-03-25 02:29:39 tiny_cifar100_30ep](main.py 348): INFO Train: [19/30][20/390]	eta 0:06:53 lr 0.000045	 wd 0.0500	time 0.1090 (1.1165)	data time 0.0005 (1.0050)	model time 0.0000 (0.0000)	loss 3.0671 (3.3826)	grad_norm 5.1504 (5.4759)	loss_scale 65536.0000 (65536.0000)	mem 1205MB
[2026-03-25 02:29:40 tiny_cifar100_30ep](main.py 348): INFO Train: [19/30][30/390]	eta 0:04:44 lr 0.000045	 wd 0.0500	time 0.1072 (0.7912)	data time 0.0006 (0.6810)	model time 0.0000 (0.0000)	loss 3.8945 (3.3830)	grad_norm 5.5253 (5.4023)	loss_scale 65536.0000 (65536.0000)	mem 1205MB
[2026-03-25 02:29:41 tiny_cifar100_30ep](main.py 348): INFO Train: [19/30][40/390]	eta 0:03:38 lr 0.000045	 wd 0.0500	time 0.1081 (0.6248)	data time 0.0006 (0.5151)	model time 0.0000 (0.0000)	loss 3.5630 (3.3929)	grad_norm 5.5919 (5.4633)	loss_scale 65536.0000 (65536.0000)	mem 1205MB
[2026-03-25 02:29:42 tiny_cifar100_30ep](main.py 348): INFO Train: [19/30][50/390]	eta 0:02:58 lr 0.000044	 wd 0.0500	time 0.1078 (0.5244)	data time 0.0006 (0.4142)	model time 0.0000 (0.0000)	loss 2.5551 (3.3444)	grad_norm 5.9834 (5.4992)	loss_scale 65536.0000 (65536.0000)	mem 1205MB
[2026-03-25 02:29:43 tiny_cifar100_30ep](main.py 348): INFO Train: [19/30][60/390]	eta 0:02:30 lr 0.000044	 wd 0.0500	time 0.1085 (0.4567)	data time 0.0006 (0.3464)	model time 0.1079 (0.1108)	loss 3.1323 (3.3283)	grad_norm 5.6091 (5.5174)	loss_scale 65536.0000 (65536.0000)	mem 1205MB
[2026-03-25 02:29:44 tiny_cifar100_30ep](main.py 348): INFO Train: [19/30][70/390]	eta 0:02:10 lr 0.000044	 wd 0.0500	time 0.1041 (0.4076)	data time 0.0006 (0.2977)	model time 0.1035 (0.1092)	loss 2.5692 (3.3348)	grad_norm 5.7555 (5.4726)	loss_scale 65536.0000 (65536.0000)	mem 1205MB
[2026-03-25 02:29:45 tiny_cifar100_30ep](main.py 348): INFO Train: [19/30][80/390]	eta 0:01:54 lr 0.000044	 wd 0.0500	time 0.1049 (0.3704)	data time 0.0005 (0.2610)	model time 0.1044 (0.1079)	loss 3.2963 (3.3165)	grad_norm 4.8153 (5.4967)	loss_scale 65536.0000 (65536.0000)	mem 1205MB
[2026-03-25 02:29:46 tiny_cifar100_30ep](main.py 348): INFO Train: [19/30][90/390]	eta 0:01:42 lr 0.000044	 wd 0.0500	time 0.1018 (0.3412)	data time 0.0004 (0.2324)	model time 0.1014 (0.1071)	loss 3.1315 (3.3355)	grad_norm 5.5836 (5.5470)	loss_scale 65536.0000 (65536.0000)	mem 1205MB
[2026-03-25 02:29:47 tiny_cifar100_30ep](main.py 348): INFO Train: [19/30][100/390]	eta 0:01:32 lr 0.000044	 wd 0.0500	time 0.1049 (0.3182)	data time 0.0005 (0.2094)	model time 0.1044 (0.1074)	loss 2.7704 (3.3301)	grad_norm 6.2540 (5.5533)	loss_scale 65536.0000 (65536.0000)	mem 1205MB
[2026-03-25 02:29:48 tiny_cifar100_30ep](main.py 348): INFO Train: [19/30][110/390]	eta 0:01:23 lr 0.000043	 wd 0.0500	time 0.1180 (0.2994)	data time 0.0005 (0.1906)	model time 0.1175 (0.1076)	loss 3.7543 (3.3152)	grad_norm 5.9222 (5.5701)	loss_scale 65536.0000 (65536.0000)	mem 1205MB
[2026-03-25 02:29:50 tiny_cifar100_30ep](main.py 348): INFO Train: [19/30][120/390]	eta 0:01:16 lr 0.000043	 wd 0.0500	time 0.1264 (0.2836)	data time 0.0006 (0.1749)	model time 0.1257 (0.1076)	loss 2.8671 (3.3055)	grad_norm 7.3492 (5.5722)	loss_scale 65536.0000 (65536.0000)	mem 1205MB
[2026-03-25 02:29:51 tiny_cifar100_30ep](main.py 348): INFO Train: [19/30][130/390]	eta 0:01:10 lr 0.000043	 wd 0.0500	time 0.1019 (0.2698)	data time 0.0005 (0.1616)	model time 0.1013 (0.1070)	loss 3.9240 (3.3260)	grad_norm 5.0884 (5.5638)	loss_scale 65536.0000 (65536.0000)	mem 1205MB
[2026-03-25 02:29:52 tiny_cifar100_30ep](main.py 348): INFO Train: [19/30][140/390]	eta 0:01:04 lr 0.000043	 wd 0.0500	time 0.1063 (0.2581)	data time 0.0005 (0.1502)	model time 0.1058 (0.1066)	loss 2.5589 (3.3196)	grad_norm 6.3387 (5.5856)	loss_scale 65536.0000 (65536.0000)	mem 1205MB
[2026-03-25 02:29:53 tiny_cifar100_30ep](main.py 348): INFO Train: [19/30][150/390]	eta 0:00:59 lr 0.000043	 wd 0.0500	time 0.1020 (0.2482)	data time 0.0005 (0.1403)	model time 0.1014 (0.1068)	loss 3.1423 (3.3198)	grad_norm 5.6652 (5.5835)	loss_scale 65536.0000 (65536.0000)	mem 1205MB
[2026-03-25 02:29:54 tiny_cifar100_30ep](main.py 348): INFO Train: [19/30][160/390]	eta 0:00:55 lr 0.000043	 wd 0.0500	time 0.1026 (0.2396)	data time 0.0006 (0.1316)	model time 0.1019 (0.1069)	loss 3.9517 (3.3233)	grad_norm 6.1276 (5.5949)	loss_scale 65536.0000 (65536.0000)	mem 1205MB
[2026-03-25 02:29:55 tiny_cifar100_30ep](main.py 348): INFO Train: [19/30][170/390]	eta 0:00:50 lr 0.000042	 wd 0.0500	time 0.1141 (0.2317)	data time 0.0006 (0.1239)	model time 0.1135 (0.1068)	loss 3.9815 (3.3202)	grad_norm 5.0270 (5.5948)	loss_scale 65536.0000 (65536.0000)	mem 1205MB
[2026-03-25 02:29:56 tiny_cifar100_30ep](main.py 348): INFO Train: [19/30][180/390]	eta 0:00:47 lr 0.000042	 wd 0.0500	time 0.1033 (0.2249)	data time 0.0005 (0.1171)	model time 0.1028 (0.1068)	loss 3.8514 (3.3143)	grad_norm 7.4195 (5.6214)	loss_scale 65536.0000 (65536.0000)	mem 1205MB
[2026-03-25 02:29:57 tiny_cifar100_30ep](main.py 348): INFO Train: [19/30][190/390]	eta 0:00:43 lr 0.000042	 wd 0.0500	time 0.1055 (0.2188)	data time 0.0005 (0.1110)	model time 0.1050 (0.1069)	loss 2.4640 (3.3167)	grad_norm 7.6959 (5.6405)	loss_scale 65536.0000 (65536.0000)	mem 1205MB
[2026-03-25 02:29:58 tiny_cifar100_30ep](main.py 348): INFO Train: [19/30][200/390]	eta 0:00:40 lr 0.000042	 wd 0.0500	time 0.1022 (0.2134)	data time 0.0006 (0.1055)	model time 0.1016 (0.1070)	loss 4.0709 (3.3268)	grad_norm 4.6301 (5.6432)	loss_scale 65536.0000 (65536.0000)	mem 1205MB
[2026-03-25 02:29:59 tiny_cifar100_30ep](main.py 348): INFO Train: [19/30][210/390]	eta 0:00:37 lr 0.000042	 wd 0.0500	time 0.1021 (0.2083)	data time 0.0006 (0.1006)	model time 0.1016 (0.1070)	loss 3.9377 (3.3386)	grad_norm 5.0328 (5.6300)	loss_scale 65536.0000 (65536.0000)	mem 1205MB
[2026-03-25 02:30:00 tiny_cifar100_30ep](main.py 348): INFO Train: [19/30][220/390]	eta 0:00:34 lr 0.000042	 wd 0.0500	time 0.1020 (0.2036)	data time 0.0005 (0.0960)	model time 0.1015 (0.1067)	loss 2.4574 (3.3434)	grad_norm 7.3347 (5.6380)	loss_scale 65536.0000 (65536.0000)	mem 1205MB
[2026-03-25 02:30:01 tiny_cifar100_30ep](main.py 348): INFO Train: [19/30][230/390]	eta 0:00:31 lr 0.000041	 wd 0.0500	time 0.1051 (0.1995)	data time 0.0005 (0.0919)	model time 0.1046 (0.1068)	loss 2.3308 (3.3371)	grad_norm 5.6561 (5.6387)	loss_scale 65536.0000 (65536.0000)	mem 1205MB
[2026-03-25 02:30:02 tiny_cifar100_30ep](main.py 348): INFO Train: [19/30][240/390]	eta 0:00:29 lr 0.000041	 wd 0.0500	time 0.1051 (0.1958)	data time 0.0005 (0.0881)	model time 0.1046 (0.1070)	loss 3.3091 (3.3474)	grad_norm 7.0986 (5.6357)	loss_scale 65536.0000 (65536.0000)	mem 1205MB
[2026-03-25 02:30:04 tiny_cifar100_30ep](main.py 348): INFO Train: [19/30][250/390]	eta 0:00:26 lr 0.000041	 wd 0.0500	time 0.1206 (0.1926)	data time 0.0006 (0.0846)	model time 0.1200 (0.1073)	loss 3.7374 (3.3489)	grad_norm 4.6298 (5.6411)	loss_scale 65536.0000 (65536.0000)	mem 1205MB
[2026-03-25 02:30:05 tiny_cifar100_30ep](main.py 348): INFO Train: [19/30][260/390]	eta 0:00:24 lr 0.000041	 wd 0.0500	time 0.1169 (0.1894)	data time 0.0006 (0.0814)	model time 0.1163 (0.1074)	loss 2.8713 (3.3431)	grad_norm 6.8983 (5.6534)	loss_scale 65536.0000 (65536.0000)	mem 1205MB
[2026-03-25 02:30:06 tiny_cifar100_30ep](main.py 348): INFO Train: [19/30][270/390]	eta 0:00:22 lr 0.000041	 wd 0.0500	time 0.1219 (0.1864)	data time 0.0007 (0.0784)	model time 0.1212 (0.1074)	loss 3.7141 (3.3472)	grad_norm 5.3288 (5.6576)	loss_scale 65536.0000 (65536.0000)	mem 1205MB
[2026-03-25 02:30:07 tiny_cifar100_30ep](main.py 348): INFO Train: [19/30][280/390]	eta 0:00:20 lr 0.000040	 wd 0.0500	time 0.1023 (0.1837)	data time 0.0006 (0.0757)	model time 0.1017 (0.1076)	loss 3.9630 (3.3489)	grad_norm 4.5042 (5.6398)	loss_scale 65536.0000 (65536.0000)	mem 1205MB
[2026-03-25 02:30:08 tiny_cifar100_30ep](main.py 348): INFO Train: [19/30][290/390]	eta 0:00:18 lr 0.000040	 wd 0.0500	time 0.1059 (0.1811)	data time 0.0005 (0.0731)	model time 0.1054 (0.1076)	loss 3.8264 (3.3540)	grad_norm 6.3766 (5.6361)	loss_scale 65536.0000 (65536.0000)	mem 1205MB
[2026-03-25 02:30:09 tiny_cifar100_30ep](main.py 348): INFO Train: [19/30][300/390]	eta 0:00:16 lr 0.000040	 wd 0.0500	time 0.1017 (0.1788)	data time 0.0005 (0.0707)	model time 0.1013 (0.1077)	loss 3.5181 (3.3577)	grad_norm 6.1409 (5.6476)	loss_scale 65536.0000 (65536.0000)	mem 1205MB
[2026-03-25 02:30:10 tiny_cifar100_30ep](main.py 348): INFO Train: [19/30][310/390]	eta 0:00:14 lr 0.000040	 wd 0.0500	time 0.1135 (0.1765)	data time 0.0006 (0.0684)	model time 0.1129 (0.1077)	loss 2.5834 (3.3545)	grad_norm 6.5174 (5.6499)	loss_scale 65536.0000 (65536.0000)	mem 1205MB
[2026-03-25 02:30:11 tiny_cifar100_30ep](main.py 348): INFO Train: [19/30][320/390]	eta 0:00:12 lr 0.000040	 wd 0.0500	time 0.1042 (0.1743)	data time 0.0006 (0.0663)	model time 0.1036 (0.1076)	loss 3.2575 (3.3466)	grad_norm 5.1331 (5.6547)	loss_scale 65536.0000 (65536.0000)	mem 1205MB
[2026-03-25 02:30:12 tiny_cifar100_30ep](main.py 348): INFO Train: [19/30][330/390]	eta 0:00:10 lr 0.000040	 wd 0.0500	time 0.1031 (0.1722)	data time 0.0006 (0.0643)	model time 0.1025 (0.1075)	loss 3.3654 (3.3457)	grad_norm 4.7495 (5.6652)	loss_scale 65536.0000 (65536.0000)	mem 1205MB
[2026-03-25 02:30:13 tiny_cifar100_30ep](main.py 348): INFO Train: [19/30][340/390]	eta 0:00:08 lr 0.000039	 wd 0.0500	time 0.1032 (0.1704)	data time 0.0006 (0.0625)	model time 0.1027 (0.1075)	loss 3.6342 (3.3421)	grad_norm 5.0628 (5.6581)	loss_scale 65536.0000 (65536.0000)	mem 1205MB
[2026-03-25 02:30:14 tiny_cifar100_30ep](main.py 348): INFO Train: [19/30][350/390]	eta 0:00:06 lr 0.000039	 wd 0.0500	time 0.1020 (0.1685)	data time 0.0006 (0.0607)	model time 0.1014 (0.1074)	loss 3.4924 (3.3387)	grad_norm 5.4994 (5.6509)	loss_scale 65536.0000 (65536.0000)	mem 1205MB
[2026-03-25 02:30:15 tiny_cifar100_30ep](main.py 348): INFO Train: [19/30][360/390]	eta 0:00:05 lr 0.000039	 wd 0.0500	time 0.1241 (0.1668)	data time 0.0007 (0.0590)	model time 0.1234 (0.1074)	loss 2.7470 (3.3376)	grad_norm 6.1994 (5.6451)	loss_scale 65536.0000 (65536.0000)	mem 1205MB
[2026-03-25 02:30:17 tiny_cifar100_30ep](main.py 348): INFO Train: [19/30][370/390]	eta 0:00:03 lr 0.000039	 wd 0.0500	time 0.1303 (0.1659)	data time 0.0007 (0.0575)	model time 0.1296 (0.1081)	loss 3.8042 (3.3337)	grad_norm 5.7368 (5.6461)	loss_scale 65536.0000 (65536.0000)	mem 1205MB
[2026-03-25 02:30:18 tiny_cifar100_30ep](main.py 348): INFO Train: [19/30][380/390]	eta 0:00:01 lr 0.000039	 wd 0.0500	time 0.1455 (0.1652)	data time 0.0004 (0.0560)	model time 0.1451 (0.1091)	loss 2.3983 (3.3300)	grad_norm 7.1002 (5.6552)	loss_scale 65536.0000 (65536.0000)	mem 1205MB
[2026-03-25 02:30:20 tiny_cifar100_30ep](main.py 359): INFO EPOCH 19 training takes 0:01:04
[2026-03-25 02:30:20 tiny_cifar100_30ep](utils.py 104): INFO ./output_cifar100_noema_30ep/tiny_cifar100_30ep/20260325020204/latest_ckpt.pth saving......
[2026-03-25 02:30:22 tiny_cifar100_30ep](utils.py 106): INFO ./output_cifar100_noema_30ep/tiny_cifar100_30ep/20260325020204/latest_ckpt.pth saved !!!
/home/jlx_75/miniconda3/envs/pvmamba/lib/python3.10/site-packages/requests/__init__.py:109: RequestsDependencyWarning: urllib3 (1.26.13) or chardet (7.2.0)/charset_normalizer (2.1.1) doesn't match a supported version!
  warnings.warn(
/home/jlx_75/miniconda3/envs/pvmamba/lib/python3.10/site-packages/requests/__init__.py:109: RequestsDependencyWarning: urllib3 (1.26.13) or chardet (7.2.0)/charset_normalizer (2.1.1) doesn't match a supported version!
  warnings.warn(
/home/jlx_75/miniconda3/envs/pvmamba/lib/python3.10/site-packages/requests/__init__.py:109: RequestsDependencyWarning: urllib3 (1.26.13) or chardet (7.2.0)/charset_normalizer (2.1.1) doesn't match a supported version!
  warnings.warn(
/home/jlx_75/miniconda3/envs/pvmamba/lib/python3.10/site-packages/requests/__init__.py:109: RequestsDependencyWarning: urllib3 (1.26.13) or chardet (7.2.0)/charset_normalizer (2.1.1) doesn't match a supported version!
  warnings.warn(
/home/jlx_75/miniconda3/envs/pvmamba/lib/python3.10/site-packages/requests/__init__.py:109: RequestsDependencyWarning: urllib3 (1.26.13) or chardet (7.2.0)/charset_normalizer (2.1.1) doesn't match a supported version!
  warnings.warn(
/home/jlx_75/miniconda3/envs/pvmamba/lib/python3.10/site-packages/requests/__init__.py:109: RequestsDependencyWarning: urllib3 (1.26.13) or chardet (7.2.0)/charset_normalizer (2.1.1) doesn't match a supported version!
  warnings.warn(
/home/jlx_75/miniconda3/envs/pvmamba/lib/python3.10/site-packages/requests/__init__.py:109: RequestsDependencyWarning: urllib3 (1.26.13) or chardet (7.2.0)/charset_normalizer (2.1.1) doesn't match a supported version!
  warnings.warn(
/home/jlx_75/miniconda3/envs/pvmamba/lib/python3.10/site-packages/requests/__init__.py:109: RequestsDependencyWarning: urllib3 (1.26.13) or chardet (7.2.0)/charset_normalizer (2.1.1) doesn't match a supported version!
  warnings.warn(
[2026-03-25 02:30:38 tiny_cifar100_30ep](main.py 403): INFO Test: [0/79]	Time 16.195 (16.195)	Loss 2.0645 (2.0645)	Acc@1 51.562 (51.562)	Acc@5 76.562 (76.562)	Mem 1205MB
[2026-03-25 02:30:38 tiny_cifar100_30ep](main.py 403): INFO Test: [10/79]	Time 0.036 (1.505)	Loss 2.1230 (2.1958)	Acc@1 50.000 (46.591)	Acc@5 76.562 (76.562)	Mem 1205MB
[2026-03-25 02:30:38 tiny_cifar100_30ep](main.py 403): INFO Test: [20/79]	Time 0.036 (0.806)	Loss 2.1797 (2.1714)	Acc@1 48.438 (47.173)	Acc@5 74.219 (76.302)	Mem 1205MB
[2026-03-25 02:30:39 tiny_cifar100_30ep](main.py 403): INFO Test: [30/79]	Time 0.035 (0.557)	Loss 2.1562 (2.1664)	Acc@1 45.312 (47.303)	Acc@5 78.125 (76.562)	Mem 1205MB
[2026-03-25 02:30:39 tiny_cifar100_30ep](main.py 403): INFO Test: [40/79]	Time 0.035 (0.430)	Loss 2.0703 (2.1783)	Acc@1 49.219 (46.932)	Acc@5 78.125 (76.410)	Mem 1205MB
[2026-03-25 02:30:40 tiny_cifar100_30ep](main.py 403): INFO Test: [50/79]	Time 0.049 (0.353)	Loss 2.2305 (2.1879)	Acc@1 49.219 (46.615)	Acc@5 75.000 (76.302)	Mem 1205MB
[2026-03-25 02:30:40 tiny_cifar100_30ep](main.py 403): INFO Test: [60/79]	Time 0.036 (0.302)	Loss 2.3965 (2.1959)	Acc@1 43.750 (46.299)	Acc@5 71.094 (76.306)	Mem 1205MB
[2026-03-25 02:30:40 tiny_cifar100_30ep](main.py 403): INFO Test: [70/79]	Time 0.034 (0.264)	Loss 2.2500 (2.1882)	Acc@1 49.219 (46.644)	Acc@5 75.781 (76.794)	Mem 1205MB
[2026-03-25 02:30:41 tiny_cifar100_30ep](main.py 410): INFO  * Acc@1 46.640 Acc@5 76.680
[2026-03-25 02:30:41 tiny_cifar100_30ep](main.py 239): INFO Accuracy of the network on the 10000 test images: 46.6%
[2026-03-25 02:30:41 tiny_cifar100_30ep](main.py 247): INFO New max accuracy: 46.64%
[2026-03-25 02:30:41 tiny_cifar100_30ep](utils.py 104): INFO ./output_cifar100_noema_30ep/tiny_cifar100_30ep/20260325020204/best_ckpt.pth saving......
[2026-03-25 02:30:42 tiny_cifar100_30ep](utils.py 106): INFO ./output_cifar100_noema_30ep/tiny_cifar100_30ep/20260325020204/best_ckpt.pth saved !!!
/home/jlx_75/miniconda3/envs/pvmamba/lib/python3.10/site-packages/requests/__init__.py:109: RequestsDependencyWarning: urllib3 (1.26.13) or chardet (7.2.0)/charset_normalizer (2.1.1) doesn't match a supported version!
  warnings.warn(
/home/jlx_75/miniconda3/envs/pvmamba/lib/python3.10/site-packages/requests/__init__.py:109: RequestsDependencyWarning: urllib3 (1.26.13) or chardet (7.2.0)/charset_normalizer (2.1.1) doesn't match a supported version!
  warnings.warn(
/home/jlx_75/miniconda3/envs/pvmamba/lib/python3.10/site-packages/requests/__init__.py:109: RequestsDependencyWarning: urllib3 (1.26.13) or chardet (7.2.0)/charset_normalizer (2.1.1) doesn't match a supported version!
  warnings.warn(
/home/jlx_75/miniconda3/envs/pvmamba/lib/python3.10/site-packages/requests/__init__.py:109: RequestsDependencyWarning: urllib3 (1.26.13) or chardet (7.2.0)/charset_normalizer (2.1.1) doesn't match a supported version!
  warnings.warn(
/home/jlx_75/miniconda3/envs/pvmamba/lib/python3.10/site-packages/requests/__init__.py:109: RequestsDependencyWarning: urllib3 (1.26.13) or chardet (7.2.0)/charset_normalizer (2.1.1) doesn't match a supported version!
  warnings.warn(
/home/jlx_75/miniconda3/envs/pvmamba/lib/python3.10/site-packages/requests/__init__.py:109: RequestsDependencyWarning: urllib3 (1.26.13) or chardet (7.2.0)/charset_normalizer (2.1.1) doesn't match a supported version!
  warnings.warn(
/home/jlx_75/miniconda3/envs/pvmamba/lib/python3.10/site-packages/requests/__init__.py:109: RequestsDependencyWarning: urllib3 (1.26.13) or chardet (7.2.0)/charset_normalizer (2.1.1) doesn't match a supported version!
  warnings.warn(
/home/jlx_75/miniconda3/envs/pvmamba/lib/python3.10/site-packages/requests/__init__.py:109: RequestsDependencyWarning: urllib3 (1.26.13) or chardet (7.2.0)/charset_normalizer (2.1.1) doesn't match a supported version!
  warnings.warn(
[2026-03-25 02:31:04 tiny_cifar100_30ep](main.py 348): INFO Train: [20/30][0/390]	eta 2:22:53 lr 0.000039	 wd 0.0500	time 21.9840 (21.9840)	data time 21.8419 (21.8419)	model time 0.0000 (0.0000)	loss 3.5796 (3.5796)	grad_norm 4.2792 (4.2792)	loss_scale 65536.0000 (65536.0000)	mem 1205MB
[2026-03-25 02:31:05 tiny_cifar100_30ep](main.py 348): INFO Train: [20/30][10/390]	eta 0:13:17 lr 0.000038	 wd 0.0500	time 0.1054 (2.0977)	data time 0.0006 (1.9862)	model time 0.0000 (0.0000)	loss 4.0292 (3.2152)	grad_norm 4.5794 (5.7148)	loss_scale 65536.0000 (65536.0000)	mem 1205MB
[2026-03-25 02:31:06 tiny_cifar100_30ep](main.py 348): INFO Train: [20/30][20/390]	eta 0:07:05 lr 0.000038	 wd 0.0500	time 0.1113 (1.1502)	data time 0.0008 (1.0407)	model time 0.0000 (0.0000)	loss 2.9720 (3.2487)	grad_norm 5.6401 (5.7475)	loss_scale 65536.0000 (65536.0000)	mem 1205MB
[2026-03-25 02:31:07 tiny_cifar100_30ep](main.py 348): INFO Train: [20/30][30/390]	eta 0:04:53 lr 0.000038	 wd 0.0500	time 0.1096 (0.8147)	data time 0.0006 (0.7052)	model time 0.0000 (0.0000)	loss 3.8382 (3.2405)	grad_norm 8.7784 (5.9642)	loss_scale 65536.0000 (65536.0000)	mem 1205MB
[2026-03-25 02:31:09 tiny_cifar100_30ep](main.py 348): INFO Train: [20/30][40/390]	eta 0:03:44 lr 0.000038	 wd 0.0500	time 0.1037 (0.6418)	data time 0.0005 (0.5334)	model time 0.0000 (0.0000)	loss 3.2924 (3.2858)	grad_norm 6.1353 (5.9377)	loss_scale 65536.0000 (65536.0000)	mem 1205MB
[2026-03-25 02:31:10 tiny_cifar100_30ep](main.py 348): INFO Train: [20/30][50/390]	eta 0:03:02 lr 0.000038	 wd 0.0500	time 0.1258 (0.5381)	data time 0.0006 (0.4289)	model time 0.0000 (0.0000)	loss 3.6543 (3.3476)	grad_norm 5.1724 (5.8259)	loss_scale 65536.0000 (65536.0000)	mem 1205MB
[2026-03-25 02:31:11 tiny_cifar100_30ep](main.py 348): INFO Train: [20/30][60/390]	eta 0:02:34 lr 0.000038	 wd 0.0500	time 0.1108 (0.4682)	data time 0.0007 (0.3587)	model time 0.1102 (0.1115)	loss 3.2327 (3.3507)	grad_norm 6.4353 (5.8090)	loss_scale 65536.0000 (65536.0000)	mem 1205MB
[2026-03-25 02:31:12 tiny_cifar100_30ep](main.py 348): INFO Train: [20/30][70/390]	eta 0:02:13 lr 0.000037	 wd 0.0500	time 0.1027 (0.4179)	data time 0.0005 (0.3083)	model time 0.1022 (0.1107)	loss 2.8156 (3.3355)	grad_norm 5.7771 (5.7513)	loss_scale 65536.0000 (65536.0000)	mem 1205MB
[2026-03-25 02:31:13 tiny_cifar100_30ep](main.py 348): INFO Train: [20/30][80/390]	eta 0:01:57 lr 0.000037	 wd 0.0500	time 0.1032 (0.3801)	data time 0.0005 (0.2703)	model time 0.1027 (0.1110)	loss 3.2941 (3.3322)	grad_norm 5.8793 (5.7373)	loss_scale 65536.0000 (65536.0000)	mem 1205MB
[2026-03-25 02:31:14 tiny_cifar100_30ep](main.py 348): INFO Train: [20/30][90/390]	eta 0:01:44 lr 0.000037	 wd 0.0500	time 0.1033 (0.3499)	data time 0.0006 (0.2407)	model time 0.1026 (0.1094)	loss 4.2009 (3.3527)	grad_norm 4.8436 (5.7139)	loss_scale 65536.0000 (65536.0000)	mem 1205MB
[2026-03-25 02:31:15 tiny_cifar100_30ep](main.py 348): INFO Train: [20/30][100/390]	eta 0:01:34 lr 0.000037	 wd 0.0500	time 0.1061 (0.3260)	data time 0.0006 (0.2169)	model time 0.1055 (0.1090)	loss 3.7346 (3.3448)	grad_norm 6.2233 (5.7238)	loss_scale 65536.0000 (65536.0000)	mem 1205MB
[2026-03-25 02:31:16 tiny_cifar100_30ep](main.py 348): INFO Train: [20/30][110/390]	eta 0:01:25 lr 0.000037	 wd 0.0500	time 0.1196 (0.3070)	data time 0.0006 (0.1974)	model time 0.1190 (0.1099)	loss 3.8548 (3.3500)	grad_norm 6.2687 (5.7647)	loss_scale 65536.0000 (65536.0000)	mem 1205MB
[2026-03-25 02:31:17 tiny_cifar100_30ep](main.py 348): INFO Train: [20/30][120/390]	eta 0:01:18 lr 0.000037	 wd 0.0500	time 0.1028 (0.2903)	data time 0.0004 (0.1811)	model time 0.1024 (0.1091)	loss 2.9282 (3.3454)	grad_norm 5.9264 (5.7445)	loss_scale 65536.0000 (65536.0000)	mem 1205MB
[2026-03-25 02:31:18 tiny_cifar100_30ep](main.py 348): INFO Train: [20/30][130/390]	eta 0:01:11 lr 0.000036	 wd 0.0500	time 0.1028 (0.2761)	data time 0.0005 (0.1674)	model time 0.1022 (0.1084)	loss 3.6645 (3.3533)	grad_norm 7.4305 (5.7368)	loss_scale 65536.0000 (65536.0000)	mem 1205MB
[2026-03-25 02:31:19 tiny_cifar100_30ep](main.py 348): INFO Train: [20/30][140/390]	eta 0:01:05 lr 0.000036	 wd 0.0500	time 0.1033 (0.2638)	data time 0.0005 (0.1555)	model time 0.1028 (0.1078)	loss 3.1351 (3.3481)	grad_norm 5.8815 (5.7232)	loss_scale 65536.0000 (65536.0000)	mem 1205MB
[2026-03-25 02:31:20 tiny_cifar100_30ep](main.py 348): INFO Train: [20/30][150/390]	eta 0:01:00 lr 0.000036	 wd 0.0500	time 0.1032 (0.2532)	data time 0.0006 (0.1453)	model time 0.1026 (0.1072)	loss 3.5590 (3.3562)	grad_norm 5.2160 (5.6975)	loss_scale 65536.0000 (65536.0000)	mem 1205MB
[2026-03-25 02:31:22 tiny_cifar100_30ep](main.py 348): INFO Train: [20/30][160/390]	eta 0:00:56 lr 0.000036	 wd 0.0500	time 0.1030 (0.2440)	data time 0.0005 (0.1363)	model time 0.1025 (0.1070)	loss 3.6400 (3.3632)	grad_norm 6.6565 (5.7159)	loss_scale 65536.0000 (65536.0000)	mem 1205MB
[2026-03-25 02:31:23 tiny_cifar100_30ep](main.py 348): INFO Train: [20/30][170/390]	eta 0:00:51 lr 0.000036	 wd 0.0500	time 0.1028 (0.2358)	data time 0.0005 (0.1284)	model time 0.1022 (0.1067)	loss 3.8166 (3.3601)	grad_norm 6.1285 (5.7267)	loss_scale 65536.0000 (65536.0000)	mem 1205MB
[2026-03-25 02:31:24 tiny_cifar100_30ep](main.py 348): INFO Train: [20/30][180/390]	eta 0:00:47 lr 0.000036	 wd 0.0500	time 0.1050 (0.2284)	data time 0.0006 (0.1213)	model time 0.1044 (0.1064)	loss 3.7021 (3.3738)	grad_norm 5.6411 (5.7253)	loss_scale 65536.0000 (65536.0000)	mem 1205MB
[2026-03-25 02:31:25 tiny_cifar100_30ep](main.py 348): INFO Train: [20/30][190/390]	eta 0:00:44 lr 0.000035	 wd 0.0500	time 0.1031 (0.2219)	data time 0.0006 (0.1150)	model time 0.1025 (0.1061)	loss 2.7492 (3.3606)	grad_norm 5.1142 (5.7231)	loss_scale 65536.0000 (65536.0000)	mem 1205MB
[2026-03-25 02:31:26 tiny_cifar100_30ep](main.py 348): INFO Train: [20/30][200/390]	eta 0:00:41 lr 0.000035	 wd 0.0500	time 0.1031 (0.2161)	data time 0.0005 (0.1093)	model time 0.1026 (0.1060)	loss 3.2466 (3.3588)	grad_norm 5.1218 (5.7174)	loss_scale 65536.0000 (65536.0000)	mem 1205MB
[2026-03-25 02:31:27 tiny_cifar100_30ep](main.py 348): INFO Train: [20/30][210/390]	eta 0:00:37 lr 0.000035	 wd 0.0500	time 0.1030 (0.2108)	data time 0.0006 (0.1041)	model time 0.1023 (0.1059)	loss 3.3336 (3.3651)	grad_norm 6.5464 (5.7065)	loss_scale 65536.0000 (65536.0000)	mem 1205MB
[2026-03-25 02:31:28 tiny_cifar100_30ep](main.py 348): INFO Train: [20/30][220/390]	eta 0:00:35 lr 0.000035	 wd 0.0500	time 0.1029 (0.2060)	data time 0.0006 (0.0995)	model time 0.1023 (0.1058)	loss 4.1315 (3.3554)	grad_norm 4.5395 (5.6917)	loss_scale 65536.0000 (65536.0000)	mem 1205MB
[2026-03-25 02:31:29 tiny_cifar100_30ep](main.py 348): INFO Train: [20/30][230/390]	eta 0:00:32 lr 0.000035	 wd 0.0500	time 0.1029 (0.2016)	data time 0.0006 (0.0952)	model time 0.1023 (0.1057)	loss 3.5381 (3.3559)	grad_norm 5.6198 (5.6778)	loss_scale 65536.0000 (65536.0000)	mem 1205MB
[2026-03-25 02:31:30 tiny_cifar100_30ep](main.py 348): INFO Train: [20/30][240/390]	eta 0:00:29 lr 0.000035	 wd 0.0500	time 0.1027 (0.1977)	data time 0.0005 (0.0913)	model time 0.1022 (0.1057)	loss 3.8248 (3.3493)	grad_norm 6.3702 (5.6978)	loss_scale 65536.0000 (65536.0000)	mem 1205MB
[2026-03-25 02:31:31 tiny_cifar100_30ep](main.py 348): INFO Train: [20/30][250/390]	eta 0:00:27 lr 0.000034	 wd 0.0500	time 0.1194 (0.1942)	data time 0.0006 (0.0876)	model time 0.1188 (0.1058)	loss 2.7627 (3.3491)	grad_norm 5.3116 (5.6868)	loss_scale 65536.0000 (65536.0000)	mem 1205MB
[2026-03-25 02:31:32 tiny_cifar100_30ep](main.py 348): INFO Train: [20/30][260/390]	eta 0:00:24 lr 0.000034	 wd 0.0500	time 0.1020 (0.1913)	data time 0.0005 (0.0843)	model time 0.1015 (0.1064)	loss 3.7492 (3.3411)	grad_norm 6.6081 (5.7023)	loss_scale 65536.0000 (65536.0000)	mem 1205MB
[2026-03-25 02:31:33 tiny_cifar100_30ep](main.py 348): INFO Train: [20/30][270/390]	eta 0:00:22 lr 0.000034	 wd 0.0500	time 0.1040 (0.1882)	data time 0.0007 (0.0812)	model time 0.1033 (0.1065)	loss 3.0336 (3.3409)	grad_norm 6.0409 (5.6965)	loss_scale 65536.0000 (65536.0000)	mem 1205MB
[2026-03-25 02:31:34 tiny_cifar100_30ep](main.py 348): INFO Train: [20/30][280/390]	eta 0:00:20 lr 0.000034	 wd 0.0500	time 0.1095 (0.1853)	data time 0.0005 (0.0784)	model time 0.1090 (0.1065)	loss 2.3811 (3.3436)	grad_norm 5.9046 (5.6984)	loss_scale 65536.0000 (65536.0000)	mem 1205MB
[2026-03-25 02:31:35 tiny_cifar100_30ep](main.py 348): INFO Train: [20/30][290/390]	eta 0:00:18 lr 0.000034	 wd 0.0500	time 0.1021 (0.1825)	data time 0.0006 (0.0757)	model time 0.1015 (0.1063)	loss 3.8822 (3.3381)	grad_norm 4.4580 (5.7064)	loss_scale 65536.0000 (65536.0000)	mem 1205MB
[2026-03-25 02:31:36 tiny_cifar100_30ep](main.py 348): INFO Train: [20/30][300/390]	eta 0:00:16 lr 0.000034	 wd 0.0500	time 0.1241 (0.1802)	data time 0.0006 (0.0732)	model time 0.1234 (0.1066)	loss 4.0624 (3.3413)	grad_norm 5.0194 (5.7005)	loss_scale 65536.0000 (65536.0000)	mem 1205MB
[2026-03-25 02:31:38 tiny_cifar100_30ep](main.py 348): INFO Train: [20/30][310/390]	eta 0:00:14 lr 0.000033	 wd 0.0500	time 0.1065 (0.1779)	data time 0.0005 (0.0709)	model time 0.1060 (0.1067)	loss 2.5843 (3.3473)	grad_norm 7.3349 (5.6962)	loss_scale 65536.0000 (65536.0000)	mem 1205MB
[2026-03-25 02:31:39 tiny_cifar100_30ep](main.py 348): INFO Train: [20/30][320/390]	eta 0:00:12 lr 0.000033	 wd 0.0500	time 0.1054 (0.1757)	data time 0.0004 (0.0687)	model time 0.1049 (0.1066)	loss 2.5626 (3.3438)	grad_norm 6.3483 (5.7033)	loss_scale 65536.0000 (65536.0000)	mem 1205MB
[2026-03-25 02:31:40 tiny_cifar100_30ep](main.py 348): INFO Train: [20/30][330/390]	eta 0:00:10 lr 0.000033	 wd 0.0500	time 0.1070 (0.1736)	data time 0.0008 (0.0666)	model time 0.1062 (0.1066)	loss 3.8451 (3.3485)	grad_norm 5.2026 (5.7073)	loss_scale 65536.0000 (65536.0000)	mem 1205MB
[2026-03-25 02:31:41 tiny_cifar100_30ep](main.py 348): INFO Train: [20/30][340/390]	eta 0:00:08 lr 0.000033	 wd 0.0500	time 0.1049 (0.1717)	data time 0.0006 (0.0647)	model time 0.1043 (0.1066)	loss 2.8808 (3.3436)	grad_norm 6.0123 (5.7136)	loss_scale 65536.0000 (65536.0000)	mem 1205MB
[2026-03-25 02:31:42 tiny_cifar100_30ep](main.py 348): INFO Train: [20/30][350/390]	eta 0:00:06 lr 0.000033	 wd 0.0500	time 0.1034 (0.1698)	data time 0.0006 (0.0628)	model time 0.1028 (0.1066)	loss 3.6260 (3.3415)	grad_norm 5.2237 (5.7007)	loss_scale 65536.0000 (65536.0000)	mem 1205MB
[2026-03-25 02:31:43 tiny_cifar100_30ep](main.py 348): INFO Train: [20/30][360/390]	eta 0:00:05 lr 0.000033	 wd 0.0500	time 0.1035 (0.1680)	data time 0.0005 (0.0611)	model time 0.1030 (0.1065)	loss 2.7654 (3.3400)	grad_norm 5.3871 (5.6908)	loss_scale 65536.0000 (65536.0000)	mem 1205MB
[2026-03-25 02:31:44 tiny_cifar100_30ep](main.py 348): INFO Train: [20/30][370/390]	eta 0:00:03 lr 0.000033	 wd 0.0500	time 0.1141 (0.1664)	data time 0.0007 (0.0595)	model time 0.1134 (0.1065)	loss 2.9800 (3.3377)	grad_norm 6.0230 (5.6952)	loss_scale 65536.0000 (65536.0000)	mem 1205MB
[2026-03-25 02:31:45 tiny_cifar100_30ep](main.py 348): INFO Train: [20/30][380/390]	eta 0:00:01 lr 0.000032	 wd 0.0500	time 0.1133 (0.1650)	data time 0.0004 (0.0579)	model time 0.1130 (0.1067)	loss 3.8634 (3.3448)	grad_norm 5.5796 (5.6934)	loss_scale 65536.0000 (65536.0000)	mem 1205MB
[2026-03-25 02:31:47 tiny_cifar100_30ep](main.py 359): INFO EPOCH 20 training takes 0:01:04
[2026-03-25 02:31:47 tiny_cifar100_30ep](utils.py 104): INFO ./output_cifar100_noema_30ep/tiny_cifar100_30ep/20260325020204/latest_ckpt.pth saving......
[2026-03-25 02:31:48 tiny_cifar100_30ep](utils.py 106): INFO ./output_cifar100_noema_30ep/tiny_cifar100_30ep/20260325020204/latest_ckpt.pth saved !!!
/home/jlx_75/miniconda3/envs/pvmamba/lib/python3.10/site-packages/requests/__init__.py:109: RequestsDependencyWarning: urllib3 (1.26.13) or chardet (7.2.0)/charset_normalizer (2.1.1) doesn't match a supported version!
  warnings.warn(
/home/jlx_75/miniconda3/envs/pvmamba/lib/python3.10/site-packages/requests/__init__.py:109: RequestsDependencyWarning: urllib3 (1.26.13) or chardet (7.2.0)/charset_normalizer (2.1.1) doesn't match a supported version!
  warnings.warn(
/home/jlx_75/miniconda3/envs/pvmamba/lib/python3.10/site-packages/requests/__init__.py:109: RequestsDependencyWarning: urllib3 (1.26.13) or chardet (7.2.0)/charset_normalizer (2.1.1) doesn't match a supported version!
  warnings.warn(
/home/jlx_75/miniconda3/envs/pvmamba/lib/python3.10/site-packages/requests/__init__.py:109: RequestsDependencyWarning: urllib3 (1.26.13) or chardet (7.2.0)/charset_normalizer (2.1.1) doesn't match a supported version!
  warnings.warn(
/home/jlx_75/miniconda3/envs/pvmamba/lib/python3.10/site-packages/requests/__init__.py:109: RequestsDependencyWarning: urllib3 (1.26.13) or chardet (7.2.0)/charset_normalizer (2.1.1) doesn't match a supported version!
  warnings.warn(
/home/jlx_75/miniconda3/envs/pvmamba/lib/python3.10/site-packages/requests/__init__.py:109: RequestsDependencyWarning: urllib3 (1.26.13) or chardet (7.2.0)/charset_normalizer (2.1.1) doesn't match a supported version!
  warnings.warn(
/home/jlx_75/miniconda3/envs/pvmamba/lib/python3.10/site-packages/requests/__init__.py:109: RequestsDependencyWarning: urllib3 (1.26.13) or chardet (7.2.0)/charset_normalizer (2.1.1) doesn't match a supported version!
  warnings.warn(
/home/jlx_75/miniconda3/envs/pvmamba/lib/python3.10/site-packages/requests/__init__.py:109: RequestsDependencyWarning: urllib3 (1.26.13) or chardet (7.2.0)/charset_normalizer (2.1.1) doesn't match a supported version!
  warnings.warn(
[2026-03-25 02:32:03 tiny_cifar100_30ep](main.py 403): INFO Test: [0/79]	Time 14.982 (14.982)	Loss 2.0234 (2.0234)	Acc@1 57.031 (57.031)	Acc@5 79.688 (79.688)	Mem 1205MB
[2026-03-25 02:32:03 tiny_cifar100_30ep](main.py 403): INFO Test: [10/79]	Time 0.035 (1.397)	Loss 2.1367 (2.1998)	Acc@1 48.438 (47.301)	Acc@5 78.125 (76.847)	Mem 1205MB
[2026-03-25 02:32:03 tiny_cifar100_30ep](main.py 403): INFO Test: [20/79]	Time 0.035 (0.748)	Loss 2.2109 (2.1802)	Acc@1 49.219 (47.098)	Acc@5 77.344 (76.823)	Mem 1205MB
[2026-03-25 02:32:04 tiny_cifar100_30ep](main.py 403): INFO Test: [30/79]	Time 0.034 (0.518)	Loss 2.1406 (2.1729)	Acc@1 45.312 (47.102)	Acc@5 78.906 (76.915)	Mem 1205MB
[2026-03-25 02:32:04 tiny_cifar100_30ep](main.py 403): INFO Test: [40/79]	Time 0.034 (0.401)	Loss 2.0664 (2.1795)	Acc@1 50.781 (46.989)	Acc@5 80.469 (76.677)	Mem 1205MB
[2026-03-25 02:32:04 tiny_cifar100_30ep](main.py 403): INFO Test: [50/79]	Time 0.035 (0.329)	Loss 2.2168 (2.1888)	Acc@1 48.438 (46.477)	Acc@5 74.219 (76.440)	Mem 1205MB
[2026-03-25 02:32:05 tiny_cifar100_30ep](main.py 403): INFO Test: [60/79]	Time 0.035 (0.281)	Loss 2.4375 (2.1963)	Acc@1 46.094 (46.260)	Acc@5 69.531 (76.383)	Mem 1205MB
[2026-03-25 02:32:05 tiny_cifar100_30ep](main.py 403): INFO Test: [70/79]	Time 0.034 (0.246)	Loss 2.2383 (2.1868)	Acc@1 46.875 (46.666)	Acc@5 72.656 (76.772)	Mem 1205MB
[2026-03-25 02:32:06 tiny_cifar100_30ep](main.py 410): INFO  * Acc@1 46.560 Acc@5 76.720
[2026-03-25 02:32:06 tiny_cifar100_30ep](main.py 239): INFO Accuracy of the network on the 10000 test images: 46.6%
/home/jlx_75/miniconda3/envs/pvmamba/lib/python3.10/site-packages/requests/__init__.py:109: RequestsDependencyWarning: urllib3 (1.26.13) or chardet (7.2.0)/charset_normalizer (2.1.1) doesn't match a supported version!
  warnings.warn(
/home/jlx_75/miniconda3/envs/pvmamba/lib/python3.10/site-packages/requests/__init__.py:109: RequestsDependencyWarning: urllib3 (1.26.13) or chardet (7.2.0)/charset_normalizer (2.1.1) doesn't match a supported version!
  warnings.warn(
/home/jlx_75/miniconda3/envs/pvmamba/lib/python3.10/site-packages/requests/__init__.py:109: RequestsDependencyWarning: urllib3 (1.26.13) or chardet (7.2.0)/charset_normalizer (2.1.1) doesn't match a supported version!
  warnings.warn(
/home/jlx_75/miniconda3/envs/pvmamba/lib/python3.10/site-packages/requests/__init__.py:109: RequestsDependencyWarning: urllib3 (1.26.13) or chardet (7.2.0)/charset_normalizer (2.1.1) doesn't match a supported version!
  warnings.warn(
/home/jlx_75/miniconda3/envs/pvmamba/lib/python3.10/site-packages/requests/__init__.py:109: RequestsDependencyWarning: urllib3 (1.26.13) or chardet (7.2.0)/charset_normalizer (2.1.1) doesn't match a supported version!
  warnings.warn(
/home/jlx_75/miniconda3/envs/pvmamba/lib/python3.10/site-packages/requests/__init__.py:109: RequestsDependencyWarning: urllib3 (1.26.13) or chardet (7.2.0)/charset_normalizer (2.1.1) doesn't match a supported version!
  warnings.warn(
/home/jlx_75/miniconda3/envs/pvmamba/lib/python3.10/site-packages/requests/__init__.py:109: RequestsDependencyWarning: urllib3 (1.26.13) or chardet (7.2.0)/charset_normalizer (2.1.1) doesn't match a supported version!
  warnings.warn(
/home/jlx_75/miniconda3/envs/pvmamba/lib/python3.10/site-packages/requests/__init__.py:109: RequestsDependencyWarning: urllib3 (1.26.13) or chardet (7.2.0)/charset_normalizer (2.1.1) doesn't match a supported version!
  warnings.warn(
[2026-03-25 02:32:28 tiny_cifar100_30ep](main.py 348): INFO Train: [21/30][0/390]	eta 2:24:04 lr 0.000032	 wd 0.0500	time 22.1659 (22.1659)	data time 22.0119 (22.0119)	model time 0.0000 (0.0000)	loss 2.9900 (2.9900)	grad_norm 5.9332 (5.9332)	loss_scale 65536.0000 (65536.0000)	mem 1205MB
[2026-03-25 02:32:29 tiny_cifar100_30ep](main.py 348): INFO Train: [21/30][10/390]	eta 0:13:23 lr 0.000032	 wd 0.0500	time 0.1072 (2.1154)	data time 0.0005 (2.0016)	model time 0.0000 (0.0000)	loss 3.6695 (3.2599)	grad_norm 5.0546 (6.1988)	loss_scale 65536.0000 (65536.0000)	mem 1205MB
[2026-03-25 02:32:30 tiny_cifar100_30ep](main.py 348): INFO Train: [21/30][20/390]	eta 0:07:08 lr 0.000032	 wd 0.0500	time 0.1074 (1.1591)	data time 0.0008 (1.0488)	model time 0.0000 (0.0000)	loss 3.9247 (3.3715)	grad_norm 4.8470 (5.9327)	loss_scale 65536.0000 (65536.0000)	mem 1205MB
[2026-03-25 02:32:31 tiny_cifar100_30ep](main.py 348): INFO Train: [21/30][30/390]	eta 0:04:55 lr 0.000032	 wd 0.0500	time 0.1081 (0.8204)	data time 0.0005 (0.7107)	model time 0.0000 (0.0000)	loss 3.0845 (3.4606)	grad_norm 5.1429 (5.7963)	loss_scale 65536.0000 (65536.0000)	mem 1205MB
[2026-03-25 02:32:33 tiny_cifar100_30ep](main.py 348): INFO Train: [21/30][40/390]	eta 0:03:46 lr 0.000032	 wd 0.0500	time 0.1157 (0.6474)	data time 0.0006 (0.5375)	model time 0.0000 (0.0000)	loss 2.9465 (3.4086)	grad_norm 6.1071 (5.7372)	loss_scale 65536.0000 (65536.0000)	mem 1205MB
[2026-03-25 02:32:34 tiny_cifar100_30ep](main.py 348): INFO Train: [21/30][50/390]	eta 0:03:04 lr 0.000031	 wd 0.0500	time 0.1084 (0.5419)	data time 0.0007 (0.4322)	model time 0.0000 (0.0000)	loss 4.0051 (3.4195)	grad_norm 4.9068 (5.5942)	loss_scale 65536.0000 (65536.0000)	mem 1205MB
[2026-03-25 02:32:35 tiny_cifar100_30ep](main.py 348): INFO Train: [21/30][60/390]	eta 0:02:35 lr 0.000031	 wd 0.0500	time 0.1043 (0.4705)	data time 0.0005 (0.3615)	model time 0.1037 (0.1055)	loss 3.8958 (3.3924)	grad_norm 6.9303 (5.6288)	loss_scale 65536.0000 (65536.0000)	mem 1205MB
[2026-03-25 02:32:36 tiny_cifar100_30ep](main.py 348): INFO Train: [21/30][70/390]	eta 0:02:14 lr 0.000031	 wd 0.0500	time 0.1029 (0.4189)	data time 0.0005 (0.3107)	model time 0.1024 (0.1044)	loss 3.7551 (3.4137)	grad_norm 5.6234 (5.6004)	loss_scale 65536.0000 (65536.0000)	mem 1205MB
[2026-03-25 02:32:37 tiny_cifar100_30ep](main.py 348): INFO Train: [21/30][80/390]	eta 0:01:57 lr 0.000031	 wd 0.0500	time 0.1020 (0.3803)	data time 0.0006 (0.2724)	model time 0.1013 (0.1049)	loss 2.9935 (3.3848)	grad_norm 5.4595 (5.6332)	loss_scale 65536.0000 (65536.0000)	mem 1205MB
[2026-03-25 02:32:38 tiny_cifar100_30ep](main.py 348): INFO Train: [21/30][90/390]	eta 0:01:44 lr 0.000031	 wd 0.0500	time 0.1131 (0.3500)	data time 0.0006 (0.2425)	model time 0.1125 (0.1047)	loss 4.0119 (3.3986)	grad_norm 5.0587 (5.6216)	loss_scale 65536.0000 (65536.0000)	mem 1205MB
[2026-03-25 02:32:39 tiny_cifar100_30ep](main.py 348): INFO Train: [21/30][100/390]	eta 0:01:34 lr 0.000031	 wd 0.0500	time 0.1024 (0.3258)	data time 0.0007 (0.2186)	model time 0.1018 (0.1048)	loss 3.5676 (3.4019)	grad_norm 5.3071 (5.6153)	loss_scale 65536.0000 (65536.0000)	mem 1205MB
[2026-03-25 02:32:40 tiny_cifar100_30ep](main.py 348): INFO Train: [21/30][110/390]	eta 0:01:25 lr 0.000030	 wd 0.0500	time 0.1070 (0.3061)	data time 0.0006 (0.1989)	model time 0.1064 (0.1050)	loss 3.8603 (3.4021)	grad_norm 8.1723 (5.6237)	loss_scale 65536.0000 (65536.0000)	mem 1205MB
[2026-03-25 02:32:41 tiny_cifar100_30ep](main.py 348): INFO Train: [21/30][120/390]	eta 0:01:18 lr 0.000030	 wd 0.0500	time 0.1044 (0.2898)	data time 0.0005 (0.1825)	model time 0.1039 (0.1055)	loss 3.1304 (3.3994)	grad_norm 4.8533 (5.6134)	loss_scale 65536.0000 (65536.0000)	mem 1205MB
[2026-03-25 02:32:42 tiny_cifar100_30ep](main.py 348): INFO Train: [21/30][130/390]	eta 0:01:11 lr 0.000030	 wd 0.0500	time 0.1027 (0.2756)	data time 0.0006 (0.1687)	model time 0.1021 (0.1052)	loss 3.4811 (3.4168)	grad_norm 5.4332 (5.6029)	loss_scale 65536.0000 (65536.0000)	mem 1205MB
[2026-03-25 02:32:43 tiny_cifar100_30ep](main.py 348): INFO Train: [21/30][140/390]	eta 0:01:05 lr 0.000030	 wd 0.0500	time 0.1078 (0.2635)	data time 0.0008 (0.1567)	model time 0.1070 (0.1051)	loss 3.5724 (3.4049)	grad_norm 5.6698 (5.5979)	loss_scale 65536.0000 (65536.0000)	mem 1205MB
[2026-03-25 02:32:44 tiny_cifar100_30ep](main.py 348): INFO Train: [21/30][150/390]	eta 0:01:00 lr 0.000030	 wd 0.0500	time 0.1089 (0.2532)	data time 0.0007 (0.1464)	model time 0.1082 (0.1054)	loss 3.7025 (3.4066)	grad_norm 4.8753 (5.6112)	loss_scale 65536.0000 (65536.0000)	mem 1205MB
[2026-03-25 02:32:45 tiny_cifar100_30ep](main.py 348): INFO Train: [21/30][160/390]	eta 0:00:56 lr 0.000030	 wd 0.0500	time 0.1047 (0.2440)	data time 0.0006 (0.1373)	model time 0.1041 (0.1053)	loss 3.8752 (3.4116)	grad_norm 4.8475 (5.6348)	loss_scale 65536.0000 (65536.0000)	mem 1205MB
[2026-03-25 02:32:46 tiny_cifar100_30ep](main.py 348): INFO Train: [21/30][170/390]	eta 0:00:51 lr 0.000030	 wd 0.0500	time 0.1019 (0.2360)	data time 0.0006 (0.1294)	model time 0.1013 (0.1054)	loss 3.2721 (3.3953)	grad_norm 5.6045 (5.6450)	loss_scale 65536.0000 (65536.0000)	mem 1205MB
[2026-03-25 02:32:47 tiny_cifar100_30ep](main.py 348): INFO Train: [21/30][180/390]	eta 0:00:48 lr 0.000029	 wd 0.0500	time 0.1030 (0.2288)	data time 0.0006 (0.1222)	model time 0.1024 (0.1054)	loss 4.0013 (3.4084)	grad_norm 4.7464 (5.6262)	loss_scale 65536.0000 (65536.0000)	mem 1205MB
[2026-03-25 02:32:49 tiny_cifar100_30ep](main.py 348): INFO Train: [21/30][190/390]	eta 0:00:44 lr 0.000029	 wd 0.0500	time 0.1052 (0.2224)	data time 0.0005 (0.1159)	model time 0.1047 (0.1054)	loss 3.0800 (3.4000)	grad_norm 4.9548 (5.6501)	loss_scale 65536.0000 (65536.0000)	mem 1205MB
[2026-03-25 02:32:50 tiny_cifar100_30ep](main.py 348): INFO Train: [21/30][200/390]	eta 0:00:41 lr 0.000029	 wd 0.0500	time 0.1052 (0.2166)	data time 0.0006 (0.1101)	model time 0.1046 (0.1054)	loss 2.5344 (3.3843)	grad_norm 5.6511 (5.6506)	loss_scale 65536.0000 (65536.0000)	mem 1205MB
[2026-03-25 02:32:51 tiny_cifar100_30ep](main.py 348): INFO Train: [21/30][210/390]	eta 0:00:38 lr 0.000029	 wd 0.0500	time 0.1120 (0.2115)	data time 0.0005 (0.1049)	model time 0.1115 (0.1055)	loss 2.5146 (3.3716)	grad_norm 5.4218 (5.6657)	loss_scale 65536.0000 (65536.0000)	mem 1205MB
[2026-03-25 02:32:52 tiny_cifar100_30ep](main.py 348): INFO Train: [21/30][220/390]	eta 0:00:35 lr 0.000029	 wd 0.0500	time 0.1018 (0.2072)	data time 0.0005 (0.1002)	model time 0.1013 (0.1061)	loss 2.4454 (3.3774)	grad_norm 6.2206 (5.6911)	loss_scale 65536.0000 (65536.0000)	mem 1205MB
[2026-03-25 02:32:53 tiny_cifar100_30ep](main.py 348): INFO Train: [21/30][230/390]	eta 0:00:32 lr 0.000029	 wd 0.0500	time 0.1040 (0.2028)	data time 0.0006 (0.0959)	model time 0.1034 (0.1061)	loss 3.3755 (3.3755)	grad_norm 6.3006 (5.6894)	loss_scale 65536.0000 (65536.0000)	mem 1205MB
[2026-03-25 02:32:54 tiny_cifar100_30ep](main.py 348): INFO Train: [21/30][240/390]	eta 0:00:29 lr 0.000028	 wd 0.0500	time 0.1018 (0.1988)	data time 0.0005 (0.0920)	model time 0.1013 (0.1060)	loss 3.0344 (3.3714)	grad_norm 6.1682 (5.7008)	loss_scale 65536.0000 (65536.0000)	mem 1205MB
[2026-03-25 02:32:55 tiny_cifar100_30ep](main.py 348): INFO Train: [21/30][250/390]	eta 0:00:27 lr 0.000028	 wd 0.0500	time 0.1069 (0.1952)	data time 0.0008 (0.0883)	model time 0.1061 (0.1062)	loss 3.1245 (3.3628)	grad_norm 6.3378 (5.7120)	loss_scale 65536.0000 (65536.0000)	mem 1205MB
[2026-03-25 02:32:56 tiny_cifar100_30ep](main.py 348): INFO Train: [21/30][260/390]	eta 0:00:24 lr 0.000028	 wd 0.0500	time 0.1022 (0.1917)	data time 0.0008 (0.0850)	model time 0.1014 (0.1061)	loss 3.8729 (3.3628)	grad_norm 4.9162 (5.7156)	loss_scale 131072.0000 (65787.0958)	mem 1205MB
[2026-03-25 02:32:57 tiny_cifar100_30ep](main.py 348): INFO Train: [21/30][270/390]	eta 0:00:22 lr 0.000028	 wd 0.0500	time 0.1090 (0.1887)	data time 0.0006 (0.0818)	model time 0.1084 (0.1062)	loss 2.3984 (3.3512)	grad_norm 5.9705 (inf)	loss_scale 65536.0000 (66745.1513)	mem 1205MB
[2026-03-25 02:32:58 tiny_cifar100_30ep](main.py 348): INFO Train: [21/30][280/390]	eta 0:00:20 lr 0.000028	 wd 0.0500	time 0.1023 (0.1857)	data time 0.0005 (0.0790)	model time 0.1017 (0.1061)	loss 3.8210 (3.3516)	grad_norm 7.5893 (inf)	loss_scale 65536.0000 (66702.1210)	mem 1205MB
[2026-03-25 02:32:59 tiny_cifar100_30ep](main.py 348): INFO Train: [21/30][290/390]	eta 0:00:18 lr 0.000028	 wd 0.0500	time 0.1078 (0.1829)	data time 0.0006 (0.0763)	model time 0.1071 (0.1060)	loss 3.2050 (3.3454)	grad_norm 4.9437 (inf)	loss_scale 65536.0000 (66662.0481)	mem 1205MB
[2026-03-25 02:33:00 tiny_cifar100_30ep](main.py 348): INFO Train: [21/30][300/390]	eta 0:00:16 lr 0.000028	 wd 0.0500	time 0.1038 (0.1806)	data time 0.0008 (0.0738)	model time 0.1031 (0.1063)	loss 3.9274 (3.3399)	grad_norm 6.2498 (inf)	loss_scale 65536.0000 (66624.6379)	mem 1205MB
[2026-03-25 02:33:01 tiny_cifar100_30ep](main.py 348): INFO Train: [21/30][310/390]	eta 0:00:14 lr 0.000027	 wd 0.0500	time 0.1026 (0.1782)	data time 0.0005 (0.0714)	model time 0.1021 (0.1063)	loss 3.8276 (3.3422)	grad_norm 7.5725 (inf)	loss_scale 65536.0000 (66589.6334)	mem 1205MB
[2026-03-25 02:33:03 tiny_cifar100_30ep](main.py 348): INFO Train: [21/30][320/390]	eta 0:00:12 lr 0.000027	 wd 0.0500	time 0.1157 (0.1760)	data time 0.0007 (0.0692)	model time 0.1151 (0.1063)	loss 3.7615 (3.3441)	grad_norm 5.0831 (inf)	loss_scale 65536.0000 (66556.8100)	mem 1205MB
[2026-03-25 02:33:04 tiny_cifar100_30ep](main.py 348): INFO Train: [21/30][330/390]	eta 0:00:10 lr 0.000027	 wd 0.0500	time 0.1020 (0.1738)	data time 0.0004 (0.0671)	model time 0.1016 (0.1062)	loss 2.8206 (3.3436)	grad_norm 5.9860 (inf)	loss_scale 65536.0000 (66525.9698)	mem 1205MB
[2026-03-25 02:33:05 tiny_cifar100_30ep](main.py 348): INFO Train: [21/30][340/390]	eta 0:00:08 lr 0.000027	 wd 0.0500	time 0.1024 (0.1718)	data time 0.0006 (0.0652)	model time 0.1018 (0.1061)	loss 3.7448 (3.3478)	grad_norm 5.9345 (inf)	loss_scale 65536.0000 (66496.9384)	mem 1205MB
[2026-03-25 02:33:06 tiny_cifar100_30ep](main.py 348): INFO Train: [21/30][350/390]	eta 0:00:06 lr 0.000027	 wd 0.0500	time 0.1101 (0.1701)	data time 0.0009 (0.0633)	model time 0.1092 (0.1062)	loss 2.5195 (3.3425)	grad_norm 5.5506 (inf)	loss_scale 65536.0000 (66469.5613)	mem 1205MB
[2026-03-25 02:33:07 tiny_cifar100_30ep](main.py 348): INFO Train: [21/30][360/390]	eta 0:00:05 lr 0.000027	 wd 0.0500	time 0.1022 (0.1685)	data time 0.0005 (0.0616)	model time 0.1016 (0.1065)	loss 2.4365 (3.3414)	grad_norm 5.4043 (inf)	loss_scale 65536.0000 (66443.7008)	mem 1205MB
[2026-03-25 02:33:08 tiny_cifar100_30ep](main.py 348): INFO Train: [21/30][370/390]	eta 0:00:03 lr 0.000026	 wd 0.0500	time 0.1030 (0.1669)	data time 0.0005 (0.0600)	model time 0.1025 (0.1065)	loss 3.9133 (3.3460)	grad_norm 7.1696 (inf)	loss_scale 65536.0000 (66419.2345)	mem 1205MB
[2026-03-25 02:33:09 tiny_cifar100_30ep](main.py 348): INFO Train: [21/30][380/390]	eta 0:00:01 lr 0.000026	 wd 0.0500	time 0.1018 (0.1652)	data time 0.0003 (0.0584)	model time 0.1015 (0.1064)	loss 3.5911 (3.3373)	grad_norm 4.7583 (inf)	loss_scale 65536.0000 (66396.0525)	mem 1205MB
[2026-03-25 02:33:11 tiny_cifar100_30ep](main.py 359): INFO EPOCH 21 training takes 0:01:04
[2026-03-25 02:33:11 tiny_cifar100_30ep](utils.py 104): INFO ./output_cifar100_noema_30ep/tiny_cifar100_30ep/20260325020204/latest_ckpt.pth saving......
[2026-03-25 02:33:11 tiny_cifar100_30ep](utils.py 106): INFO ./output_cifar100_noema_30ep/tiny_cifar100_30ep/20260325020204/latest_ckpt.pth saved !!!
/home/jlx_75/miniconda3/envs/pvmamba/lib/python3.10/site-packages/requests/__init__.py:109: RequestsDependencyWarning: urllib3 (1.26.13) or chardet (7.2.0)/charset_normalizer (2.1.1) doesn't match a supported version!
  warnings.warn(
/home/jlx_75/miniconda3/envs/pvmamba/lib/python3.10/site-packages/requests/__init__.py:109: RequestsDependencyWarning: urllib3 (1.26.13) or chardet (7.2.0)/charset_normalizer (2.1.1) doesn't match a supported version!
  warnings.warn(
/home/jlx_75/miniconda3/envs/pvmamba/lib/python3.10/site-packages/requests/__init__.py:109: RequestsDependencyWarning: urllib3 (1.26.13) or chardet (7.2.0)/charset_normalizer (2.1.1) doesn't match a supported version!
  warnings.warn(
/home/jlx_75/miniconda3/envs/pvmamba/lib/python3.10/site-packages/requests/__init__.py:109: RequestsDependencyWarning: urllib3 (1.26.13) or chardet (7.2.0)/charset_normalizer (2.1.1) doesn't match a supported version!
  warnings.warn(
/home/jlx_75/miniconda3/envs/pvmamba/lib/python3.10/site-packages/requests/__init__.py:109: RequestsDependencyWarning: urllib3 (1.26.13) or chardet (7.2.0)/charset_normalizer (2.1.1) doesn't match a supported version!
  warnings.warn(
/home/jlx_75/miniconda3/envs/pvmamba/lib/python3.10/site-packages/requests/__init__.py:109: RequestsDependencyWarning: urllib3 (1.26.13) or chardet (7.2.0)/charset_normalizer (2.1.1) doesn't match a supported version!
  warnings.warn(
/home/jlx_75/miniconda3/envs/pvmamba/lib/python3.10/site-packages/requests/__init__.py:109: RequestsDependencyWarning: urllib3 (1.26.13) or chardet (7.2.0)/charset_normalizer (2.1.1) doesn't match a supported version!
  warnings.warn(
/home/jlx_75/miniconda3/envs/pvmamba/lib/python3.10/site-packages/requests/__init__.py:109: RequestsDependencyWarning: urllib3 (1.26.13) or chardet (7.2.0)/charset_normalizer (2.1.1) doesn't match a supported version!
  warnings.warn(
[2026-03-25 02:33:26 tiny_cifar100_30ep](main.py 403): INFO Test: [0/79]	Time 14.987 (14.987)	Loss 2.0098 (2.0098)	Acc@1 50.781 (50.781)	Acc@5 82.031 (82.031)	Mem 1205MB
[2026-03-25 02:33:27 tiny_cifar100_30ep](main.py 403): INFO Test: [10/79]	Time 0.036 (1.395)	Loss 2.1621 (2.1854)	Acc@1 48.438 (46.520)	Acc@5 79.688 (78.267)	Mem 1205MB
[2026-03-25 02:33:27 tiny_cifar100_30ep](main.py 403): INFO Test: [20/79]	Time 0.037 (0.748)	Loss 2.2305 (2.1710)	Acc@1 46.875 (47.173)	Acc@5 76.562 (77.827)	Mem 1205MB
[2026-03-25 02:33:28 tiny_cifar100_30ep](main.py 403): INFO Test: [30/79]	Time 0.036 (0.518)	Loss 2.1367 (2.1666)	Acc@1 40.625 (46.825)	Acc@5 80.469 (77.697)	Mem 1205MB
[2026-03-25 02:33:28 tiny_cifar100_30ep](main.py 403): INFO Test: [40/79]	Time 0.036 (0.401)	Loss 2.0605 (2.1735)	Acc@1 50.000 (46.799)	Acc@5 78.125 (77.039)	Mem 1205MB
[2026-03-25 02:33:28 tiny_cifar100_30ep](main.py 403): INFO Test: [50/79]	Time 0.036 (0.329)	Loss 2.2168 (2.1798)	Acc@1 47.656 (46.691)	Acc@5 75.000 (76.945)	Mem 1205MB
[2026-03-25 02:33:29 tiny_cifar100_30ep](main.py 403): INFO Test: [60/79]	Time 0.036 (0.281)	Loss 2.4062 (2.1887)	Acc@1 43.750 (46.388)	Acc@5 70.312 (76.755)	Mem 1205MB
[2026-03-25 02:33:29 tiny_cifar100_30ep](main.py 403): INFO Test: [70/79]	Time 0.035 (0.247)	Loss 2.1953 (2.1786)	Acc@1 47.656 (46.633)	Acc@5 75.000 (76.959)	Mem 1205MB
[2026-03-25 02:33:30 tiny_cifar100_30ep](main.py 410): INFO  * Acc@1 46.660 Acc@5 76.930
[2026-03-25 02:33:30 tiny_cifar100_30ep](main.py 239): INFO Accuracy of the network on the 10000 test images: 46.7%
[2026-03-25 02:33:30 tiny_cifar100_30ep](main.py 247): INFO New max accuracy: 46.66%
[2026-03-25 02:33:30 tiny_cifar100_30ep](utils.py 104): INFO ./output_cifar100_noema_30ep/tiny_cifar100_30ep/20260325020204/best_ckpt.pth saving......
[2026-03-25 02:33:31 tiny_cifar100_30ep](utils.py 106): INFO ./output_cifar100_noema_30ep/tiny_cifar100_30ep/20260325020204/best_ckpt.pth saved !!!
/home/jlx_75/miniconda3/envs/pvmamba/lib/python3.10/site-packages/requests/__init__.py:109: RequestsDependencyWarning: urllib3 (1.26.13) or chardet (7.2.0)/charset_normalizer (2.1.1) doesn't match a supported version!
  warnings.warn(
/home/jlx_75/miniconda3/envs/pvmamba/lib/python3.10/site-packages/requests/__init__.py:109: RequestsDependencyWarning: urllib3 (1.26.13) or chardet (7.2.0)/charset_normalizer (2.1.1) doesn't match a supported version!
  warnings.warn(
/home/jlx_75/miniconda3/envs/pvmamba/lib/python3.10/site-packages/requests/__init__.py:109: RequestsDependencyWarning: urllib3 (1.26.13) or chardet (7.2.0)/charset_normalizer (2.1.1) doesn't match a supported version!
  warnings.warn(
/home/jlx_75/miniconda3/envs/pvmamba/lib/python3.10/site-packages/requests/__init__.py:109: RequestsDependencyWarning: urllib3 (1.26.13) or chardet (7.2.0)/charset_normalizer (2.1.1) doesn't match a supported version!
  warnings.warn(
/home/jlx_75/miniconda3/envs/pvmamba/lib/python3.10/site-packages/requests/__init__.py:109: RequestsDependencyWarning: urllib3 (1.26.13) or chardet (7.2.0)/charset_normalizer (2.1.1) doesn't match a supported version!
  warnings.warn(
/home/jlx_75/miniconda3/envs/pvmamba/lib/python3.10/site-packages/requests/__init__.py:109: RequestsDependencyWarning: urllib3 (1.26.13) or chardet (7.2.0)/charset_normalizer (2.1.1) doesn't match a supported version!
  warnings.warn(
/home/jlx_75/miniconda3/envs/pvmamba/lib/python3.10/site-packages/requests/__init__.py:109: RequestsDependencyWarning: urllib3 (1.26.13) or chardet (7.2.0)/charset_normalizer (2.1.1) doesn't match a supported version!
  warnings.warn(
/home/jlx_75/miniconda3/envs/pvmamba/lib/python3.10/site-packages/requests/__init__.py:109: RequestsDependencyWarning: urllib3 (1.26.13) or chardet (7.2.0)/charset_normalizer (2.1.1) doesn't match a supported version!
  warnings.warn(
[2026-03-25 02:33:52 tiny_cifar100_30ep](main.py 348): INFO Train: [22/30][0/390]	eta 2:18:53 lr 0.000026	 wd 0.0500	time 21.3682 (21.3682)	data time 21.1959 (21.1959)	model time 0.0000 (0.0000)	loss 3.2590 (3.2590)	grad_norm 5.6726 (5.6726)	loss_scale 65536.0000 (65536.0000)	mem 1205MB
[2026-03-25 02:33:53 tiny_cifar100_30ep](main.py 348): INFO Train: [22/30][10/390]	eta 0:12:56 lr 0.000026	 wd 0.0500	time 0.1053 (2.0425)	data time 0.0007 (1.9275)	model time 0.0000 (0.0000)	loss 2.5183 (3.2817)	grad_norm 6.5788 (5.8242)	loss_scale 65536.0000 (65536.0000)	mem 1205MB
[2026-03-25 02:33:54 tiny_cifar100_30ep](main.py 348): INFO Train: [22/30][20/390]	eta 0:06:54 lr 0.000026	 wd 0.0500	time 0.1051 (1.1206)	data time 0.0005 (1.0099)	model time 0.0000 (0.0000)	loss 2.9643 (3.2692)	grad_norm 5.3819 (5.6933)	loss_scale 65536.0000 (65536.0000)	mem 1205MB
[2026-03-25 02:33:55 tiny_cifar100_30ep](main.py 348): INFO Train: [22/30][30/390]	eta 0:04:45 lr 0.000026	 wd 0.0500	time 0.1067 (0.7937)	data time 0.0006 (0.6843)	model time 0.0000 (0.0000)	loss 3.7850 (3.2271)	grad_norm 5.6412 (5.6944)	loss_scale 65536.0000 (65536.0000)	mem 1205MB
[2026-03-25 02:33:57 tiny_cifar100_30ep](main.py 348): INFO Train: [22/30][40/390]	eta 0:03:39 lr 0.000026	 wd 0.0500	time 0.1080 (0.6265)	data time 0.0006 (0.5176)	model time 0.0000 (0.0000)	loss 2.9352 (3.2517)	grad_norm 6.0893 (5.6246)	loss_scale 65536.0000 (65536.0000)	mem 1205MB
[2026-03-25 02:33:58 tiny_cifar100_30ep](main.py 348): INFO Train: [22/30][50/390]	eta 0:02:58 lr 0.000025	 wd 0.0500	time 0.1066 (0.5253)	data time 0.0010 (0.4162)	model time 0.0000 (0.0000)	loss 2.5548 (3.2384)	grad_norm 7.4387 (5.7079)	loss_scale 65536.0000 (65536.0000)	mem 1205MB
[2026-03-25 02:33:59 tiny_cifar100_30ep](main.py 348): INFO Train: [22/30][60/390]	eta 0:02:30 lr 0.000025	 wd 0.0500	time 0.1044 (0.4571)	data time 0.0006 (0.3481)	model time 0.1038 (0.1084)	loss 3.9017 (3.2664)	grad_norm 5.5679 (5.7624)	loss_scale 65536.0000 (65536.0000)	mem 1205MB
[2026-03-25 02:34:00 tiny_cifar100_30ep](main.py 348): INFO Train: [22/30][70/390]	eta 0:02:10 lr 0.000025	 wd 0.0500	time 0.1055 (0.4084)	data time 0.0006 (0.2992)	model time 0.1049 (0.1097)	loss 3.7260 (3.2886)	grad_norm 4.9396 (5.8111)	loss_scale 65536.0000 (65536.0000)	mem 1205MB
[2026-03-25 02:34:01 tiny_cifar100_30ep](main.py 348): INFO Train: [22/30][80/390]	eta 0:01:55 lr 0.000025	 wd 0.0500	time 0.1167 (0.3718)	data time 0.0005 (0.2623)	model time 0.1162 (0.1103)	loss 2.6407 (3.2743)	grad_norm 5.2671 (5.8302)	loss_scale 65536.0000 (65536.0000)	mem 1205MB
[2026-03-25 02:34:02 tiny_cifar100_30ep](main.py 348): INFO Train: [22/30][90/390]	eta 0:01:42 lr 0.000025	 wd 0.0500	time 0.1054 (0.3430)	data time 0.0008 (0.2335)	model time 0.1046 (0.1099)	loss 3.9431 (3.2925)	grad_norm 4.6243 (5.7971)	loss_scale 65536.0000 (65536.0000)	mem 1205MB
[2026-03-25 02:34:03 tiny_cifar100_30ep](main.py 348): INFO Train: [22/30][100/390]	eta 0:01:32 lr 0.000025	 wd 0.0500	time 0.1068 (0.3195)	data time 0.0005 (0.2105)	model time 0.1062 (0.1089)	loss 3.7291 (3.3220)	grad_norm 5.3562 (5.8116)	loss_scale 65536.0000 (65536.0000)	mem 1205MB
[2026-03-25 02:34:04 tiny_cifar100_30ep](main.py 348): INFO Train: [22/30][110/390]	eta 0:01:24 lr 0.000025	 wd 0.0500	time 0.1043 (0.3004)	data time 0.0005 (0.1916)	model time 0.1038 (0.1086)	loss 2.3843 (3.3011)	grad_norm 7.1481 (5.8237)	loss_scale 65536.0000 (65536.0000)	mem 1205MB
[2026-03-25 02:34:05 tiny_cifar100_30ep](main.py 348): INFO Train: [22/30][120/390]	eta 0:01:16 lr 0.000024	 wd 0.0500	time 0.1174 (0.2842)	data time 0.0005 (0.1758)	model time 0.1168 (0.1079)	loss 3.2010 (3.3135)	grad_norm 6.2522 (5.8372)	loss_scale 65536.0000 (65536.0000)	mem 1205MB
[2026-03-25 02:34:06 tiny_cifar100_30ep](main.py 348): INFO Train: [22/30][130/390]	eta 0:01:10 lr 0.000024	 wd 0.0500	time 0.1025 (0.2708)	data time 0.0006 (0.1624)	model time 0.1020 (0.1080)	loss 2.3597 (3.2946)	grad_norm 6.1208 (5.8403)	loss_scale 65536.0000 (65536.0000)	mem 1205MB
[2026-03-25 02:34:07 tiny_cifar100_30ep](main.py 348): INFO Train: [22/30][140/390]	eta 0:01:04 lr 0.000024	 wd 0.0500	time 0.1183 (0.2596)	data time 0.0006 (0.1509)	model time 0.1178 (0.1084)	loss 2.4789 (3.2909)	grad_norm 6.4400 (5.8685)	loss_scale 65536.0000 (65536.0000)	mem 1205MB
[2026-03-25 02:34:09 tiny_cifar100_30ep](main.py 348): INFO Train: [22/30][150/390]	eta 0:00:59 lr 0.000024	 wd 0.0500	time 0.1176 (0.2499)	data time 0.0005 (0.1410)	model time 0.1172 (0.1088)	loss 3.6171 (3.3083)	grad_norm 6.1130 (5.8490)	loss_scale 65536.0000 (65536.0000)	mem 1205MB
[2026-03-25 02:34:10 tiny_cifar100_30ep](main.py 348): INFO Train: [22/30][160/390]	eta 0:00:55 lr 0.000024	 wd 0.0500	time 0.1056 (0.2412)	data time 0.0005 (0.1323)	model time 0.1051 (0.1089)	loss 3.7472 (3.3034)	grad_norm 7.0486 (5.8510)	loss_scale 65536.0000 (65536.0000)	mem 1205MB
[2026-03-25 02:34:11 tiny_cifar100_30ep](main.py 348): INFO Train: [22/30][170/390]	eta 0:00:51 lr 0.000024	 wd 0.0500	time 0.1023 (0.2333)	data time 0.0005 (0.1246)	model time 0.1018 (0.1086)	loss 2.5843 (3.2954)	grad_norm 5.4129 (5.8476)	loss_scale 65536.0000 (65536.0000)	mem 1205MB
[2026-03-25 02:34:12 tiny_cifar100_30ep](main.py 348): INFO Train: [22/30][180/390]	eta 0:00:47 lr 0.000024	 wd 0.0500	time 0.1030 (0.2263)	data time 0.0005 (0.1177)	model time 0.1025 (0.1084)	loss 3.8507 (3.3076)	grad_norm 6.5867 (5.8358)	loss_scale 65536.0000 (65536.0000)	mem 1205MB
[2026-03-25 02:34:13 tiny_cifar100_30ep](main.py 348): INFO Train: [22/30][190/390]	eta 0:00:43 lr 0.000023	 wd 0.0500	time 0.1030 (0.2199)	data time 0.0006 (0.1116)	model time 0.1024 (0.1081)	loss 3.9883 (3.3106)	grad_norm 5.0542 (5.8334)	loss_scale 65536.0000 (65536.0000)	mem 1205MB
[2026-03-25 02:34:14 tiny_cifar100_30ep](main.py 348): INFO Train: [22/30][200/390]	eta 0:00:40 lr 0.000023	 wd 0.0500	time 0.1028 (0.2143)	data time 0.0007 (0.1061)	model time 0.1020 (0.1079)	loss 3.0535 (3.3194)	grad_norm 5.9752 (5.8099)	loss_scale 65536.0000 (65536.0000)	mem 1205MB
[2026-03-25 02:34:15 tiny_cifar100_30ep](main.py 348): INFO Train: [22/30][210/390]	eta 0:00:37 lr 0.000023	 wd 0.0500	time 0.1028 (0.2092)	data time 0.0005 (0.1011)	model time 0.1023 (0.1078)	loss 3.7892 (3.3161)	grad_norm 5.9163 (5.8210)	loss_scale 65536.0000 (65536.0000)	mem 1205MB
[2026-03-25 02:34:16 tiny_cifar100_30ep](main.py 348): INFO Train: [22/30][220/390]	eta 0:00:34 lr 0.000023	 wd 0.0500	time 0.1171 (0.2045)	data time 0.0006 (0.0965)	model time 0.1164 (0.1077)	loss 4.1155 (3.3294)	grad_norm 5.3309 (5.8108)	loss_scale 65536.0000 (65536.0000)	mem 1205MB
[2026-03-25 02:34:17 tiny_cifar100_30ep](main.py 348): INFO Train: [22/30][230/390]	eta 0:00:32 lr 0.000023	 wd 0.0500	time 0.1088 (0.2006)	data time 0.0005 (0.0924)	model time 0.1083 (0.1079)	loss 3.5920 (3.3343)	grad_norm 6.8399 (5.8137)	loss_scale 65536.0000 (65536.0000)	mem 1205MB
[2026-03-25 02:34:18 tiny_cifar100_30ep](main.py 348): INFO Train: [22/30][240/390]	eta 0:00:29 lr 0.000023	 wd 0.0500	time 0.1029 (0.1968)	data time 0.0005 (0.0886)	model time 0.1024 (0.1080)	loss 3.1120 (3.3385)	grad_norm 5.3604 (5.8253)	loss_scale 65536.0000 (65536.0000)	mem 1205MB
[2026-03-25 02:34:19 tiny_cifar100_30ep](main.py 348): INFO Train: [22/30][250/390]	eta 0:00:27 lr 0.000023	 wd 0.0500	time 0.1026 (0.1931)	data time 0.0006 (0.0851)	model time 0.1020 (0.1078)	loss 3.8837 (3.3414)	grad_norm 5.6935 (5.8211)	loss_scale 65536.0000 (65536.0000)	mem 1205MB
[2026-03-25 02:34:20 tiny_cifar100_30ep](main.py 348): INFO Train: [22/30][260/390]	eta 0:00:24 lr 0.000022	 wd 0.0500	time 0.1026 (0.1898)	data time 0.0006 (0.0818)	model time 0.1020 (0.1077)	loss 2.2103 (3.3408)	grad_norm 6.6636 (5.8239)	loss_scale 65536.0000 (65536.0000)	mem 1205MB
[2026-03-25 02:34:22 tiny_cifar100_30ep](main.py 348): INFO Train: [22/30][270/390]	eta 0:00:22 lr 0.000022	 wd 0.0500	time 0.1163 (0.1871)	data time 0.0006 (0.0788)	model time 0.1157 (0.1081)	loss 3.7685 (3.3535)	grad_norm 5.3648 (5.8112)	loss_scale 65536.0000 (65536.0000)	mem 1205MB
[2026-03-25 02:34:23 tiny_cifar100_30ep](main.py 348): INFO Train: [22/30][280/390]	eta 0:00:20 lr 0.000022	 wd 0.0500	time 0.1138 (0.1846)	data time 0.0006 (0.0760)	model time 0.1132 (0.1084)	loss 4.0263 (3.3507)	grad_norm 5.1385 (5.8149)	loss_scale 65536.0000 (65536.0000)	mem 1205MB
[2026-03-25 02:34:24 tiny_cifar100_30ep](main.py 348): INFO Train: [22/30][290/390]	eta 0:00:18 lr 0.000022	 wd 0.0500	time 0.1156 (0.1823)	data time 0.0008 (0.0735)	model time 0.1148 (0.1088)	loss 3.7867 (3.3528)	grad_norm 5.0834 (5.8133)	loss_scale 65536.0000 (65536.0000)	mem 1205MB
[2026-03-25 02:34:25 tiny_cifar100_30ep](main.py 348): INFO Train: [22/30][300/390]	eta 0:00:16 lr 0.000022	 wd 0.0500	time 0.1141 (0.1801)	data time 0.0007 (0.0710)	model time 0.1134 (0.1091)	loss 4.0968 (3.3459)	grad_norm 5.2274 (5.8139)	loss_scale 65536.0000 (65536.0000)	mem 1205MB
[2026-03-25 02:34:26 tiny_cifar100_30ep](main.py 348): INFO Train: [22/30][310/390]	eta 0:00:14 lr 0.000022	 wd 0.0500	time 0.1223 (0.1781)	data time 0.0006 (0.0688)	model time 0.1217 (0.1093)	loss 3.4124 (3.3474)	grad_norm 6.2619 (5.8088)	loss_scale 65536.0000 (65536.0000)	mem 1205MB
[2026-03-25 02:34:27 tiny_cifar100_30ep](main.py 348): INFO Train: [22/30][320/390]	eta 0:00:12 lr 0.000022	 wd 0.0500	time 0.1163 (0.1761)	data time 0.0007 (0.0666)	model time 0.1156 (0.1095)	loss 2.3183 (3.3435)	grad_norm 6.7623 (5.8080)	loss_scale 65536.0000 (65536.0000)	mem 1205MB
[2026-03-25 02:34:29 tiny_cifar100_30ep](main.py 348): INFO Train: [22/30][330/390]	eta 0:00:10 lr 0.000021	 wd 0.0500	time 0.1159 (0.1743)	data time 0.0005 (0.0647)	model time 0.1153 (0.1097)	loss 2.8508 (3.3401)	grad_norm 4.8249 (5.8158)	loss_scale 65536.0000 (65536.0000)	mem 1205MB
[2026-03-25 02:34:30 tiny_cifar100_30ep](main.py 348): INFO Train: [22/30][340/390]	eta 0:00:08 lr 0.000021	 wd 0.0500	time 0.1167 (0.1727)	data time 0.0005 (0.0628)	model time 0.1161 (0.1101)	loss 4.0378 (3.3457)	grad_norm 6.5415 (5.8077)	loss_scale 65536.0000 (65536.0000)	mem 1205MB
[2026-03-25 02:34:31 tiny_cifar100_30ep](main.py 348): INFO Train: [22/30][350/390]	eta 0:00:06 lr 0.000021	 wd 0.0500	time 0.1150 (0.1711)	data time 0.0005 (0.0610)	model time 0.1144 (0.1103)	loss 2.6610 (3.3394)	grad_norm 5.8934 (5.8027)	loss_scale 65536.0000 (65536.0000)	mem 1205MB
[2026-03-25 02:34:32 tiny_cifar100_30ep](main.py 348): INFO Train: [22/30][360/390]	eta 0:00:05 lr 0.000021	 wd 0.0500	time 0.1153 (0.1696)	data time 0.0006 (0.0593)	model time 0.1148 (0.1105)	loss 2.6911 (3.3403)	grad_norm 6.2746 (5.8008)	loss_scale 65536.0000 (65536.0000)	mem 1205MB
[2026-03-25 02:34:33 tiny_cifar100_30ep](main.py 348): INFO Train: [22/30][370/390]	eta 0:00:03 lr 0.000021	 wd 0.0500	time 0.1162 (0.1682)	data time 0.0007 (0.0578)	model time 0.1155 (0.1107)	loss 2.6763 (3.3329)	grad_norm 5.4497 (5.8019)	loss_scale 65536.0000 (65536.0000)	mem 1205MB
[2026-03-25 02:34:34 tiny_cifar100_30ep](main.py 348): INFO Train: [22/30][380/390]	eta 0:00:01 lr 0.000021	 wd 0.0500	time 0.1133 (0.1668)	data time 0.0004 (0.0563)	model time 0.1129 (0.1108)	loss 3.1946 (3.3321)	grad_norm 5.9658 (5.8005)	loss_scale 65536.0000 (65536.0000)	mem 1205MB
[2026-03-25 02:34:36 tiny_cifar100_30ep](main.py 359): INFO EPOCH 22 training takes 0:01:05
[2026-03-25 02:34:36 tiny_cifar100_30ep](utils.py 104): INFO ./output_cifar100_noema_30ep/tiny_cifar100_30ep/20260325020204/latest_ckpt.pth saving......
[2026-03-25 02:34:37 tiny_cifar100_30ep](utils.py 106): INFO ./output_cifar100_noema_30ep/tiny_cifar100_30ep/20260325020204/latest_ckpt.pth saved !!!
/home/jlx_75/miniconda3/envs/pvmamba/lib/python3.10/site-packages/requests/__init__.py:109: RequestsDependencyWarning: urllib3 (1.26.13) or chardet (7.2.0)/charset_normalizer (2.1.1) doesn't match a supported version!
  warnings.warn(
/home/jlx_75/miniconda3/envs/pvmamba/lib/python3.10/site-packages/requests/__init__.py:109: RequestsDependencyWarning: urllib3 (1.26.13) or chardet (7.2.0)/charset_normalizer (2.1.1) doesn't match a supported version!
  warnings.warn(
/home/jlx_75/miniconda3/envs/pvmamba/lib/python3.10/site-packages/requests/__init__.py:109: RequestsDependencyWarning: urllib3 (1.26.13) or chardet (7.2.0)/charset_normalizer (2.1.1) doesn't match a supported version!
  warnings.warn(
/home/jlx_75/miniconda3/envs/pvmamba/lib/python3.10/site-packages/requests/__init__.py:109: RequestsDependencyWarning: urllib3 (1.26.13) or chardet (7.2.0)/charset_normalizer (2.1.1) doesn't match a supported version!
  warnings.warn(
/home/jlx_75/miniconda3/envs/pvmamba/lib/python3.10/site-packages/requests/__init__.py:109: RequestsDependencyWarning: urllib3 (1.26.13) or chardet (7.2.0)/charset_normalizer (2.1.1) doesn't match a supported version!
  warnings.warn(
/home/jlx_75/miniconda3/envs/pvmamba/lib/python3.10/site-packages/requests/__init__.py:109: RequestsDependencyWarning: urllib3 (1.26.13) or chardet (7.2.0)/charset_normalizer (2.1.1) doesn't match a supported version!
  warnings.warn(
/home/jlx_75/miniconda3/envs/pvmamba/lib/python3.10/site-packages/requests/__init__.py:109: RequestsDependencyWarning: urllib3 (1.26.13) or chardet (7.2.0)/charset_normalizer (2.1.1) doesn't match a supported version!
  warnings.warn(
/home/jlx_75/miniconda3/envs/pvmamba/lib/python3.10/site-packages/requests/__init__.py:109: RequestsDependencyWarning: urllib3 (1.26.13) or chardet (7.2.0)/charset_normalizer (2.1.1) doesn't match a supported version!
  warnings.warn(
[2026-03-25 02:34:53 tiny_cifar100_30ep](main.py 403): INFO Test: [0/79]	Time 15.375 (15.375)	Loss 2.0020 (2.0020)	Acc@1 53.125 (53.125)	Acc@5 82.812 (82.812)	Mem 1205MB
[2026-03-25 02:34:53 tiny_cifar100_30ep](main.py 403): INFO Test: [10/79]	Time 0.035 (1.430)	Loss 2.1387 (2.1763)	Acc@1 48.438 (46.520)	Acc@5 76.562 (77.912)	Mem 1205MB
[2026-03-25 02:34:53 tiny_cifar100_30ep](main.py 403): INFO Test: [20/79]	Time 0.035 (0.766)	Loss 2.1816 (2.1570)	Acc@1 45.312 (46.689)	Acc@5 77.344 (77.455)	Mem 1205MB
[2026-03-25 02:34:54 tiny_cifar100_30ep](main.py 403): INFO Test: [30/79]	Time 0.035 (0.530)	Loss 2.1133 (2.1499)	Acc@1 44.531 (47.177)	Acc@5 82.812 (77.545)	Mem 1205MB
[2026-03-25 02:34:54 tiny_cifar100_30ep](main.py 403): INFO Test: [40/79]	Time 0.035 (0.409)	Loss 2.0117 (2.1552)	Acc@1 49.219 (47.180)	Acc@5 80.469 (77.153)	Mem 1205MB
[2026-03-25 02:34:54 tiny_cifar100_30ep](main.py 403): INFO Test: [50/79]	Time 0.035 (0.336)	Loss 2.2324 (2.1646)	Acc@1 46.094 (46.952)	Acc@5 75.000 (76.961)	Mem 1205MB
[2026-03-25 02:34:55 tiny_cifar100_30ep](main.py 403): INFO Test: [60/79]	Time 0.036 (0.287)	Loss 2.3574 (2.1722)	Acc@1 45.312 (46.760)	Acc@5 72.656 (76.921)	Mem 1205MB
[2026-03-25 02:34:55 tiny_cifar100_30ep](main.py 403): INFO Test: [70/79]	Time 0.034 (0.251)	Loss 2.1895 (2.1630)	Acc@1 47.656 (47.018)	Acc@5 73.438 (77.190)	Mem 1205MB
[2026-03-25 02:34:56 tiny_cifar100_30ep](main.py 410): INFO  * Acc@1 47.060 Acc@5 77.180
[2026-03-25 02:34:56 tiny_cifar100_30ep](main.py 239): INFO Accuracy of the network on the 10000 test images: 47.1%
[2026-03-25 02:34:56 tiny_cifar100_30ep](main.py 247): INFO New max accuracy: 47.06%
[2026-03-25 02:34:56 tiny_cifar100_30ep](utils.py 104): INFO ./output_cifar100_noema_30ep/tiny_cifar100_30ep/20260325020204/best_ckpt.pth saving......
[2026-03-25 02:34:57 tiny_cifar100_30ep](utils.py 106): INFO ./output_cifar100_noema_30ep/tiny_cifar100_30ep/20260325020204/best_ckpt.pth saved !!!
/home/jlx_75/miniconda3/envs/pvmamba/lib/python3.10/site-packages/requests/__init__.py:109: RequestsDependencyWarning: urllib3 (1.26.13) or chardet (7.2.0)/charset_normalizer (2.1.1) doesn't match a supported version!
  warnings.warn(
/home/jlx_75/miniconda3/envs/pvmamba/lib/python3.10/site-packages/requests/__init__.py:109: RequestsDependencyWarning: urllib3 (1.26.13) or chardet (7.2.0)/charset_normalizer (2.1.1) doesn't match a supported version!
  warnings.warn(
/home/jlx_75/miniconda3/envs/pvmamba/lib/python3.10/site-packages/requests/__init__.py:109: RequestsDependencyWarning: urllib3 (1.26.13) or chardet (7.2.0)/charset_normalizer (2.1.1) doesn't match a supported version!
  warnings.warn(
/home/jlx_75/miniconda3/envs/pvmamba/lib/python3.10/site-packages/requests/__init__.py:109: RequestsDependencyWarning: urllib3 (1.26.13) or chardet (7.2.0)/charset_normalizer (2.1.1) doesn't match a supported version!
  warnings.warn(
/home/jlx_75/miniconda3/envs/pvmamba/lib/python3.10/site-packages/requests/__init__.py:109: RequestsDependencyWarning: urllib3 (1.26.13) or chardet (7.2.0)/charset_normalizer (2.1.1) doesn't match a supported version!
  warnings.warn(
/home/jlx_75/miniconda3/envs/pvmamba/lib/python3.10/site-packages/requests/__init__.py:109: RequestsDependencyWarning: urllib3 (1.26.13) or chardet (7.2.0)/charset_normalizer (2.1.1) doesn't match a supported version!
  warnings.warn(
/home/jlx_75/miniconda3/envs/pvmamba/lib/python3.10/site-packages/requests/__init__.py:109: RequestsDependencyWarning: urllib3 (1.26.13) or chardet (7.2.0)/charset_normalizer (2.1.1) doesn't match a supported version!
  warnings.warn(
/home/jlx_75/miniconda3/envs/pvmamba/lib/python3.10/site-packages/requests/__init__.py:109: RequestsDependencyWarning: urllib3 (1.26.13) or chardet (7.2.0)/charset_normalizer (2.1.1) doesn't match a supported version!
  warnings.warn(
[2026-03-25 02:35:19 tiny_cifar100_30ep](main.py 348): INFO Train: [23/30][0/390]	eta 2:22:09 lr 0.000021	 wd 0.0500	time 21.8697 (21.8697)	data time 21.7353 (21.7353)	model time 0.0000 (0.0000)	loss 3.1274 (3.1274)	grad_norm 7.1535 (7.1535)	loss_scale 65536.0000 (65536.0000)	mem 1205MB
[2026-03-25 02:35:20 tiny_cifar100_30ep](main.py 348): INFO Train: [23/30][10/390]	eta 0:13:12 lr 0.000021	 wd 0.0500	time 0.1053 (2.0864)	data time 0.0005 (1.9765)	model time 0.0000 (0.0000)	loss 2.5074 (3.3437)	grad_norm 5.9255 (5.9165)	loss_scale 65536.0000 (65536.0000)	mem 1205MB
[2026-03-25 02:35:21 tiny_cifar100_30ep](main.py 348): INFO Train: [23/30][20/390]	eta 0:07:03 lr 0.000020	 wd 0.0500	time 0.1133 (1.1439)	data time 0.0008 (1.0356)	model time 0.0000 (0.0000)	loss 2.5323 (3.3121)	grad_norm 6.6730 (5.9537)	loss_scale 65536.0000 (65536.0000)	mem 1205MB
[2026-03-25 02:35:22 tiny_cifar100_30ep](main.py 348): INFO Train: [23/30][30/390]	eta 0:04:51 lr 0.000020	 wd 0.0500	time 0.1053 (0.8094)	data time 0.0008 (0.7017)	model time 0.0000 (0.0000)	loss 3.5033 (3.2701)	grad_norm 4.9069 (5.8233)	loss_scale 65536.0000 (65536.0000)	mem 1205MB
[2026-03-25 02:35:23 tiny_cifar100_30ep](main.py 348): INFO Train: [23/30][40/390]	eta 0:03:43 lr 0.000020	 wd 0.0500	time 0.1119 (0.6388)	data time 0.0005 (0.5307)	model time 0.0000 (0.0000)	loss 3.7697 (3.2790)	grad_norm 5.6859 (5.7742)	loss_scale 65536.0000 (65536.0000)	mem 1205MB
[2026-03-25 02:35:24 tiny_cifar100_30ep](main.py 348): INFO Train: [23/30][50/390]	eta 0:03:01 lr 0.000020	 wd 0.0500	time 0.1073 (0.5353)	data time 0.0005 (0.4268)	model time 0.0000 (0.0000)	loss 3.4815 (3.2868)	grad_norm 5.3349 (5.7474)	loss_scale 65536.0000 (65536.0000)	mem 1205MB
[2026-03-25 02:35:25 tiny_cifar100_30ep](main.py 348): INFO Train: [23/30][60/390]	eta 0:02:33 lr 0.000020	 wd 0.0500	time 0.1155 (0.4658)	data time 0.0006 (0.3569)	model time 0.1148 (0.1109)	loss 3.8696 (3.3129)	grad_norm 5.1563 (5.7671)	loss_scale 65536.0000 (65536.0000)	mem 1205MB
[2026-03-25 02:35:26 tiny_cifar100_30ep](main.py 348): INFO Train: [23/30][70/390]	eta 0:02:13 lr 0.000020	 wd 0.0500	time 0.1046 (0.4157)	data time 0.0005 (0.3068)	model time 0.1040 (0.1102)	loss 3.2214 (3.3293)	grad_norm 6.0069 (5.7350)	loss_scale 65536.0000 (65536.0000)	mem 1205MB
[2026-03-25 02:35:27 tiny_cifar100_30ep](main.py 348): INFO Train: [23/30][80/390]	eta 0:01:57 lr 0.000020	 wd 0.0500	time 0.1047 (0.3776)	data time 0.0005 (0.2690)	model time 0.1041 (0.1088)	loss 3.7905 (3.3363)	grad_norm 6.8958 (5.7743)	loss_scale 65536.0000 (65536.0000)	mem 1205MB
[2026-03-25 02:35:28 tiny_cifar100_30ep](main.py 348): INFO Train: [23/30][90/390]	eta 0:01:44 lr 0.000019	 wd 0.0500	time 0.1017 (0.3479)	data time 0.0005 (0.2395)	model time 0.1012 (0.1084)	loss 2.9054 (3.3147)	grad_norm 6.7184 (5.7595)	loss_scale 65536.0000 (65536.0000)	mem 1205MB
[2026-03-25 02:35:29 tiny_cifar100_30ep](main.py 348): INFO Train: [23/30][100/390]	eta 0:01:33 lr 0.000019	 wd 0.0500	time 0.1027 (0.3236)	data time 0.0007 (0.2158)	model time 0.1020 (0.1071)	loss 2.6940 (3.2837)	grad_norm 6.8811 (5.7431)	loss_scale 65536.0000 (65536.0000)	mem 1205MB
[2026-03-25 02:35:31 tiny_cifar100_30ep](main.py 348): INFO Train: [23/30][110/390]	eta 0:01:25 lr 0.000019	 wd 0.0500	time 0.1030 (0.3046)	data time 0.0005 (0.1964)	model time 0.1025 (0.1079)	loss 3.8109 (3.2879)	grad_norm 7.6869 (5.7527)	loss_scale 65536.0000 (65536.0000)	mem 1205MB
[2026-03-25 02:35:32 tiny_cifar100_30ep](main.py 348): INFO Train: [23/30][120/390]	eta 0:01:17 lr 0.000019	 wd 0.0500	time 0.1153 (0.2883)	data time 0.0006 (0.1803)	model time 0.1147 (0.1077)	loss 3.2170 (3.2742)	grad_norm 5.6330 (5.7420)	loss_scale 65536.0000 (65536.0000)	mem 1205MB
[2026-03-25 02:35:33 tiny_cifar100_30ep](main.py 348): INFO Train: [23/30][130/390]	eta 0:01:11 lr 0.000019	 wd 0.0500	time 0.1015 (0.2745)	data time 0.0005 (0.1665)	model time 0.1010 (0.1075)	loss 3.0133 (3.2979)	grad_norm 7.8873 (5.7590)	loss_scale 65536.0000 (65536.0000)	mem 1205MB
[2026-03-25 02:35:34 tiny_cifar100_30ep](main.py 348): INFO Train: [23/30][140/390]	eta 0:01:05 lr 0.000019	 wd 0.0500	time 0.1177 (0.2628)	data time 0.0007 (0.1548)	model time 0.1171 (0.1078)	loss 3.4772 (3.2751)	grad_norm 6.0022 (5.7868)	loss_scale 65536.0000 (65536.0000)	mem 1205MB
[2026-03-25 02:35:35 tiny_cifar100_30ep](main.py 348): INFO Train: [23/30][150/390]	eta 0:01:00 lr 0.000019	 wd 0.0500	time 0.1027 (0.2525)	data time 0.0007 (0.1446)	model time 0.1020 (0.1077)	loss 4.0804 (3.2764)	grad_norm 4.5727 (5.8031)	loss_scale 65536.0000 (65536.0000)	mem 1205MB
[2026-03-25 02:35:36 tiny_cifar100_30ep](main.py 348): INFO Train: [23/30][160/390]	eta 0:00:55 lr 0.000019	 wd 0.0500	time 0.1062 (0.2434)	data time 0.0006 (0.1356)	model time 0.1056 (0.1074)	loss 2.9552 (3.2802)	grad_norm 5.0962 (5.7835)	loss_scale 65536.0000 (65536.0000)	mem 1205MB
[2026-03-25 02:35:37 tiny_cifar100_30ep](main.py 348): INFO Train: [23/30][170/390]	eta 0:00:51 lr 0.000018	 wd 0.0500	time 0.1017 (0.2355)	data time 0.0005 (0.1277)	model time 0.1012 (0.1074)	loss 2.8526 (3.2841)	grad_norm 7.8741 (5.8183)	loss_scale 65536.0000 (65536.0000)	mem 1205MB
[2026-03-25 02:35:38 tiny_cifar100_30ep](main.py 348): INFO Train: [23/30][180/390]	eta 0:00:47 lr 0.000018	 wd 0.0500	time 0.1018 (0.2282)	data time 0.0005 (0.1207)	model time 0.1012 (0.1070)	loss 3.0504 (3.2937)	grad_norm 5.6957 (5.8132)	loss_scale 65536.0000 (65536.0000)	mem 1205MB
[2026-03-25 02:35:39 tiny_cifar100_30ep](main.py 348): INFO Train: [23/30][190/390]	eta 0:00:44 lr 0.000018	 wd 0.0500	time 0.1016 (0.2217)	data time 0.0006 (0.1144)	model time 0.1009 (0.1069)	loss 3.8969 (3.2987)	grad_norm 4.5891 (5.8026)	loss_scale 65536.0000 (65536.0000)	mem 1205MB
[2026-03-25 02:35:40 tiny_cifar100_30ep](main.py 348): INFO Train: [23/30][200/390]	eta 0:00:41 lr 0.000018	 wd 0.0500	time 0.1014 (0.2161)	data time 0.0005 (0.1088)	model time 0.1010 (0.1069)	loss 3.6732 (3.2973)	grad_norm 5.2733 (5.7988)	loss_scale 65536.0000 (65536.0000)	mem 1205MB
[2026-03-25 02:35:41 tiny_cifar100_30ep](main.py 348): INFO Train: [23/30][210/390]	eta 0:00:37 lr 0.000018	 wd 0.0500	time 0.1148 (0.2110)	data time 0.0005 (0.1036)	model time 0.1142 (0.1070)	loss 3.8412 (3.2888)	grad_norm 6.4382 (5.8154)	loss_scale 65536.0000 (65536.0000)	mem 1205MB
[2026-03-25 02:35:42 tiny_cifar100_30ep](main.py 348): INFO Train: [23/30][220/390]	eta 0:00:35 lr 0.000018	 wd 0.0500	time 0.1018 (0.2061)	data time 0.0005 (0.0990)	model time 0.1013 (0.1068)	loss 2.7572 (3.2854)	grad_norm 5.5634 (5.8062)	loss_scale 65536.0000 (65536.0000)	mem 1205MB
[2026-03-25 02:35:43 tiny_cifar100_30ep](main.py 348): INFO Train: [23/30][230/390]	eta 0:00:32 lr 0.000018	 wd 0.0500	time 0.1184 (0.2018)	data time 0.0006 (0.0947)	model time 0.1178 (0.1066)	loss 3.8510 (3.2819)	grad_norm 4.5810 (5.7975)	loss_scale 65536.0000 (65536.0000)	mem 1205MB
[2026-03-25 02:35:45 tiny_cifar100_30ep](main.py 348): INFO Train: [23/30][240/390]	eta 0:00:29 lr 0.000018	 wd 0.0500	time 0.1027 (0.1980)	data time 0.0005 (0.0908)	model time 0.1022 (0.1069)	loss 2.3719 (3.2774)	grad_norm 5.7834 (5.8045)	loss_scale 65536.0000 (65536.0000)	mem 1205MB
[2026-03-25 02:35:46 tiny_cifar100_30ep](main.py 348): INFO Train: [23/30][250/390]	eta 0:00:27 lr 0.000017	 wd 0.0500	time 0.1146 (0.1944)	data time 0.0006 (0.0872)	model time 0.1139 (0.1068)	loss 2.2701 (3.2780)	grad_norm 5.5560 (5.8051)	loss_scale 65536.0000 (65536.0000)	mem 1205MB
[2026-03-25 02:35:47 tiny_cifar100_30ep](main.py 348): INFO Train: [23/30][260/390]	eta 0:00:24 lr 0.000017	 wd 0.0500	time 0.1055 (0.1910)	data time 0.0006 (0.0839)	model time 0.1049 (0.1068)	loss 2.8813 (3.2751)	grad_norm 5.1904 (5.7998)	loss_scale 65536.0000 (65536.0000)	mem 1205MB
[2026-03-25 02:35:48 tiny_cifar100_30ep](main.py 348): INFO Train: [23/30][270/390]	eta 0:00:22 lr 0.000017	 wd 0.0500	time 0.1032 (0.1879)	data time 0.0007 (0.0808)	model time 0.1026 (0.1068)	loss 3.1439 (3.2738)	grad_norm 6.3217 (5.8137)	loss_scale 65536.0000 (65536.0000)	mem 1205MB
[2026-03-25 02:35:49 tiny_cifar100_30ep](main.py 348): INFO Train: [23/30][280/390]	eta 0:00:20 lr 0.000017	 wd 0.0500	time 0.1030 (0.1850)	data time 0.0007 (0.0780)	model time 0.1023 (0.1067)	loss 3.4659 (3.2681)	grad_norm 5.2635 (5.8218)	loss_scale 65536.0000 (65536.0000)	mem 1205MB
[2026-03-25 02:35:50 tiny_cifar100_30ep](main.py 348): INFO Train: [23/30][290/390]	eta 0:00:18 lr 0.000017	 wd 0.0500	time 0.1014 (0.1821)	data time 0.0006 (0.0753)	model time 0.1008 (0.1065)	loss 3.8168 (3.2661)	grad_norm 4.9651 (inf)	loss_scale 32768.0000 (64860.3711)	mem 1205MB
[2026-03-25 02:35:51 tiny_cifar100_30ep](main.py 348): INFO Train: [23/30][300/390]	eta 0:00:16 lr 0.000017	 wd 0.0500	time 0.1147 (0.1800)	data time 0.0006 (0.0728)	model time 0.1142 (0.1069)	loss 2.7316 (3.2685)	grad_norm 6.5670 (inf)	loss_scale 32768.0000 (63794.1794)	mem 1205MB
[2026-03-25 02:35:52 tiny_cifar100_30ep](main.py 348): INFO Train: [23/30][310/390]	eta 0:00:14 lr 0.000017	 wd 0.0500	time 0.1131 (0.1779)	data time 0.0007 (0.0705)	model time 0.1124 (0.1072)	loss 2.8658 (3.2679)	grad_norm 5.0517 (inf)	loss_scale 32768.0000 (62796.5531)	mem 1205MB
[2026-03-25 02:35:53 tiny_cifar100_30ep](main.py 348): INFO Train: [23/30][320/390]	eta 0:00:12 lr 0.000017	 wd 0.0500	time 0.1138 (0.1759)	data time 0.0006 (0.0683)	model time 0.1132 (0.1074)	loss 2.3525 (3.2722)	grad_norm 5.7415 (inf)	loss_scale 32768.0000 (61861.0841)	mem 1205MB
[2026-03-25 02:35:54 tiny_cifar100_30ep](main.py 348): INFO Train: [23/30][330/390]	eta 0:00:10 lr 0.000016	 wd 0.0500	time 0.1138 (0.1740)	data time 0.0007 (0.0663)	model time 0.1131 (0.1076)	loss 3.6231 (3.2732)	grad_norm 4.7671 (inf)	loss_scale 32768.0000 (60982.1390)	mem 1205MB
[2026-03-25 02:35:56 tiny_cifar100_30ep](main.py 348): INFO Train: [23/30][340/390]	eta 0:00:08 lr 0.000016	 wd 0.0500	time 0.1160 (0.1725)	data time 0.0006 (0.0644)	model time 0.1154 (0.1081)	loss 2.6496 (3.2736)	grad_norm 5.7266 (inf)	loss_scale 32768.0000 (60154.7449)	mem 1205MB
[2026-03-25 02:35:57 tiny_cifar100_30ep](main.py 348): INFO Train: [23/30][350/390]	eta 0:00:06 lr 0.000016	 wd 0.0500	time 0.1133 (0.1709)	data time 0.0007 (0.0626)	model time 0.1126 (0.1083)	loss 3.8307 (3.2734)	grad_norm 5.4481 (inf)	loss_scale 32768.0000 (59374.4957)	mem 1205MB
[2026-03-25 02:35:58 tiny_cifar100_30ep](main.py 348): INFO Train: [23/30][360/390]	eta 0:00:05 lr 0.000016	 wd 0.0500	time 0.1134 (0.1693)	data time 0.0006 (0.0608)	model time 0.1127 (0.1085)	loss 3.9013 (3.2769)	grad_norm 4.8140 (inf)	loss_scale 32768.0000 (58637.4737)	mem 1205MB
[2026-03-25 02:35:59 tiny_cifar100_30ep](main.py 348): INFO Train: [23/30][370/390]	eta 0:00:03 lr 0.000016	 wd 0.0500	time 0.1142 (0.1678)	data time 0.0006 (0.0592)	model time 0.1136 (0.1086)	loss 2.7169 (3.2757)	grad_norm 5.0480 (inf)	loss_scale 32768.0000 (57940.1833)	mem 1205MB
[2026-03-25 02:36:00 tiny_cifar100_30ep](main.py 348): INFO Train: [23/30][380/390]	eta 0:00:01 lr 0.000016	 wd 0.0500	time 0.1136 (0.1665)	data time 0.0004 (0.0577)	model time 0.1131 (0.1088)	loss 3.8861 (3.2783)	grad_norm 5.7501 (inf)	loss_scale 32768.0000 (57279.4961)	mem 1205MB
[2026-03-25 02:36:02 tiny_cifar100_30ep](main.py 359): INFO EPOCH 23 training takes 0:01:05
[2026-03-25 02:36:02 tiny_cifar100_30ep](utils.py 104): INFO ./output_cifar100_noema_30ep/tiny_cifar100_30ep/20260325020204/latest_ckpt.pth saving......
[2026-03-25 02:36:03 tiny_cifar100_30ep](utils.py 106): INFO ./output_cifar100_noema_30ep/tiny_cifar100_30ep/20260325020204/latest_ckpt.pth saved !!!
/home/jlx_75/miniconda3/envs/pvmamba/lib/python3.10/site-packages/requests/__init__.py:109: RequestsDependencyWarning: urllib3 (1.26.13) or chardet (7.2.0)/charset_normalizer (2.1.1) doesn't match a supported version!
  warnings.warn(
/home/jlx_75/miniconda3/envs/pvmamba/lib/python3.10/site-packages/requests/__init__.py:109: RequestsDependencyWarning: urllib3 (1.26.13) or chardet (7.2.0)/charset_normalizer (2.1.1) doesn't match a supported version!
  warnings.warn(
/home/jlx_75/miniconda3/envs/pvmamba/lib/python3.10/site-packages/requests/__init__.py:109: RequestsDependencyWarning: urllib3 (1.26.13) or chardet (7.2.0)/charset_normalizer (2.1.1) doesn't match a supported version!
  warnings.warn(
/home/jlx_75/miniconda3/envs/pvmamba/lib/python3.10/site-packages/requests/__init__.py:109: RequestsDependencyWarning: urllib3 (1.26.13) or chardet (7.2.0)/charset_normalizer (2.1.1) doesn't match a supported version!
  warnings.warn(
/home/jlx_75/miniconda3/envs/pvmamba/lib/python3.10/site-packages/requests/__init__.py:109: RequestsDependencyWarning: urllib3 (1.26.13) or chardet (7.2.0)/charset_normalizer (2.1.1) doesn't match a supported version!
  warnings.warn(
/home/jlx_75/miniconda3/envs/pvmamba/lib/python3.10/site-packages/requests/__init__.py:109: RequestsDependencyWarning: urllib3 (1.26.13) or chardet (7.2.0)/charset_normalizer (2.1.1) doesn't match a supported version!
  warnings.warn(
/home/jlx_75/miniconda3/envs/pvmamba/lib/python3.10/site-packages/requests/__init__.py:109: RequestsDependencyWarning: urllib3 (1.26.13) or chardet (7.2.0)/charset_normalizer (2.1.1) doesn't match a supported version!
  warnings.warn(
/home/jlx_75/miniconda3/envs/pvmamba/lib/python3.10/site-packages/requests/__init__.py:109: RequestsDependencyWarning: urllib3 (1.26.13) or chardet (7.2.0)/charset_normalizer (2.1.1) doesn't match a supported version!
  warnings.warn(
[2026-03-25 02:36:18 tiny_cifar100_30ep](main.py 403): INFO Test: [0/79]	Time 15.350 (15.350)	Loss 1.9697 (1.9697)	Acc@1 53.906 (53.906)	Acc@5 81.250 (81.250)	Mem 1205MB
[2026-03-25 02:36:19 tiny_cifar100_30ep](main.py 403): INFO Test: [10/79]	Time 0.036 (1.439)	Loss 2.0742 (2.1416)	Acc@1 50.000 (48.509)	Acc@5 78.906 (78.409)	Mem 1205MB
[2026-03-25 02:36:19 tiny_cifar100_30ep](main.py 403): INFO Test: [20/79]	Time 0.036 (0.771)	Loss 2.1191 (2.1171)	Acc@1 50.000 (48.438)	Acc@5 76.562 (78.311)	Mem 1205MB
[2026-03-25 02:36:19 tiny_cifar100_30ep](main.py 403): INFO Test: [30/79]	Time 0.037 (0.534)	Loss 2.0977 (2.1128)	Acc@1 47.656 (48.438)	Acc@5 80.469 (78.327)	Mem 1205MB
[2026-03-25 02:36:20 tiny_cifar100_30ep](main.py 403): INFO Test: [40/79]	Time 0.034 (0.412)	Loss 1.9980 (2.1204)	Acc@1 51.562 (48.380)	Acc@5 78.125 (77.782)	Mem 1205MB
[2026-03-25 02:36:20 tiny_cifar100_30ep](main.py 403): INFO Test: [50/79]	Time 0.035 (0.339)	Loss 2.1680 (2.1298)	Acc@1 50.000 (47.825)	Acc@5 74.219 (77.650)	Mem 1205MB
[2026-03-25 02:36:21 tiny_cifar100_30ep](main.py 403): INFO Test: [60/79]	Time 0.036 (0.289)	Loss 2.3145 (2.1371)	Acc@1 46.094 (47.695)	Acc@5 74.219 (77.574)	Mem 1205MB
[2026-03-25 02:36:21 tiny_cifar100_30ep](main.py 403): INFO Test: [70/79]	Time 0.034 (0.253)	Loss 2.1699 (2.1279)	Acc@1 48.438 (47.997)	Acc@5 74.219 (77.828)	Mem 1205MB
[2026-03-25 02:36:22 tiny_cifar100_30ep](main.py 410): INFO  * Acc@1 48.000 Acc@5 77.790
[2026-03-25 02:36:22 tiny_cifar100_30ep](main.py 239): INFO Accuracy of the network on the 10000 test images: 48.0%
[2026-03-25 02:36:22 tiny_cifar100_30ep](main.py 247): INFO New max accuracy: 48.00%
[2026-03-25 02:36:22 tiny_cifar100_30ep](utils.py 104): INFO ./output_cifar100_noema_30ep/tiny_cifar100_30ep/20260325020204/best_ckpt.pth saving......
[2026-03-25 02:36:23 tiny_cifar100_30ep](utils.py 106): INFO ./output_cifar100_noema_30ep/tiny_cifar100_30ep/20260325020204/best_ckpt.pth saved !!!
/home/jlx_75/miniconda3/envs/pvmamba/lib/python3.10/site-packages/requests/__init__.py:109: RequestsDependencyWarning: urllib3 (1.26.13) or chardet (7.2.0)/charset_normalizer (2.1.1) doesn't match a supported version!
  warnings.warn(
/home/jlx_75/miniconda3/envs/pvmamba/lib/python3.10/site-packages/requests/__init__.py:109: RequestsDependencyWarning: urllib3 (1.26.13) or chardet (7.2.0)/charset_normalizer (2.1.1) doesn't match a supported version!
  warnings.warn(
/home/jlx_75/miniconda3/envs/pvmamba/lib/python3.10/site-packages/requests/__init__.py:109: RequestsDependencyWarning: urllib3 (1.26.13) or chardet (7.2.0)/charset_normalizer (2.1.1) doesn't match a supported version!
  warnings.warn(
/home/jlx_75/miniconda3/envs/pvmamba/lib/python3.10/site-packages/requests/__init__.py:109: RequestsDependencyWarning: urllib3 (1.26.13) or chardet (7.2.0)/charset_normalizer (2.1.1) doesn't match a supported version!
  warnings.warn(
/home/jlx_75/miniconda3/envs/pvmamba/lib/python3.10/site-packages/requests/__init__.py:109: RequestsDependencyWarning: urllib3 (1.26.13) or chardet (7.2.0)/charset_normalizer (2.1.1) doesn't match a supported version!
  warnings.warn(
/home/jlx_75/miniconda3/envs/pvmamba/lib/python3.10/site-packages/requests/__init__.py:109: RequestsDependencyWarning: urllib3 (1.26.13) or chardet (7.2.0)/charset_normalizer (2.1.1) doesn't match a supported version!
  warnings.warn(
/home/jlx_75/miniconda3/envs/pvmamba/lib/python3.10/site-packages/requests/__init__.py:109: RequestsDependencyWarning: urllib3 (1.26.13) or chardet (7.2.0)/charset_normalizer (2.1.1) doesn't match a supported version!
  warnings.warn(
/home/jlx_75/miniconda3/envs/pvmamba/lib/python3.10/site-packages/requests/__init__.py:109: RequestsDependencyWarning: urllib3 (1.26.13) or chardet (7.2.0)/charset_normalizer (2.1.1) doesn't match a supported version!
  warnings.warn(
[2026-03-25 02:36:45 tiny_cifar100_30ep](main.py 348): INFO Train: [24/30][0/390]	eta 2:24:28 lr 0.000016	 wd 0.0500	time 22.2281 (22.2281)	data time 22.0653 (22.0653)	model time 0.0000 (0.0000)	loss 3.8344 (3.8344)	grad_norm 7.5737 (7.5737)	loss_scale 32768.0000 (32768.0000)	mem 1205MB
[2026-03-25 02:36:46 tiny_cifar100_30ep](main.py 348): INFO Train: [24/30][10/390]	eta 0:13:25 lr 0.000016	 wd 0.0500	time 0.1052 (2.1201)	data time 0.0006 (2.0065)	model time 0.0000 (0.0000)	loss 3.4230 (3.5219)	grad_norm 7.2839 (6.2732)	loss_scale 32768.0000 (32768.0000)	mem 1205MB
[2026-03-25 02:36:47 tiny_cifar100_30ep](main.py 348): INFO Train: [24/30][20/390]	eta 0:07:09 lr 0.000015	 wd 0.0500	time 0.1054 (1.1608)	data time 0.0005 (1.0513)	model time 0.0000 (0.0000)	loss 2.3815 (3.3719)	grad_norm 5.3841 (6.0946)	loss_scale 32768.0000 (32768.0000)	mem 1205MB
[2026-03-25 02:36:48 tiny_cifar100_30ep](main.py 348): INFO Train: [24/30][30/390]	eta 0:04:55 lr 0.000015	 wd 0.0500	time 0.1052 (0.8206)	data time 0.0008 (0.7124)	model time 0.0000 (0.0000)	loss 2.4049 (3.2592)	grad_norm 6.7171 (6.0505)	loss_scale 32768.0000 (32768.0000)	mem 1205MB
[2026-03-25 02:36:49 tiny_cifar100_30ep](main.py 348): INFO Train: [24/30][40/390]	eta 0:03:46 lr 0.000015	 wd 0.0500	time 0.1051 (0.6461)	data time 0.0005 (0.5388)	model time 0.0000 (0.0000)	loss 2.5093 (3.2187)	grad_norm 5.4003 (6.0074)	loss_scale 32768.0000 (32768.0000)	mem 1205MB
[2026-03-25 02:36:50 tiny_cifar100_30ep](main.py 348): INFO Train: [24/30][50/390]	eta 0:03:03 lr 0.000015	 wd 0.0500	time 0.1027 (0.5405)	data time 0.0006 (0.4332)	model time 0.0000 (0.0000)	loss 3.2741 (3.1590)	grad_norm 5.7359 (6.0210)	loss_scale 32768.0000 (32768.0000)	mem 1205MB
[2026-03-25 02:36:51 tiny_cifar100_30ep](main.py 348): INFO Train: [24/30][60/390]	eta 0:02:35 lr 0.000015	 wd 0.0500	time 0.1115 (0.4697)	data time 0.0006 (0.3623)	model time 0.1108 (0.1081)	loss 2.2661 (3.1556)	grad_norm 6.2409 (5.9962)	loss_scale 32768.0000 (32768.0000)	mem 1205MB
[2026-03-25 02:36:52 tiny_cifar100_30ep](main.py 348): INFO Train: [24/30][70/390]	eta 0:02:14 lr 0.000015	 wd 0.0500	time 0.1041 (0.4190)	data time 0.0006 (0.3114)	model time 0.1036 (0.1084)	loss 3.2572 (3.1657)	grad_norm 5.3108 (5.9048)	loss_scale 32768.0000 (32768.0000)	mem 1205MB
[2026-03-25 02:36:54 tiny_cifar100_30ep](main.py 348): INFO Train: [24/30][80/390]	eta 0:01:58 lr 0.000015	 wd 0.0500	time 0.1028 (0.3807)	data time 0.0007 (0.2730)	model time 0.1022 (0.1083)	loss 3.1551 (3.1467)	grad_norm 6.2678 (5.8856)	loss_scale 32768.0000 (32768.0000)	mem 1205MB
[2026-03-25 02:36:55 tiny_cifar100_30ep](main.py 348): INFO Train: [24/30][90/390]	eta 0:01:45 lr 0.000015	 wd 0.0500	time 0.1026 (0.3505)	data time 0.0005 (0.2431)	model time 0.1021 (0.1078)	loss 3.0733 (3.1488)	grad_norm 4.9815 (5.9318)	loss_scale 32768.0000 (32768.0000)	mem 1205MB
[2026-03-25 02:36:56 tiny_cifar100_30ep](main.py 348): INFO Train: [24/30][100/390]	eta 0:01:34 lr 0.000015	 wd 0.0500	time 0.1052 (0.3263)	data time 0.0005 (0.2191)	model time 0.1047 (0.1073)	loss 2.7062 (3.1855)	grad_norm 5.9509 (5.8849)	loss_scale 32768.0000 (32768.0000)	mem 1205MB
[2026-03-25 02:36:57 tiny_cifar100_30ep](main.py 348): INFO Train: [24/30][110/390]	eta 0:01:25 lr 0.000014	 wd 0.0500	time 0.1028 (0.3062)	data time 0.0006 (0.1994)	model time 0.1021 (0.1065)	loss 3.3615 (3.1703)	grad_norm 5.4338 (5.8714)	loss_scale 32768.0000 (32768.0000)	mem 1205MB
[2026-03-25 02:36:58 tiny_cifar100_30ep](main.py 348): INFO Train: [24/30][120/390]	eta 0:01:18 lr 0.000014	 wd 0.0500	time 0.1052 (0.2897)	data time 0.0006 (0.1829)	model time 0.1046 (0.1064)	loss 3.5718 (3.1668)	grad_norm 6.9595 (5.8619)	loss_scale 32768.0000 (32768.0000)	mem 1205MB
[2026-03-25 02:36:59 tiny_cifar100_30ep](main.py 348): INFO Train: [24/30][130/390]	eta 0:01:11 lr 0.000014	 wd 0.0500	time 0.1027 (0.2755)	data time 0.0005 (0.1690)	model time 0.1022 (0.1060)	loss 3.4640 (3.1685)	grad_norm 6.6999 (5.8846)	loss_scale 32768.0000 (32768.0000)	mem 1205MB
[2026-03-25 02:37:00 tiny_cifar100_30ep](main.py 348): INFO Train: [24/30][140/390]	eta 0:01:05 lr 0.000014	 wd 0.0500	time 0.1030 (0.2633)	data time 0.0005 (0.1571)	model time 0.1025 (0.1056)	loss 3.3610 (3.1660)	grad_norm 7.1697 (5.8913)	loss_scale 32768.0000 (32768.0000)	mem 1205MB
[2026-03-25 02:37:01 tiny_cifar100_30ep](main.py 348): INFO Train: [24/30][150/390]	eta 0:01:00 lr 0.000014	 wd 0.0500	time 0.1029 (0.2527)	data time 0.0005 (0.1467)	model time 0.1023 (0.1054)	loss 3.3481 (3.1819)	grad_norm 4.3677 (5.8569)	loss_scale 32768.0000 (32768.0000)	mem 1205MB
[2026-03-25 02:37:02 tiny_cifar100_30ep](main.py 348): INFO Train: [24/30][160/390]	eta 0:00:56 lr 0.000014	 wd 0.0500	time 0.1179 (0.2441)	data time 0.0005 (0.1376)	model time 0.1174 (0.1061)	loss 3.9916 (3.1856)	grad_norm 4.9604 (5.8646)	loss_scale 32768.0000 (32768.0000)	mem 1205MB
[2026-03-25 02:37:03 tiny_cifar100_30ep](main.py 348): INFO Train: [24/30][170/390]	eta 0:00:51 lr 0.000014	 wd 0.0500	time 0.1029 (0.2359)	data time 0.0006 (0.1296)	model time 0.1024 (0.1058)	loss 3.7679 (3.1940)	grad_norm 5.6934 (5.8573)	loss_scale 32768.0000 (32768.0000)	mem 1205MB
[2026-03-25 02:37:04 tiny_cifar100_30ep](main.py 348): INFO Train: [24/30][180/390]	eta 0:00:48 lr 0.000014	 wd 0.0500	time 0.1028 (0.2287)	data time 0.0006 (0.1225)	model time 0.1022 (0.1057)	loss 2.3422 (3.1975)	grad_norm 7.1069 (5.8707)	loss_scale 32768.0000 (32768.0000)	mem 1205MB
[2026-03-25 02:37:05 tiny_cifar100_30ep](main.py 348): INFO Train: [24/30][190/390]	eta 0:00:44 lr 0.000014	 wd 0.0500	time 0.1059 (0.2221)	data time 0.0006 (0.1161)	model time 0.1054 (0.1055)	loss 2.3037 (3.1939)	grad_norm 7.9505 (5.8641)	loss_scale 32768.0000 (32768.0000)	mem 1205MB
[2026-03-25 02:37:06 tiny_cifar100_30ep](main.py 348): INFO Train: [24/30][200/390]	eta 0:00:41 lr 0.000013	 wd 0.0500	time 0.1056 (0.2167)	data time 0.0006 (0.1104)	model time 0.1050 (0.1060)	loss 3.0327 (3.1964)	grad_norm 5.0347 (5.8680)	loss_scale 32768.0000 (32768.0000)	mem 1205MB
[2026-03-25 02:37:07 tiny_cifar100_30ep](main.py 348): INFO Train: [24/30][210/390]	eta 0:00:38 lr 0.000013	 wd 0.0500	time 0.1056 (0.2115)	data time 0.0006 (0.1052)	model time 0.1050 (0.1060)	loss 2.4391 (3.1948)	grad_norm 5.3470 (5.8735)	loss_scale 32768.0000 (32768.0000)	mem 1205MB
[2026-03-25 02:37:09 tiny_cifar100_30ep](main.py 348): INFO Train: [24/30][220/390]	eta 0:00:35 lr 0.000013	 wd 0.0500	time 0.1056 (0.2070)	data time 0.0007 (0.1004)	model time 0.1048 (0.1064)	loss 3.7151 (3.1971)	grad_norm 5.1557 (5.8627)	loss_scale 32768.0000 (32768.0000)	mem 1205MB
[2026-03-25 02:37:10 tiny_cifar100_30ep](main.py 348): INFO Train: [24/30][230/390]	eta 0:00:32 lr 0.000013	 wd 0.0500	time 0.1055 (0.2027)	data time 0.0007 (0.0961)	model time 0.1048 (0.1064)	loss 3.4284 (3.1879)	grad_norm 6.7971 (5.8868)	loss_scale 32768.0000 (32768.0000)	mem 1205MB
[2026-03-25 02:37:11 tiny_cifar100_30ep](main.py 348): INFO Train: [24/30][240/390]	eta 0:00:29 lr 0.000013	 wd 0.0500	time 0.1026 (0.1986)	data time 0.0006 (0.0921)	model time 0.1020 (0.1062)	loss 3.9940 (3.1923)	grad_norm 4.9197 (5.8905)	loss_scale 32768.0000 (32768.0000)	mem 1205MB
[2026-03-25 02:37:12 tiny_cifar100_30ep](main.py 348): INFO Train: [24/30][250/390]	eta 0:00:27 lr 0.000013	 wd 0.0500	time 0.1026 (0.1948)	data time 0.0005 (0.0885)	model time 0.1021 (0.1060)	loss 3.1405 (3.2042)	grad_norm 5.6127 (5.8807)	loss_scale 32768.0000 (32768.0000)	mem 1205MB
[2026-03-25 02:37:13 tiny_cifar100_30ep](main.py 348): INFO Train: [24/30][260/390]	eta 0:00:24 lr 0.000013	 wd 0.0500	time 0.1030 (0.1912)	data time 0.0006 (0.0851)	model time 0.1024 (0.1058)	loss 3.6274 (3.2077)	grad_norm 5.7387 (5.8806)	loss_scale 32768.0000 (32768.0000)	mem 1205MB
[2026-03-25 02:37:14 tiny_cifar100_30ep](main.py 348): INFO Train: [24/30][270/390]	eta 0:00:22 lr 0.000013	 wd 0.0500	time 0.1028 (0.1881)	data time 0.0006 (0.0820)	model time 0.1022 (0.1058)	loss 2.4661 (3.2126)	grad_norm 6.4575 (5.8869)	loss_scale 32768.0000 (32768.0000)	mem 1205MB
[2026-03-25 02:37:15 tiny_cifar100_30ep](main.py 348): INFO Train: [24/30][280/390]	eta 0:00:20 lr 0.000013	 wd 0.0500	time 0.1030 (0.1851)	data time 0.0007 (0.0791)	model time 0.1023 (0.1057)	loss 3.1900 (3.2174)	grad_norm 4.8767 (5.8780)	loss_scale 32768.0000 (32768.0000)	mem 1205MB
[2026-03-25 02:37:16 tiny_cifar100_30ep](main.py 348): INFO Train: [24/30][290/390]	eta 0:00:18 lr 0.000012	 wd 0.0500	time 0.1072 (0.1824)	data time 0.0005 (0.0764)	model time 0.1067 (0.1057)	loss 3.7181 (3.2152)	grad_norm 6.6973 (5.8909)	loss_scale 32768.0000 (32768.0000)	mem 1205MB
[2026-03-25 02:37:17 tiny_cifar100_30ep](main.py 348): INFO Train: [24/30][300/390]	eta 0:00:16 lr 0.000012	 wd 0.0500	time 0.1052 (0.1799)	data time 0.0007 (0.0739)	model time 0.1045 (0.1057)	loss 3.9466 (3.2191)	grad_norm 6.1954 (5.8909)	loss_scale 32768.0000 (32768.0000)	mem 1205MB
[2026-03-25 02:37:18 tiny_cifar100_30ep](main.py 348): INFO Train: [24/30][310/390]	eta 0:00:14 lr 0.000012	 wd 0.0500	time 0.1030 (0.1774)	data time 0.0007 (0.0715)	model time 0.1023 (0.1056)	loss 3.0798 (3.2111)	grad_norm 5.3866 (5.8828)	loss_scale 32768.0000 (32768.0000)	mem 1205MB
[2026-03-25 02:37:19 tiny_cifar100_30ep](main.py 348): INFO Train: [24/30][320/390]	eta 0:00:12 lr 0.000012	 wd 0.0500	time 0.1034 (0.1753)	data time 0.0005 (0.0693)	model time 0.1029 (0.1057)	loss 2.7234 (3.2040)	grad_norm 5.2548 (5.8835)	loss_scale 32768.0000 (32768.0000)	mem 1205MB
[2026-03-25 02:37:20 tiny_cifar100_30ep](main.py 348): INFO Train: [24/30][330/390]	eta 0:00:10 lr 0.000012	 wd 0.0500	time 0.1098 (0.1732)	data time 0.0005 (0.0672)	model time 0.1093 (0.1058)	loss 2.5798 (3.2111)	grad_norm 5.5362 (5.8856)	loss_scale 32768.0000 (32768.0000)	mem 1205MB
[2026-03-25 02:37:21 tiny_cifar100_30ep](main.py 348): INFO Train: [24/30][340/390]	eta 0:00:08 lr 0.000012	 wd 0.0500	time 0.1029 (0.1714)	data time 0.0006 (0.0653)	model time 0.1023 (0.1059)	loss 3.4943 (3.2133)	grad_norm 6.3598 (5.8874)	loss_scale 32768.0000 (32768.0000)	mem 1205MB
[2026-03-25 02:37:22 tiny_cifar100_30ep](main.py 348): INFO Train: [24/30][350/390]	eta 0:00:06 lr 0.000012	 wd 0.0500	time 0.1029 (0.1696)	data time 0.0006 (0.0635)	model time 0.1023 (0.1059)	loss 3.5891 (3.2230)	grad_norm 6.0705 (5.8885)	loss_scale 32768.0000 (32768.0000)	mem 1205MB
[2026-03-25 02:37:23 tiny_cifar100_30ep](main.py 348): INFO Train: [24/30][360/390]	eta 0:00:05 lr 0.000012	 wd 0.0500	time 0.1055 (0.1679)	data time 0.0005 (0.0617)	model time 0.1050 (0.1060)	loss 2.6996 (3.2242)	grad_norm 5.2572 (5.8948)	loss_scale 32768.0000 (32768.0000)	mem 1205MB
[2026-03-25 02:37:24 tiny_cifar100_30ep](main.py 348): INFO Train: [24/30][370/390]	eta 0:00:03 lr 0.000012	 wd 0.0500	time 0.1030 (0.1661)	data time 0.0006 (0.0601)	model time 0.1025 (0.1059)	loss 3.9768 (3.2188)	grad_norm 4.8000 (5.8949)	loss_scale 32768.0000 (32768.0000)	mem 1205MB
[2026-03-25 02:37:25 tiny_cifar100_30ep](main.py 348): INFO Train: [24/30][380/390]	eta 0:00:01 lr 0.000012	 wd 0.0500	time 0.1025 (0.1645)	data time 0.0003 (0.0585)	model time 0.1022 (0.1058)	loss 2.4582 (3.2219)	grad_norm 8.4018 (5.8932)	loss_scale 32768.0000 (32768.0000)	mem 1205MB
[2026-03-25 02:37:27 tiny_cifar100_30ep](main.py 359): INFO EPOCH 24 training takes 0:01:04
[2026-03-25 02:37:27 tiny_cifar100_30ep](utils.py 104): INFO ./output_cifar100_noema_30ep/tiny_cifar100_30ep/20260325020204/latest_ckpt.pth saving......
[2026-03-25 02:37:28 tiny_cifar100_30ep](utils.py 106): INFO ./output_cifar100_noema_30ep/tiny_cifar100_30ep/20260325020204/latest_ckpt.pth saved !!!
/home/jlx_75/miniconda3/envs/pvmamba/lib/python3.10/site-packages/requests/__init__.py:109: RequestsDependencyWarning: urllib3 (1.26.13) or chardet (7.2.0)/charset_normalizer (2.1.1) doesn't match a supported version!
  warnings.warn(
/home/jlx_75/miniconda3/envs/pvmamba/lib/python3.10/site-packages/requests/__init__.py:109: RequestsDependencyWarning: urllib3 (1.26.13) or chardet (7.2.0)/charset_normalizer (2.1.1) doesn't match a supported version!
  warnings.warn(
/home/jlx_75/miniconda3/envs/pvmamba/lib/python3.10/site-packages/requests/__init__.py:109: RequestsDependencyWarning: urllib3 (1.26.13) or chardet (7.2.0)/charset_normalizer (2.1.1) doesn't match a supported version!
  warnings.warn(
/home/jlx_75/miniconda3/envs/pvmamba/lib/python3.10/site-packages/requests/__init__.py:109: RequestsDependencyWarning: urllib3 (1.26.13) or chardet (7.2.0)/charset_normalizer (2.1.1) doesn't match a supported version!
  warnings.warn(
/home/jlx_75/miniconda3/envs/pvmamba/lib/python3.10/site-packages/requests/__init__.py:109: RequestsDependencyWarning: urllib3 (1.26.13) or chardet (7.2.0)/charset_normalizer (2.1.1) doesn't match a supported version!
  warnings.warn(
/home/jlx_75/miniconda3/envs/pvmamba/lib/python3.10/site-packages/requests/__init__.py:109: RequestsDependencyWarning: urllib3 (1.26.13) or chardet (7.2.0)/charset_normalizer (2.1.1) doesn't match a supported version!
  warnings.warn(
/home/jlx_75/miniconda3/envs/pvmamba/lib/python3.10/site-packages/requests/__init__.py:109: RequestsDependencyWarning: urllib3 (1.26.13) or chardet (7.2.0)/charset_normalizer (2.1.1) doesn't match a supported version!
  warnings.warn(
/home/jlx_75/miniconda3/envs/pvmamba/lib/python3.10/site-packages/requests/__init__.py:109: RequestsDependencyWarning: urllib3 (1.26.13) or chardet (7.2.0)/charset_normalizer (2.1.1) doesn't match a supported version!
  warnings.warn(
[2026-03-25 02:37:43 tiny_cifar100_30ep](main.py 403): INFO Test: [0/79]	Time 15.067 (15.067)	Loss 1.9453 (1.9453)	Acc@1 54.688 (54.688)	Acc@5 82.031 (82.031)	Mem 1205MB
[2026-03-25 02:37:43 tiny_cifar100_30ep](main.py 403): INFO Test: [10/79]	Time 0.036 (1.406)	Loss 2.0645 (2.1245)	Acc@1 50.781 (47.656)	Acc@5 79.688 (78.977)	Mem 1205MB
[2026-03-25 02:37:44 tiny_cifar100_30ep](main.py 403): INFO Test: [20/79]	Time 0.035 (0.754)	Loss 2.1406 (2.1012)	Acc@1 51.562 (48.140)	Acc@5 75.781 (78.981)	Mem 1205MB
[2026-03-25 02:37:44 tiny_cifar100_30ep](main.py 403): INFO Test: [30/79]	Time 0.035 (0.522)	Loss 2.0957 (2.0965)	Acc@1 45.312 (48.362)	Acc@5 78.906 (78.705)	Mem 1205MB
[2026-03-25 02:37:45 tiny_cifar100_30ep](main.py 403): INFO Test: [40/79]	Time 0.035 (0.403)	Loss 1.9844 (2.1048)	Acc@1 51.562 (48.380)	Acc@5 78.906 (78.182)	Mem 1205MB
[2026-03-25 02:37:45 tiny_cifar100_30ep](main.py 403): INFO Test: [50/79]	Time 0.034 (0.331)	Loss 2.1699 (2.1123)	Acc@1 50.781 (48.085)	Acc@5 74.219 (77.849)	Mem 1205MB
[2026-03-25 02:37:45 tiny_cifar100_30ep](main.py 403): INFO Test: [60/79]	Time 0.035 (0.283)	Loss 2.2852 (2.1191)	Acc@1 46.875 (48.040)	Acc@5 74.219 (77.690)	Mem 1205MB
[2026-03-25 02:37:46 tiny_cifar100_30ep](main.py 403): INFO Test: [70/79]	Time 0.034 (0.248)	Loss 2.1543 (2.1089)	Acc@1 47.656 (48.250)	Acc@5 78.906 (78.136)	Mem 1205MB
[2026-03-25 02:37:47 tiny_cifar100_30ep](main.py 410): INFO  * Acc@1 48.360 Acc@5 78.120
[2026-03-25 02:37:47 tiny_cifar100_30ep](main.py 239): INFO Accuracy of the network on the 10000 test images: 48.4%
[2026-03-25 02:37:47 tiny_cifar100_30ep](main.py 247): INFO New max accuracy: 48.36%
[2026-03-25 02:37:47 tiny_cifar100_30ep](utils.py 104): INFO ./output_cifar100_noema_30ep/tiny_cifar100_30ep/20260325020204/best_ckpt.pth saving......
[2026-03-25 02:37:47 tiny_cifar100_30ep](utils.py 106): INFO ./output_cifar100_noema_30ep/tiny_cifar100_30ep/20260325020204/best_ckpt.pth saved !!!
/home/jlx_75/miniconda3/envs/pvmamba/lib/python3.10/site-packages/requests/__init__.py:109: RequestsDependencyWarning: urllib3 (1.26.13) or chardet (7.2.0)/charset_normalizer (2.1.1) doesn't match a supported version!
  warnings.warn(
/home/jlx_75/miniconda3/envs/pvmamba/lib/python3.10/site-packages/requests/__init__.py:109: RequestsDependencyWarning: urllib3 (1.26.13) or chardet (7.2.0)/charset_normalizer (2.1.1) doesn't match a supported version!
  warnings.warn(
/home/jlx_75/miniconda3/envs/pvmamba/lib/python3.10/site-packages/requests/__init__.py:109: RequestsDependencyWarning: urllib3 (1.26.13) or chardet (7.2.0)/charset_normalizer (2.1.1) doesn't match a supported version!
  warnings.warn(
/home/jlx_75/miniconda3/envs/pvmamba/lib/python3.10/site-packages/requests/__init__.py:109: RequestsDependencyWarning: urllib3 (1.26.13) or chardet (7.2.0)/charset_normalizer (2.1.1) doesn't match a supported version!
  warnings.warn(
/home/jlx_75/miniconda3/envs/pvmamba/lib/python3.10/site-packages/requests/__init__.py:109: RequestsDependencyWarning: urllib3 (1.26.13) or chardet (7.2.0)/charset_normalizer (2.1.1) doesn't match a supported version!
  warnings.warn(
/home/jlx_75/miniconda3/envs/pvmamba/lib/python3.10/site-packages/requests/__init__.py:109: RequestsDependencyWarning: urllib3 (1.26.13) or chardet (7.2.0)/charset_normalizer (2.1.1) doesn't match a supported version!
  warnings.warn(
/home/jlx_75/miniconda3/envs/pvmamba/lib/python3.10/site-packages/requests/__init__.py:109: RequestsDependencyWarning: urllib3 (1.26.13) or chardet (7.2.0)/charset_normalizer (2.1.1) doesn't match a supported version!
  warnings.warn(
/home/jlx_75/miniconda3/envs/pvmamba/lib/python3.10/site-packages/requests/__init__.py:109: RequestsDependencyWarning: urllib3 (1.26.13) or chardet (7.2.0)/charset_normalizer (2.1.1) doesn't match a supported version!
  warnings.warn(
[2026-03-25 02:38:10 tiny_cifar100_30ep](main.py 348): INFO Train: [25/30][0/390]	eta 2:24:50 lr 0.000011	 wd 0.0500	time 22.2842 (22.2842)	data time 22.0969 (22.0969)	model time 0.0000 (0.0000)	loss 2.6344 (2.6344)	grad_norm 5.6692 (5.6692)	loss_scale 32768.0000 (32768.0000)	mem 1205MB
[2026-03-25 02:38:11 tiny_cifar100_30ep](main.py 348): INFO Train: [25/30][10/390]	eta 0:13:28 lr 0.000011	 wd 0.0500	time 0.1077 (2.1267)	data time 0.0005 (2.0094)	model time 0.0000 (0.0000)	loss 3.5265 (3.4068)	grad_norm 5.7772 (5.8282)	loss_scale 32768.0000 (32768.0000)	mem 1205MB
[2026-03-25 02:38:12 tiny_cifar100_30ep](main.py 348): INFO Train: [25/30][20/390]	eta 0:07:11 lr 0.000011	 wd 0.0500	time 0.1079 (1.1652)	data time 0.0006 (1.0528)	model time 0.0000 (0.0000)	loss 3.3288 (3.3921)	grad_norm 5.2525 (5.7811)	loss_scale 32768.0000 (32768.0000)	mem 1205MB
[2026-03-25 02:38:13 tiny_cifar100_30ep](main.py 348): INFO Train: [25/30][30/390]	eta 0:04:56 lr 0.000011	 wd 0.0500	time 0.1135 (0.8238)	data time 0.0006 (0.7134)	model time 0.0000 (0.0000)	loss 3.8388 (3.4091)	grad_norm 5.0780 (5.6567)	loss_scale 32768.0000 (32768.0000)	mem 1205MB
[2026-03-25 02:38:14 tiny_cifar100_30ep](main.py 348): INFO Train: [25/30][40/390]	eta 0:03:47 lr 0.000011	 wd 0.0500	time 0.1077 (0.6491)	data time 0.0006 (0.5395)	model time 0.0000 (0.0000)	loss 2.4057 (3.2751)	grad_norm 6.0975 (5.6748)	loss_scale 32768.0000 (32768.0000)	mem 1205MB
[2026-03-25 02:38:15 tiny_cifar100_30ep](main.py 348): INFO Train: [25/30][50/390]	eta 0:03:05 lr 0.000011	 wd 0.0500	time 0.1151 (0.5442)	data time 0.0005 (0.4339)	model time 0.0000 (0.0000)	loss 2.4702 (3.2785)	grad_norm 5.1304 (5.6348)	loss_scale 32768.0000 (32768.0000)	mem 1205MB
[2026-03-25 02:38:16 tiny_cifar100_30ep](main.py 348): INFO Train: [25/30][60/390]	eta 0:02:36 lr 0.000011	 wd 0.0500	time 0.1122 (0.4736)	data time 0.0007 (0.3629)	model time 0.1115 (0.1127)	loss 2.3588 (3.2399)	grad_norm 7.1675 (5.7599)	loss_scale 32768.0000 (32768.0000)	mem 1205MB
[2026-03-25 02:38:17 tiny_cifar100_30ep](main.py 348): INFO Train: [25/30][70/390]	eta 0:02:15 lr 0.000011	 wd 0.0500	time 0.1151 (0.4222)	data time 0.0006 (0.3118)	model time 0.1146 (0.1105)	loss 3.8344 (3.2735)	grad_norm 6.0743 (5.7657)	loss_scale 32768.0000 (32768.0000)	mem 1205MB
[2026-03-25 02:38:19 tiny_cifar100_30ep](main.py 348): INFO Train: [25/30][80/390]	eta 0:01:58 lr 0.000011	 wd 0.0500	time 0.1062 (0.3834)	data time 0.0007 (0.2734)	model time 0.1055 (0.1093)	loss 3.8510 (3.2718)	grad_norm 5.5066 (5.7467)	loss_scale 32768.0000 (32768.0000)	mem 1205MB
[2026-03-25 02:38:20 tiny_cifar100_30ep](main.py 348): INFO Train: [25/30][90/390]	eta 0:01:45 lr 0.000011	 wd 0.0500	time 0.1116 (0.3532)	data time 0.0004 (0.2434)	model time 0.1112 (0.1091)	loss 3.5061 (3.2564)	grad_norm 7.5951 (5.7866)	loss_scale 32768.0000 (32768.0000)	mem 1205MB
[2026-03-25 02:38:21 tiny_cifar100_30ep](main.py 348): INFO Train: [25/30][100/390]	eta 0:01:35 lr 0.000010	 wd 0.0500	time 0.1035 (0.3287)	data time 0.0005 (0.2194)	model time 0.1029 (0.1082)	loss 3.8029 (3.2719)	grad_norm 7.3107 (5.8396)	loss_scale 32768.0000 (32768.0000)	mem 1205MB
[2026-03-25 02:38:22 tiny_cifar100_30ep](main.py 348): INFO Train: [25/30][110/390]	eta 0:01:26 lr 0.000010	 wd 0.0500	time 0.1024 (0.3084)	data time 0.0006 (0.1997)	model time 0.1018 (0.1074)	loss 2.2815 (3.2617)	grad_norm 6.9030 (5.8561)	loss_scale 32768.0000 (32768.0000)	mem 1205MB
[2026-03-25 02:38:23 tiny_cifar100_30ep](main.py 348): INFO Train: [25/30][120/390]	eta 0:01:18 lr 0.000010	 wd 0.0500	time 0.1075 (0.2921)	data time 0.0006 (0.1832)	model time 0.1068 (0.1078)	loss 3.6313 (3.2384)	grad_norm 5.3049 (5.8649)	loss_scale 32768.0000 (32768.0000)	mem 1205MB
[2026-03-25 02:38:24 tiny_cifar100_30ep](main.py 348): INFO Train: [25/30][130/390]	eta 0:01:12 lr 0.000010	 wd 0.0500	time 0.1020 (0.2778)	data time 0.0005 (0.1693)	model time 0.1015 (0.1074)	loss 3.9650 (3.2485)	grad_norm 6.6393 (5.8626)	loss_scale 32768.0000 (32768.0000)	mem 1205MB
[2026-03-25 02:38:25 tiny_cifar100_30ep](main.py 348): INFO Train: [25/30][140/390]	eta 0:01:06 lr 0.000010	 wd 0.0500	time 0.1057 (0.2658)	data time 0.0006 (0.1573)	model time 0.1050 (0.1075)	loss 2.6233 (3.2415)	grad_norm 5.7508 (5.8498)	loss_scale 32768.0000 (32768.0000)	mem 1205MB
[2026-03-25 02:38:26 tiny_cifar100_30ep](main.py 348): INFO Train: [25/30][150/390]	eta 0:01:01 lr 0.000010	 wd 0.0500	time 0.1036 (0.2552)	data time 0.0005 (0.1469)	model time 0.1031 (0.1072)	loss 3.0924 (3.2471)	grad_norm 6.2735 (5.8669)	loss_scale 32768.0000 (32768.0000)	mem 1205MB
[2026-03-25 02:38:27 tiny_cifar100_30ep](main.py 348): INFO Train: [25/30][160/390]	eta 0:00:56 lr 0.000010	 wd 0.0500	time 0.1019 (0.2459)	data time 0.0006 (0.1378)	model time 0.1012 (0.1070)	loss 3.1561 (3.2620)	grad_norm 6.0226 (5.8918)	loss_scale 32768.0000 (32768.0000)	mem 1205MB
[2026-03-25 02:38:28 tiny_cifar100_30ep](main.py 348): INFO Train: [25/30][170/390]	eta 0:00:52 lr 0.000010	 wd 0.0500	time 0.1043 (0.2379)	data time 0.0005 (0.1298)	model time 0.1038 (0.1071)	loss 2.3323 (3.2406)	grad_norm 7.3095 (5.9027)	loss_scale 32768.0000 (32768.0000)	mem 1205MB
[2026-03-25 02:38:29 tiny_cifar100_30ep](main.py 348): INFO Train: [25/30][180/390]	eta 0:00:48 lr 0.000010	 wd 0.0500	time 0.1064 (0.2306)	data time 0.0007 (0.1227)	model time 0.1058 (0.1070)	loss 3.7938 (3.2426)	grad_norm 5.4930 (5.8948)	loss_scale 32768.0000 (32768.0000)	mem 1205MB
[2026-03-25 02:38:30 tiny_cifar100_30ep](main.py 348): INFO Train: [25/30][190/390]	eta 0:00:44 lr 0.000010	 wd 0.0500	time 0.1056 (0.2243)	data time 0.0005 (0.1163)	model time 0.1050 (0.1071)	loss 2.6480 (3.2541)	grad_norm 6.3854 (5.8812)	loss_scale 32768.0000 (32768.0000)	mem 1205MB
[2026-03-25 02:38:31 tiny_cifar100_30ep](main.py 348): INFO Train: [25/30][200/390]	eta 0:00:41 lr 0.000009	 wd 0.0500	time 0.1038 (0.2183)	data time 0.0006 (0.1105)	model time 0.1031 (0.1069)	loss 3.8707 (3.2378)	grad_norm 4.9784 (5.8917)	loss_scale 32768.0000 (32768.0000)	mem 1205MB
[2026-03-25 02:38:32 tiny_cifar100_30ep](main.py 348): INFO Train: [25/30][210/390]	eta 0:00:38 lr 0.000009	 wd 0.0500	time 0.1021 (0.2130)	data time 0.0005 (0.1053)	model time 0.1016 (0.1068)	loss 3.6844 (3.2431)	grad_norm 6.7409 (5.8953)	loss_scale 32768.0000 (32768.0000)	mem 1205MB
[2026-03-25 02:38:33 tiny_cifar100_30ep](main.py 348): INFO Train: [25/30][220/390]	eta 0:00:35 lr 0.000009	 wd 0.0500	time 0.1199 (0.2081)	data time 0.0008 (0.1006)	model time 0.1192 (0.1067)	loss 3.8847 (3.2458)	grad_norm 4.9225 (5.9056)	loss_scale 32768.0000 (32768.0000)	mem 1205MB
[2026-03-25 02:38:35 tiny_cifar100_30ep](main.py 348): INFO Train: [25/30][230/390]	eta 0:00:32 lr 0.000009	 wd 0.0500	time 0.1229 (0.2039)	data time 0.0005 (0.0962)	model time 0.1224 (0.1068)	loss 3.6170 (3.2487)	grad_norm 8.6223 (5.9226)	loss_scale 32768.0000 (32768.0000)	mem 1205MB
[2026-03-25 02:38:36 tiny_cifar100_30ep](main.py 348): INFO Train: [25/30][240/390]	eta 0:00:29 lr 0.000009	 wd 0.0500	time 0.1020 (0.1999)	data time 0.0006 (0.0923)	model time 0.1014 (0.1068)	loss 3.8340 (3.2430)	grad_norm 5.4438 (5.9209)	loss_scale 32768.0000 (32768.0000)	mem 1205MB
[2026-03-25 02:38:37 tiny_cifar100_30ep](main.py 348): INFO Train: [25/30][250/390]	eta 0:00:27 lr 0.000009	 wd 0.0500	time 0.1021 (0.1960)	data time 0.0005 (0.0886)	model time 0.1017 (0.1066)	loss 3.7154 (3.2521)	grad_norm 6.3464 (5.9039)	loss_scale 32768.0000 (32768.0000)	mem 1205MB
[2026-03-25 02:38:38 tiny_cifar100_30ep](main.py 348): INFO Train: [25/30][260/390]	eta 0:00:25 lr 0.000009	 wd 0.0500	time 0.1022 (0.1925)	data time 0.0005 (0.0852)	model time 0.1017 (0.1065)	loss 3.8121 (3.2611)	grad_norm 7.6166 (5.9158)	loss_scale 32768.0000 (32768.0000)	mem 1205MB
[2026-03-25 02:38:39 tiny_cifar100_30ep](main.py 348): INFO Train: [25/30][270/390]	eta 0:00:22 lr 0.000009	 wd 0.0500	time 0.1024 (0.1892)	data time 0.0004 (0.0821)	model time 0.1019 (0.1064)	loss 2.9324 (3.2555)	grad_norm 5.3929 (5.9155)	loss_scale 32768.0000 (32768.0000)	mem 1205MB
[2026-03-25 02:38:40 tiny_cifar100_30ep](main.py 348): INFO Train: [25/30][280/390]	eta 0:00:20 lr 0.000009	 wd 0.0500	time 0.1111 (0.1864)	data time 0.0007 (0.0792)	model time 0.1104 (0.1065)	loss 3.9235 (3.2681)	grad_norm 5.9509 (5.9239)	loss_scale 32768.0000 (32768.0000)	mem 1205MB
[2026-03-25 02:38:41 tiny_cifar100_30ep](main.py 348): INFO Train: [25/30][290/390]	eta 0:00:18 lr 0.000009	 wd 0.0500	time 0.1020 (0.1837)	data time 0.0005 (0.0765)	model time 0.1016 (0.1065)	loss 2.2893 (3.2678)	grad_norm 6.1417 (5.9231)	loss_scale 32768.0000 (32768.0000)	mem 1205MB
[2026-03-25 02:38:42 tiny_cifar100_30ep](main.py 348): INFO Train: [25/30][300/390]	eta 0:00:16 lr 0.000009	 wd 0.0500	time 0.1022 (0.1812)	data time 0.0006 (0.0740)	model time 0.1016 (0.1066)	loss 2.2787 (3.2646)	grad_norm 5.8571 (5.9228)	loss_scale 32768.0000 (32768.0000)	mem 1205MB
[2026-03-25 02:38:43 tiny_cifar100_30ep](main.py 348): INFO Train: [25/30][310/390]	eta 0:00:14 lr 0.000009	 wd 0.0500	time 0.1025 (0.1789)	data time 0.0006 (0.0716)	model time 0.1019 (0.1066)	loss 2.7418 (3.2557)	grad_norm 6.8786 (5.9199)	loss_scale 32768.0000 (32768.0000)	mem 1205MB
[2026-03-25 02:38:44 tiny_cifar100_30ep](main.py 348): INFO Train: [25/30][320/390]	eta 0:00:12 lr 0.000008	 wd 0.0500	time 0.1017 (0.1766)	data time 0.0005 (0.0694)	model time 0.1013 (0.1065)	loss 2.8716 (3.2495)	grad_norm 4.7139 (5.9175)	loss_scale 32768.0000 (32768.0000)	mem 1205MB
[2026-03-25 02:38:45 tiny_cifar100_30ep](main.py 348): INFO Train: [25/30][330/390]	eta 0:00:10 lr 0.000008	 wd 0.0500	time 0.1030 (0.1746)	data time 0.0005 (0.0673)	model time 0.1025 (0.1067)	loss 3.1225 (3.2468)	grad_norm 5.3840 (5.9209)	loss_scale 32768.0000 (32768.0000)	mem 1205MB
[2026-03-25 02:38:46 tiny_cifar100_30ep](main.py 348): INFO Train: [25/30][340/390]	eta 0:00:08 lr 0.000008	 wd 0.0500	time 0.1025 (0.1727)	data time 0.0006 (0.0654)	model time 0.1018 (0.1068)	loss 2.8798 (3.2432)	grad_norm 4.9105 (5.9163)	loss_scale 32768.0000 (32768.0000)	mem 1205MB
[2026-03-25 02:38:47 tiny_cifar100_30ep](main.py 348): INFO Train: [25/30][350/390]	eta 0:00:06 lr 0.000008	 wd 0.0500	time 0.1099 (0.1709)	data time 0.0007 (0.0635)	model time 0.1092 (0.1068)	loss 3.3996 (3.2494)	grad_norm 5.1563 (5.9042)	loss_scale 32768.0000 (32768.0000)	mem 1205MB
[2026-03-25 02:38:49 tiny_cifar100_30ep](main.py 348): INFO Train: [25/30][360/390]	eta 0:00:05 lr 0.000008	 wd 0.0500	time 0.1022 (0.1692)	data time 0.0005 (0.0618)	model time 0.1017 (0.1070)	loss 3.8268 (3.2524)	grad_norm 6.8815 (5.9082)	loss_scale 32768.0000 (32768.0000)	mem 1205MB
[2026-03-25 02:38:50 tiny_cifar100_30ep](main.py 348): INFO Train: [25/30][370/390]	eta 0:00:03 lr 0.000008	 wd 0.0500	time 0.1020 (0.1675)	data time 0.0004 (0.0601)	model time 0.1016 (0.1069)	loss 3.6966 (3.2570)	grad_norm 5.7796 (5.9104)	loss_scale 32768.0000 (32768.0000)	mem 1205MB
[2026-03-25 02:38:51 tiny_cifar100_30ep](main.py 348): INFO Train: [25/30][380/390]	eta 0:00:01 lr 0.000008	 wd 0.0500	time 0.1014 (0.1659)	data time 0.0004 (0.0586)	model time 0.1010 (0.1068)	loss 3.0003 (3.2507)	grad_norm 6.3722 (5.9148)	loss_scale 32768.0000 (32768.0000)	mem 1205MB
[2026-03-25 02:38:52 tiny_cifar100_30ep](main.py 359): INFO EPOCH 25 training takes 0:01:04
[2026-03-25 02:38:52 tiny_cifar100_30ep](utils.py 104): INFO ./output_cifar100_noema_30ep/tiny_cifar100_30ep/20260325020204/latest_ckpt.pth saving......
[2026-03-25 02:38:53 tiny_cifar100_30ep](utils.py 106): INFO ./output_cifar100_noema_30ep/tiny_cifar100_30ep/20260325020204/latest_ckpt.pth saved !!!
/home/jlx_75/miniconda3/envs/pvmamba/lib/python3.10/site-packages/requests/__init__.py:109: RequestsDependencyWarning: urllib3 (1.26.13) or chardet (7.2.0)/charset_normalizer (2.1.1) doesn't match a supported version!
  warnings.warn(
/home/jlx_75/miniconda3/envs/pvmamba/lib/python3.10/site-packages/requests/__init__.py:109: RequestsDependencyWarning: urllib3 (1.26.13) or chardet (7.2.0)/charset_normalizer (2.1.1) doesn't match a supported version!
  warnings.warn(
/home/jlx_75/miniconda3/envs/pvmamba/lib/python3.10/site-packages/requests/__init__.py:109: RequestsDependencyWarning: urllib3 (1.26.13) or chardet (7.2.0)/charset_normalizer (2.1.1) doesn't match a supported version!
  warnings.warn(
/home/jlx_75/miniconda3/envs/pvmamba/lib/python3.10/site-packages/requests/__init__.py:109: RequestsDependencyWarning: urllib3 (1.26.13) or chardet (7.2.0)/charset_normalizer (2.1.1) doesn't match a supported version!
  warnings.warn(
/home/jlx_75/miniconda3/envs/pvmamba/lib/python3.10/site-packages/requests/__init__.py:109: RequestsDependencyWarning: urllib3 (1.26.13) or chardet (7.2.0)/charset_normalizer (2.1.1) doesn't match a supported version!
  warnings.warn(
/home/jlx_75/miniconda3/envs/pvmamba/lib/python3.10/site-packages/requests/__init__.py:109: RequestsDependencyWarning: urllib3 (1.26.13) or chardet (7.2.0)/charset_normalizer (2.1.1) doesn't match a supported version!
  warnings.warn(
/home/jlx_75/miniconda3/envs/pvmamba/lib/python3.10/site-packages/requests/__init__.py:109: RequestsDependencyWarning: urllib3 (1.26.13) or chardet (7.2.0)/charset_normalizer (2.1.1) doesn't match a supported version!
  warnings.warn(
/home/jlx_75/miniconda3/envs/pvmamba/lib/python3.10/site-packages/requests/__init__.py:109: RequestsDependencyWarning: urllib3 (1.26.13) or chardet (7.2.0)/charset_normalizer (2.1.1) doesn't match a supported version!
  warnings.warn(
[2026-03-25 02:39:09 tiny_cifar100_30ep](main.py 403): INFO Test: [0/79]	Time 15.798 (15.798)	Loss 1.9619 (1.9619)	Acc@1 53.906 (53.906)	Acc@5 82.812 (82.812)	Mem 1205MB
[2026-03-25 02:39:09 tiny_cifar100_30ep](main.py 403): INFO Test: [10/79]	Time 0.035 (1.469)	Loss 2.0645 (2.1263)	Acc@1 48.438 (48.295)	Acc@5 78.906 (78.125)	Mem 1205MB
[2026-03-25 02:39:10 tiny_cifar100_30ep](main.py 403): INFO Test: [20/79]	Time 0.035 (0.786)	Loss 2.1309 (2.1073)	Acc@1 45.312 (48.140)	Acc@5 75.781 (77.939)	Mem 1205MB
[2026-03-25 02:39:10 tiny_cifar100_30ep](main.py 403): INFO Test: [30/79]	Time 0.035 (0.544)	Loss 2.0879 (2.1029)	Acc@1 43.750 (48.261)	Acc@5 79.688 (77.923)	Mem 1205MB
[2026-03-25 02:39:11 tiny_cifar100_30ep](main.py 403): INFO Test: [40/79]	Time 0.036 (0.420)	Loss 2.0020 (2.1089)	Acc@1 50.000 (48.380)	Acc@5 78.125 (77.611)	Mem 1205MB
[2026-03-25 02:39:11 tiny_cifar100_30ep](main.py 403): INFO Test: [50/79]	Time 0.036 (0.345)	Loss 2.1797 (2.1185)	Acc@1 49.219 (47.963)	Acc@5 75.781 (77.420)	Mem 1205MB
[2026-03-25 02:39:11 tiny_cifar100_30ep](main.py 403): INFO Test: [60/79]	Time 0.036 (0.294)	Loss 2.3008 (2.1262)	Acc@1 46.094 (47.682)	Acc@5 73.438 (77.305)	Mem 1205MB
[2026-03-25 02:39:12 tiny_cifar100_30ep](main.py 403): INFO Test: [70/79]	Time 0.034 (0.258)	Loss 2.1602 (2.1165)	Acc@1 46.875 (48.008)	Acc@5 75.000 (77.718)	Mem 1205MB
[2026-03-25 02:39:12 tiny_cifar100_30ep](main.py 410): INFO  * Acc@1 48.070 Acc@5 77.720
[2026-03-25 02:39:12 tiny_cifar100_30ep](main.py 239): INFO Accuracy of the network on the 10000 test images: 48.1%
/home/jlx_75/miniconda3/envs/pvmamba/lib/python3.10/site-packages/requests/__init__.py:109: RequestsDependencyWarning: urllib3 (1.26.13) or chardet (7.2.0)/charset_normalizer (2.1.1) doesn't match a supported version!
  warnings.warn(
/home/jlx_75/miniconda3/envs/pvmamba/lib/python3.10/site-packages/requests/__init__.py:109: RequestsDependencyWarning: urllib3 (1.26.13) or chardet (7.2.0)/charset_normalizer (2.1.1) doesn't match a supported version!
  warnings.warn(
/home/jlx_75/miniconda3/envs/pvmamba/lib/python3.10/site-packages/requests/__init__.py:109: RequestsDependencyWarning: urllib3 (1.26.13) or chardet (7.2.0)/charset_normalizer (2.1.1) doesn't match a supported version!
  warnings.warn(
/home/jlx_75/miniconda3/envs/pvmamba/lib/python3.10/site-packages/requests/__init__.py:109: RequestsDependencyWarning: urllib3 (1.26.13) or chardet (7.2.0)/charset_normalizer (2.1.1) doesn't match a supported version!
  warnings.warn(
/home/jlx_75/miniconda3/envs/pvmamba/lib/python3.10/site-packages/requests/__init__.py:109: RequestsDependencyWarning: urllib3 (1.26.13) or chardet (7.2.0)/charset_normalizer (2.1.1) doesn't match a supported version!
  warnings.warn(
/home/jlx_75/miniconda3/envs/pvmamba/lib/python3.10/site-packages/requests/__init__.py:109: RequestsDependencyWarning: urllib3 (1.26.13) or chardet (7.2.0)/charset_normalizer (2.1.1) doesn't match a supported version!
  warnings.warn(
/home/jlx_75/miniconda3/envs/pvmamba/lib/python3.10/site-packages/requests/__init__.py:109: RequestsDependencyWarning: urllib3 (1.26.13) or chardet (7.2.0)/charset_normalizer (2.1.1) doesn't match a supported version!
  warnings.warn(
/home/jlx_75/miniconda3/envs/pvmamba/lib/python3.10/site-packages/requests/__init__.py:109: RequestsDependencyWarning: urllib3 (1.26.13) or chardet (7.2.0)/charset_normalizer (2.1.1) doesn't match a supported version!
  warnings.warn(
[2026-03-25 02:39:34 tiny_cifar100_30ep](main.py 348): INFO Train: [26/30][0/390]	eta 2:18:03 lr 0.000008	 wd 0.0500	time 21.2396 (21.2396)	data time 21.1063 (21.1063)	model time 0.0000 (0.0000)	loss 3.7182 (3.7182)	grad_norm 7.3431 (7.3431)	loss_scale 32768.0000 (32768.0000)	mem 1205MB
[2026-03-25 02:39:35 tiny_cifar100_30ep](main.py 348): INFO Train: [26/30][10/390]	eta 0:12:51 lr 0.000008	 wd 0.0500	time 0.1064 (2.0300)	data time 0.0006 (1.9193)	model time 0.0000 (0.0000)	loss 3.4120 (3.4350)	grad_norm 5.3788 (5.9366)	loss_scale 32768.0000 (32768.0000)	mem 1205MB
[2026-03-25 02:39:36 tiny_cifar100_30ep](main.py 348): INFO Train: [26/30][20/390]	eta 0:06:52 lr 0.000008	 wd 0.0500	time 0.1057 (1.1137)	data time 0.0005 (1.0057)	model time 0.0000 (0.0000)	loss 2.8835 (3.2792)	grad_norm 5.3057 (5.8036)	loss_scale 32768.0000 (32768.0000)	mem 1205MB
[2026-03-25 02:39:37 tiny_cifar100_30ep](main.py 348): INFO Train: [26/30][30/390]	eta 0:04:43 lr 0.000008	 wd 0.0500	time 0.1057 (0.7886)	data time 0.0006 (0.6815)	model time 0.0000 (0.0000)	loss 3.9113 (3.3358)	grad_norm 5.0692 (5.7432)	loss_scale 32768.0000 (32768.0000)	mem 1205MB
[2026-03-25 02:39:38 tiny_cifar100_30ep](main.py 348): INFO Train: [26/30][40/390]	eta 0:03:37 lr 0.000008	 wd 0.0500	time 0.1050 (0.6220)	data time 0.0005 (0.5154)	model time 0.0000 (0.0000)	loss 2.4944 (3.3053)	grad_norm 6.4455 (5.7990)	loss_scale 32768.0000 (32768.0000)	mem 1205MB
[2026-03-25 02:39:39 tiny_cifar100_30ep](main.py 348): INFO Train: [26/30][50/390]	eta 0:02:57 lr 0.000007	 wd 0.0500	time 0.1084 (0.5216)	data time 0.0008 (0.4145)	model time 0.0000 (0.0000)	loss 3.9899 (3.3245)	grad_norm 5.2888 (5.7988)	loss_scale 32768.0000 (32768.0000)	mem 1205MB
[2026-03-25 02:39:40 tiny_cifar100_30ep](main.py 348): INFO Train: [26/30][60/390]	eta 0:02:29 lr 0.000007	 wd 0.0500	time 0.1037 (0.4540)	data time 0.0007 (0.3466)	model time 0.1030 (0.1085)	loss 3.8110 (3.3003)	grad_norm 4.8368 (5.8452)	loss_scale 32768.0000 (32768.0000)	mem 1205MB
[2026-03-25 02:39:41 tiny_cifar100_30ep](main.py 348): INFO Train: [26/30][70/390]	eta 0:02:09 lr 0.000007	 wd 0.0500	time 0.1147 (0.4058)	data time 0.0006 (0.2979)	model time 0.1141 (0.1098)	loss 2.5835 (3.2993)	grad_norm 5.5132 (5.8016)	loss_scale 32768.0000 (32768.0000)	mem 1205MB
[2026-03-25 02:39:42 tiny_cifar100_30ep](main.py 348): INFO Train: [26/30][80/390]	eta 0:01:54 lr 0.000007	 wd 0.0500	time 0.1142 (0.3699)	data time 0.0005 (0.2612)	model time 0.1137 (0.1112)	loss 3.4673 (3.3079)	grad_norm 5.3531 (5.8290)	loss_scale 32768.0000 (32768.0000)	mem 1205MB
[2026-03-25 02:39:44 tiny_cifar100_30ep](main.py 348): INFO Train: [26/30][90/390]	eta 0:01:42 lr 0.000007	 wd 0.0500	time 0.1171 (0.3421)	data time 0.0007 (0.2326)	model time 0.1165 (0.1125)	loss 3.3531 (3.2887)	grad_norm 6.4906 (5.8911)	loss_scale 32768.0000 (32768.0000)	mem 1205MB
[2026-03-25 02:39:45 tiny_cifar100_30ep](main.py 348): INFO Train: [26/30][100/390]	eta 0:01:32 lr 0.000007	 wd 0.0500	time 0.1235 (0.3201)	data time 0.0006 (0.2096)	model time 0.1229 (0.1140)	loss 2.4937 (3.2954)	grad_norm 6.0133 (5.8912)	loss_scale 32768.0000 (32768.0000)	mem 1205MB
[2026-03-25 02:39:46 tiny_cifar100_30ep](main.py 348): INFO Train: [26/30][110/390]	eta 0:01:24 lr 0.000007	 wd 0.0500	time 0.1219 (0.3025)	data time 0.0007 (0.1908)	model time 0.1212 (0.1155)	loss 2.9773 (3.2827)	grad_norm 5.6346 (5.8921)	loss_scale 32768.0000 (32768.0000)	mem 1205MB
[2026-03-25 02:39:47 tiny_cifar100_30ep](main.py 348): INFO Train: [26/30][120/390]	eta 0:01:17 lr 0.000007	 wd 0.0500	time 0.1145 (0.2871)	data time 0.0005 (0.1751)	model time 0.1139 (0.1156)	loss 3.6639 (3.2536)	grad_norm 6.3052 (5.9083)	loss_scale 32768.0000 (32768.0000)	mem 1205MB
[2026-03-25 02:39:48 tiny_cifar100_30ep](main.py 348): INFO Train: [26/30][130/390]	eta 0:01:11 lr 0.000007	 wd 0.0500	time 0.1239 (0.2741)	data time 0.0006 (0.1618)	model time 0.1234 (0.1156)	loss 3.5074 (3.2552)	grad_norm 6.5491 (5.9082)	loss_scale 32768.0000 (32768.0000)	mem 1205MB
[2026-03-25 02:39:49 tiny_cifar100_30ep](main.py 348): INFO Train: [26/30][140/390]	eta 0:01:05 lr 0.000007	 wd 0.0500	time 0.1147 (0.2631)	data time 0.0006 (0.1503)	model time 0.1141 (0.1159)	loss 3.5466 (3.2462)	grad_norm 6.0781 (5.9212)	loss_scale 32768.0000 (32768.0000)	mem 1205MB
[2026-03-25 02:39:51 tiny_cifar100_30ep](main.py 348): INFO Train: [26/30][150/390]	eta 0:01:00 lr 0.000007	 wd 0.0500	time 0.1211 (0.2535)	data time 0.0007 (0.1404)	model time 0.1204 (0.1161)	loss 3.8145 (3.2458)	grad_norm 5.2541 (5.9193)	loss_scale 32768.0000 (32768.0000)	mem 1205MB
[2026-03-25 02:39:52 tiny_cifar100_30ep](main.py 348): INFO Train: [26/30][160/390]	eta 0:00:56 lr 0.000007	 wd 0.0500	time 0.1203 (0.2453)	data time 0.0006 (0.1318)	model time 0.1197 (0.1164)	loss 3.2029 (3.2470)	grad_norm 7.3067 (5.9092)	loss_scale 32768.0000 (32768.0000)	mem 1205MB
[2026-03-25 02:39:53 tiny_cifar100_30ep](main.py 348): INFO Train: [26/30][170/390]	eta 0:00:52 lr 0.000006	 wd 0.0500	time 0.1144 (0.2377)	data time 0.0006 (0.1241)	model time 0.1139 (0.1164)	loss 2.4625 (3.2561)	grad_norm 5.9932 (5.8921)	loss_scale 32768.0000 (32768.0000)	mem 1205MB
[2026-03-25 02:39:54 tiny_cifar100_30ep](main.py 348): INFO Train: [26/30][180/390]	eta 0:00:48 lr 0.000006	 wd 0.0500	time 0.1151 (0.2312)	data time 0.0006 (0.1173)	model time 0.1145 (0.1166)	loss 3.4907 (3.2521)	grad_norm 6.6364 (5.9002)	loss_scale 32768.0000 (32768.0000)	mem 1205MB
[2026-03-25 02:39:55 tiny_cifar100_30ep](main.py 348): INFO Train: [26/30][190/390]	eta 0:00:45 lr 0.000006	 wd 0.0500	time 0.1213 (0.2252)	data time 0.0007 (0.1112)	model time 0.1206 (0.1165)	loss 2.6853 (3.2530)	grad_norm 6.2431 (5.9143)	loss_scale 32768.0000 (32768.0000)	mem 1205MB
[2026-03-25 02:39:57 tiny_cifar100_30ep](main.py 348): INFO Train: [26/30][200/390]	eta 0:00:41 lr 0.000006	 wd 0.0500	time 0.1148 (0.2198)	data time 0.0007 (0.1057)	model time 0.1141 (0.1165)	loss 3.6295 (3.2600)	grad_norm 4.6856 (5.9220)	loss_scale 32768.0000 (32768.0000)	mem 1205MB
[2026-03-25 02:39:58 tiny_cifar100_30ep](main.py 348): INFO Train: [26/30][210/390]	eta 0:00:38 lr 0.000006	 wd 0.0500	time 0.1146 (0.2149)	data time 0.0005 (0.1007)	model time 0.1141 (0.1164)	loss 2.2657 (3.2593)	grad_norm 6.4610 (5.9207)	loss_scale 32768.0000 (32768.0000)	mem 1205MB
[2026-03-25 02:39:59 tiny_cifar100_30ep](main.py 348): INFO Train: [26/30][220/390]	eta 0:00:35 lr 0.000006	 wd 0.0500	time 0.1220 (0.2105)	data time 0.0006 (0.0962)	model time 0.1214 (0.1165)	loss 3.7294 (3.2659)	grad_norm 7.0255 (5.9227)	loss_scale 32768.0000 (32768.0000)	mem 1205MB
[2026-03-25 02:40:00 tiny_cifar100_30ep](main.py 348): INFO Train: [26/30][230/390]	eta 0:00:33 lr 0.000006	 wd 0.0500	time 0.1226 (0.2068)	data time 0.0007 (0.0920)	model time 0.1219 (0.1169)	loss 2.9052 (3.2596)	grad_norm 6.7916 (5.9308)	loss_scale 32768.0000 (32768.0000)	mem 1205MB
[2026-03-25 02:40:01 tiny_cifar100_30ep](main.py 348): INFO Train: [26/30][240/390]	eta 0:00:30 lr 0.000006	 wd 0.0500	time 0.1208 (0.2033)	data time 0.0006 (0.0882)	model time 0.1203 (0.1171)	loss 3.0738 (3.2542)	grad_norm 5.4808 (5.9213)	loss_scale 32768.0000 (32768.0000)	mem 1205MB
[2026-03-25 02:40:03 tiny_cifar100_30ep](main.py 348): INFO Train: [26/30][250/390]	eta 0:00:27 lr 0.000006	 wd 0.0500	time 0.1140 (0.1998)	data time 0.0006 (0.0848)	model time 0.1134 (0.1171)	loss 3.8318 (3.2692)	grad_norm 8.0201 (5.9370)	loss_scale 32768.0000 (32768.0000)	mem 1205MB
[2026-03-25 02:40:04 tiny_cifar100_30ep](main.py 348): INFO Train: [26/30][260/390]	eta 0:00:25 lr 0.000006	 wd 0.0500	time 0.1195 (0.1966)	data time 0.0007 (0.0815)	model time 0.1188 (0.1170)	loss 2.8154 (3.2647)	grad_norm 6.4035 (5.9409)	loss_scale 32768.0000 (32768.0000)	mem 1205MB
[2026-03-25 02:40:05 tiny_cifar100_30ep](main.py 348): INFO Train: [26/30][270/390]	eta 0:00:23 lr 0.000006	 wd 0.0500	time 0.1186 (0.1939)	data time 0.0007 (0.0785)	model time 0.1179 (0.1172)	loss 4.0783 (3.2732)	grad_norm 5.1363 (5.9419)	loss_scale 32768.0000 (32768.0000)	mem 1205MB
[2026-03-25 02:40:06 tiny_cifar100_30ep](main.py 348): INFO Train: [26/30][280/390]	eta 0:00:21 lr 0.000006	 wd 0.0500	time 0.1169 (0.1913)	data time 0.0005 (0.0758)	model time 0.1164 (0.1173)	loss 3.4185 (3.2766)	grad_norm 6.0472 (5.9386)	loss_scale 32768.0000 (32768.0000)	mem 1205MB
[2026-03-25 02:40:07 tiny_cifar100_30ep](main.py 348): INFO Train: [26/30][290/390]	eta 0:00:18 lr 0.000006	 wd 0.0500	time 0.1203 (0.1887)	data time 0.0008 (0.0732)	model time 0.1195 (0.1173)	loss 3.5460 (3.2782)	grad_norm 5.3512 (5.9283)	loss_scale 32768.0000 (32768.0000)	mem 1205MB
[2026-03-25 02:40:09 tiny_cifar100_30ep](main.py 348): INFO Train: [26/30][300/390]	eta 0:00:16 lr 0.000006	 wd 0.0500	time 0.1152 (0.1864)	data time 0.0007 (0.0708)	model time 0.1146 (0.1174)	loss 2.5311 (3.2816)	grad_norm 7.1839 (5.9279)	loss_scale 32768.0000 (32768.0000)	mem 1205MB
[2026-03-25 02:40:10 tiny_cifar100_30ep](main.py 348): INFO Train: [26/30][310/390]	eta 0:00:14 lr 0.000006	 wd 0.0500	time 0.1155 (0.1842)	data time 0.0006 (0.0685)	model time 0.1149 (0.1174)	loss 2.8095 (3.2872)	grad_norm 5.8158 (5.9110)	loss_scale 32768.0000 (32768.0000)	mem 1205MB
[2026-03-25 02:40:11 tiny_cifar100_30ep](main.py 348): INFO Train: [26/30][320/390]	eta 0:00:12 lr 0.000005	 wd 0.0500	time 0.1152 (0.1822)	data time 0.0006 (0.0664)	model time 0.1146 (0.1174)	loss 2.5586 (3.2877)	grad_norm 10.3737 (5.9292)	loss_scale 32768.0000 (32768.0000)	mem 1205MB
[2026-03-25 02:40:12 tiny_cifar100_30ep](main.py 348): INFO Train: [26/30][330/390]	eta 0:00:10 lr 0.000005	 wd 0.0500	time 0.1145 (0.1802)	data time 0.0007 (0.0644)	model time 0.1139 (0.1173)	loss 3.9538 (3.2894)	grad_norm 5.9615 (5.9210)	loss_scale 32768.0000 (32768.0000)	mem 1205MB
[2026-03-25 02:40:13 tiny_cifar100_30ep](main.py 348): INFO Train: [26/30][340/390]	eta 0:00:08 lr 0.000005	 wd 0.0500	time 0.1147 (0.1783)	data time 0.0006 (0.0626)	model time 0.1141 (0.1173)	loss 3.5223 (3.2843)	grad_norm 6.3749 (5.9263)	loss_scale 32768.0000 (32768.0000)	mem 1205MB
[2026-03-25 02:40:14 tiny_cifar100_30ep](main.py 348): INFO Train: [26/30][350/390]	eta 0:00:07 lr 0.000005	 wd 0.0500	time 0.1149 (0.1766)	data time 0.0006 (0.0608)	model time 0.1143 (0.1173)	loss 3.8718 (3.2888)	grad_norm 6.1731 (5.9203)	loss_scale 32768.0000 (32768.0000)	mem 1205MB
[2026-03-25 02:40:16 tiny_cifar100_30ep](main.py 348): INFO Train: [26/30][360/390]	eta 0:00:05 lr 0.000005	 wd 0.0500	time 0.1151 (0.1750)	data time 0.0005 (0.0591)	model time 0.1146 (0.1172)	loss 3.0002 (3.2887)	grad_norm 5.7890 (5.9273)	loss_scale 32768.0000 (32768.0000)	mem 1205MB
[2026-03-25 02:40:17 tiny_cifar100_30ep](main.py 348): INFO Train: [26/30][370/390]	eta 0:00:03 lr 0.000005	 wd 0.0500	time 0.1150 (0.1734)	data time 0.0007 (0.0576)	model time 0.1143 (0.1172)	loss 3.7634 (3.2988)	grad_norm 5.7655 (5.9312)	loss_scale 32768.0000 (32768.0000)	mem 1205MB
[2026-03-25 02:40:18 tiny_cifar100_30ep](main.py 348): INFO Train: [26/30][380/390]	eta 0:00:01 lr 0.000005	 wd 0.0500	time 0.1134 (0.1719)	data time 0.0004 (0.0561)	model time 0.1130 (0.1171)	loss 2.6706 (3.2869)	grad_norm 5.6045 (5.9369)	loss_scale 32768.0000 (32768.0000)	mem 1205MB
[2026-03-25 02:40:20 tiny_cifar100_30ep](main.py 359): INFO EPOCH 26 training takes 0:01:07
[2026-03-25 02:40:20 tiny_cifar100_30ep](utils.py 104): INFO ./output_cifar100_noema_30ep/tiny_cifar100_30ep/20260325020204/latest_ckpt.pth saving......
[2026-03-25 02:40:21 tiny_cifar100_30ep](utils.py 106): INFO ./output_cifar100_noema_30ep/tiny_cifar100_30ep/20260325020204/latest_ckpt.pth saved !!!
/home/jlx_75/miniconda3/envs/pvmamba/lib/python3.10/site-packages/requests/__init__.py:109: RequestsDependencyWarning: urllib3 (1.26.13) or chardet (7.2.0)/charset_normalizer (2.1.1) doesn't match a supported version!
  warnings.warn(
/home/jlx_75/miniconda3/envs/pvmamba/lib/python3.10/site-packages/requests/__init__.py:109: RequestsDependencyWarning: urllib3 (1.26.13) or chardet (7.2.0)/charset_normalizer (2.1.1) doesn't match a supported version!
  warnings.warn(
/home/jlx_75/miniconda3/envs/pvmamba/lib/python3.10/site-packages/requests/__init__.py:109: RequestsDependencyWarning: urllib3 (1.26.13) or chardet (7.2.0)/charset_normalizer (2.1.1) doesn't match a supported version!
  warnings.warn(
/home/jlx_75/miniconda3/envs/pvmamba/lib/python3.10/site-packages/requests/__init__.py:109: RequestsDependencyWarning: urllib3 (1.26.13) or chardet (7.2.0)/charset_normalizer (2.1.1) doesn't match a supported version!
  warnings.warn(
/home/jlx_75/miniconda3/envs/pvmamba/lib/python3.10/site-packages/requests/__init__.py:109: RequestsDependencyWarning: urllib3 (1.26.13) or chardet (7.2.0)/charset_normalizer (2.1.1) doesn't match a supported version!
  warnings.warn(
/home/jlx_75/miniconda3/envs/pvmamba/lib/python3.10/site-packages/requests/__init__.py:109: RequestsDependencyWarning: urllib3 (1.26.13) or chardet (7.2.0)/charset_normalizer (2.1.1) doesn't match a supported version!
  warnings.warn(
/home/jlx_75/miniconda3/envs/pvmamba/lib/python3.10/site-packages/requests/__init__.py:109: RequestsDependencyWarning: urllib3 (1.26.13) or chardet (7.2.0)/charset_normalizer (2.1.1) doesn't match a supported version!
  warnings.warn(
/home/jlx_75/miniconda3/envs/pvmamba/lib/python3.10/site-packages/requests/__init__.py:109: RequestsDependencyWarning: urllib3 (1.26.13) or chardet (7.2.0)/charset_normalizer (2.1.1) doesn't match a supported version!
  warnings.warn(
[2026-03-25 02:40:36 tiny_cifar100_30ep](main.py 403): INFO Test: [0/79]	Time 15.408 (15.408)	Loss 1.9600 (1.9600)	Acc@1 53.125 (53.125)	Acc@5 79.688 (79.688)	Mem 1205MB
[2026-03-25 02:40:36 tiny_cifar100_30ep](main.py 403): INFO Test: [10/79]	Time 0.035 (1.435)	Loss 2.0645 (2.1132)	Acc@1 50.781 (48.224)	Acc@5 79.688 (78.764)	Mem 1205MB
[2026-03-25 02:40:37 tiny_cifar100_30ep](main.py 403): INFO Test: [20/79]	Time 0.036 (0.769)	Loss 2.1328 (2.0950)	Acc@1 48.438 (48.512)	Acc@5 75.781 (78.609)	Mem 1205MB
[2026-03-25 02:40:37 tiny_cifar100_30ep](main.py 403): INFO Test: [30/79]	Time 0.035 (0.532)	Loss 2.0703 (2.0896)	Acc@1 46.094 (48.690)	Acc@5 80.469 (78.654)	Mem 1205MB
[2026-03-25 02:40:37 tiny_cifar100_30ep](main.py 403): INFO Test: [40/79]	Time 0.036 (0.411)	Loss 1.9922 (2.0960)	Acc@1 50.000 (48.723)	Acc@5 78.125 (78.125)	Mem 1205MB
[2026-03-25 02:40:38 tiny_cifar100_30ep](main.py 403): INFO Test: [50/79]	Time 0.035 (0.338)	Loss 2.1543 (2.1032)	Acc@1 50.000 (48.361)	Acc@5 77.344 (77.987)	Mem 1205MB
[2026-03-25 02:40:38 tiny_cifar100_30ep](main.py 403): INFO Test: [60/79]	Time 0.036 (0.288)	Loss 2.2852 (2.1103)	Acc@1 46.875 (48.143)	Acc@5 73.438 (77.830)	Mem 1205MB
[2026-03-25 02:40:39 tiny_cifar100_30ep](main.py 403): INFO Test: [70/79]	Time 0.034 (0.252)	Loss 2.1738 (2.1003)	Acc@1 46.875 (48.504)	Acc@5 75.000 (78.191)	Mem 1205MB
[2026-03-25 02:40:39 tiny_cifar100_30ep](main.py 410): INFO  * Acc@1 48.600 Acc@5 78.180
[2026-03-25 02:40:39 tiny_cifar100_30ep](main.py 239): INFO Accuracy of the network on the 10000 test images: 48.6%
[2026-03-25 02:40:39 tiny_cifar100_30ep](main.py 247): INFO New max accuracy: 48.60%
[2026-03-25 02:40:39 tiny_cifar100_30ep](utils.py 104): INFO ./output_cifar100_noema_30ep/tiny_cifar100_30ep/20260325020204/best_ckpt.pth saving......
[2026-03-25 02:40:40 tiny_cifar100_30ep](utils.py 106): INFO ./output_cifar100_noema_30ep/tiny_cifar100_30ep/20260325020204/best_ckpt.pth saved !!!
/home/jlx_75/miniconda3/envs/pvmamba/lib/python3.10/site-packages/requests/__init__.py:109: RequestsDependencyWarning: urllib3 (1.26.13) or chardet (7.2.0)/charset_normalizer (2.1.1) doesn't match a supported version!
  warnings.warn(
/home/jlx_75/miniconda3/envs/pvmamba/lib/python3.10/site-packages/requests/__init__.py:109: RequestsDependencyWarning: urllib3 (1.26.13) or chardet (7.2.0)/charset_normalizer (2.1.1) doesn't match a supported version!
  warnings.warn(
/home/jlx_75/miniconda3/envs/pvmamba/lib/python3.10/site-packages/requests/__init__.py:109: RequestsDependencyWarning: urllib3 (1.26.13) or chardet (7.2.0)/charset_normalizer (2.1.1) doesn't match a supported version!
  warnings.warn(
/home/jlx_75/miniconda3/envs/pvmamba/lib/python3.10/site-packages/requests/__init__.py:109: RequestsDependencyWarning: urllib3 (1.26.13) or chardet (7.2.0)/charset_normalizer (2.1.1) doesn't match a supported version!
  warnings.warn(
/home/jlx_75/miniconda3/envs/pvmamba/lib/python3.10/site-packages/requests/__init__.py:109: RequestsDependencyWarning: urllib3 (1.26.13) or chardet (7.2.0)/charset_normalizer (2.1.1) doesn't match a supported version!
  warnings.warn(
/home/jlx_75/miniconda3/envs/pvmamba/lib/python3.10/site-packages/requests/__init__.py:109: RequestsDependencyWarning: urllib3 (1.26.13) or chardet (7.2.0)/charset_normalizer (2.1.1) doesn't match a supported version!
  warnings.warn(
/home/jlx_75/miniconda3/envs/pvmamba/lib/python3.10/site-packages/requests/__init__.py:109: RequestsDependencyWarning: urllib3 (1.26.13) or chardet (7.2.0)/charset_normalizer (2.1.1) doesn't match a supported version!
  warnings.warn(
/home/jlx_75/miniconda3/envs/pvmamba/lib/python3.10/site-packages/requests/__init__.py:109: RequestsDependencyWarning: urllib3 (1.26.13) or chardet (7.2.0)/charset_normalizer (2.1.1) doesn't match a supported version!
  warnings.warn(
[2026-03-25 02:41:02 tiny_cifar100_30ep](main.py 348): INFO Train: [27/30][0/390]	eta 2:18:18 lr 0.000005	 wd 0.0500	time 21.2786 (21.2786)	data time 21.1198 (21.1198)	model time 0.0000 (0.0000)	loss 2.6551 (2.6551)	grad_norm 5.5393 (5.5393)	loss_scale 32768.0000 (32768.0000)	mem 1205MB
[2026-03-25 02:41:03 tiny_cifar100_30ep](main.py 348): INFO Train: [27/30][10/390]	eta 0:12:52 lr 0.000005	 wd 0.0500	time 0.1063 (2.0340)	data time 0.0005 (1.9205)	model time 0.0000 (0.0000)	loss 3.6588 (3.2330)	grad_norm 6.3480 (5.9147)	loss_scale 32768.0000 (32768.0000)	mem 1205MB
[2026-03-25 02:41:04 tiny_cifar100_30ep](main.py 348): INFO Train: [27/30][20/390]	eta 0:06:53 lr 0.000005	 wd 0.0500	time 0.1068 (1.1168)	data time 0.0005 (1.0063)	model time 0.0000 (0.0000)	loss 2.3943 (3.2262)	grad_norm 5.9026 (5.9178)	loss_scale 32768.0000 (32768.0000)	mem 1205MB
[2026-03-25 02:41:05 tiny_cifar100_30ep](main.py 348): INFO Train: [27/30][30/390]	eta 0:04:44 lr 0.000005	 wd 0.0500	time 0.1048 (0.7904)	data time 0.0005 (0.6819)	model time 0.0000 (0.0000)	loss 2.3526 (3.1372)	grad_norm 6.6598 (5.8763)	loss_scale 32768.0000 (32768.0000)	mem 1205MB
[2026-03-25 02:41:06 tiny_cifar100_30ep](main.py 348): INFO Train: [27/30][40/390]	eta 0:03:38 lr 0.000005	 wd 0.0500	time 0.1079 (0.6239)	data time 0.0006 (0.5157)	model time 0.0000 (0.0000)	loss 3.4181 (3.1565)	grad_norm 7.4511 (5.9461)	loss_scale 32768.0000 (32768.0000)	mem 1205MB
[2026-03-25 02:41:07 tiny_cifar100_30ep](main.py 348): INFO Train: [27/30][50/390]	eta 0:02:57 lr 0.000005	 wd 0.0500	time 0.1053 (0.5229)	data time 0.0007 (0.4147)	model time 0.0000 (0.0000)	loss 3.8315 (3.2300)	grad_norm 5.5679 (5.8464)	loss_scale 32768.0000 (32768.0000)	mem 1205MB
[2026-03-25 02:41:08 tiny_cifar100_30ep](main.py 348): INFO Train: [27/30][60/390]	eta 0:02:29 lr 0.000005	 wd 0.0500	time 0.1028 (0.4544)	data time 0.0005 (0.3469)	model time 0.1023 (0.1045)	loss 3.6960 (3.2369)	grad_norm 6.8981 (5.8895)	loss_scale 32768.0000 (32768.0000)	mem 1205MB
[2026-03-25 02:41:09 tiny_cifar100_30ep](main.py 348): INFO Train: [27/30][70/390]	eta 0:02:09 lr 0.000005	 wd 0.0500	time 0.1082 (0.4057)	data time 0.0005 (0.2981)	model time 0.1077 (0.1064)	loss 3.1223 (3.2131)	grad_norm 5.5096 (5.8770)	loss_scale 32768.0000 (32768.0000)	mem 1205MB
[2026-03-25 02:41:10 tiny_cifar100_30ep](main.py 348): INFO Train: [27/30][80/390]	eta 0:01:54 lr 0.000004	 wd 0.0500	time 0.1026 (0.3690)	data time 0.0006 (0.2614)	model time 0.1020 (0.1068)	loss 2.8761 (3.2301)	grad_norm 5.5147 (5.8256)	loss_scale 32768.0000 (32768.0000)	mem 1205MB
[2026-03-25 02:41:11 tiny_cifar100_30ep](main.py 348): INFO Train: [27/30][90/390]	eta 0:01:42 lr 0.000004	 wd 0.0500	time 0.1053 (0.3404)	data time 0.0006 (0.2327)	model time 0.1047 (0.1071)	loss 3.1362 (3.2298)	grad_norm 5.7570 (5.8311)	loss_scale 32768.0000 (32768.0000)	mem 1205MB
[2026-03-25 02:41:12 tiny_cifar100_30ep](main.py 348): INFO Train: [27/30][100/390]	eta 0:01:32 lr 0.000004	 wd 0.0500	time 0.1026 (0.3175)	data time 0.0005 (0.2097)	model time 0.1020 (0.1075)	loss 3.7201 (3.2235)	grad_norm 7.3713 (5.8194)	loss_scale 32768.0000 (32768.0000)	mem 1205MB
[2026-03-25 02:41:14 tiny_cifar100_30ep](main.py 348): INFO Train: [27/30][110/390]	eta 0:01:23 lr 0.000004	 wd 0.0500	time 0.1064 (0.2992)	data time 0.0006 (0.1909)	model time 0.1058 (0.1084)	loss 3.1340 (3.2290)	grad_norm 5.4133 (5.7867)	loss_scale 32768.0000 (32768.0000)	mem 1205MB
[2026-03-25 02:41:15 tiny_cifar100_30ep](main.py 348): INFO Train: [27/30][120/390]	eta 0:01:16 lr 0.000004	 wd 0.0500	time 0.1026 (0.2831)	data time 0.0005 (0.1752)	model time 0.1020 (0.1077)	loss 2.1542 (3.2347)	grad_norm 5.2517 (5.7835)	loss_scale 32768.0000 (32768.0000)	mem 1205MB
[2026-03-25 02:41:16 tiny_cifar100_30ep](main.py 348): INFO Train: [27/30][130/390]	eta 0:01:10 lr 0.000004	 wd 0.0500	time 0.1057 (0.2700)	data time 0.0007 (0.1619)	model time 0.1051 (0.1081)	loss 3.9329 (3.2247)	grad_norm 5.0512 (5.8108)	loss_scale 32768.0000 (32768.0000)	mem 1205MB
[2026-03-25 02:41:17 tiny_cifar100_30ep](main.py 348): INFO Train: [27/30][140/390]	eta 0:01:04 lr 0.000004	 wd 0.0500	time 0.1230 (0.2588)	data time 0.0007 (0.1504)	model time 0.1223 (0.1086)	loss 3.4786 (3.2308)	grad_norm 7.1371 (5.8308)	loss_scale 32768.0000 (32768.0000)	mem 1205MB
[2026-03-25 02:41:18 tiny_cifar100_30ep](main.py 348): INFO Train: [27/30][150/390]	eta 0:00:59 lr 0.000004	 wd 0.0500	time 0.1026 (0.2486)	data time 0.0008 (0.1405)	model time 0.1018 (0.1081)	loss 3.6457 (3.2448)	grad_norm 5.6159 (5.8219)	loss_scale 32768.0000 (32768.0000)	mem 1205MB
[2026-03-25 02:41:19 tiny_cifar100_30ep](main.py 348): INFO Train: [27/30][160/390]	eta 0:00:55 lr 0.000004	 wd 0.0500	time 0.1024 (0.2398)	data time 0.0006 (0.1318)	model time 0.1018 (0.1078)	loss 3.5908 (3.2538)	grad_norm 4.9643 (5.8102)	loss_scale 32768.0000 (32768.0000)	mem 1205MB
[2026-03-25 02:41:20 tiny_cifar100_30ep](main.py 348): INFO Train: [27/30][170/390]	eta 0:00:51 lr 0.000004	 wd 0.0500	time 0.1179 (0.2322)	data time 0.0006 (0.1241)	model time 0.1173 (0.1080)	loss 3.3443 (3.2538)	grad_norm 5.4340 (5.8201)	loss_scale 32768.0000 (32768.0000)	mem 1205MB
[2026-03-25 02:41:21 tiny_cifar100_30ep](main.py 348): INFO Train: [27/30][180/390]	eta 0:00:47 lr 0.000004	 wd 0.0500	time 0.1163 (0.2254)	data time 0.0005 (0.1173)	model time 0.1158 (0.1080)	loss 2.7020 (3.2382)	grad_norm 5.7003 (5.8365)	loss_scale 32768.0000 (32768.0000)	mem 1205MB
[2026-03-25 02:41:22 tiny_cifar100_30ep](main.py 348): INFO Train: [27/30][190/390]	eta 0:00:43 lr 0.000004	 wd 0.0500	time 0.1029 (0.2193)	data time 0.0006 (0.1112)	model time 0.1022 (0.1081)	loss 2.4620 (3.2386)	grad_norm 6.6595 (5.8363)	loss_scale 32768.0000 (32768.0000)	mem 1205MB
[2026-03-25 02:41:23 tiny_cifar100_30ep](main.py 348): INFO Train: [27/30][200/390]	eta 0:00:40 lr 0.000004	 wd 0.0500	time 0.1165 (0.2140)	data time 0.0007 (0.1057)	model time 0.1159 (0.1083)	loss 3.4187 (3.2370)	grad_norm 5.7653 (5.8291)	loss_scale 32768.0000 (32768.0000)	mem 1205MB
[2026-03-25 02:41:24 tiny_cifar100_30ep](main.py 348): INFO Train: [27/30][210/390]	eta 0:00:37 lr 0.000004	 wd 0.0500	time 0.1029 (0.2088)	data time 0.0006 (0.1007)	model time 0.1023 (0.1081)	loss 2.6554 (3.2287)	grad_norm 6.0097 (5.8229)	loss_scale 32768.0000 (32768.0000)	mem 1205MB
[2026-03-25 02:41:25 tiny_cifar100_30ep](main.py 348): INFO Train: [27/30][220/390]	eta 0:00:34 lr 0.000004	 wd 0.0500	time 0.1163 (0.2043)	data time 0.0006 (0.0962)	model time 0.1157 (0.1080)	loss 3.8004 (3.2384)	grad_norm 4.8738 (5.8026)	loss_scale 32768.0000 (32768.0000)	mem 1205MB
[2026-03-25 02:41:27 tiny_cifar100_30ep](main.py 348): INFO Train: [27/30][230/390]	eta 0:00:32 lr 0.000004	 wd 0.0500	time 0.1163 (0.2001)	data time 0.0006 (0.0921)	model time 0.1156 (0.1080)	loss 2.6578 (3.2408)	grad_norm 6.1863 (5.8006)	loss_scale 32768.0000 (32768.0000)	mem 1205MB
[2026-03-25 02:41:28 tiny_cifar100_30ep](main.py 348): INFO Train: [27/30][240/390]	eta 0:00:29 lr 0.000004	 wd 0.0500	time 0.1125 (0.1963)	data time 0.0005 (0.0883)	model time 0.1120 (0.1080)	loss 3.6316 (3.2529)	grad_norm 6.0369 (5.7942)	loss_scale 32768.0000 (32768.0000)	mem 1205MB
[2026-03-25 02:41:29 tiny_cifar100_30ep](main.py 348): INFO Train: [27/30][250/390]	eta 0:00:26 lr 0.000004	 wd 0.0500	time 0.1128 (0.1927)	data time 0.0006 (0.0848)	model time 0.1121 (0.1078)	loss 2.6661 (3.2476)	grad_norm 5.7595 (5.8054)	loss_scale 32768.0000 (32768.0000)	mem 1205MB
[2026-03-25 02:41:30 tiny_cifar100_30ep](main.py 348): INFO Train: [27/30][260/390]	eta 0:00:24 lr 0.000004	 wd 0.0500	time 0.1026 (0.1894)	data time 0.0007 (0.0816)	model time 0.1019 (0.1078)	loss 2.6415 (3.2444)	grad_norm 7.0343 (5.8140)	loss_scale 32768.0000 (32768.0000)	mem 1205MB
[2026-03-25 02:41:31 tiny_cifar100_30ep](main.py 348): INFO Train: [27/30][270/390]	eta 0:00:22 lr 0.000003	 wd 0.0500	time 0.1152 (0.1864)	data time 0.0005 (0.0786)	model time 0.1147 (0.1078)	loss 2.7350 (3.2458)	grad_norm 5.3056 (5.8202)	loss_scale 32768.0000 (32768.0000)	mem 1205MB
[2026-03-25 02:41:32 tiny_cifar100_30ep](main.py 348): INFO Train: [27/30][280/390]	eta 0:00:20 lr 0.000003	 wd 0.0500	time 0.1058 (0.1837)	data time 0.0006 (0.0758)	model time 0.1051 (0.1078)	loss 4.0222 (3.2382)	grad_norm 5.2300 (5.8198)	loss_scale 32768.0000 (32768.0000)	mem 1205MB
[2026-03-25 02:41:33 tiny_cifar100_30ep](main.py 348): INFO Train: [27/30][290/390]	eta 0:00:18 lr 0.000003	 wd 0.0500	time 0.1024 (0.1810)	data time 0.0006 (0.0732)	model time 0.1018 (0.1077)	loss 3.7619 (3.2401)	grad_norm 6.8492 (5.8316)	loss_scale 32768.0000 (32768.0000)	mem 1205MB
[2026-03-25 02:41:34 tiny_cifar100_30ep](main.py 348): INFO Train: [27/30][300/390]	eta 0:00:16 lr 0.000003	 wd 0.0500	time 0.1135 (0.1787)	data time 0.0008 (0.0708)	model time 0.1127 (0.1079)	loss 2.1773 (3.2437)	grad_norm 6.7048 (5.8303)	loss_scale 32768.0000 (32768.0000)	mem 1205MB
[2026-03-25 02:41:35 tiny_cifar100_30ep](main.py 348): INFO Train: [27/30][310/390]	eta 0:00:14 lr 0.000003	 wd 0.0500	time 0.1147 (0.1765)	data time 0.0005 (0.0686)	model time 0.1142 (0.1079)	loss 3.4847 (3.2515)	grad_norm 5.5940 (5.8339)	loss_scale 32768.0000 (32768.0000)	mem 1205MB
[2026-03-25 02:41:36 tiny_cifar100_30ep](main.py 348): INFO Train: [27/30][320/390]	eta 0:00:12 lr 0.000003	 wd 0.0500	time 0.1026 (0.1745)	data time 0.0005 (0.0664)	model time 0.1021 (0.1081)	loss 3.5051 (3.2445)	grad_norm 5.4171 (5.8414)	loss_scale 32768.0000 (32768.0000)	mem 1205MB
[2026-03-25 02:41:37 tiny_cifar100_30ep](main.py 348): INFO Train: [27/30][330/390]	eta 0:00:10 lr 0.000003	 wd 0.0500	time 0.1265 (0.1726)	data time 0.0007 (0.0644)	model time 0.1258 (0.1081)	loss 3.4096 (3.2505)	grad_norm 6.5564 (5.8403)	loss_scale 32768.0000 (32768.0000)	mem 1205MB
[2026-03-25 02:41:39 tiny_cifar100_30ep](main.py 348): INFO Train: [27/30][340/390]	eta 0:00:08 lr 0.000003	 wd 0.0500	time 0.1139 (0.1708)	data time 0.0006 (0.0626)	model time 0.1134 (0.1083)	loss 2.9648 (3.2477)	grad_norm 5.4760 (5.8499)	loss_scale 32768.0000 (32768.0000)	mem 1205MB
[2026-03-25 02:41:40 tiny_cifar100_30ep](main.py 348): INFO Train: [27/30][350/390]	eta 0:00:06 lr 0.000003	 wd 0.0500	time 0.1051 (0.1692)	data time 0.0005 (0.0608)	model time 0.1045 (0.1084)	loss 3.6293 (3.2494)	grad_norm 7.1225 (5.8569)	loss_scale 32768.0000 (32768.0000)	mem 1205MB
[2026-03-25 02:41:41 tiny_cifar100_30ep](main.py 348): INFO Train: [27/30][360/390]	eta 0:00:05 lr 0.000003	 wd 0.0500	time 0.1064 (0.1675)	data time 0.0005 (0.0591)	model time 0.1059 (0.1084)	loss 2.9693 (3.2599)	grad_norm 5.3788 (5.8553)	loss_scale 32768.0000 (32768.0000)	mem 1205MB
[2026-03-25 02:41:42 tiny_cifar100_30ep](main.py 348): INFO Train: [27/30][370/390]	eta 0:00:03 lr 0.000003	 wd 0.0500	time 0.1056 (0.1660)	data time 0.0007 (0.0576)	model time 0.1050 (0.1084)	loss 3.0643 (3.2530)	grad_norm 6.3788 (5.8572)	loss_scale 32768.0000 (32768.0000)	mem 1205MB
[2026-03-25 02:41:43 tiny_cifar100_30ep](main.py 348): INFO Train: [27/30][380/390]	eta 0:00:01 lr 0.000003	 wd 0.0500	time 0.1019 (0.1643)	data time 0.0003 (0.0561)	model time 0.1015 (0.1083)	loss 3.8998 (3.2525)	grad_norm 4.8145 (5.8635)	loss_scale 32768.0000 (32768.0000)	mem 1205MB
[2026-03-25 02:41:45 tiny_cifar100_30ep](main.py 359): INFO EPOCH 27 training takes 0:01:04
[2026-03-25 02:41:45 tiny_cifar100_30ep](utils.py 104): INFO ./output_cifar100_noema_30ep/tiny_cifar100_30ep/20260325020204/latest_ckpt.pth saving......
[2026-03-25 02:41:45 tiny_cifar100_30ep](utils.py 106): INFO ./output_cifar100_noema_30ep/tiny_cifar100_30ep/20260325020204/latest_ckpt.pth saved !!!
/home/jlx_75/miniconda3/envs/pvmamba/lib/python3.10/site-packages/requests/__init__.py:109: RequestsDependencyWarning: urllib3 (1.26.13) or chardet (7.2.0)/charset_normalizer (2.1.1) doesn't match a supported version!
  warnings.warn(
/home/jlx_75/miniconda3/envs/pvmamba/lib/python3.10/site-packages/requests/__init__.py:109: RequestsDependencyWarning: urllib3 (1.26.13) or chardet (7.2.0)/charset_normalizer (2.1.1) doesn't match a supported version!
  warnings.warn(
/home/jlx_75/miniconda3/envs/pvmamba/lib/python3.10/site-packages/requests/__init__.py:109: RequestsDependencyWarning: urllib3 (1.26.13) or chardet (7.2.0)/charset_normalizer (2.1.1) doesn't match a supported version!
  warnings.warn(
/home/jlx_75/miniconda3/envs/pvmamba/lib/python3.10/site-packages/requests/__init__.py:109: RequestsDependencyWarning: urllib3 (1.26.13) or chardet (7.2.0)/charset_normalizer (2.1.1) doesn't match a supported version!
  warnings.warn(
/home/jlx_75/miniconda3/envs/pvmamba/lib/python3.10/site-packages/requests/__init__.py:109: RequestsDependencyWarning: urllib3 (1.26.13) or chardet (7.2.0)/charset_normalizer (2.1.1) doesn't match a supported version!
  warnings.warn(
/home/jlx_75/miniconda3/envs/pvmamba/lib/python3.10/site-packages/requests/__init__.py:109: RequestsDependencyWarning: urllib3 (1.26.13) or chardet (7.2.0)/charset_normalizer (2.1.1) doesn't match a supported version!
  warnings.warn(
/home/jlx_75/miniconda3/envs/pvmamba/lib/python3.10/site-packages/requests/__init__.py:109: RequestsDependencyWarning: urllib3 (1.26.13) or chardet (7.2.0)/charset_normalizer (2.1.1) doesn't match a supported version!
  warnings.warn(
/home/jlx_75/miniconda3/envs/pvmamba/lib/python3.10/site-packages/requests/__init__.py:109: RequestsDependencyWarning: urllib3 (1.26.13) or chardet (7.2.0)/charset_normalizer (2.1.1) doesn't match a supported version!
  warnings.warn(
[2026-03-25 02:42:01 tiny_cifar100_30ep](main.py 403): INFO Test: [0/79]	Time 15.103 (15.103)	Loss 1.9658 (1.9658)	Acc@1 53.906 (53.906)	Acc@5 80.469 (80.469)	Mem 1205MB
[2026-03-25 02:42:01 tiny_cifar100_30ep](main.py 403): INFO Test: [10/79]	Time 0.035 (1.408)	Loss 2.0996 (2.1315)	Acc@1 48.438 (48.153)	Acc@5 79.688 (78.338)	Mem 1205MB
[2026-03-25 02:42:01 tiny_cifar100_30ep](main.py 403): INFO Test: [20/79]	Time 0.035 (0.754)	Loss 2.1465 (2.1145)	Acc@1 47.656 (48.289)	Acc@5 76.562 (78.237)	Mem 1205MB
[2026-03-25 02:42:02 tiny_cifar100_30ep](main.py 403): INFO Test: [30/79]	Time 0.035 (0.522)	Loss 2.0977 (2.1110)	Acc@1 44.531 (48.387)	Acc@5 79.688 (78.024)	Mem 1205MB
[2026-03-25 02:42:02 tiny_cifar100_30ep](main.py 403): INFO Test: [40/79]	Time 0.035 (0.403)	Loss 2.0020 (2.1161)	Acc@1 51.562 (48.285)	Acc@5 78.906 (77.553)	Mem 1205MB
[2026-03-25 02:42:02 tiny_cifar100_30ep](main.py 403): INFO Test: [50/79]	Time 0.035 (0.331)	Loss 2.1992 (2.1247)	Acc@1 48.438 (47.840)	Acc@5 77.344 (77.420)	Mem 1205MB
[2026-03-25 02:42:03 tiny_cifar100_30ep](main.py 403): INFO Test: [60/79]	Time 0.035 (0.283)	Loss 2.3223 (2.1331)	Acc@1 46.094 (47.528)	Acc@5 73.438 (77.344)	Mem 1205MB
[2026-03-25 02:42:03 tiny_cifar100_30ep](main.py 403): INFO Test: [70/79]	Time 0.034 (0.248)	Loss 2.1602 (2.1230)	Acc@1 46.094 (47.810)	Acc@5 76.562 (77.751)	Mem 1205MB
[2026-03-25 02:42:04 tiny_cifar100_30ep](main.py 410): INFO  * Acc@1 47.780 Acc@5 77.690
[2026-03-25 02:42:04 tiny_cifar100_30ep](main.py 239): INFO Accuracy of the network on the 10000 test images: 47.8%
/home/jlx_75/miniconda3/envs/pvmamba/lib/python3.10/site-packages/requests/__init__.py:109: RequestsDependencyWarning: urllib3 (1.26.13) or chardet (7.2.0)/charset_normalizer (2.1.1) doesn't match a supported version!
  warnings.warn(
/home/jlx_75/miniconda3/envs/pvmamba/lib/python3.10/site-packages/requests/__init__.py:109: RequestsDependencyWarning: urllib3 (1.26.13) or chardet (7.2.0)/charset_normalizer (2.1.1) doesn't match a supported version!
  warnings.warn(
/home/jlx_75/miniconda3/envs/pvmamba/lib/python3.10/site-packages/requests/__init__.py:109: RequestsDependencyWarning: urllib3 (1.26.13) or chardet (7.2.0)/charset_normalizer (2.1.1) doesn't match a supported version!
  warnings.warn(
/home/jlx_75/miniconda3/envs/pvmamba/lib/python3.10/site-packages/requests/__init__.py:109: RequestsDependencyWarning: urllib3 (1.26.13) or chardet (7.2.0)/charset_normalizer (2.1.1) doesn't match a supported version!
  warnings.warn(
/home/jlx_75/miniconda3/envs/pvmamba/lib/python3.10/site-packages/requests/__init__.py:109: RequestsDependencyWarning: urllib3 (1.26.13) or chardet (7.2.0)/charset_normalizer (2.1.1) doesn't match a supported version!
  warnings.warn(
/home/jlx_75/miniconda3/envs/pvmamba/lib/python3.10/site-packages/requests/__init__.py:109: RequestsDependencyWarning: urllib3 (1.26.13) or chardet (7.2.0)/charset_normalizer (2.1.1) doesn't match a supported version!
  warnings.warn(
/home/jlx_75/miniconda3/envs/pvmamba/lib/python3.10/site-packages/requests/__init__.py:109: RequestsDependencyWarning: urllib3 (1.26.13) or chardet (7.2.0)/charset_normalizer (2.1.1) doesn't match a supported version!
  warnings.warn(
/home/jlx_75/miniconda3/envs/pvmamba/lib/python3.10/site-packages/requests/__init__.py:109: RequestsDependencyWarning: urllib3 (1.26.13) or chardet (7.2.0)/charset_normalizer (2.1.1) doesn't match a supported version!
  warnings.warn(
[2026-03-25 02:42:25 tiny_cifar100_30ep](main.py 348): INFO Train: [28/30][0/390]	eta 2:18:05 lr 0.000003	 wd 0.0500	time 21.2442 (21.2442)	data time 21.0896 (21.0896)	model time 0.0000 (0.0000)	loss 2.5943 (2.5943)	grad_norm 5.2234 (5.2234)	loss_scale 32768.0000 (32768.0000)	mem 1205MB
[2026-03-25 02:42:26 tiny_cifar100_30ep](main.py 348): INFO Train: [28/30][10/390]	eta 0:12:51 lr 0.000003	 wd 0.0500	time 0.1059 (2.0311)	data time 0.0006 (1.9178)	model time 0.0000 (0.0000)	loss 3.4156 (3.5139)	grad_norm 5.7330 (5.8043)	loss_scale 32768.0000 (32768.0000)	mem 1205MB
[2026-03-25 02:42:27 tiny_cifar100_30ep](main.py 348): INFO Train: [28/30][20/390]	eta 0:06:52 lr 0.000003	 wd 0.0500	time 0.1054 (1.1141)	data time 0.0006 (1.0049)	model time 0.0000 (0.0000)	loss 3.5371 (3.3909)	grad_norm 5.5566 (5.8497)	loss_scale 32768.0000 (32768.0000)	mem 1205MB
[2026-03-25 02:42:28 tiny_cifar100_30ep](main.py 348): INFO Train: [28/30][30/390]	eta 0:04:43 lr 0.000003	 wd 0.0500	time 0.1053 (0.7887)	data time 0.0006 (0.6809)	model time 0.0000 (0.0000)	loss 3.4304 (3.3507)	grad_norm 5.3580 (5.9021)	loss_scale 32768.0000 (32768.0000)	mem 1205MB
[2026-03-25 02:42:29 tiny_cifar100_30ep](main.py 348): INFO Train: [28/30][40/390]	eta 0:03:38 lr 0.000003	 wd 0.0500	time 0.1086 (0.6229)	data time 0.0005 (0.5150)	model time 0.0000 (0.0000)	loss 2.3728 (3.3279)	grad_norm 7.4113 (5.9862)	loss_scale 32768.0000 (32768.0000)	mem 1205MB
[2026-03-25 02:42:31 tiny_cifar100_30ep](main.py 348): INFO Train: [28/30][50/390]	eta 0:02:57 lr 0.000003	 wd 0.0500	time 0.1203 (0.5228)	data time 0.0005 (0.4141)	model time 0.0000 (0.0000)	loss 2.9591 (3.2990)	grad_norm 6.0971 (5.9031)	loss_scale 32768.0000 (32768.0000)	mem 1205MB
[2026-03-25 02:42:32 tiny_cifar100_30ep](main.py 348): INFO Train: [28/30][60/390]	eta 0:02:30 lr 0.000003	 wd 0.0500	time 0.1128 (0.4551)	data time 0.0005 (0.3463)	model time 0.1122 (0.1093)	loss 2.2494 (3.2624)	grad_norm 8.4834 (5.9492)	loss_scale 32768.0000 (32768.0000)	mem 1205MB
[2026-03-25 02:42:33 tiny_cifar100_30ep](main.py 348): INFO Train: [28/30][70/390]	eta 0:02:10 lr 0.000003	 wd 0.0500	time 0.1151 (0.4072)	data time 0.0007 (0.2977)	model time 0.1144 (0.1116)	loss 3.8359 (3.2397)	grad_norm 5.3698 (5.9350)	loss_scale 32768.0000 (32768.0000)	mem 1205MB
[2026-03-25 02:42:34 tiny_cifar100_30ep](main.py 348): INFO Train: [28/30][80/390]	eta 0:01:54 lr 0.000003	 wd 0.0500	time 0.1155 (0.3708)	data time 0.0005 (0.2610)	model time 0.1149 (0.1119)	loss 3.9024 (3.2562)	grad_norm 4.7324 (5.9003)	loss_scale 32768.0000 (32768.0000)	mem 1205MB
[2026-03-25 02:42:35 tiny_cifar100_30ep](main.py 348): INFO Train: [28/30][90/390]	eta 0:01:42 lr 0.000003	 wd 0.0500	time 0.1056 (0.3421)	data time 0.0005 (0.2324)	model time 0.1051 (0.1111)	loss 3.5187 (3.2752)	grad_norm 6.1810 (5.9219)	loss_scale 32768.0000 (32768.0000)	mem 1205MB
[2026-03-25 02:42:36 tiny_cifar100_30ep](main.py 348): INFO Train: [28/30][100/390]	eta 0:01:32 lr 0.000003	 wd 0.0500	time 0.1018 (0.3186)	data time 0.0005 (0.2094)	model time 0.1013 (0.1097)	loss 2.2793 (3.2610)	grad_norm 6.6643 (5.9344)	loss_scale 32768.0000 (32768.0000)	mem 1205MB
[2026-03-25 02:42:37 tiny_cifar100_30ep](main.py 348): INFO Train: [28/30][110/390]	eta 0:01:23 lr 0.000002	 wd 0.0500	time 0.1018 (0.2994)	data time 0.0005 (0.1906)	model time 0.1013 (0.1089)	loss 3.8257 (3.2611)	grad_norm 8.7484 (5.9692)	loss_scale 32768.0000 (32768.0000)	mem 1205MB
[2026-03-25 02:42:38 tiny_cifar100_30ep](main.py 348): INFO Train: [28/30][120/390]	eta 0:01:16 lr 0.000002	 wd 0.0500	time 0.1046 (0.2834)	data time 0.0006 (0.1749)	model time 0.1040 (0.1083)	loss 3.1991 (3.2423)	grad_norm 6.3718 (5.9699)	loss_scale 32768.0000 (32768.0000)	mem 1205MB
[2026-03-25 02:42:39 tiny_cifar100_30ep](main.py 348): INFO Train: [28/30][130/390]	eta 0:01:10 lr 0.000002	 wd 0.0500	time 0.1178 (0.2700)	data time 0.0005 (0.1616)	model time 0.1173 (0.1082)	loss 3.7243 (3.2410)	grad_norm 8.3340 (5.9804)	loss_scale 32768.0000 (32768.0000)	mem 1205MB
[2026-03-25 02:42:40 tiny_cifar100_30ep](main.py 348): INFO Train: [28/30][140/390]	eta 0:01:04 lr 0.000002	 wd 0.0500	time 0.1016 (0.2585)	data time 0.0006 (0.1502)	model time 0.1009 (0.1081)	loss 3.5924 (3.2366)	grad_norm 5.4535 (5.9690)	loss_scale 32768.0000 (32768.0000)	mem 1205MB
[2026-03-25 02:42:41 tiny_cifar100_30ep](main.py 348): INFO Train: [28/30][150/390]	eta 0:00:59 lr 0.000002	 wd 0.0500	time 0.1055 (0.2486)	data time 0.0006 (0.1403)	model time 0.1050 (0.1081)	loss 2.3477 (3.2440)	grad_norm 5.1394 (5.9577)	loss_scale 32768.0000 (32768.0000)	mem 1205MB
[2026-03-25 02:42:42 tiny_cifar100_30ep](main.py 348): INFO Train: [28/30][160/390]	eta 0:00:55 lr 0.000002	 wd 0.0500	time 0.1013 (0.2396)	data time 0.0004 (0.1316)	model time 0.1008 (0.1076)	loss 3.6303 (3.2458)	grad_norm 5.6397 (5.9563)	loss_scale 32768.0000 (32768.0000)	mem 1205MB
[2026-03-25 02:42:44 tiny_cifar100_30ep](main.py 348): INFO Train: [28/30][170/390]	eta 0:00:51 lr 0.000002	 wd 0.0500	time 0.1031 (0.2320)	data time 0.0006 (0.1240)	model time 0.1025 (0.1078)	loss 3.5639 (3.2509)	grad_norm 5.5304 (5.9479)	loss_scale 32768.0000 (32768.0000)	mem 1205MB
[2026-03-25 02:42:45 tiny_cifar100_30ep](main.py 348): INFO Train: [28/30][180/390]	eta 0:00:47 lr 0.000002	 wd 0.0500	time 0.1158 (0.2254)	data time 0.0006 (0.1171)	model time 0.1152 (0.1080)	loss 2.2125 (3.2443)	grad_norm 6.2799 (5.9547)	loss_scale 32768.0000 (32768.0000)	mem 1205MB
[2026-03-25 02:42:46 tiny_cifar100_30ep](main.py 348): INFO Train: [28/30][190/390]	eta 0:00:43 lr 0.000002	 wd 0.0500	time 0.1017 (0.2190)	data time 0.0006 (0.1110)	model time 0.1010 (0.1077)	loss 3.9351 (3.2697)	grad_norm 4.9969 (5.9430)	loss_scale 32768.0000 (32768.0000)	mem 1205MB
[2026-03-25 02:42:47 tiny_cifar100_30ep](main.py 348): INFO Train: [28/30][200/390]	eta 0:00:40 lr 0.000002	 wd 0.0500	time 0.1096 (0.2136)	data time 0.0007 (0.1056)	model time 0.1088 (0.1078)	loss 2.6634 (3.2610)	grad_norm 6.0835 (5.9501)	loss_scale 32768.0000 (32768.0000)	mem 1205MB
[2026-03-25 02:42:48 tiny_cifar100_30ep](main.py 348): INFO Train: [28/30][210/390]	eta 0:00:37 lr 0.000002	 wd 0.0500	time 0.1137 (0.2088)	data time 0.0007 (0.1006)	model time 0.1131 (0.1080)	loss 2.8925 (3.2669)	grad_norm 6.0238 (5.9356)	loss_scale 32768.0000 (32768.0000)	mem 1205MB
[2026-03-25 02:42:49 tiny_cifar100_30ep](main.py 348): INFO Train: [28/30][220/390]	eta 0:00:34 lr 0.000002	 wd 0.0500	time 0.1177 (0.2047)	data time 0.0005 (0.0961)	model time 0.1172 (0.1087)	loss 3.4760 (3.2773)	grad_norm 5.4265 (5.9351)	loss_scale 32768.0000 (32768.0000)	mem 1205MB
[2026-03-25 02:42:50 tiny_cifar100_30ep](main.py 348): INFO Train: [28/30][230/390]	eta 0:00:32 lr 0.000002	 wd 0.0500	time 0.1261 (0.2012)	data time 0.0008 (0.0919)	model time 0.1253 (0.1095)	loss 3.7499 (3.2891)	grad_norm 6.4723 (5.9339)	loss_scale 32768.0000 (32768.0000)	mem 1205MB
[2026-03-25 02:42:52 tiny_cifar100_30ep](main.py 348): INFO Train: [28/30][240/390]	eta 0:00:29 lr 0.000002	 wd 0.0500	time 0.1152 (0.1980)	data time 0.0006 (0.0882)	model time 0.1146 (0.1101)	loss 3.9737 (3.2881)	grad_norm 6.8952 (5.9570)	loss_scale 32768.0000 (32768.0000)	mem 1205MB
[2026-03-25 02:42:53 tiny_cifar100_30ep](main.py 348): INFO Train: [28/30][250/390]	eta 0:00:27 lr 0.000002	 wd 0.0500	time 0.1141 (0.1947)	data time 0.0007 (0.0847)	model time 0.1134 (0.1104)	loss 3.8074 (3.2979)	grad_norm 5.4674 (5.9552)	loss_scale 32768.0000 (32768.0000)	mem 1205MB
[2026-03-25 02:42:54 tiny_cifar100_30ep](main.py 348): INFO Train: [28/30][260/390]	eta 0:00:24 lr 0.000002	 wd 0.0500	time 0.1147 (0.1917)	data time 0.0005 (0.0814)	model time 0.1142 (0.1106)	loss 3.2763 (3.2909)	grad_norm 5.9739 (5.9624)	loss_scale 32768.0000 (32768.0000)	mem 1205MB
[2026-03-25 02:42:55 tiny_cifar100_30ep](main.py 348): INFO Train: [28/30][270/390]	eta 0:00:22 lr 0.000002	 wd 0.0500	time 0.1223 (0.1892)	data time 0.0007 (0.0785)	model time 0.1216 (0.1111)	loss 3.5344 (3.2948)	grad_norm 4.7818 (5.9388)	loss_scale 32768.0000 (32768.0000)	mem 1205MB
[2026-03-25 02:42:56 tiny_cifar100_30ep](main.py 348): INFO Train: [28/30][280/390]	eta 0:00:20 lr 0.000002	 wd 0.0500	time 0.1211 (0.1868)	data time 0.0006 (0.0757)	model time 0.1205 (0.1117)	loss 3.8470 (3.2907)	grad_norm 4.5151 (5.9332)	loss_scale 32768.0000 (32768.0000)	mem 1205MB
[2026-03-25 02:42:58 tiny_cifar100_30ep](main.py 348): INFO Train: [28/30][290/390]	eta 0:00:18 lr 0.000002	 wd 0.0500	time 0.1142 (0.1844)	data time 0.0006 (0.0731)	model time 0.1136 (0.1119)	loss 2.4069 (3.2909)	grad_norm 6.1859 (5.9279)	loss_scale 32768.0000 (32768.0000)	mem 1205MB
[2026-03-25 02:42:59 tiny_cifar100_30ep](main.py 348): INFO Train: [28/30][300/390]	eta 0:00:16 lr 0.000002	 wd 0.0500	time 0.1147 (0.1823)	data time 0.0006 (0.0707)	model time 0.1141 (0.1122)	loss 2.4498 (3.2820)	grad_norm 6.8940 (5.9415)	loss_scale 32768.0000 (32768.0000)	mem 1205MB
[2026-03-25 02:43:00 tiny_cifar100_30ep](main.py 348): INFO Train: [28/30][310/390]	eta 0:00:14 lr 0.000002	 wd 0.0500	time 0.1205 (0.1804)	data time 0.0007 (0.0685)	model time 0.1199 (0.1125)	loss 3.1562 (3.2761)	grad_norm 5.8626 (5.9327)	loss_scale 32768.0000 (32768.0000)	mem 1205MB
[2026-03-25 02:43:01 tiny_cifar100_30ep](main.py 348): INFO Train: [28/30][320/390]	eta 0:00:12 lr 0.000002	 wd 0.0500	time 0.1228 (0.1786)	data time 0.0007 (0.0664)	model time 0.1221 (0.1129)	loss 2.6494 (3.2644)	grad_norm 7.6235 (5.9359)	loss_scale 32768.0000 (32768.0000)	mem 1205MB
[2026-03-25 02:43:02 tiny_cifar100_30ep](main.py 348): INFO Train: [28/30][330/390]	eta 0:00:10 lr 0.000002	 wd 0.0500	time 0.1160 (0.1769)	data time 0.0006 (0.0644)	model time 0.1154 (0.1132)	loss 2.8590 (3.2635)	grad_norm 5.5270 (5.9259)	loss_scale 32768.0000 (32768.0000)	mem 1205MB
[2026-03-25 02:43:04 tiny_cifar100_30ep](main.py 348): INFO Train: [28/30][340/390]	eta 0:00:08 lr 0.000002	 wd 0.0500	time 0.1145 (0.1751)	data time 0.0008 (0.0625)	model time 0.1137 (0.1133)	loss 3.7806 (3.2623)	grad_norm 5.2587 (5.9401)	loss_scale 65536.0000 (33344.5630)	mem 1205MB
[2026-03-25 02:43:05 tiny_cifar100_30ep](main.py 348): INFO Train: [28/30][350/390]	eta 0:00:06 lr 0.000002	 wd 0.0500	time 0.1206 (0.1736)	data time 0.0007 (0.0607)	model time 0.1199 (0.1135)	loss 3.5900 (3.2606)	grad_norm 5.3554 (5.9442)	loss_scale 65536.0000 (34261.6980)	mem 1205MB
[2026-03-25 02:43:06 tiny_cifar100_30ep](main.py 348): INFO Train: [28/30][360/390]	eta 0:00:05 lr 0.000002	 wd 0.0500	time 0.1198 (0.1722)	data time 0.0008 (0.0591)	model time 0.1190 (0.1139)	loss 3.5657 (3.2601)	grad_norm 4.9557 (5.9385)	loss_scale 65536.0000 (35128.0222)	mem 1205MB
[2026-03-25 02:43:07 tiny_cifar100_30ep](main.py 348): INFO Train: [28/30][370/390]	eta 0:00:03 lr 0.000002	 wd 0.0500	time 0.1211 (0.1707)	data time 0.0006 (0.0575)	model time 0.1205 (0.1139)	loss 3.7821 (3.2559)	grad_norm 4.7876 (5.9388)	loss_scale 65536.0000 (35947.6442)	mem 1205MB
[2026-03-25 02:43:08 tiny_cifar100_30ep](main.py 348): INFO Train: [28/30][380/390]	eta 0:00:01 lr 0.000002	 wd 0.0500	time 0.1142 (0.1693)	data time 0.0004 (0.0560)	model time 0.1138 (0.1140)	loss 2.8331 (3.2615)	grad_norm 6.2179 (5.9325)	loss_scale 65536.0000 (36724.2415)	mem 1205MB
[2026-03-25 02:43:10 tiny_cifar100_30ep](main.py 359): INFO EPOCH 28 training takes 0:01:06
[2026-03-25 02:43:10 tiny_cifar100_30ep](utils.py 104): INFO ./output_cifar100_noema_30ep/tiny_cifar100_30ep/20260325020204/latest_ckpt.pth saving......
[2026-03-25 02:43:11 tiny_cifar100_30ep](utils.py 106): INFO ./output_cifar100_noema_30ep/tiny_cifar100_30ep/20260325020204/latest_ckpt.pth saved !!!
/home/jlx_75/miniconda3/envs/pvmamba/lib/python3.10/site-packages/requests/__init__.py:109: RequestsDependencyWarning: urllib3 (1.26.13) or chardet (7.2.0)/charset_normalizer (2.1.1) doesn't match a supported version!
  warnings.warn(
/home/jlx_75/miniconda3/envs/pvmamba/lib/python3.10/site-packages/requests/__init__.py:109: RequestsDependencyWarning: urllib3 (1.26.13) or chardet (7.2.0)/charset_normalizer (2.1.1) doesn't match a supported version!
  warnings.warn(
/home/jlx_75/miniconda3/envs/pvmamba/lib/python3.10/site-packages/requests/__init__.py:109: RequestsDependencyWarning: urllib3 (1.26.13) or chardet (7.2.0)/charset_normalizer (2.1.1) doesn't match a supported version!
  warnings.warn(
/home/jlx_75/miniconda3/envs/pvmamba/lib/python3.10/site-packages/requests/__init__.py:109: RequestsDependencyWarning: urllib3 (1.26.13) or chardet (7.2.0)/charset_normalizer (2.1.1) doesn't match a supported version!
  warnings.warn(
/home/jlx_75/miniconda3/envs/pvmamba/lib/python3.10/site-packages/requests/__init__.py:109: RequestsDependencyWarning: urllib3 (1.26.13) or chardet (7.2.0)/charset_normalizer (2.1.1) doesn't match a supported version!
  warnings.warn(
/home/jlx_75/miniconda3/envs/pvmamba/lib/python3.10/site-packages/requests/__init__.py:109: RequestsDependencyWarning: urllib3 (1.26.13) or chardet (7.2.0)/charset_normalizer (2.1.1) doesn't match a supported version!
  warnings.warn(
/home/jlx_75/miniconda3/envs/pvmamba/lib/python3.10/site-packages/requests/__init__.py:109: RequestsDependencyWarning: urllib3 (1.26.13) or chardet (7.2.0)/charset_normalizer (2.1.1) doesn't match a supported version!
  warnings.warn(
/home/jlx_75/miniconda3/envs/pvmamba/lib/python3.10/site-packages/requests/__init__.py:109: RequestsDependencyWarning: urllib3 (1.26.13) or chardet (7.2.0)/charset_normalizer (2.1.1) doesn't match a supported version!
  warnings.warn(
[2026-03-25 02:43:26 tiny_cifar100_30ep](main.py 403): INFO Test: [0/79]	Time 15.181 (15.181)	Loss 1.9590 (1.9590)	Acc@1 53.125 (53.125)	Acc@5 80.469 (80.469)	Mem 1205MB
[2026-03-25 02:43:27 tiny_cifar100_30ep](main.py 403): INFO Test: [10/79]	Time 0.036 (1.424)	Loss 2.0742 (2.1197)	Acc@1 49.219 (48.651)	Acc@5 78.906 (78.267)	Mem 1205MB
[2026-03-25 02:43:27 tiny_cifar100_30ep](main.py 403): INFO Test: [20/79]	Time 0.036 (0.763)	Loss 2.1289 (2.1004)	Acc@1 48.438 (48.698)	Acc@5 75.781 (78.088)	Mem 1205MB
[2026-03-25 02:43:27 tiny_cifar100_30ep](main.py 403): INFO Test: [30/79]	Time 0.037 (0.529)	Loss 2.0938 (2.0972)	Acc@1 44.531 (48.816)	Acc@5 78.906 (77.999)	Mem 1205MB
[2026-03-25 02:43:28 tiny_cifar100_30ep](main.py 403): INFO Test: [40/79]	Time 0.035 (0.408)	Loss 1.9951 (2.1032)	Acc@1 50.781 (48.780)	Acc@5 79.688 (77.668)	Mem 1205MB
[2026-03-25 02:43:28 tiny_cifar100_30ep](main.py 403): INFO Test: [50/79]	Time 0.036 (0.335)	Loss 2.1816 (2.1107)	Acc@1 47.656 (48.177)	Acc@5 77.344 (77.589)	Mem 1205MB
[2026-03-25 02:43:29 tiny_cifar100_30ep](main.py 403): INFO Test: [60/79]	Time 0.036 (0.286)	Loss 2.3027 (2.1192)	Acc@1 46.094 (47.912)	Acc@5 71.875 (77.446)	Mem 1205MB
[2026-03-25 02:43:29 tiny_cifar100_30ep](main.py 403): INFO Test: [70/79]	Time 0.035 (0.251)	Loss 2.1562 (2.1090)	Acc@1 45.312 (48.184)	Acc@5 76.562 (77.861)	Mem 1205MB
[2026-03-25 02:43:30 tiny_cifar100_30ep](main.py 410): INFO  * Acc@1 48.190 Acc@5 77.840
[2026-03-25 02:43:30 tiny_cifar100_30ep](main.py 239): INFO Accuracy of the network on the 10000 test images: 48.2%
/home/jlx_75/miniconda3/envs/pvmamba/lib/python3.10/site-packages/requests/__init__.py:109: RequestsDependencyWarning: urllib3 (1.26.13) or chardet (7.2.0)/charset_normalizer (2.1.1) doesn't match a supported version!
  warnings.warn(
/home/jlx_75/miniconda3/envs/pvmamba/lib/python3.10/site-packages/requests/__init__.py:109: RequestsDependencyWarning: urllib3 (1.26.13) or chardet (7.2.0)/charset_normalizer (2.1.1) doesn't match a supported version!
  warnings.warn(
/home/jlx_75/miniconda3/envs/pvmamba/lib/python3.10/site-packages/requests/__init__.py:109: RequestsDependencyWarning: urllib3 (1.26.13) or chardet (7.2.0)/charset_normalizer (2.1.1) doesn't match a supported version!
  warnings.warn(
/home/jlx_75/miniconda3/envs/pvmamba/lib/python3.10/site-packages/requests/__init__.py:109: RequestsDependencyWarning: urllib3 (1.26.13) or chardet (7.2.0)/charset_normalizer (2.1.1) doesn't match a supported version!
  warnings.warn(
/home/jlx_75/miniconda3/envs/pvmamba/lib/python3.10/site-packages/requests/__init__.py:109: RequestsDependencyWarning: urllib3 (1.26.13) or chardet (7.2.0)/charset_normalizer (2.1.1) doesn't match a supported version!
  warnings.warn(
/home/jlx_75/miniconda3/envs/pvmamba/lib/python3.10/site-packages/requests/__init__.py:109: RequestsDependencyWarning: urllib3 (1.26.13) or chardet (7.2.0)/charset_normalizer (2.1.1) doesn't match a supported version!
  warnings.warn(
/home/jlx_75/miniconda3/envs/pvmamba/lib/python3.10/site-packages/requests/__init__.py:109: RequestsDependencyWarning: urllib3 (1.26.13) or chardet (7.2.0)/charset_normalizer (2.1.1) doesn't match a supported version!
  warnings.warn(
/home/jlx_75/miniconda3/envs/pvmamba/lib/python3.10/site-packages/requests/__init__.py:109: RequestsDependencyWarning: urllib3 (1.26.13) or chardet (7.2.0)/charset_normalizer (2.1.1) doesn't match a supported version!
  warnings.warn(
[2026-03-25 02:43:52 tiny_cifar100_30ep](main.py 348): INFO Train: [29/30][0/390]	eta 2:25:56 lr 0.000002	 wd 0.0500	time 22.4520 (22.4520)	data time 22.2763 (22.2763)	model time 0.0000 (0.0000)	loss 2.8740 (2.8740)	grad_norm 5.4724 (5.4724)	loss_scale 65536.0000 (65536.0000)	mem 1205MB
[2026-03-25 02:43:53 tiny_cifar100_30ep](main.py 348): INFO Train: [29/30][10/390]	eta 0:13:34 lr 0.000002	 wd 0.0500	time 0.1083 (2.1443)	data time 0.0005 (2.0257)	model time 0.0000 (0.0000)	loss 2.1576 (3.2828)	grad_norm 6.7533 (5.8616)	loss_scale 65536.0000 (65536.0000)	mem 1205MB
[2026-03-25 02:43:54 tiny_cifar100_30ep](main.py 348): INFO Train: [29/30][20/390]	eta 0:07:14 lr 0.000002	 wd 0.0500	time 0.1079 (1.1749)	data time 0.0006 (1.0614)	model time 0.0000 (0.0000)	loss 2.1522 (3.3312)	grad_norm 6.2419 (5.8937)	loss_scale 65536.0000 (65536.0000)	mem 1205MB
[2026-03-25 02:43:55 tiny_cifar100_30ep](main.py 348): INFO Train: [29/30][30/390]	eta 0:04:59 lr 0.000002	 wd 0.0500	time 0.1094 (0.8313)	data time 0.0006 (0.7192)	model time 0.0000 (0.0000)	loss 2.6360 (3.3561)	grad_norm 5.2940 (5.9695)	loss_scale 65536.0000 (65536.0000)	mem 1205MB
[2026-03-25 02:43:57 tiny_cifar100_30ep](main.py 348): INFO Train: [29/30][40/390]	eta 0:03:49 lr 0.000002	 wd 0.0500	time 0.1094 (0.6557)	data time 0.0005 (0.5439)	model time 0.0000 (0.0000)	loss 3.0036 (3.2798)	grad_norm 4.7509 (5.9825)	loss_scale 65536.0000 (65536.0000)	mem 1205MB
[2026-03-25 02:43:58 tiny_cifar100_30ep](main.py 348): INFO Train: [29/30][50/390]	eta 0:03:06 lr 0.000002	 wd 0.0500	time 0.1020 (0.5474)	data time 0.0004 (0.4374)	model time 0.0000 (0.0000)	loss 2.2325 (3.2961)	grad_norm 5.7360 (5.9115)	loss_scale 65536.0000 (65536.0000)	mem 1205MB
[2026-03-25 02:43:59 tiny_cifar100_30ep](main.py 348): INFO Train: [29/30][60/390]	eta 0:02:37 lr 0.000002	 wd 0.0500	time 0.1125 (0.4760)	data time 0.0007 (0.3658)	model time 0.1118 (0.1115)	loss 3.0956 (3.2285)	grad_norm 6.1878 (5.9407)	loss_scale 65536.0000 (65536.0000)	mem 1205MB
[2026-03-25 02:44:00 tiny_cifar100_30ep](main.py 348): INFO Train: [29/30][70/390]	eta 0:02:16 lr 0.000002	 wd 0.0500	time 0.1179 (0.4250)	data time 0.0007 (0.3144)	model time 0.1172 (0.1124)	loss 3.0661 (3.2485)	grad_norm 7.4259 (5.9553)	loss_scale 65536.0000 (65536.0000)	mem 1205MB
[2026-03-25 02:44:01 tiny_cifar100_30ep](main.py 348): INFO Train: [29/30][80/390]	eta 0:01:59 lr 0.000002	 wd 0.0500	time 0.1026 (0.3855)	data time 0.0005 (0.2756)	model time 0.1021 (0.1096)	loss 3.7612 (3.2416)	grad_norm 5.4045 (5.9415)	loss_scale 65536.0000 (65536.0000)	mem 1205MB
[2026-03-25 02:44:02 tiny_cifar100_30ep](main.py 348): INFO Train: [29/30][90/390]	eta 0:01:46 lr 0.000001	 wd 0.0500	time 0.1025 (0.3546)	data time 0.0005 (0.2454)	model time 0.1020 (0.1082)	loss 3.2396 (3.2719)	grad_norm 5.9739 (5.9165)	loss_scale 65536.0000 (65536.0000)	mem 1205MB
[2026-03-25 02:44:03 tiny_cifar100_30ep](main.py 348): INFO Train: [29/30][100/390]	eta 0:01:35 lr 0.000001	 wd 0.0500	time 0.1175 (0.3305)	data time 0.0007 (0.2212)	model time 0.1167 (0.1087)	loss 3.7593 (3.2695)	grad_norm 5.0154 (5.9233)	loss_scale 65536.0000 (65536.0000)	mem 1205MB
[2026-03-25 02:44:04 tiny_cifar100_30ep](main.py 348): INFO Train: [29/30][110/390]	eta 0:01:27 lr 0.000001	 wd 0.0500	time 0.1072 (0.3112)	data time 0.0006 (0.2013)	model time 0.1066 (0.1097)	loss 3.3903 (3.2881)	grad_norm 5.4511 (5.8850)	loss_scale 65536.0000 (65536.0000)	mem 1205MB
[2026-03-25 02:44:05 tiny_cifar100_30ep](main.py 348): INFO Train: [29/30][120/390]	eta 0:01:19 lr 0.000001	 wd 0.0500	time 0.1166 (0.2946)	data time 0.0005 (0.1847)	model time 0.1161 (0.1099)	loss 3.2774 (3.2889)	grad_norm 6.0456 (5.8986)	loss_scale 65536.0000 (65536.0000)	mem 1205MB
[2026-03-25 02:44:06 tiny_cifar100_30ep](main.py 348): INFO Train: [29/30][130/390]	eta 0:01:12 lr 0.000001	 wd 0.0500	time 0.1050 (0.2802)	data time 0.0005 (0.1707)	model time 0.1046 (0.1092)	loss 2.7719 (3.2924)	grad_norm 5.5527 (5.8959)	loss_scale 65536.0000 (65536.0000)	mem 1205MB
[2026-03-25 02:44:08 tiny_cifar100_30ep](main.py 348): INFO Train: [29/30][140/390]	eta 0:01:07 lr 0.000001	 wd 0.0500	time 0.1038 (0.2682)	data time 0.0006 (0.1586)	model time 0.1031 (0.1094)	loss 3.5050 (3.2892)	grad_norm 6.7475 (5.8949)	loss_scale 65536.0000 (65536.0000)	mem 1205MB
[2026-03-25 02:44:09 tiny_cifar100_30ep](main.py 348): INFO Train: [29/30][150/390]	eta 0:01:01 lr 0.000001	 wd 0.0500	time 0.1041 (0.2578)	data time 0.0007 (0.1481)	model time 0.1035 (0.1095)	loss 3.9658 (3.2976)	grad_norm 5.1505 (5.9152)	loss_scale 65536.0000 (65536.0000)	mem 1205MB
[2026-03-25 02:44:10 tiny_cifar100_30ep](main.py 348): INFO Train: [29/30][160/390]	eta 0:00:57 lr 0.000001	 wd 0.0500	time 0.1127 (0.2489)	data time 0.0005 (0.1390)	model time 0.1122 (0.1099)	loss 2.3019 (3.2699)	grad_norm 7.4080 (5.9201)	loss_scale 65536.0000 (65536.0000)	mem 1205MB
[2026-03-25 02:44:11 tiny_cifar100_30ep](main.py 348): INFO Train: [29/30][170/390]	eta 0:00:52 lr 0.000001	 wd 0.0500	time 0.1025 (0.2405)	data time 0.0005 (0.1309)	model time 0.1020 (0.1095)	loss 3.6049 (3.2763)	grad_norm 4.7891 (5.9114)	loss_scale 65536.0000 (65536.0000)	mem 1205MB
[2026-03-25 02:44:12 tiny_cifar100_30ep](main.py 348): INFO Train: [29/30][180/390]	eta 0:00:49 lr 0.000001	 wd 0.0500	time 0.1210 (0.2335)	data time 0.0007 (0.1237)	model time 0.1204 (0.1097)	loss 3.8994 (3.2822)	grad_norm 4.9287 (5.9134)	loss_scale 65536.0000 (65536.0000)	mem 1205MB
[2026-03-25 02:44:13 tiny_cifar100_30ep](main.py 348): INFO Train: [29/30][190/390]	eta 0:00:45 lr 0.000001	 wd 0.0500	time 0.1233 (0.2268)	data time 0.0006 (0.1172)	model time 0.1227 (0.1095)	loss 2.4858 (3.2719)	grad_norm 6.1452 (5.9246)	loss_scale 65536.0000 (65536.0000)	mem 1205MB
[2026-03-25 02:44:14 tiny_cifar100_30ep](main.py 348): INFO Train: [29/30][200/390]	eta 0:00:41 lr 0.000001	 wd 0.0500	time 0.1026 (0.2209)	data time 0.0005 (0.1114)	model time 0.1020 (0.1093)	loss 3.7546 (3.2768)	grad_norm 4.8917 (5.9195)	loss_scale 65536.0000 (65536.0000)	mem 1205MB
[2026-03-25 02:44:15 tiny_cifar100_30ep](main.py 348): INFO Train: [29/30][210/390]	eta 0:00:38 lr 0.000001	 wd 0.0500	time 0.1024 (0.2154)	data time 0.0006 (0.1062)	model time 0.1018 (0.1090)	loss 3.4137 (3.2806)	grad_norm 5.5529 (5.9124)	loss_scale 65536.0000 (65536.0000)	mem 1205MB
[2026-03-25 02:44:16 tiny_cifar100_30ep](main.py 348): INFO Train: [29/30][220/390]	eta 0:00:35 lr 0.000001	 wd 0.0500	time 0.1027 (0.2104)	data time 0.0005 (0.1014)	model time 0.1021 (0.1087)	loss 2.9914 (3.2853)	grad_norm 6.1841 (5.9102)	loss_scale 65536.0000 (65536.0000)	mem 1205MB
[2026-03-25 02:44:17 tiny_cifar100_30ep](main.py 348): INFO Train: [29/30][230/390]	eta 0:00:33 lr 0.000001	 wd 0.0500	time 0.1142 (0.2063)	data time 0.0006 (0.0970)	model time 0.1136 (0.1090)	loss 2.5843 (3.2758)	grad_norm 5.6384 (5.9065)	loss_scale 65536.0000 (65536.0000)	mem 1205MB
[2026-03-25 02:44:19 tiny_cifar100_30ep](main.py 348): INFO Train: [29/30][240/390]	eta 0:00:30 lr 0.000001	 wd 0.0500	time 0.1221 (0.2025)	data time 0.0005 (0.0930)	model time 0.1216 (0.1093)	loss 2.6417 (3.2816)	grad_norm 5.1923 (5.8959)	loss_scale 65536.0000 (65536.0000)	mem 1205MB
[2026-03-25 02:44:20 tiny_cifar100_30ep](main.py 348): INFO Train: [29/30][250/390]	eta 0:00:27 lr 0.000001	 wd 0.0500	time 0.1064 (0.1987)	data time 0.0005 (0.0894)	model time 0.1059 (0.1091)	loss 3.3712 (3.2793)	grad_norm 6.1442 (5.8904)	loss_scale 65536.0000 (65536.0000)	mem 1205MB
[2026-03-25 02:44:21 tiny_cifar100_30ep](main.py 348): INFO Train: [29/30][260/390]	eta 0:00:25 lr 0.000001	 wd 0.0500	time 0.1022 (0.1952)	data time 0.0005 (0.0860)	model time 0.1017 (0.1091)	loss 2.7320 (3.2895)	grad_norm 6.9184 (5.8889)	loss_scale 65536.0000 (65536.0000)	mem 1205MB
[2026-03-25 02:44:22 tiny_cifar100_30ep](main.py 348): INFO Train: [29/30][270/390]	eta 0:00:23 lr 0.000001	 wd 0.0500	time 0.1068 (0.1922)	data time 0.0007 (0.0828)	model time 0.1061 (0.1092)	loss 2.7377 (3.2925)	grad_norm 5.7361 (5.8853)	loss_scale 65536.0000 (65536.0000)	mem 1205MB
[2026-03-25 02:44:23 tiny_cifar100_30ep](main.py 348): INFO Train: [29/30][280/390]	eta 0:00:20 lr 0.000001	 wd 0.0500	time 0.1164 (0.1891)	data time 0.0005 (0.0799)	model time 0.1159 (0.1091)	loss 2.7462 (3.2837)	grad_norm 6.2757 (5.8825)	loss_scale 65536.0000 (65536.0000)	mem 1205MB
[2026-03-25 02:44:24 tiny_cifar100_30ep](main.py 348): INFO Train: [29/30][290/390]	eta 0:00:18 lr 0.000001	 wd 0.0500	time 0.1208 (0.1864)	data time 0.0005 (0.0772)	model time 0.1203 (0.1091)	loss 3.8085 (3.2860)	grad_norm 5.0314 (5.8962)	loss_scale 65536.0000 (65536.0000)	mem 1205MB
[2026-03-25 02:44:25 tiny_cifar100_30ep](main.py 348): INFO Train: [29/30][300/390]	eta 0:00:16 lr 0.000001	 wd 0.0500	time 0.1025 (0.1837)	data time 0.0006 (0.0746)	model time 0.1018 (0.1089)	loss 3.0922 (3.2895)	grad_norm 5.1411 (5.8915)	loss_scale 65536.0000 (65536.0000)	mem 1205MB
[2026-03-25 02:44:26 tiny_cifar100_30ep](main.py 348): INFO Train: [29/30][310/390]	eta 0:00:14 lr 0.000001	 wd 0.0500	time 0.1028 (0.1812)	data time 0.0006 (0.0722)	model time 0.1022 (0.1088)	loss 2.9489 (3.2891)	grad_norm 5.0971 (5.8963)	loss_scale 65536.0000 (65536.0000)	mem 1205MB
[2026-03-25 02:44:27 tiny_cifar100_30ep](main.py 348): INFO Train: [29/30][320/390]	eta 0:00:12 lr 0.000001	 wd 0.0500	time 0.1158 (0.1792)	data time 0.0005 (0.0700)	model time 0.1153 (0.1091)	loss 2.5310 (3.2809)	grad_norm 7.3881 (5.8941)	loss_scale 65536.0000 (65536.0000)	mem 1205MB
[2026-03-25 02:44:28 tiny_cifar100_30ep](main.py 348): INFO Train: [29/30][330/390]	eta 0:00:10 lr 0.000001	 wd 0.0500	time 0.1145 (0.1773)	data time 0.0005 (0.0679)	model time 0.1140 (0.1092)	loss 3.3996 (3.2772)	grad_norm 5.5737 (5.8945)	loss_scale 65536.0000 (65536.0000)	mem 1205MB
[2026-03-25 02:44:30 tiny_cifar100_30ep](main.py 348): INFO Train: [29/30][340/390]	eta 0:00:08 lr 0.000001	 wd 0.0500	time 0.1207 (0.1756)	data time 0.0005 (0.0659)	model time 0.1201 (0.1097)	loss 2.4058 (3.2715)	grad_norm 5.5007 (5.9021)	loss_scale 65536.0000 (65536.0000)	mem 1205MB
[2026-03-25 02:44:31 tiny_cifar100_30ep](main.py 348): INFO Train: [29/30][350/390]	eta 0:00:06 lr 0.000001	 wd 0.0500	time 0.1176 (0.1741)	data time 0.0007 (0.0641)	model time 0.1169 (0.1100)	loss 3.2361 (3.2696)	grad_norm 5.2189 (5.8980)	loss_scale 65536.0000 (65536.0000)	mem 1205MB
[2026-03-25 02:44:32 tiny_cifar100_30ep](main.py 348): INFO Train: [29/30][360/390]	eta 0:00:05 lr 0.000001	 wd 0.0500	time 0.1175 (0.1725)	data time 0.0006 (0.0623)	model time 0.1170 (0.1102)	loss 3.6003 (3.2706)	grad_norm 5.9029 (5.9038)	loss_scale 65536.0000 (65536.0000)	mem 1205MB
[2026-03-25 02:44:33 tiny_cifar100_30ep](main.py 348): INFO Train: [29/30][370/390]	eta 0:00:03 lr 0.000001	 wd 0.0500	time 0.1162 (0.1710)	data time 0.0005 (0.0606)	model time 0.1157 (0.1104)	loss 2.5954 (3.2655)	grad_norm 5.6162 (5.9150)	loss_scale 65536.0000 (65536.0000)	mem 1205MB
[2026-03-25 02:44:34 tiny_cifar100_30ep](main.py 348): INFO Train: [29/30][380/390]	eta 0:00:01 lr 0.000001	 wd 0.0500	time 0.1187 (0.1695)	data time 0.0005 (0.0591)	model time 0.1183 (0.1106)	loss 3.8452 (3.2617)	grad_norm 5.7308 (5.9192)	loss_scale 65536.0000 (65536.0000)	mem 1205MB
[2026-03-25 02:44:36 tiny_cifar100_30ep](main.py 359): INFO EPOCH 29 training takes 0:01:06
[2026-03-25 02:44:36 tiny_cifar100_30ep](utils.py 104): INFO ./output_cifar100_noema_30ep/tiny_cifar100_30ep/20260325020204/latest_ckpt.pth saving......
[2026-03-25 02:44:37 tiny_cifar100_30ep](utils.py 106): INFO ./output_cifar100_noema_30ep/tiny_cifar100_30ep/20260325020204/latest_ckpt.pth saved !!!
/home/jlx_75/miniconda3/envs/pvmamba/lib/python3.10/site-packages/requests/__init__.py:109: RequestsDependencyWarning: urllib3 (1.26.13) or chardet (7.2.0)/charset_normalizer (2.1.1) doesn't match a supported version!
  warnings.warn(
/home/jlx_75/miniconda3/envs/pvmamba/lib/python3.10/site-packages/requests/__init__.py:109: RequestsDependencyWarning: urllib3 (1.26.13) or chardet (7.2.0)/charset_normalizer (2.1.1) doesn't match a supported version!
  warnings.warn(
/home/jlx_75/miniconda3/envs/pvmamba/lib/python3.10/site-packages/requests/__init__.py:109: RequestsDependencyWarning: urllib3 (1.26.13) or chardet (7.2.0)/charset_normalizer (2.1.1) doesn't match a supported version!
  warnings.warn(
/home/jlx_75/miniconda3/envs/pvmamba/lib/python3.10/site-packages/requests/__init__.py:109: RequestsDependencyWarning: urllib3 (1.26.13) or chardet (7.2.0)/charset_normalizer (2.1.1) doesn't match a supported version!
  warnings.warn(
/home/jlx_75/miniconda3/envs/pvmamba/lib/python3.10/site-packages/requests/__init__.py:109: RequestsDependencyWarning: urllib3 (1.26.13) or chardet (7.2.0)/charset_normalizer (2.1.1) doesn't match a supported version!
  warnings.warn(
/home/jlx_75/miniconda3/envs/pvmamba/lib/python3.10/site-packages/requests/__init__.py:109: RequestsDependencyWarning: urllib3 (1.26.13) or chardet (7.2.0)/charset_normalizer (2.1.1) doesn't match a supported version!
  warnings.warn(
/home/jlx_75/miniconda3/envs/pvmamba/lib/python3.10/site-packages/requests/__init__.py:109: RequestsDependencyWarning: urllib3 (1.26.13) or chardet (7.2.0)/charset_normalizer (2.1.1) doesn't match a supported version!
  warnings.warn(
/home/jlx_75/miniconda3/envs/pvmamba/lib/python3.10/site-packages/requests/__init__.py:109: RequestsDependencyWarning: urllib3 (1.26.13) or chardet (7.2.0)/charset_normalizer (2.1.1) doesn't match a supported version!
  warnings.warn(
[2026-03-25 02:44:52 tiny_cifar100_30ep](main.py 403): INFO Test: [0/79]	Time 15.357 (15.357)	Loss 1.9834 (1.9834)	Acc@1 53.906 (53.906)	Acc@5 82.031 (82.031)	Mem 1205MB
[2026-03-25 02:44:53 tiny_cifar100_30ep](main.py 403): INFO Test: [10/79]	Time 0.035 (1.431)	Loss 2.1055 (2.1414)	Acc@1 47.656 (48.153)	Acc@5 78.906 (77.983)	Mem 1205MB
[2026-03-25 02:44:53 tiny_cifar100_30ep](main.py 403): INFO Test: [20/79]	Time 0.035 (0.766)	Loss 2.1621 (2.1259)	Acc@1 44.531 (47.842)	Acc@5 77.344 (77.679)	Mem 1205MB
[2026-03-25 02:44:53 tiny_cifar100_30ep](main.py 403): INFO Test: [30/79]	Time 0.035 (0.530)	Loss 2.1055 (2.1233)	Acc@1 45.312 (48.110)	Acc@5 78.906 (77.545)	Mem 1205MB
[2026-03-25 02:44:54 tiny_cifar100_30ep](main.py 403): INFO Test: [40/79]	Time 0.034 (0.410)	Loss 2.0059 (2.1274)	Acc@1 53.125 (48.095)	Acc@5 79.688 (77.210)	Mem 1205MB
[2026-03-25 02:44:54 tiny_cifar100_30ep](main.py 403): INFO Test: [50/79]	Time 0.035 (0.336)	Loss 2.2109 (2.1364)	Acc@1 48.438 (47.580)	Acc@5 75.781 (77.145)	Mem 1205MB
[2026-03-25 02:44:55 tiny_cifar100_30ep](main.py 403): INFO Test: [60/79]	Time 0.035 (0.287)	Loss 2.3359 (2.1448)	Acc@1 45.312 (47.170)	Acc@5 71.094 (76.985)	Mem 1205MB
[2026-03-25 02:44:55 tiny_cifar100_30ep](main.py 403): INFO Test: [70/79]	Time 0.034 (0.251)	Loss 2.1797 (2.1348)	Acc@1 46.875 (47.546)	Acc@5 75.781 (77.377)	Mem 1205MB
[2026-03-25 02:44:56 tiny_cifar100_30ep](main.py 410): INFO  * Acc@1 47.610 Acc@5 77.350
[2026-03-25 02:44:56 tiny_cifar100_30ep](main.py 239): INFO Accuracy of the network on the 10000 test images: 47.6%
[2026-03-25 02:44:56 tiny_cifar100_30ep](main.py 273): INFO Training time 0:42:48
