2026/04/25 19:44:35 - mmengine - INFO - 
------------------------------------------------------------
System environment:
    sys.platform: linux
    Python: 3.10.20 (main, Mar 11 2026, 17:46:40) [GCC 14.3.0]
    CUDA available: True
    MUSA available: False
    numpy_random_seed: 528421559
    GPU 0,1: NVIDIA GeForce RTX 3080 Ti
    CUDA_HOME: /usr/local/cuda
    NVCC: Cuda compilation tools, release 12.8, V12.8.93
    GCC: gcc (Ubuntu 13.3.0-6ubuntu2~24.04.1) 13.3.0
    PyTorch: 2.1.2+cu118
    PyTorch compiling details: PyTorch built with:
  - GCC 9.3
  - C++ Version: 201703
  - Intel(R) oneAPI Math Kernel Library Version 2022.2-Product Build 20220804 for Intel(R) 64 architecture applications
  - Intel(R) MKL-DNN v3.1.1 (Git Hash 64f6bcbcbab628e96f33a62c3e975f8535a7bde4)
  - OpenMP 201511 (a.k.a. OpenMP 4.5)
  - LAPACK is enabled (usually provided by MKL)
  - NNPACK is enabled
  - CPU capability usage: AVX512
  - CUDA Runtime 11.8
  - NVCC architecture flags: -gencode;arch=compute_50,code=sm_50;-gencode;arch=compute_60,code=sm_60;-gencode;arch=compute_70,code=sm_70;-gencode;arch=compute_75,code=sm_75;-gencode;arch=compute_80,code=sm_80;-gencode;arch=compute_86,code=sm_86;-gencode;arch=compute_37,code=sm_37;-gencode;arch=compute_90,code=sm_90
  - CuDNN 8.7
  - Magma 2.6.1
  - Build settings: BLAS_INFO=mkl, BUILD_TYPE=Release, CUDA_VERSION=11.8, CUDNN_VERSION=8.7.0, CXX_COMPILER=/opt/rh/devtoolset-9/root/usr/bin/c++, CXX_FLAGS= -D_GLIBCXX_USE_CXX11_ABI=0 -fabi-version=11 -fvisibility-inlines-hidden -DUSE_PTHREADPOOL -DNDEBUG -DUSE_KINETO -DLIBKINETO_NOROCTRACER -DUSE_FBGEMM -DUSE_QNNPACK -DUSE_PYTORCH_QNNPACK -DUSE_XNNPACK -DSYMBOLICATE_MOBILE_DEBUG_HANDLE -O2 -fPIC -Wall -Wextra -Werror=return-type -Werror=non-virtual-dtor -Werror=bool-operation -Wnarrowing -Wno-missing-field-initializers -Wno-type-limits -Wno-array-bounds -Wno-unknown-pragmas -Wno-unused-parameter -Wno-unused-function -Wno-unused-result -Wno-strict-overflow -Wno-strict-aliasing -Wno-stringop-overflow -Wno-psabi -Wno-error=pedantic -Wno-error=old-style-cast -Wno-invalid-partial-specialization -Wno-unused-private-field -Wno-aligned-allocation-unavailable -Wno-missing-braces -fdiagnostics-color=always -faligned-new -Wno-unused-but-set-variable -Wno-maybe-uninitialized -fno-math-errno -fno-trapping-math -Werror=format -Werror=cast-function-type -Wno-stringop-overflow, LAPACK_INFO=mkl, PERF_WITH_AVX=1, PERF_WITH_AVX2=1, PERF_WITH_AVX512=1, TORCH_DISABLE_GPU_ASSERTS=ON, TORCH_VERSION=2.1.2, USE_CUDA=ON, USE_CUDNN=ON, USE_EXCEPTION_PTR=1, USE_GFLAGS=OFF, USE_GLOG=OFF, USE_MKL=ON, USE_MKLDNN=ON, USE_MPI=OFF, USE_NCCL=1, USE_NNPACK=ON, USE_OPENMP=ON, USE_ROCM=OFF, 

    TorchVision: 0.16.2+cu118
    OpenCV: 4.13.0
    MMEngine: 0.10.7

Runtime environment:
    cudnn_benchmark: True
    dist_cfg: {'backend': 'nccl'}
    mp_cfg: {'mp_start_method': 'fork', 'opencv_num_threads': 0}
    seed: 528421559
    Distributed launcher: pytorch
    Distributed training: True
    GPU number: 2
------------------------------------------------------------

2026/04/25 19:44:35 - mmengine - INFO - Config:
crop_size = (
    512,
    512,
)
custom_imports = dict(
    allow_failed_imports=False, imports=[
        'model',
    ])
data_preprocessor = dict(
    bgr_to_rgb=True,
    mean=[
        123.675,
        116.28,
        103.53,
    ],
    pad_val=0,
    seg_pad_val=255,
    size=(
        512,
        512,
    ),
    std=[
        58.395,
        57.12,
        57.375,
    ],
    type='SegDataPreProcessor')
data_root = '/home/jlx_75/datasets/ADE20K/ADEChallengeData2016'
dataset_type = 'ADE20KDataset'
default_hooks = dict(
    checkpoint=dict(
        by_epoch=False,
        interval=4000,
        max_keep_ckpts=3,
        rule='greater',
        save_best='mIoU',
        type='CheckpointHook'),
    logger=dict(interval=20, log_metric_by_epoch=False, type='LoggerHook'),
    param_scheduler=dict(type='ParamSchedulerHook'),
    sampler_seed=dict(type='DistSamplerSeedHook'),
    timer=dict(type='IterTimerHook'),
    visualization=dict(type='SegVisualizationHook'))
default_scope = 'mmseg'
env_cfg = dict(
    cudnn_benchmark=True,
    dist_cfg=dict(backend='nccl'),
    mp_cfg=dict(mp_start_method='fork', opencv_num_threads=0))
launcher = 'pytorch'
load_from = None
log_level = 'INFO'
log_processor = dict(by_epoch=False)
model = dict(
    auxiliary_head=dict(
        act_cfg=dict(inplace=False, type='ReLU'),
        align_corners=False,
        channels=256,
        concat_input=False,
        dropout_ratio=0.1,
        in_channels=256,
        in_index=2,
        loss_decode=dict(
            loss_weight=0.4, type='CrossEntropyLoss', use_sigmoid=False),
        norm_cfg=dict(requires_grad=True, type='SyncBN'),
        num_classes=150,
        num_convs=1,
        type='FCNHead'),
    backbone=dict(
        d_state=64,
        depths=[
            2,
            4,
            8,
            4,
        ],
        drop_path_rate=0.2,
        drop_rate=0.0,
        embed_dim=64,
        img_size=224,
        in_chans=3,
        mlp_ratio=4.0,
        num_heads=[
            2,
            4,
            8,
            16,
        ],
        out_indices=(
            0,
            1,
            2,
            3,
        ),
        patch_size=4,
        pretrained=None,
        spatial_flag=[
            [],
            [],
            [
                0,
                2,
                2,
                1,
                2,
                2,
                1,
                2,
            ],
            [
                0,
                2,
                2,
                1,
            ],
        ],
        token_mixer_types=[
            'LoDSA',
            'LoDSA',
            'SaDSA',
            'attention',
        ],
        type='MM_PVMAMBA'),
    data_preprocessor=dict(
        bgr_to_rgb=True,
        mean=[
            123.675,
            116.28,
            103.53,
        ],
        pad_val=0,
        seg_pad_val=255,
        size=(
            512,
            512,
        ),
        std=[
            58.395,
            57.12,
            57.375,
        ],
        type='SegDataPreProcessor'),
    decode_head=dict(
        act_cfg=dict(inplace=False, type='ReLU'),
        align_corners=False,
        channels=512,
        dropout_ratio=0.1,
        in_channels=[
            64,
            128,
            256,
            512,
        ],
        in_index=[
            0,
            1,
            2,
            3,
        ],
        loss_decode=dict(
            loss_weight=1.0, type='CrossEntropyLoss', use_sigmoid=False),
        norm_cfg=dict(requires_grad=True, type='SyncBN'),
        num_classes=150,
        pool_scales=(
            1,
            2,
            3,
            6,
        ),
        type='UPerHead'),
    pretrained=None,
    test_cfg=dict(mode='whole'),
    train_cfg=dict(),
    type='EncoderDecoder')
norm_cfg = dict(requires_grad=True, type='SyncBN')
optim_wrapper = dict(
    clip_grad=None,
    optimizer=dict(
        betas=(
            0.9,
            0.999,
        ), lr=6e-05, type='AdamW', weight_decay=0.01),
    type='OptimWrapper')
param_scheduler = [
    dict(
        begin=0, by_epoch=False, end=500, start_factor=1e-06, type='LinearLR'),
    dict(
        begin=500,
        by_epoch=False,
        end=16000,
        eta_min=0.0,
        power=1.0,
        type='PolyLR'),
]
resume = False
test_cfg = dict(type='TestLoop')
test_dataloader = dict(
    batch_size=1,
    dataset=dict(
        data_prefix=dict(
            img_path='images/validation',
            seg_map_path='annotations/validation'),
        data_root='/home/jlx_75/datasets/ADE20K/ADEChallengeData2016',
        pipeline=[
            dict(type='LoadImageFromFile'),
            dict(keep_ratio=True, scale=(
                2048,
                512,
            ), type='Resize'),
            dict(reduce_zero_label=True, type='LoadAnnotations'),
            dict(type='PackSegInputs'),
        ],
        type='ADE20KDataset'),
    num_workers=2,
    persistent_workers=True,
    sampler=dict(shuffle=False, type='DefaultSampler'))
test_evaluator = dict(
    iou_metrics=[
        'mIoU',
    ], type='IoUMetric')
test_pipeline = [
    dict(type='LoadImageFromFile'),
    dict(keep_ratio=True, scale=(
        2048,
        512,
    ), type='Resize'),
    dict(reduce_zero_label=True, type='LoadAnnotations'),
    dict(type='PackSegInputs'),
]
train_cfg = dict(max_iters=16000, type='IterBasedTrainLoop', val_interval=4000)
train_dataloader = dict(
    batch_size=2,
    dataset=dict(
        data_prefix=dict(
            img_path='images/training', seg_map_path='annotations/training'),
        data_root='/home/jlx_75/datasets/ADE20K/ADEChallengeData2016',
        pipeline=[
            dict(type='LoadImageFromFile'),
            dict(reduce_zero_label=True, type='LoadAnnotations'),
            dict(
                keep_ratio=True,
                ratio_range=(
                    0.5,
                    2.0,
                ),
                scale=(
                    2048,
                    512,
                ),
                type='RandomResize'),
            dict(
                cat_max_ratio=0.75, crop_size=(
                    512,
                    512,
                ), type='RandomCrop'),
            dict(prob=0.5, type='RandomFlip'),
            dict(type='PhotoMetricDistortion'),
            dict(type='PackSegInputs'),
        ],
        type='ADE20KDataset'),
    num_workers=2,
    persistent_workers=True,
    sampler=dict(shuffle=True, type='InfiniteSampler'))
train_pipeline = [
    dict(type='LoadImageFromFile'),
    dict(reduce_zero_label=True, type='LoadAnnotations'),
    dict(
        keep_ratio=True,
        ratio_range=(
            0.5,
            2.0,
        ),
        scale=(
            2048,
            512,
        ),
        type='RandomResize'),
    dict(cat_max_ratio=0.75, crop_size=(
        512,
        512,
    ), type='RandomCrop'),
    dict(prob=0.5, type='RandomFlip'),
    dict(type='PhotoMetricDistortion'),
    dict(type='PackSegInputs'),
]
val_cfg = dict(type='ValLoop')
val_dataloader = dict(
    batch_size=1,
    dataset=dict(
        data_prefix=dict(
            img_path='images/validation',
            seg_map_path='annotations/validation'),
        data_root='/home/jlx_75/datasets/ADE20K/ADEChallengeData2016',
        pipeline=[
            dict(type='LoadImageFromFile'),
            dict(keep_ratio=True, scale=(
                2048,
                512,
            ), type='Resize'),
            dict(reduce_zero_label=True, type='LoadAnnotations'),
            dict(type='PackSegInputs'),
        ],
        type='ADE20KDataset'),
    num_workers=2,
    persistent_workers=True,
    sampler=dict(shuffle=False, type='DefaultSampler'))
val_evaluator = dict(
    iou_metrics=[
        'mIoU',
    ], type='IoUMetric')
vis_backends = [
    dict(type='LocalVisBackend'),
]
visualizer = dict(
    name='visualizer',
    type='SegLocalVisualizer',
    vis_backends=[
        dict(type='LocalVisBackend'),
    ])
work_dir = 'work_dirs/base_ade20k_random_16000_fixrelu'

2026/04/25 19:44:37 - mmengine - INFO - Hooks will be executed in the following order:
before_run:
(VERY_HIGH   ) RuntimeInfoHook                    
(BELOW_NORMAL) LoggerHook                         
 -------------------- 
before_train:
(VERY_HIGH   ) RuntimeInfoHook                    
(NORMAL      ) IterTimerHook                      
(VERY_LOW    ) CheckpointHook                     
 -------------------- 
before_train_epoch:
(VERY_HIGH   ) RuntimeInfoHook                    
(NORMAL      ) IterTimerHook                      
(NORMAL      ) DistSamplerSeedHook                
 -------------------- 
before_train_iter:
(VERY_HIGH   ) RuntimeInfoHook                    
(NORMAL      ) IterTimerHook                      
 -------------------- 
after_train_iter:
(VERY_HIGH   ) RuntimeInfoHook                    
(NORMAL      ) IterTimerHook                      
(NORMAL      ) SegVisualizationHook               
(BELOW_NORMAL) LoggerHook                         
(LOW         ) ParamSchedulerHook                 
(VERY_LOW    ) CheckpointHook                     
 -------------------- 
after_train_epoch:
(NORMAL      ) IterTimerHook                      
(LOW         ) ParamSchedulerHook                 
(VERY_LOW    ) CheckpointHook                     
 -------------------- 
before_val:
(VERY_HIGH   ) RuntimeInfoHook                    
 -------------------- 
before_val_epoch:
(NORMAL      ) IterTimerHook                      
 -------------------- 
before_val_iter:
(NORMAL      ) IterTimerHook                      
 -------------------- 
after_val_iter:
(NORMAL      ) IterTimerHook                      
(NORMAL      ) SegVisualizationHook               
(BELOW_NORMAL) LoggerHook                         
 -------------------- 
after_val_epoch:
(VERY_HIGH   ) RuntimeInfoHook                    
(NORMAL      ) IterTimerHook                      
(BELOW_NORMAL) LoggerHook                         
(LOW         ) ParamSchedulerHook                 
(VERY_LOW    ) CheckpointHook                     
 -------------------- 
after_val:
(VERY_HIGH   ) RuntimeInfoHook                    
 -------------------- 
after_train:
(VERY_HIGH   ) RuntimeInfoHook                    
(VERY_LOW    ) CheckpointHook                     
 -------------------- 
before_test:
(VERY_HIGH   ) RuntimeInfoHook                    
 -------------------- 
before_test_epoch:
(NORMAL      ) IterTimerHook                      
 -------------------- 
before_test_iter:
(NORMAL      ) IterTimerHook                      
 -------------------- 
after_test_iter:
(NORMAL      ) IterTimerHook                      
(NORMAL      ) SegVisualizationHook               
(BELOW_NORMAL) LoggerHook                         
 -------------------- 
after_test_epoch:
(VERY_HIGH   ) RuntimeInfoHook                    
(NORMAL      ) IterTimerHook                      
(BELOW_NORMAL) LoggerHook                         
 -------------------- 
after_test:
(VERY_HIGH   ) RuntimeInfoHook                    
 -------------------- 
after_run:
(BELOW_NORMAL) LoggerHook                         
 -------------------- 
2026/04/25 19:44:37 - mmengine - WARNING - The prefix is not set in metric class IoUMetric.
Name of parameter - Initialization information

backbone.patch_embed.conv1.conv.weight - torch.Size([32, 3, 3, 3]): 
The value is the same before and after calling `init_weights` of EncoderDecoder  

backbone.patch_embed.conv1.norm.weight - torch.Size([32]): 
The value is the same before and after calling `init_weights` of EncoderDecoder  

backbone.patch_embed.conv1.norm.bias - torch.Size([32]): 
The value is the same before and after calling `init_weights` of EncoderDecoder  

backbone.patch_embed.conv2.0.conv.weight - torch.Size([32, 32, 3, 3]): 
The value is the same before and after calling `init_weights` of EncoderDecoder  

backbone.patch_embed.conv2.0.norm.weight - torch.Size([32]): 
The value is the same before and after calling `init_weights` of EncoderDecoder  

backbone.patch_embed.conv2.0.norm.bias - torch.Size([32]): 
The value is the same before and after calling `init_weights` of EncoderDecoder  

backbone.patch_embed.conv2.1.conv.weight - torch.Size([32, 32, 3, 3]): 
The value is the same before and after calling `init_weights` of EncoderDecoder  

backbone.patch_embed.conv2.1.norm.weight - torch.Size([32]): 
The value is the same before and after calling `init_weights` of EncoderDecoder  

backbone.patch_embed.conv2.1.norm.bias - torch.Size([32]): 
The value is the same before and after calling `init_weights` of EncoderDecoder  

backbone.patch_embed.conv3.0.conv.weight - torch.Size([256, 32, 3, 3]): 
The value is the same before and after calling `init_weights` of EncoderDecoder  

backbone.patch_embed.conv3.0.norm.weight - torch.Size([256]): 
The value is the same before and after calling `init_weights` of EncoderDecoder  

backbone.patch_embed.conv3.0.norm.bias - torch.Size([256]): 
The value is the same before and after calling `init_weights` of EncoderDecoder  

backbone.patch_embed.conv3.1.conv.weight - torch.Size([64, 256, 1, 1]): 
The value is the same before and after calling `init_weights` of EncoderDecoder  

backbone.patch_embed.conv3.1.norm.weight - torch.Size([64]): 
The value is the same before and after calling `init_weights` of EncoderDecoder  

backbone.patch_embed.conv3.1.norm.bias - torch.Size([64]): 
The value is the same before and after calling `init_weights` of EncoderDecoder  

backbone.layers.0.blocks.0.cpe1.weight - torch.Size([64, 1, 3, 3]): 
The value is the same before and after calling `init_weights` of EncoderDecoder  

backbone.layers.0.blocks.0.cpe1.bias - torch.Size([64]): 
The value is the same before and after calling `init_weights` of EncoderDecoder  

backbone.layers.0.blocks.0.norm1.weight - torch.Size([64]): 
The value is the same before and after calling `init_weights` of EncoderDecoder  

backbone.layers.0.blocks.0.norm1.bias - torch.Size([64]): 
The value is the same before and after calling `init_weights` of EncoderDecoder  

backbone.layers.0.blocks.0.token_mixer.dt_bias - torch.Size([2]): 
The value is the same before and after calling `init_weights` of EncoderDecoder  

backbone.layers.0.blocks.0.token_mixer.A_log - torch.Size([128]): 
The value is the same before and after calling `init_weights` of EncoderDecoder  

backbone.layers.0.blocks.0.token_mixer.D - torch.Size([2]): 
The value is the same before and after calling `init_weights` of EncoderDecoder  

backbone.layers.0.blocks.0.token_mixer.in_proj.weight - torch.Size([386, 64]): 
The value is the same before and after calling `init_weights` of EncoderDecoder  

backbone.layers.0.blocks.0.token_mixer.conv2d.weight - torch.Size([256, 1, 3, 3]): 
The value is the same before and after calling `init_weights` of EncoderDecoder  

backbone.layers.0.blocks.0.token_mixer.conv2d.bias - torch.Size([256]): 
The value is the same before and after calling `init_weights` of EncoderDecoder  

backbone.layers.0.blocks.0.token_mixer.norm.weight - torch.Size([128]): 
The value is the same before and after calling `init_weights` of EncoderDecoder  

backbone.layers.0.blocks.0.token_mixer.norm.bias - torch.Size([128]): 
The value is the same before and after calling `init_weights` of EncoderDecoder  

backbone.layers.0.blocks.0.token_mixer.out_proj.weight - torch.Size([64, 128]): 
The value is the same before and after calling `init_weights` of EncoderDecoder  

backbone.layers.0.blocks.0.cpe2.weight - torch.Size([64, 1, 3, 3]): 
The value is the same before and after calling `init_weights` of EncoderDecoder  

backbone.layers.0.blocks.0.cpe2.bias - torch.Size([64]): 
The value is the same before and after calling `init_weights` of EncoderDecoder  

backbone.layers.0.blocks.0.norm2.weight - torch.Size([64]): 
The value is the same before and after calling `init_weights` of EncoderDecoder  

backbone.layers.0.blocks.0.norm2.bias - torch.Size([64]): 
The value is the same before and after calling `init_weights` of EncoderDecoder  

backbone.layers.0.blocks.0.mlp.fc1.weight - torch.Size([256, 64]): 
The value is the same before and after calling `init_weights` of EncoderDecoder  

backbone.layers.0.blocks.0.mlp.fc1.bias - torch.Size([256]): 
The value is the same before and after calling `init_weights` of EncoderDecoder  

backbone.layers.0.blocks.0.mlp.fc2.weight - torch.Size([64, 256]): 
The value is the same before and after calling `init_weights` of EncoderDecoder  

backbone.layers.0.blocks.0.mlp.fc2.bias - torch.Size([64]): 
The value is the same before and after calling `init_weights` of EncoderDecoder  

backbone.layers.0.blocks.1.cpe1.weight - torch.Size([64, 1, 3, 3]): 
The value is the same before and after calling `init_weights` of EncoderDecoder  

backbone.layers.0.blocks.1.cpe1.bias - torch.Size([64]): 
The value is the same before and after calling `init_weights` of EncoderDecoder  

backbone.layers.0.blocks.1.norm1.weight - torch.Size([64]): 
The value is the same before and after calling `init_weights` of EncoderDecoder  

backbone.layers.0.blocks.1.norm1.bias - torch.Size([64]): 
The value is the same before and after calling `init_weights` of EncoderDecoder  

backbone.layers.0.blocks.1.token_mixer.dt_bias - torch.Size([2]): 
The value is the same before and after calling `init_weights` of EncoderDecoder  

backbone.layers.0.blocks.1.token_mixer.A_log - torch.Size([128]): 
The value is the same before and after calling `init_weights` of EncoderDecoder  

backbone.layers.0.blocks.1.token_mixer.D - torch.Size([2]): 
The value is the same before and after calling `init_weights` of EncoderDecoder  

backbone.layers.0.blocks.1.token_mixer.in_proj.weight - torch.Size([386, 64]): 
The value is the same before and after calling `init_weights` of EncoderDecoder  

backbone.layers.0.blocks.1.token_mixer.conv2d.weight - torch.Size([256, 1, 3, 3]): 
The value is the same before and after calling `init_weights` of EncoderDecoder  

backbone.layers.0.blocks.1.token_mixer.conv2d.bias - torch.Size([256]): 
The value is the same before and after calling `init_weights` of EncoderDecoder  

backbone.layers.0.blocks.1.token_mixer.norm.weight - torch.Size([128]): 
The value is the same before and after calling `init_weights` of EncoderDecoder  

backbone.layers.0.blocks.1.token_mixer.norm.bias - torch.Size([128]): 
The value is the same before and after calling `init_weights` of EncoderDecoder  

backbone.layers.0.blocks.1.token_mixer.out_proj.weight - torch.Size([64, 128]): 
The value is the same before and after calling `init_weights` of EncoderDecoder  

backbone.layers.0.blocks.1.cpe2.weight - torch.Size([64, 1, 3, 3]): 
The value is the same before and after calling `init_weights` of EncoderDecoder  

backbone.layers.0.blocks.1.cpe2.bias - torch.Size([64]): 
The value is the same before and after calling `init_weights` of EncoderDecoder  

backbone.layers.0.blocks.1.norm2.weight - torch.Size([64]): 
The value is the same before and after calling `init_weights` of EncoderDecoder  

backbone.layers.0.blocks.1.norm2.bias - torch.Size([64]): 
The value is the same before and after calling `init_weights` of EncoderDecoder  

backbone.layers.0.blocks.1.mlp.fc1.weight - torch.Size([256, 64]): 
The value is the same before and after calling `init_weights` of EncoderDecoder  

backbone.layers.0.blocks.1.mlp.fc1.bias - torch.Size([256]): 
The value is the same before and after calling `init_weights` of EncoderDecoder  

backbone.layers.0.blocks.1.mlp.fc2.weight - torch.Size([64, 256]): 
The value is the same before and after calling `init_weights` of EncoderDecoder  

backbone.layers.0.blocks.1.mlp.fc2.bias - torch.Size([64]): 
The value is the same before and after calling `init_weights` of EncoderDecoder  

backbone.layers.0.downsample.conv.0.conv.weight - torch.Size([512, 64, 1, 1]): 
The value is the same before and after calling `init_weights` of EncoderDecoder  

backbone.layers.0.downsample.conv.0.conv.bias - torch.Size([512]): 
The value is the same before and after calling `init_weights` of EncoderDecoder  

backbone.layers.0.downsample.conv.1.conv.weight - torch.Size([512, 1, 3, 3]): 
The value is the same before and after calling `init_weights` of EncoderDecoder  

backbone.layers.0.downsample.conv.1.conv.bias - torch.Size([512]): 
The value is the same before and after calling `init_weights` of EncoderDecoder  

backbone.layers.0.downsample.conv.2.conv.weight - torch.Size([128, 512, 1, 1]): 
The value is the same before and after calling `init_weights` of EncoderDecoder  

backbone.layers.0.downsample.conv.2.conv.bias - torch.Size([128]): 
The value is the same before and after calling `init_weights` of EncoderDecoder  

backbone.layers.0.downsample.conv.2.norm.weight - torch.Size([128]): 
The value is the same before and after calling `init_weights` of EncoderDecoder  

backbone.layers.0.downsample.conv.2.norm.bias - torch.Size([128]): 
The value is the same before and after calling `init_weights` of EncoderDecoder  

backbone.layers.1.blocks.0.cpe1.weight - torch.Size([128, 1, 3, 3]): 
The value is the same before and after calling `init_weights` of EncoderDecoder  

backbone.layers.1.blocks.0.cpe1.bias - torch.Size([128]): 
The value is the same before and after calling `init_weights` of EncoderDecoder  

backbone.layers.1.blocks.0.norm1.weight - torch.Size([128]): 
The value is the same before and after calling `init_weights` of EncoderDecoder  

backbone.layers.1.blocks.0.norm1.bias - torch.Size([128]): 
The value is the same before and after calling `init_weights` of EncoderDecoder  

backbone.layers.1.blocks.0.token_mixer.dt_bias - torch.Size([4]): 
The value is the same before and after calling `init_weights` of EncoderDecoder  

backbone.layers.1.blocks.0.token_mixer.A_log - torch.Size([256]): 
The value is the same before and after calling `init_weights` of EncoderDecoder  

backbone.layers.1.blocks.0.token_mixer.D - torch.Size([4]): 
The value is the same before and after calling `init_weights` of EncoderDecoder  

backbone.layers.1.blocks.0.token_mixer.in_proj.weight - torch.Size([644, 128]): 
The value is the same before and after calling `init_weights` of EncoderDecoder  

backbone.layers.1.blocks.0.token_mixer.conv2d.weight - torch.Size([384, 1, 3, 3]): 
The value is the same before and after calling `init_weights` of EncoderDecoder  

backbone.layers.1.blocks.0.token_mixer.conv2d.bias - torch.Size([384]): 
The value is the same before and after calling `init_weights` of EncoderDecoder  

backbone.layers.1.blocks.0.token_mixer.norm.weight - torch.Size([256]): 
The value is the same before and after calling `init_weights` of EncoderDecoder  

backbone.layers.1.blocks.0.token_mixer.norm.bias - torch.Size([256]): 
The value is the same before and after calling `init_weights` of EncoderDecoder  

backbone.layers.1.blocks.0.token_mixer.out_proj.weight - torch.Size([128, 256]): 
The value is the same before and after calling `init_weights` of EncoderDecoder  

backbone.layers.1.blocks.0.cpe2.weight - torch.Size([128, 1, 3, 3]): 
The value is the same before and after calling `init_weights` of EncoderDecoder  

backbone.layers.1.blocks.0.cpe2.bias - torch.Size([128]): 
The value is the same before and after calling `init_weights` of EncoderDecoder  

backbone.layers.1.blocks.0.norm2.weight - torch.Size([128]): 
The value is the same before and after calling `init_weights` of EncoderDecoder  

backbone.layers.1.blocks.0.norm2.bias - torch.Size([128]): 
The value is the same before and after calling `init_weights` of EncoderDecoder  

backbone.layers.1.blocks.0.mlp.fc1.weight - torch.Size([512, 128]): 
The value is the same before and after calling `init_weights` of EncoderDecoder  

backbone.layers.1.blocks.0.mlp.fc1.bias - torch.Size([512]): 
The value is the same before and after calling `init_weights` of EncoderDecoder  

backbone.layers.1.blocks.0.mlp.fc2.weight - torch.Size([128, 512]): 
The value is the same before and after calling `init_weights` of EncoderDecoder  

backbone.layers.1.blocks.0.mlp.fc2.bias - torch.Size([128]): 
The value is the same before and after calling `init_weights` of EncoderDecoder  

backbone.layers.1.blocks.1.cpe1.weight - torch.Size([128, 1, 3, 3]): 
The value is the same before and after calling `init_weights` of EncoderDecoder  

backbone.layers.1.blocks.1.cpe1.bias - torch.Size([128]): 
The value is the same before and after calling `init_weights` of EncoderDecoder  

backbone.layers.1.blocks.1.norm1.weight - torch.Size([128]): 
The value is the same before and after calling `init_weights` of EncoderDecoder  

backbone.layers.1.blocks.1.norm1.bias - torch.Size([128]): 
The value is the same before and after calling `init_weights` of EncoderDecoder  

backbone.layers.1.blocks.1.token_mixer.dt_bias - torch.Size([4]): 
The value is the same before and after calling `init_weights` of EncoderDecoder  

backbone.layers.1.blocks.1.token_mixer.A_log - torch.Size([256]): 
The value is the same before and after calling `init_weights` of EncoderDecoder  

backbone.layers.1.blocks.1.token_mixer.D - torch.Size([4]): 
The value is the same before and after calling `init_weights` of EncoderDecoder  

backbone.layers.1.blocks.1.token_mixer.in_proj.weight - torch.Size([644, 128]): 
The value is the same before and after calling `init_weights` of EncoderDecoder  

backbone.layers.1.blocks.1.token_mixer.conv2d.weight - torch.Size([384, 1, 3, 3]): 
The value is the same before and after calling `init_weights` of EncoderDecoder  

backbone.layers.1.blocks.1.token_mixer.conv2d.bias - torch.Size([384]): 
The value is the same before and after calling `init_weights` of EncoderDecoder  

backbone.layers.1.blocks.1.token_mixer.norm.weight - torch.Size([256]): 
The value is the same before and after calling `init_weights` of EncoderDecoder  

backbone.layers.1.blocks.1.token_mixer.norm.bias - torch.Size([256]): 
The value is the same before and after calling `init_weights` of EncoderDecoder  

backbone.layers.1.blocks.1.token_mixer.out_proj.weight - torch.Size([128, 256]): 
The value is the same before and after calling `init_weights` of EncoderDecoder  

backbone.layers.1.blocks.1.cpe2.weight - torch.Size([128, 1, 3, 3]): 
The value is the same before and after calling `init_weights` of EncoderDecoder  

backbone.layers.1.blocks.1.cpe2.bias - torch.Size([128]): 
The value is the same before and after calling `init_weights` of EncoderDecoder  

backbone.layers.1.blocks.1.norm2.weight - torch.Size([128]): 
The value is the same before and after calling `init_weights` of EncoderDecoder  

backbone.layers.1.blocks.1.norm2.bias - torch.Size([128]): 
The value is the same before and after calling `init_weights` of EncoderDecoder  

backbone.layers.1.blocks.1.mlp.fc1.weight - torch.Size([512, 128]): 
The value is the same before and after calling `init_weights` of EncoderDecoder  

backbone.layers.1.blocks.1.mlp.fc1.bias - torch.Size([512]): 
The value is the same before and after calling `init_weights` of EncoderDecoder  

backbone.layers.1.blocks.1.mlp.fc2.weight - torch.Size([128, 512]): 
The value is the same before and after calling `init_weights` of EncoderDecoder  

backbone.layers.1.blocks.1.mlp.fc2.bias - torch.Size([128]): 
The value is the same before and after calling `init_weights` of EncoderDecoder  

backbone.layers.1.blocks.2.cpe1.weight - torch.Size([128, 1, 3, 3]): 
The value is the same before and after calling `init_weights` of EncoderDecoder  

backbone.layers.1.blocks.2.cpe1.bias - torch.Size([128]): 
The value is the same before and after calling `init_weights` of EncoderDecoder  

backbone.layers.1.blocks.2.norm1.weight - torch.Size([128]): 
The value is the same before and after calling `init_weights` of EncoderDecoder  

backbone.layers.1.blocks.2.norm1.bias - torch.Size([128]): 
The value is the same before and after calling `init_weights` of EncoderDecoder  

backbone.layers.1.blocks.2.token_mixer.dt_bias - torch.Size([4]): 
The value is the same before and after calling `init_weights` of EncoderDecoder  

backbone.layers.1.blocks.2.token_mixer.A_log - torch.Size([256]): 
The value is the same before and after calling `init_weights` of EncoderDecoder  

backbone.layers.1.blocks.2.token_mixer.D - torch.Size([4]): 
The value is the same before and after calling `init_weights` of EncoderDecoder  

backbone.layers.1.blocks.2.token_mixer.in_proj.weight - torch.Size([644, 128]): 
The value is the same before and after calling `init_weights` of EncoderDecoder  

backbone.layers.1.blocks.2.token_mixer.conv2d.weight - torch.Size([384, 1, 3, 3]): 
The value is the same before and after calling `init_weights` of EncoderDecoder  

backbone.layers.1.blocks.2.token_mixer.conv2d.bias - torch.Size([384]): 
The value is the same before and after calling `init_weights` of EncoderDecoder  

backbone.layers.1.blocks.2.token_mixer.norm.weight - torch.Size([256]): 
The value is the same before and after calling `init_weights` of EncoderDecoder  

backbone.layers.1.blocks.2.token_mixer.norm.bias - torch.Size([256]): 
The value is the same before and after calling `init_weights` of EncoderDecoder  

backbone.layers.1.blocks.2.token_mixer.out_proj.weight - torch.Size([128, 256]): 
The value is the same before and after calling `init_weights` of EncoderDecoder  

backbone.layers.1.blocks.2.cpe2.weight - torch.Size([128, 1, 3, 3]): 
The value is the same before and after calling `init_weights` of EncoderDecoder  

backbone.layers.1.blocks.2.cpe2.bias - torch.Size([128]): 
The value is the same before and after calling `init_weights` of EncoderDecoder  

backbone.layers.1.blocks.2.norm2.weight - torch.Size([128]): 
The value is the same before and after calling `init_weights` of EncoderDecoder  

backbone.layers.1.blocks.2.norm2.bias - torch.Size([128]): 
The value is the same before and after calling `init_weights` of EncoderDecoder  

backbone.layers.1.blocks.2.mlp.fc1.weight - torch.Size([512, 128]): 
The value is the same before and after calling `init_weights` of EncoderDecoder  

backbone.layers.1.blocks.2.mlp.fc1.bias - torch.Size([512]): 
The value is the same before and after calling `init_weights` of EncoderDecoder  

backbone.layers.1.blocks.2.mlp.fc2.weight - torch.Size([128, 512]): 
The value is the same before and after calling `init_weights` of EncoderDecoder  

backbone.layers.1.blocks.2.mlp.fc2.bias - torch.Size([128]): 
The value is the same before and after calling `init_weights` of EncoderDecoder  

backbone.layers.1.blocks.3.cpe1.weight - torch.Size([128, 1, 3, 3]): 
The value is the same before and after calling `init_weights` of EncoderDecoder  

backbone.layers.1.blocks.3.cpe1.bias - torch.Size([128]): 
The value is the same before and after calling `init_weights` of EncoderDecoder  

backbone.layers.1.blocks.3.norm1.weight - torch.Size([128]): 
The value is the same before and after calling `init_weights` of EncoderDecoder  

backbone.layers.1.blocks.3.norm1.bias - torch.Size([128]): 
The value is the same before and after calling `init_weights` of EncoderDecoder  

backbone.layers.1.blocks.3.token_mixer.dt_bias - torch.Size([4]): 
The value is the same before and after calling `init_weights` of EncoderDecoder  

backbone.layers.1.blocks.3.token_mixer.A_log - torch.Size([256]): 
The value is the same before and after calling `init_weights` of EncoderDecoder  

backbone.layers.1.blocks.3.token_mixer.D - torch.Size([4]): 
The value is the same before and after calling `init_weights` of EncoderDecoder  

backbone.layers.1.blocks.3.token_mixer.in_proj.weight - torch.Size([644, 128]): 
The value is the same before and after calling `init_weights` of EncoderDecoder  

backbone.layers.1.blocks.3.token_mixer.conv2d.weight - torch.Size([384, 1, 3, 3]): 
The value is the same before and after calling `init_weights` of EncoderDecoder  

backbone.layers.1.blocks.3.token_mixer.conv2d.bias - torch.Size([384]): 
The value is the same before and after calling `init_weights` of EncoderDecoder  

backbone.layers.1.blocks.3.token_mixer.norm.weight - torch.Size([256]): 
The value is the same before and after calling `init_weights` of EncoderDecoder  

backbone.layers.1.blocks.3.token_mixer.norm.bias - torch.Size([256]): 
The value is the same before and after calling `init_weights` of EncoderDecoder  

backbone.layers.1.blocks.3.token_mixer.out_proj.weight - torch.Size([128, 256]): 
The value is the same before and after calling `init_weights` of EncoderDecoder  

backbone.layers.1.blocks.3.cpe2.weight - torch.Size([128, 1, 3, 3]): 
The value is the same before and after calling `init_weights` of EncoderDecoder  

backbone.layers.1.blocks.3.cpe2.bias - torch.Size([128]): 
The value is the same before and after calling `init_weights` of EncoderDecoder  

backbone.layers.1.blocks.3.norm2.weight - torch.Size([128]): 
The value is the same before and after calling `init_weights` of EncoderDecoder  

backbone.layers.1.blocks.3.norm2.bias - torch.Size([128]): 
The value is the same before and after calling `init_weights` of EncoderDecoder  

backbone.layers.1.blocks.3.mlp.fc1.weight - torch.Size([512, 128]): 
The value is the same before and after calling `init_weights` of EncoderDecoder  

backbone.layers.1.blocks.3.mlp.fc1.bias - torch.Size([512]): 
The value is the same before and after calling `init_weights` of EncoderDecoder  

backbone.layers.1.blocks.3.mlp.fc2.weight - torch.Size([128, 512]): 
The value is the same before and after calling `init_weights` of EncoderDecoder  

backbone.layers.1.blocks.3.mlp.fc2.bias - torch.Size([128]): 
The value is the same before and after calling `init_weights` of EncoderDecoder  

backbone.layers.1.downsample.conv.0.conv.weight - torch.Size([1024, 128, 1, 1]): 
The value is the same before and after calling `init_weights` of EncoderDecoder  

backbone.layers.1.downsample.conv.0.conv.bias - torch.Size([1024]): 
The value is the same before and after calling `init_weights` of EncoderDecoder  

backbone.layers.1.downsample.conv.1.conv.weight - torch.Size([1024, 1, 3, 3]): 
The value is the same before and after calling `init_weights` of EncoderDecoder  

backbone.layers.1.downsample.conv.1.conv.bias - torch.Size([1024]): 
The value is the same before and after calling `init_weights` of EncoderDecoder  

backbone.layers.1.downsample.conv.2.conv.weight - torch.Size([256, 1024, 1, 1]): 
The value is the same before and after calling `init_weights` of EncoderDecoder  

backbone.layers.1.downsample.conv.2.conv.bias - torch.Size([256]): 
The value is the same before and after calling `init_weights` of EncoderDecoder  

backbone.layers.1.downsample.conv.2.norm.weight - torch.Size([256]): 
The value is the same before and after calling `init_weights` of EncoderDecoder  

backbone.layers.1.downsample.conv.2.norm.bias - torch.Size([256]): 
The value is the same before and after calling `init_weights` of EncoderDecoder  

backbone.layers.2.blocks.0.cpe1.weight - torch.Size([256, 1, 3, 3]): 
The value is the same before and after calling `init_weights` of EncoderDecoder  

backbone.layers.2.blocks.0.cpe1.bias - torch.Size([256]): 
The value is the same before and after calling `init_weights` of EncoderDecoder  

backbone.layers.2.blocks.0.norm1.weight - torch.Size([256]): 
The value is the same before and after calling `init_weights` of EncoderDecoder  

backbone.layers.2.blocks.0.norm1.bias - torch.Size([256]): 
The value is the same before and after calling `init_weights` of EncoderDecoder  

backbone.layers.2.blocks.0.token_mixer.dt_bias - torch.Size([8]): 
The value is the same before and after calling `init_weights` of EncoderDecoder  

backbone.layers.2.blocks.0.token_mixer.A_log - torch.Size([512]): 
The value is the same before and after calling `init_weights` of EncoderDecoder  

backbone.layers.2.blocks.0.token_mixer.D - torch.Size([8]): 
The value is the same before and after calling `init_weights` of EncoderDecoder  

backbone.layers.2.blocks.0.token_mixer.in_proj.weight - torch.Size([1160, 256]): 
The value is the same before and after calling `init_weights` of EncoderDecoder  

backbone.layers.2.blocks.0.token_mixer.conv2d.weight - torch.Size([640, 1, 3, 3]): 
The value is the same before and after calling `init_weights` of EncoderDecoder  

backbone.layers.2.blocks.0.token_mixer.conv2d.bias - torch.Size([640]): 
The value is the same before and after calling `init_weights` of EncoderDecoder  

backbone.layers.2.blocks.0.token_mixer.norm.weight - torch.Size([512]): 
The value is the same before and after calling `init_weights` of EncoderDecoder  

backbone.layers.2.blocks.0.token_mixer.norm.bias - torch.Size([512]): 
The value is the same before and after calling `init_weights` of EncoderDecoder  

backbone.layers.2.blocks.0.token_mixer.out_proj.weight - torch.Size([256, 512]): 
The value is the same before and after calling `init_weights` of EncoderDecoder  

backbone.layers.2.blocks.0.token_mixer.sa_op.sampling_offsets.weight - torch.Size([8, 512]): 
The value is the same before and after calling `init_weights` of EncoderDecoder  

backbone.layers.2.blocks.0.token_mixer.sa_op.sampling_offsets.bias - torch.Size([8]): 
The value is the same before and after calling `init_weights` of EncoderDecoder  

backbone.layers.2.blocks.0.cpe2.weight - torch.Size([256, 1, 3, 3]): 
The value is the same before and after calling `init_weights` of EncoderDecoder  

backbone.layers.2.blocks.0.cpe2.bias - torch.Size([256]): 
The value is the same before and after calling `init_weights` of EncoderDecoder  

backbone.layers.2.blocks.0.norm2.weight - torch.Size([256]): 
The value is the same before and after calling `init_weights` of EncoderDecoder  

backbone.layers.2.blocks.0.norm2.bias - torch.Size([256]): 
The value is the same before and after calling `init_weights` of EncoderDecoder  

backbone.layers.2.blocks.0.mlp.fc1.weight - torch.Size([1024, 256]): 
The value is the same before and after calling `init_weights` of EncoderDecoder  

backbone.layers.2.blocks.0.mlp.fc1.bias - torch.Size([1024]): 
The value is the same before and after calling `init_weights` of EncoderDecoder  

backbone.layers.2.blocks.0.mlp.fc2.weight - torch.Size([256, 1024]): 
The value is the same before and after calling `init_weights` of EncoderDecoder  

backbone.layers.2.blocks.0.mlp.fc2.bias - torch.Size([256]): 
The value is the same before and after calling `init_weights` of EncoderDecoder  

backbone.layers.2.blocks.1.cpe1.weight - torch.Size([256, 1, 3, 3]): 
The value is the same before and after calling `init_weights` of EncoderDecoder  

backbone.layers.2.blocks.1.cpe1.bias - torch.Size([256]): 
The value is the same before and after calling `init_weights` of EncoderDecoder  

backbone.layers.2.blocks.1.norm1.weight - torch.Size([256]): 
The value is the same before and after calling `init_weights` of EncoderDecoder  

backbone.layers.2.blocks.1.norm1.bias - torch.Size([256]): 
The value is the same before and after calling `init_weights` of EncoderDecoder  

backbone.layers.2.blocks.1.token_mixer.dt_bias - torch.Size([8]): 
The value is the same before and after calling `init_weights` of EncoderDecoder  

backbone.layers.2.blocks.1.token_mixer.A_log - torch.Size([512]): 
The value is the same before and after calling `init_weights` of EncoderDecoder  

backbone.layers.2.blocks.1.token_mixer.D - torch.Size([8]): 
The value is the same before and after calling `init_weights` of EncoderDecoder  

backbone.layers.2.blocks.1.token_mixer.in_proj.weight - torch.Size([1160, 256]): 
The value is the same before and after calling `init_weights` of EncoderDecoder  

backbone.layers.2.blocks.1.token_mixer.conv2d.weight - torch.Size([640, 1, 3, 3]): 
The value is the same before and after calling `init_weights` of EncoderDecoder  

backbone.layers.2.blocks.1.token_mixer.conv2d.bias - torch.Size([640]): 
The value is the same before and after calling `init_weights` of EncoderDecoder  

backbone.layers.2.blocks.1.token_mixer.norm.weight - torch.Size([512]): 
The value is the same before and after calling `init_weights` of EncoderDecoder  

backbone.layers.2.blocks.1.token_mixer.norm.bias - torch.Size([512]): 
The value is the same before and after calling `init_weights` of EncoderDecoder  

backbone.layers.2.blocks.1.token_mixer.out_proj.weight - torch.Size([256, 512]): 
The value is the same before and after calling `init_weights` of EncoderDecoder  

backbone.layers.2.blocks.1.cpe2.weight - torch.Size([256, 1, 3, 3]): 
The value is the same before and after calling `init_weights` of EncoderDecoder  

backbone.layers.2.blocks.1.cpe2.bias - torch.Size([256]): 
The value is the same before and after calling `init_weights` of EncoderDecoder  

backbone.layers.2.blocks.1.norm2.weight - torch.Size([256]): 
The value is the same before and after calling `init_weights` of EncoderDecoder  

backbone.layers.2.blocks.1.norm2.bias - torch.Size([256]): 
The value is the same before and after calling `init_weights` of EncoderDecoder  

backbone.layers.2.blocks.1.mlp.fc1.weight - torch.Size([1024, 256]): 
The value is the same before and after calling `init_weights` of EncoderDecoder  

backbone.layers.2.blocks.1.mlp.fc1.bias - torch.Size([1024]): 
The value is the same before and after calling `init_weights` of EncoderDecoder  

backbone.layers.2.blocks.1.mlp.fc2.weight - torch.Size([256, 1024]): 
The value is the same before and after calling `init_weights` of EncoderDecoder  

backbone.layers.2.blocks.1.mlp.fc2.bias - torch.Size([256]): 
The value is the same before and after calling `init_weights` of EncoderDecoder  

backbone.layers.2.blocks.2.cpe1.weight - torch.Size([256, 1, 3, 3]): 
The value is the same before and after calling `init_weights` of EncoderDecoder  

backbone.layers.2.blocks.2.cpe1.bias - torch.Size([256]): 
The value is the same before and after calling `init_weights` of EncoderDecoder  

backbone.layers.2.blocks.2.norm1.weight - torch.Size([256]): 
The value is the same before and after calling `init_weights` of EncoderDecoder  

backbone.layers.2.blocks.2.norm1.bias - torch.Size([256]): 
The value is the same before and after calling `init_weights` of EncoderDecoder  

backbone.layers.2.blocks.2.token_mixer.dt_bias - torch.Size([8]): 
The value is the same before and after calling `init_weights` of EncoderDecoder  

backbone.layers.2.blocks.2.token_mixer.A_log - torch.Size([512]): 
The value is the same before and after calling `init_weights` of EncoderDecoder  

backbone.layers.2.blocks.2.token_mixer.D - torch.Size([8]): 
The value is the same before and after calling `init_weights` of EncoderDecoder  

backbone.layers.2.blocks.2.token_mixer.in_proj.weight - torch.Size([1160, 256]): 
The value is the same before and after calling `init_weights` of EncoderDecoder  

backbone.layers.2.blocks.2.token_mixer.conv2d.weight - torch.Size([640, 1, 3, 3]): 
The value is the same before and after calling `init_weights` of EncoderDecoder  

backbone.layers.2.blocks.2.token_mixer.conv2d.bias - torch.Size([640]): 
The value is the same before and after calling `init_weights` of EncoderDecoder  

backbone.layers.2.blocks.2.token_mixer.norm.weight - torch.Size([512]): 
The value is the same before and after calling `init_weights` of EncoderDecoder  

backbone.layers.2.blocks.2.token_mixer.norm.bias - torch.Size([512]): 
The value is the same before and after calling `init_weights` of EncoderDecoder  

backbone.layers.2.blocks.2.token_mixer.out_proj.weight - torch.Size([256, 512]): 
The value is the same before and after calling `init_weights` of EncoderDecoder  

backbone.layers.2.blocks.2.cpe2.weight - torch.Size([256, 1, 3, 3]): 
The value is the same before and after calling `init_weights` of EncoderDecoder  

backbone.layers.2.blocks.2.cpe2.bias - torch.Size([256]): 
The value is the same before and after calling `init_weights` of EncoderDecoder  

backbone.layers.2.blocks.2.norm2.weight - torch.Size([256]): 
The value is the same before and after calling `init_weights` of EncoderDecoder  

backbone.layers.2.blocks.2.norm2.bias - torch.Size([256]): 
The value is the same before and after calling `init_weights` of EncoderDecoder  

backbone.layers.2.blocks.2.mlp.fc1.weight - torch.Size([1024, 256]): 
The value is the same before and after calling `init_weights` of EncoderDecoder  

backbone.layers.2.blocks.2.mlp.fc1.bias - torch.Size([1024]): 
The value is the same before and after calling `init_weights` of EncoderDecoder  

backbone.layers.2.blocks.2.mlp.fc2.weight - torch.Size([256, 1024]): 
The value is the same before and after calling `init_weights` of EncoderDecoder  

backbone.layers.2.blocks.2.mlp.fc2.bias - torch.Size([256]): 
The value is the same before and after calling `init_weights` of EncoderDecoder  

backbone.layers.2.blocks.3.cpe1.weight - torch.Size([256, 1, 3, 3]): 
The value is the same before and after calling `init_weights` of EncoderDecoder  

backbone.layers.2.blocks.3.cpe1.bias - torch.Size([256]): 
The value is the same before and after calling `init_weights` of EncoderDecoder  

backbone.layers.2.blocks.3.norm1.weight - torch.Size([256]): 
The value is the same before and after calling `init_weights` of EncoderDecoder  

backbone.layers.2.blocks.3.norm1.bias - torch.Size([256]): 
The value is the same before and after calling `init_weights` of EncoderDecoder  

backbone.layers.2.blocks.3.token_mixer.dt_bias - torch.Size([8]): 
The value is the same before and after calling `init_weights` of EncoderDecoder  

backbone.layers.2.blocks.3.token_mixer.A_log - torch.Size([512]): 
The value is the same before and after calling `init_weights` of EncoderDecoder  

backbone.layers.2.blocks.3.token_mixer.D - torch.Size([8]): 
The value is the same before and after calling `init_weights` of EncoderDecoder  

backbone.layers.2.blocks.3.token_mixer.in_proj.weight - torch.Size([1160, 256]): 
The value is the same before and after calling `init_weights` of EncoderDecoder  

backbone.layers.2.blocks.3.token_mixer.conv2d.weight - torch.Size([640, 1, 3, 3]): 
The value is the same before and after calling `init_weights` of EncoderDecoder  

backbone.layers.2.blocks.3.token_mixer.conv2d.bias - torch.Size([640]): 
The value is the same before and after calling `init_weights` of EncoderDecoder  

backbone.layers.2.blocks.3.token_mixer.norm.weight - torch.Size([512]): 
The value is the same before and after calling `init_weights` of EncoderDecoder  

backbone.layers.2.blocks.3.token_mixer.norm.bias - torch.Size([512]): 
The value is the same before and after calling `init_weights` of EncoderDecoder  

backbone.layers.2.blocks.3.token_mixer.out_proj.weight - torch.Size([256, 512]): 
The value is the same before and after calling `init_weights` of EncoderDecoder  

backbone.layers.2.blocks.3.token_mixer.sa_op.sampling_offsets.weight - torch.Size([8, 512]): 
The value is the same before and after calling `init_weights` of EncoderDecoder  

backbone.layers.2.blocks.3.token_mixer.sa_op.sampling_offsets.bias - torch.Size([8]): 
The value is the same before and after calling `init_weights` of EncoderDecoder  

backbone.layers.2.blocks.3.cpe2.weight - torch.Size([256, 1, 3, 3]): 
The value is the same before and after calling `init_weights` of EncoderDecoder  

backbone.layers.2.blocks.3.cpe2.bias - torch.Size([256]): 
The value is the same before and after calling `init_weights` of EncoderDecoder  

backbone.layers.2.blocks.3.norm2.weight - torch.Size([256]): 
The value is the same before and after calling `init_weights` of EncoderDecoder  

backbone.layers.2.blocks.3.norm2.bias - torch.Size([256]): 
The value is the same before and after calling `init_weights` of EncoderDecoder  

backbone.layers.2.blocks.3.mlp.fc1.weight - torch.Size([1024, 256]): 
The value is the same before and after calling `init_weights` of EncoderDecoder  

backbone.layers.2.blocks.3.mlp.fc1.bias - torch.Size([1024]): 
The value is the same before and after calling `init_weights` of EncoderDecoder  

backbone.layers.2.blocks.3.mlp.fc2.weight - torch.Size([256, 1024]): 
The value is the same before and after calling `init_weights` of EncoderDecoder  

backbone.layers.2.blocks.3.mlp.fc2.bias - torch.Size([256]): 
The value is the same before and after calling `init_weights` of EncoderDecoder  

backbone.layers.2.blocks.4.cpe1.weight - torch.Size([256, 1, 3, 3]): 
The value is the same before and after calling `init_weights` of EncoderDecoder  

backbone.layers.2.blocks.4.cpe1.bias - torch.Size([256]): 
The value is the same before and after calling `init_weights` of EncoderDecoder  

backbone.layers.2.blocks.4.norm1.weight - torch.Size([256]): 
The value is the same before and after calling `init_weights` of EncoderDecoder  

backbone.layers.2.blocks.4.norm1.bias - torch.Size([256]): 
The value is the same before and after calling `init_weights` of EncoderDecoder  

backbone.layers.2.blocks.4.token_mixer.dt_bias - torch.Size([8]): 
The value is the same before and after calling `init_weights` of EncoderDecoder  

backbone.layers.2.blocks.4.token_mixer.A_log - torch.Size([512]): 
The value is the same before and after calling `init_weights` of EncoderDecoder  

backbone.layers.2.blocks.4.token_mixer.D - torch.Size([8]): 
The value is the same before and after calling `init_weights` of EncoderDecoder  

backbone.layers.2.blocks.4.token_mixer.in_proj.weight - torch.Size([1160, 256]): 
The value is the same before and after calling `init_weights` of EncoderDecoder  

backbone.layers.2.blocks.4.token_mixer.conv2d.weight - torch.Size([640, 1, 3, 3]): 
The value is the same before and after calling `init_weights` of EncoderDecoder  

backbone.layers.2.blocks.4.token_mixer.conv2d.bias - torch.Size([640]): 
The value is the same before and after calling `init_weights` of EncoderDecoder  

backbone.layers.2.blocks.4.token_mixer.norm.weight - torch.Size([512]): 
The value is the same before and after calling `init_weights` of EncoderDecoder  

backbone.layers.2.blocks.4.token_mixer.norm.bias - torch.Size([512]): 
The value is the same before and after calling `init_weights` of EncoderDecoder  

backbone.layers.2.blocks.4.token_mixer.out_proj.weight - torch.Size([256, 512]): 
The value is the same before and after calling `init_weights` of EncoderDecoder  

backbone.layers.2.blocks.4.cpe2.weight - torch.Size([256, 1, 3, 3]): 
The value is the same before and after calling `init_weights` of EncoderDecoder  

backbone.layers.2.blocks.4.cpe2.bias - torch.Size([256]): 
The value is the same before and after calling `init_weights` of EncoderDecoder  

backbone.layers.2.blocks.4.norm2.weight - torch.Size([256]): 
The value is the same before and after calling `init_weights` of EncoderDecoder  

backbone.layers.2.blocks.4.norm2.bias - torch.Size([256]): 
The value is the same before and after calling `init_weights` of EncoderDecoder  

backbone.layers.2.blocks.4.mlp.fc1.weight - torch.Size([1024, 256]): 
The value is the same before and after calling `init_weights` of EncoderDecoder  

backbone.layers.2.blocks.4.mlp.fc1.bias - torch.Size([1024]): 
The value is the same before and after calling `init_weights` of EncoderDecoder  

backbone.layers.2.blocks.4.mlp.fc2.weight - torch.Size([256, 1024]): 
The value is the same before and after calling `init_weights` of EncoderDecoder  

backbone.layers.2.blocks.4.mlp.fc2.bias - torch.Size([256]): 
The value is the same before and after calling `init_weights` of EncoderDecoder  

backbone.layers.2.blocks.5.cpe1.weight - torch.Size([256, 1, 3, 3]): 
The value is the same before and after calling `init_weights` of EncoderDecoder  

backbone.layers.2.blocks.5.cpe1.bias - torch.Size([256]): 
The value is the same before and after calling `init_weights` of EncoderDecoder  

backbone.layers.2.blocks.5.norm1.weight - torch.Size([256]): 
The value is the same before and after calling `init_weights` of EncoderDecoder  

backbone.layers.2.blocks.5.norm1.bias - torch.Size([256]): 
The value is the same before and after calling `init_weights` of EncoderDecoder  

backbone.layers.2.blocks.5.token_mixer.dt_bias - torch.Size([8]): 
The value is the same before and after calling `init_weights` of EncoderDecoder  

backbone.layers.2.blocks.5.token_mixer.A_log - torch.Size([512]): 
The value is the same before and after calling `init_weights` of EncoderDecoder  

backbone.layers.2.blocks.5.token_mixer.D - torch.Size([8]): 
The value is the same before and after calling `init_weights` of EncoderDecoder  

backbone.layers.2.blocks.5.token_mixer.in_proj.weight - torch.Size([1160, 256]): 
The value is the same before and after calling `init_weights` of EncoderDecoder  

backbone.layers.2.blocks.5.token_mixer.conv2d.weight - torch.Size([640, 1, 3, 3]): 
The value is the same before and after calling `init_weights` of EncoderDecoder  

backbone.layers.2.blocks.5.token_mixer.conv2d.bias - torch.Size([640]): 
The value is the same before and after calling `init_weights` of EncoderDecoder  

backbone.layers.2.blocks.5.token_mixer.norm.weight - torch.Size([512]): 
The value is the same before and after calling `init_weights` of EncoderDecoder  

backbone.layers.2.blocks.5.token_mixer.norm.bias - torch.Size([512]): 
The value is the same before and after calling `init_weights` of EncoderDecoder  

backbone.layers.2.blocks.5.token_mixer.out_proj.weight - torch.Size([256, 512]): 
The value is the same before and after calling `init_weights` of EncoderDecoder  

backbone.layers.2.blocks.5.cpe2.weight - torch.Size([256, 1, 3, 3]): 
The value is the same before and after calling `init_weights` of EncoderDecoder  

backbone.layers.2.blocks.5.cpe2.bias - torch.Size([256]): 
The value is the same before and after calling `init_weights` of EncoderDecoder  

backbone.layers.2.blocks.5.norm2.weight - torch.Size([256]): 
The value is the same before and after calling `init_weights` of EncoderDecoder  

backbone.layers.2.blocks.5.norm2.bias - torch.Size([256]): 
The value is the same before and after calling `init_weights` of EncoderDecoder  

backbone.layers.2.blocks.5.mlp.fc1.weight - torch.Size([1024, 256]): 
The value is the same before and after calling `init_weights` of EncoderDecoder  

backbone.layers.2.blocks.5.mlp.fc1.bias - torch.Size([1024]): 
The value is the same before and after calling `init_weights` of EncoderDecoder  

backbone.layers.2.blocks.5.mlp.fc2.weight - torch.Size([256, 1024]): 
The value is the same before and after calling `init_weights` of EncoderDecoder  

backbone.layers.2.blocks.5.mlp.fc2.bias - torch.Size([256]): 
The value is the same before and after calling `init_weights` of EncoderDecoder  

backbone.layers.2.blocks.6.cpe1.weight - torch.Size([256, 1, 3, 3]): 
The value is the same before and after calling `init_weights` of EncoderDecoder  

backbone.layers.2.blocks.6.cpe1.bias - torch.Size([256]): 
The value is the same before and after calling `init_weights` of EncoderDecoder  

backbone.layers.2.blocks.6.norm1.weight - torch.Size([256]): 
The value is the same before and after calling `init_weights` of EncoderDecoder  

backbone.layers.2.blocks.6.norm1.bias - torch.Size([256]): 
The value is the same before and after calling `init_weights` of EncoderDecoder  

backbone.layers.2.blocks.6.token_mixer.dt_bias - torch.Size([8]): 
The value is the same before and after calling `init_weights` of EncoderDecoder  

backbone.layers.2.blocks.6.token_mixer.A_log - torch.Size([512]): 
The value is the same before and after calling `init_weights` of EncoderDecoder  

backbone.layers.2.blocks.6.token_mixer.D - torch.Size([8]): 
The value is the same before and after calling `init_weights` of EncoderDecoder  

backbone.layers.2.blocks.6.token_mixer.in_proj.weight - torch.Size([1160, 256]): 
The value is the same before and after calling `init_weights` of EncoderDecoder  

backbone.layers.2.blocks.6.token_mixer.conv2d.weight - torch.Size([640, 1, 3, 3]): 
The value is the same before and after calling `init_weights` of EncoderDecoder  

backbone.layers.2.blocks.6.token_mixer.conv2d.bias - torch.Size([640]): 
The value is the same before and after calling `init_weights` of EncoderDecoder  

backbone.layers.2.blocks.6.token_mixer.norm.weight - torch.Size([512]): 
The value is the same before and after calling `init_weights` of EncoderDecoder  

backbone.layers.2.blocks.6.token_mixer.norm.bias - torch.Size([512]): 
The value is the same before and after calling `init_weights` of EncoderDecoder  

backbone.layers.2.blocks.6.token_mixer.out_proj.weight - torch.Size([256, 512]): 
The value is the same before and after calling `init_weights` of EncoderDecoder  

backbone.layers.2.blocks.6.token_mixer.sa_op.sampling_offsets.weight - torch.Size([8, 512]): 
The value is the same before and after calling `init_weights` of EncoderDecoder  

backbone.layers.2.blocks.6.token_mixer.sa_op.sampling_offsets.bias - torch.Size([8]): 
The value is the same before and after calling `init_weights` of EncoderDecoder  

backbone.layers.2.blocks.6.cpe2.weight - torch.Size([256, 1, 3, 3]): 
The value is the same before and after calling `init_weights` of EncoderDecoder  

backbone.layers.2.blocks.6.cpe2.bias - torch.Size([256]): 
The value is the same before and after calling `init_weights` of EncoderDecoder  

backbone.layers.2.blocks.6.norm2.weight - torch.Size([256]): 
The value is the same before and after calling `init_weights` of EncoderDecoder  

backbone.layers.2.blocks.6.norm2.bias - torch.Size([256]): 
The value is the same before and after calling `init_weights` of EncoderDecoder  

backbone.layers.2.blocks.6.mlp.fc1.weight - torch.Size([1024, 256]): 
The value is the same before and after calling `init_weights` of EncoderDecoder  

backbone.layers.2.blocks.6.mlp.fc1.bias - torch.Size([1024]): 
The value is the same before and after calling `init_weights` of EncoderDecoder  

backbone.layers.2.blocks.6.mlp.fc2.weight - torch.Size([256, 1024]): 
The value is the same before and after calling `init_weights` of EncoderDecoder  

backbone.layers.2.blocks.6.mlp.fc2.bias - torch.Size([256]): 
The value is the same before and after calling `init_weights` of EncoderDecoder  

backbone.layers.2.blocks.7.cpe1.weight - torch.Size([256, 1, 3, 3]): 
The value is the same before and after calling `init_weights` of EncoderDecoder  

backbone.layers.2.blocks.7.cpe1.bias - torch.Size([256]): 
The value is the same before and after calling `init_weights` of EncoderDecoder  

backbone.layers.2.blocks.7.norm1.weight - torch.Size([256]): 
The value is the same before and after calling `init_weights` of EncoderDecoder  

backbone.layers.2.blocks.7.norm1.bias - torch.Size([256]): 
The value is the same before and after calling `init_weights` of EncoderDecoder  

backbone.layers.2.blocks.7.token_mixer.dt_bias - torch.Size([8]): 
The value is the same before and after calling `init_weights` of EncoderDecoder  

backbone.layers.2.blocks.7.token_mixer.A_log - torch.Size([512]): 
The value is the same before and after calling `init_weights` of EncoderDecoder  

backbone.layers.2.blocks.7.token_mixer.D - torch.Size([8]): 
The value is the same before and after calling `init_weights` of EncoderDecoder  

backbone.layers.2.blocks.7.token_mixer.in_proj.weight - torch.Size([1160, 256]): 
The value is the same before and after calling `init_weights` of EncoderDecoder  

backbone.layers.2.blocks.7.token_mixer.conv2d.weight - torch.Size([640, 1, 3, 3]): 
The value is the same before and after calling `init_weights` of EncoderDecoder  

backbone.layers.2.blocks.7.token_mixer.conv2d.bias - torch.Size([640]): 
The value is the same before and after calling `init_weights` of EncoderDecoder  

backbone.layers.2.blocks.7.token_mixer.norm.weight - torch.Size([512]): 
The value is the same before and after calling `init_weights` of EncoderDecoder  

backbone.layers.2.blocks.7.token_mixer.norm.bias - torch.Size([512]): 
The value is the same before and after calling `init_weights` of EncoderDecoder  

backbone.layers.2.blocks.7.token_mixer.out_proj.weight - torch.Size([256, 512]): 
The value is the same before and after calling `init_weights` of EncoderDecoder  

backbone.layers.2.blocks.7.cpe2.weight - torch.Size([256, 1, 3, 3]): 
The value is the same before and after calling `init_weights` of EncoderDecoder  

backbone.layers.2.blocks.7.cpe2.bias - torch.Size([256]): 
The value is the same before and after calling `init_weights` of EncoderDecoder  

backbone.layers.2.blocks.7.norm2.weight - torch.Size([256]): 
The value is the same before and after calling `init_weights` of EncoderDecoder  

backbone.layers.2.blocks.7.norm2.bias - torch.Size([256]): 
The value is the same before and after calling `init_weights` of EncoderDecoder  

backbone.layers.2.blocks.7.mlp.fc1.weight - torch.Size([1024, 256]): 
The value is the same before and after calling `init_weights` of EncoderDecoder  

backbone.layers.2.blocks.7.mlp.fc1.bias - torch.Size([1024]): 
The value is the same before and after calling `init_weights` of EncoderDecoder  

backbone.layers.2.blocks.7.mlp.fc2.weight - torch.Size([256, 1024]): 
The value is the same before and after calling `init_weights` of EncoderDecoder  

backbone.layers.2.blocks.7.mlp.fc2.bias - torch.Size([256]): 
The value is the same before and after calling `init_weights` of EncoderDecoder  

backbone.layers.2.downsample.conv.0.conv.weight - torch.Size([2048, 256, 1, 1]): 
The value is the same before and after calling `init_weights` of EncoderDecoder  

backbone.layers.2.downsample.conv.0.conv.bias - torch.Size([2048]): 
The value is the same before and after calling `init_weights` of EncoderDecoder  

backbone.layers.2.downsample.conv.1.conv.weight - torch.Size([2048, 1, 3, 3]): 
The value is the same before and after calling `init_weights` of EncoderDecoder  

backbone.layers.2.downsample.conv.1.conv.bias - torch.Size([2048]): 
The value is the same before and after calling `init_weights` of EncoderDecoder  

backbone.layers.2.downsample.conv.2.conv.weight - torch.Size([512, 2048, 1, 1]): 
The value is the same before and after calling `init_weights` of EncoderDecoder  

backbone.layers.2.downsample.conv.2.conv.bias - torch.Size([512]): 
The value is the same before and after calling `init_weights` of EncoderDecoder  

backbone.layers.2.downsample.conv.2.norm.weight - torch.Size([512]): 
The value is the same before and after calling `init_weights` of EncoderDecoder  

backbone.layers.2.downsample.conv.2.norm.bias - torch.Size([512]): 
The value is the same before and after calling `init_weights` of EncoderDecoder  

backbone.layers.3.blocks.0.cpe1.weight - torch.Size([512, 1, 3, 3]): 
The value is the same before and after calling `init_weights` of EncoderDecoder  

backbone.layers.3.blocks.0.cpe1.bias - torch.Size([512]): 
The value is the same before and after calling `init_weights` of EncoderDecoder  

backbone.layers.3.blocks.0.norm1.weight - torch.Size([512]): 
The value is the same before and after calling `init_weights` of EncoderDecoder  

backbone.layers.3.blocks.0.norm1.bias - torch.Size([512]): 
The value is the same before and after calling `init_weights` of EncoderDecoder  

backbone.layers.3.blocks.0.token_mixer.to_qkv.weight - torch.Size([1536, 512]): 
The value is the same before and after calling `init_weights` of EncoderDecoder  

backbone.layers.3.blocks.0.token_mixer.to_out.weight - torch.Size([512, 512]): 
The value is the same before and after calling `init_weights` of EncoderDecoder  

backbone.layers.3.blocks.0.token_mixer.to_out.bias - torch.Size([512]): 
The value is the same before and after calling `init_weights` of EncoderDecoder  

backbone.layers.3.blocks.0.cpe2.weight - torch.Size([512, 1, 3, 3]): 
The value is the same before and after calling `init_weights` of EncoderDecoder  

backbone.layers.3.blocks.0.cpe2.bias - torch.Size([512]): 
The value is the same before and after calling `init_weights` of EncoderDecoder  

backbone.layers.3.blocks.0.norm2.weight - torch.Size([512]): 
The value is the same before and after calling `init_weights` of EncoderDecoder  

backbone.layers.3.blocks.0.norm2.bias - torch.Size([512]): 
The value is the same before and after calling `init_weights` of EncoderDecoder  

backbone.layers.3.blocks.0.mlp.fc1.weight - torch.Size([2048, 512]): 
The value is the same before and after calling `init_weights` of EncoderDecoder  

backbone.layers.3.blocks.0.mlp.fc1.bias - torch.Size([2048]): 
The value is the same before and after calling `init_weights` of EncoderDecoder  

backbone.layers.3.blocks.0.mlp.fc2.weight - torch.Size([512, 2048]): 
The value is the same before and after calling `init_weights` of EncoderDecoder  

backbone.layers.3.blocks.0.mlp.fc2.bias - torch.Size([512]): 
The value is the same before and after calling `init_weights` of EncoderDecoder  

backbone.layers.3.blocks.1.cpe1.weight - torch.Size([512, 1, 3, 3]): 
The value is the same before and after calling `init_weights` of EncoderDecoder  

backbone.layers.3.blocks.1.cpe1.bias - torch.Size([512]): 
The value is the same before and after calling `init_weights` of EncoderDecoder  

backbone.layers.3.blocks.1.norm1.weight - torch.Size([512]): 
The value is the same before and after calling `init_weights` of EncoderDecoder  

backbone.layers.3.blocks.1.norm1.bias - torch.Size([512]): 
The value is the same before and after calling `init_weights` of EncoderDecoder  

backbone.layers.3.blocks.1.token_mixer.to_qkv.weight - torch.Size([1536, 512]): 
The value is the same before and after calling `init_weights` of EncoderDecoder  

backbone.layers.3.blocks.1.token_mixer.to_out.weight - torch.Size([512, 512]): 
The value is the same before and after calling `init_weights` of EncoderDecoder  

backbone.layers.3.blocks.1.token_mixer.to_out.bias - torch.Size([512]): 
The value is the same before and after calling `init_weights` of EncoderDecoder  

backbone.layers.3.blocks.1.cpe2.weight - torch.Size([512, 1, 3, 3]): 
The value is the same before and after calling `init_weights` of EncoderDecoder  

backbone.layers.3.blocks.1.cpe2.bias - torch.Size([512]): 
The value is the same before and after calling `init_weights` of EncoderDecoder  

backbone.layers.3.blocks.1.norm2.weight - torch.Size([512]): 
The value is the same before and after calling `init_weights` of EncoderDecoder  

backbone.layers.3.blocks.1.norm2.bias - torch.Size([512]): 
The value is the same before and after calling `init_weights` of EncoderDecoder  

backbone.layers.3.blocks.1.mlp.fc1.weight - torch.Size([2048, 512]): 
The value is the same before and after calling `init_weights` of EncoderDecoder  

backbone.layers.3.blocks.1.mlp.fc1.bias - torch.Size([2048]): 
The value is the same before and after calling `init_weights` of EncoderDecoder  

backbone.layers.3.blocks.1.mlp.fc2.weight - torch.Size([512, 2048]): 
The value is the same before and after calling `init_weights` of EncoderDecoder  

backbone.layers.3.blocks.1.mlp.fc2.bias - torch.Size([512]): 
The value is the same before and after calling `init_weights` of EncoderDecoder  

backbone.layers.3.blocks.2.cpe1.weight - torch.Size([512, 1, 3, 3]): 
The value is the same before and after calling `init_weights` of EncoderDecoder  

backbone.layers.3.blocks.2.cpe1.bias - torch.Size([512]): 
The value is the same before and after calling `init_weights` of EncoderDecoder  

backbone.layers.3.blocks.2.norm1.weight - torch.Size([512]): 
The value is the same before and after calling `init_weights` of EncoderDecoder  

backbone.layers.3.blocks.2.norm1.bias - torch.Size([512]): 
The value is the same before and after calling `init_weights` of EncoderDecoder  

backbone.layers.3.blocks.2.token_mixer.to_qkv.weight - torch.Size([1536, 512]): 
The value is the same before and after calling `init_weights` of EncoderDecoder  

backbone.layers.3.blocks.2.token_mixer.to_out.weight - torch.Size([512, 512]): 
The value is the same before and after calling `init_weights` of EncoderDecoder  

backbone.layers.3.blocks.2.token_mixer.to_out.bias - torch.Size([512]): 
The value is the same before and after calling `init_weights` of EncoderDecoder  

backbone.layers.3.blocks.2.cpe2.weight - torch.Size([512, 1, 3, 3]): 
The value is the same before and after calling `init_weights` of EncoderDecoder  

backbone.layers.3.blocks.2.cpe2.bias - torch.Size([512]): 
The value is the same before and after calling `init_weights` of EncoderDecoder  

backbone.layers.3.blocks.2.norm2.weight - torch.Size([512]): 
The value is the same before and after calling `init_weights` of EncoderDecoder  

backbone.layers.3.blocks.2.norm2.bias - torch.Size([512]): 
The value is the same before and after calling `init_weights` of EncoderDecoder  

backbone.layers.3.blocks.2.mlp.fc1.weight - torch.Size([2048, 512]): 
The value is the same before and after calling `init_weights` of EncoderDecoder  

backbone.layers.3.blocks.2.mlp.fc1.bias - torch.Size([2048]): 
The value is the same before and after calling `init_weights` of EncoderDecoder  

backbone.layers.3.blocks.2.mlp.fc2.weight - torch.Size([512, 2048]): 
The value is the same before and after calling `init_weights` of EncoderDecoder  

backbone.layers.3.blocks.2.mlp.fc2.bias - torch.Size([512]): 
The value is the same before and after calling `init_weights` of EncoderDecoder  

backbone.layers.3.blocks.3.cpe1.weight - torch.Size([512, 1, 3, 3]): 
The value is the same before and after calling `init_weights` of EncoderDecoder  

backbone.layers.3.blocks.3.cpe1.bias - torch.Size([512]): 
The value is the same before and after calling `init_weights` of EncoderDecoder  

backbone.layers.3.blocks.3.norm1.weight - torch.Size([512]): 
The value is the same before and after calling `init_weights` of EncoderDecoder  

backbone.layers.3.blocks.3.norm1.bias - torch.Size([512]): 
The value is the same before and after calling `init_weights` of EncoderDecoder  

backbone.layers.3.blocks.3.token_mixer.to_qkv.weight - torch.Size([1536, 512]): 
The value is the same before and after calling `init_weights` of EncoderDecoder  

backbone.layers.3.blocks.3.token_mixer.to_out.weight - torch.Size([512, 512]): 
The value is the same before and after calling `init_weights` of EncoderDecoder  

backbone.layers.3.blocks.3.token_mixer.to_out.bias - torch.Size([512]): 
The value is the same before and after calling `init_weights` of EncoderDecoder  

backbone.layers.3.blocks.3.cpe2.weight - torch.Size([512, 1, 3, 3]): 
The value is the same before and after calling `init_weights` of EncoderDecoder  

backbone.layers.3.blocks.3.cpe2.bias - torch.Size([512]): 
The value is the same before and after calling `init_weights` of EncoderDecoder  

backbone.layers.3.blocks.3.norm2.weight - torch.Size([512]): 
The value is the same before and after calling `init_weights` of EncoderDecoder  

backbone.layers.3.blocks.3.norm2.bias - torch.Size([512]): 
The value is the same before and after calling `init_weights` of EncoderDecoder  

backbone.layers.3.blocks.3.mlp.fc1.weight - torch.Size([2048, 512]): 
The value is the same before and after calling `init_weights` of EncoderDecoder  

backbone.layers.3.blocks.3.mlp.fc1.bias - torch.Size([2048]): 
The value is the same before and after calling `init_weights` of EncoderDecoder  

backbone.layers.3.blocks.3.mlp.fc2.weight - torch.Size([512, 2048]): 
The value is the same before and after calling `init_weights` of EncoderDecoder  

backbone.layers.3.blocks.3.mlp.fc2.bias - torch.Size([512]): 
The value is the same before and after calling `init_weights` of EncoderDecoder  

backbone.outnorm0.weight - torch.Size([64]): 
The value is the same before and after calling `init_weights` of EncoderDecoder  

backbone.outnorm0.bias - torch.Size([64]): 
The value is the same before and after calling `init_weights` of EncoderDecoder  

backbone.outnorm1.weight - torch.Size([128]): 
The value is the same before and after calling `init_weights` of EncoderDecoder  

backbone.outnorm1.bias - torch.Size([128]): 
The value is the same before and after calling `init_weights` of EncoderDecoder  

backbone.outnorm2.weight - torch.Size([256]): 
The value is the same before and after calling `init_weights` of EncoderDecoder  

backbone.outnorm2.bias - torch.Size([256]): 
The value is the same before and after calling `init_weights` of EncoderDecoder  

backbone.outnorm3.weight - torch.Size([512]): 
The value is the same before and after calling `init_weights` of EncoderDecoder  

backbone.outnorm3.bias - torch.Size([512]): 
The value is the same before and after calling `init_weights` of EncoderDecoder  

decode_head.conv_seg.weight - torch.Size([150, 512, 1, 1]): 
NormalInit: mean=0, std=0.01, bias=0 

decode_head.conv_seg.bias - torch.Size([150]): 
NormalInit: mean=0, std=0.01, bias=0 

decode_head.psp_modules.0.1.conv.weight - torch.Size([512, 512, 1, 1]): 
The value is the same before and after calling `init_weights` of EncoderDecoder  

decode_head.psp_modules.0.1.bn.weight - torch.Size([512]): 
The value is the same before and after calling `init_weights` of EncoderDecoder  

decode_head.psp_modules.0.1.bn.bias - torch.Size([512]): 
The value is the same before and after calling `init_weights` of EncoderDecoder  

decode_head.psp_modules.1.1.conv.weight - torch.Size([512, 512, 1, 1]): 
The value is the same before and after calling `init_weights` of EncoderDecoder  

decode_head.psp_modules.1.1.bn.weight - torch.Size([512]): 
The value is the same before and after calling `init_weights` of EncoderDecoder  

decode_head.psp_modules.1.1.bn.bias - torch.Size([512]): 
The value is the same before and after calling `init_weights` of EncoderDecoder  

decode_head.psp_modules.2.1.conv.weight - torch.Size([512, 512, 1, 1]): 
The value is the same before and after calling `init_weights` of EncoderDecoder  

decode_head.psp_modules.2.1.bn.weight - torch.Size([512]): 
The value is the same before and after calling `init_weights` of EncoderDecoder  

decode_head.psp_modules.2.1.bn.bias - torch.Size([512]): 
The value is the same before and after calling `init_weights` of EncoderDecoder  

decode_head.psp_modules.3.1.conv.weight - torch.Size([512, 512, 1, 1]): 
The value is the same before and after calling `init_weights` of EncoderDecoder  

decode_head.psp_modules.3.1.bn.weight - torch.Size([512]): 
The value is the same before and after calling `init_weights` of EncoderDecoder  

decode_head.psp_modules.3.1.bn.bias - torch.Size([512]): 
The value is the same before and after calling `init_weights` of EncoderDecoder  

decode_head.bottleneck.conv.weight - torch.Size([512, 2560, 3, 3]): 
Initialized by user-defined `init_weights` in ConvModule  

decode_head.bottleneck.bn.weight - torch.Size([512]): 
The value is the same before and after calling `init_weights` of EncoderDecoder  

decode_head.bottleneck.bn.bias - torch.Size([512]): 
The value is the same before and after calling `init_weights` of EncoderDecoder  

decode_head.lateral_convs.0.conv.weight - torch.Size([512, 64, 1, 1]): 
The value is the same before and after calling `init_weights` of EncoderDecoder  

decode_head.lateral_convs.0.bn.weight - torch.Size([512]): 
The value is the same before and after calling `init_weights` of EncoderDecoder  

decode_head.lateral_convs.0.bn.bias - torch.Size([512]): 
The value is the same before and after calling `init_weights` of EncoderDecoder  

decode_head.lateral_convs.1.conv.weight - torch.Size([512, 128, 1, 1]): 
The value is the same before and after calling `init_weights` of EncoderDecoder  

decode_head.lateral_convs.1.bn.weight - torch.Size([512]): 
The value is the same before and after calling `init_weights` of EncoderDecoder  

decode_head.lateral_convs.1.bn.bias - torch.Size([512]): 
The value is the same before and after calling `init_weights` of EncoderDecoder  

decode_head.lateral_convs.2.conv.weight - torch.Size([512, 256, 1, 1]): 
The value is the same before and after calling `init_weights` of EncoderDecoder  

decode_head.lateral_convs.2.bn.weight - torch.Size([512]): 
The value is the same before and after calling `init_weights` of EncoderDecoder  

decode_head.lateral_convs.2.bn.bias - torch.Size([512]): 
The value is the same before and after calling `init_weights` of EncoderDecoder  

decode_head.fpn_convs.0.conv.weight - torch.Size([512, 512, 3, 3]): 
The value is the same before and after calling `init_weights` of EncoderDecoder  

decode_head.fpn_convs.0.bn.weight - torch.Size([512]): 
The value is the same before and after calling `init_weights` of EncoderDecoder  

decode_head.fpn_convs.0.bn.bias - torch.Size([512]): 
The value is the same before and after calling `init_weights` of EncoderDecoder  

decode_head.fpn_convs.1.conv.weight - torch.Size([512, 512, 3, 3]): 
The value is the same before and after calling `init_weights` of EncoderDecoder  

decode_head.fpn_convs.1.bn.weight - torch.Size([512]): 
The value is the same before and after calling `init_weights` of EncoderDecoder  

decode_head.fpn_convs.1.bn.bias - torch.Size([512]): 
The value is the same before and after calling `init_weights` of EncoderDecoder  

decode_head.fpn_convs.2.conv.weight - torch.Size([512, 512, 3, 3]): 
The value is the same before and after calling `init_weights` of EncoderDecoder  

decode_head.fpn_convs.2.bn.weight - torch.Size([512]): 
The value is the same before and after calling `init_weights` of EncoderDecoder  

decode_head.fpn_convs.2.bn.bias - torch.Size([512]): 
The value is the same before and after calling `init_weights` of EncoderDecoder  

decode_head.fpn_bottleneck.conv.weight - torch.Size([512, 2048, 3, 3]): 
Initialized by user-defined `init_weights` in ConvModule  

decode_head.fpn_bottleneck.bn.weight - torch.Size([512]): 
The value is the same before and after calling `init_weights` of EncoderDecoder  

decode_head.fpn_bottleneck.bn.bias - torch.Size([512]): 
The value is the same before and after calling `init_weights` of EncoderDecoder  

auxiliary_head.conv_seg.weight - torch.Size([150, 256, 1, 1]): 
NormalInit: mean=0, std=0.01, bias=0 

auxiliary_head.conv_seg.bias - torch.Size([150]): 
NormalInit: mean=0, std=0.01, bias=0 

auxiliary_head.convs.0.conv.weight - torch.Size([256, 256, 3, 3]): 
The value is the same before and after calling `init_weights` of EncoderDecoder  

auxiliary_head.convs.0.bn.weight - torch.Size([256]): 
The value is the same before and after calling `init_weights` of EncoderDecoder  

auxiliary_head.convs.0.bn.bias - torch.Size([256]): 
The value is the same before and after calling `init_weights` of EncoderDecoder  
2026/04/25 19:44:38 - mmengine - WARNING - "FileClient" will be deprecated in future. Please use io functions in https://mmengine.readthedocs.io/en/latest/api/fileio.html#file-io
2026/04/25 19:44:38 - mmengine - WARNING - "HardDiskBackend" is the alias of "LocalBackend" and the former will be deprecated in future.
2026/04/25 19:44:38 - mmengine - INFO - Checkpoints will be saved to /home/jlx_75/PVMamba_cifar10_base/segmentation/work_dirs/base_ade20k_random_16000_fixrelu.
2026/04/25 19:44:47 - mmengine - INFO - Iter(train) [   20/16000]  lr: 2.2846e-06  eta: 2:01:12  time: 0.3075  data_time: 0.0056  memory: 10578  loss: 5.5275  decode.loss_ce: 3.9531  decode.acc_seg: 0.4969  aux.loss_ce: 1.5744  aux.acc_seg: 0.1874
2026/04/25 19:44:53 - mmengine - INFO - Iter(train) [   40/16000]  lr: 4.6894e-06  eta: 1:40:08  time: 0.2970  data_time: 0.0056  memory: 6182  loss: 5.7641  decode.loss_ce: 4.1115  decode.acc_seg: 1.5601  aux.loss_ce: 1.6526  aux.acc_seg: 0.6921
2026/04/25 19:44:59 - mmengine - INFO - Iter(train) [   60/16000]  lr: 7.0942e-06  eta: 1:32:50  time: 0.2952  data_time: 0.0055  memory: 6182  loss: 6.2175  decode.loss_ce: 4.4180  decode.acc_seg: 0.9149  aux.loss_ce: 1.7995  aux.acc_seg: 0.6370
2026/04/25 19:45:05 - mmengine - INFO - Iter(train) [   80/16000]  lr: 9.4990e-06  eta: 1:29:57  time: 0.3109  data_time: 0.0057  memory: 6182  loss: 5.8911  decode.loss_ce: 4.1815  decode.acc_seg: 6.7161  aux.loss_ce: 1.7096  aux.acc_seg: 1.4705
2026/04/25 19:45:11 - mmengine - INFO - Iter(train) [  100/16000]  lr: 1.1904e-05  eta: 1:27:36  time: 0.2968  data_time: 0.0055  memory: 6182  loss: 5.8073  decode.loss_ce: 4.0895  decode.acc_seg: 42.8074  aux.loss_ce: 1.7178  aux.acc_seg: 0.4343
2026/04/25 19:45:17 - mmengine - INFO - Iter(train) [  120/16000]  lr: 1.4309e-05  eta: 1:26:00  time: 0.2968  data_time: 0.0059  memory: 6182  loss: 5.1439  decode.loss_ce: 3.6235  decode.acc_seg: 3.7513  aux.loss_ce: 1.5204  aux.acc_seg: 2.0381
2026/04/25 19:45:23 - mmengine - INFO - Iter(train) [  140/16000]  lr: 1.6713e-05  eta: 1:24:54  time: 0.2978  data_time: 0.0056  memory: 6182  loss: 5.4065  decode.loss_ce: 3.7689  decode.acc_seg: 17.7130  aux.loss_ce: 1.6376  aux.acc_seg: 9.6926
2026/04/25 19:45:29 - mmengine - INFO - Iter(train) [  160/16000]  lr: 1.9118e-05  eta: 1:24:04  time: 0.2984  data_time: 0.0056  memory: 6182  loss: 5.0753  decode.loss_ce: 3.5189  decode.acc_seg: 24.2069  aux.loss_ce: 1.5563  aux.acc_seg: 7.4786
2026/04/25 19:45:35 - mmengine - INFO - Iter(train) [  180/16000]  lr: 2.1523e-05  eta: 1:23:22  time: 0.2984  data_time: 0.0055  memory: 6182  loss: 4.9711  decode.loss_ce: 3.4508  decode.acc_seg: 51.2817  aux.loss_ce: 1.5203  aux.acc_seg: 34.3368
2026/04/25 19:45:41 - mmengine - INFO - Iter(train) [  200/16000]  lr: 2.3928e-05  eta: 1:22:51  time: 0.3012  data_time: 0.0055  memory: 6182  loss: 4.9316  decode.loss_ce: 3.3850  decode.acc_seg: 50.5973  aux.loss_ce: 1.5467  aux.acc_seg: 21.0650
2026/04/25 19:45:47 - mmengine - INFO - Iter(train) [  220/16000]  lr: 2.6333e-05  eta: 1:22:30  time: 0.3053  data_time: 0.0056  memory: 6182  loss: 5.4434  decode.loss_ce: 3.7410  decode.acc_seg: 22.0929  aux.loss_ce: 1.7024  aux.acc_seg: 20.6782
2026/04/25 19:45:53 - mmengine - INFO - Iter(train) [  240/16000]  lr: 2.8738e-05  eta: 1:22:15  time: 0.3053  data_time: 0.0053  memory: 6182  loss: 4.6207  decode.loss_ce: 3.1413  decode.acc_seg: 26.2234  aux.loss_ce: 1.4793  aux.acc_seg: 16.5368
2026/04/25 19:45:59 - mmengine - INFO - Iter(train) [  260/16000]  lr: 3.1142e-05  eta: 1:22:01  time: 0.3091  data_time: 0.0064  memory: 6182  loss: 5.1137  decode.loss_ce: 3.5176  decode.acc_seg: 21.2887  aux.loss_ce: 1.5961  aux.acc_seg: 23.6221
2026/04/25 19:46:05 - mmengine - INFO - Iter(train) [  280/16000]  lr: 3.3547e-05  eta: 1:22:11  time: 0.3282  data_time: 0.0088  memory: 6182  loss: 4.4703  decode.loss_ce: 3.0098  decode.acc_seg: 49.7616  aux.loss_ce: 1.4606  aux.acc_seg: 37.1027
2026/04/25 19:46:12 - mmengine - INFO - Iter(train) [  300/16000]  lr: 3.5952e-05  eta: 1:22:18  time: 0.3243  data_time: 0.0087  memory: 6182  loss: 4.5037  decode.loss_ce: 3.0049  decode.acc_seg: 47.9541  aux.loss_ce: 1.4989  aux.acc_seg: 43.5536
2026/04/25 19:46:19 - mmengine - INFO - Iter(train) [  320/16000]  lr: 3.8357e-05  eta: 1:22:27  time: 0.3312  data_time: 0.0087  memory: 6182  loss: 4.5602  decode.loss_ce: 3.1415  decode.acc_seg: 5.5537  aux.loss_ce: 1.4187  aux.acc_seg: 1.7376
2026/04/25 19:46:25 - mmengine - INFO - Iter(train) [  340/16000]  lr: 4.0762e-05  eta: 1:22:32  time: 0.3288  data_time: 0.0083  memory: 6182  loss: 4.6949  decode.loss_ce: 3.1896  decode.acc_seg: 43.6453  aux.loss_ce: 1.5052  aux.acc_seg: 31.5744
2026/04/25 19:46:32 - mmengine - INFO - Iter(train) [  360/16000]  lr: 4.3166e-05  eta: 1:22:42  time: 0.3420  data_time: 0.0085  memory: 6182  loss: 4.2078  decode.loss_ce: 2.8602  decode.acc_seg: 15.3033  aux.loss_ce: 1.3475  aux.acc_seg: 2.3835
2026/04/25 19:46:38 - mmengine - INFO - Iter(train) [  380/16000]  lr: 4.5571e-05  eta: 1:22:47  time: 0.3296  data_time: 0.0084  memory: 6182  loss: 4.3089  decode.loss_ce: 2.8968  decode.acc_seg: 25.7279  aux.loss_ce: 1.4122  aux.acc_seg: 24.0280
2026/04/25 19:46:45 - mmengine - INFO - Iter(train) [  400/16000]  lr: 4.7976e-05  eta: 1:22:57  time: 0.3350  data_time: 0.0084  memory: 6182  loss: 4.3646  decode.loss_ce: 2.9788  decode.acc_seg: 25.0103  aux.loss_ce: 1.3857  aux.acc_seg: 19.3325
2026/04/25 19:46:52 - mmengine - INFO - Iter(train) [  420/16000]  lr: 5.0381e-05  eta: 1:23:01  time: 0.3323  data_time: 0.0084  memory: 6182  loss: 4.1102  decode.loss_ce: 2.7653  decode.acc_seg: 11.8399  aux.loss_ce: 1.3449  aux.acc_seg: 4.6309
2026/04/25 19:46:59 - mmengine - INFO - Iter(train) [  440/16000]  lr: 5.2786e-05  eta: 1:23:06  time: 0.3360  data_time: 0.0081  memory: 6182  loss: 3.5000  decode.loss_ce: 2.3456  decode.acc_seg: 54.8915  aux.loss_ce: 1.1545  aux.acc_seg: 52.0022
2026/04/25 19:47:05 - mmengine - INFO - Iter(train) [  460/16000]  lr: 5.5190e-05  eta: 1:23:11  time: 0.3344  data_time: 0.0084  memory: 6182  loss: 4.3845  decode.loss_ce: 2.9836  decode.acc_seg: 43.0388  aux.loss_ce: 1.4009  aux.acc_seg: 28.3740
2026/04/25 19:47:12 - mmengine - INFO - Iter(train) [  480/16000]  lr: 5.7595e-05  eta: 1:23:19  time: 0.3419  data_time: 0.0088  memory: 6182  loss: 4.4601  decode.loss_ce: 2.9993  decode.acc_seg: 37.0685  aux.loss_ce: 1.4608  aux.acc_seg: 31.6591
2026/04/25 19:47:19 - mmengine - INFO - Iter(train) [  500/16000]  lr: 6.0000e-05  eta: 1:23:22  time: 0.3369  data_time: 0.0084  memory: 6182  loss: 4.3055  decode.loss_ce: 2.9398  decode.acc_seg: 41.7105  aux.loss_ce: 1.3657  aux.acc_seg: 37.5113
2026/04/25 19:47:26 - mmengine - INFO - Iter(train) [  520/16000]  lr: 5.9926e-05  eta: 1:23:32  time: 0.3416  data_time: 0.0084  memory: 6182  loss: 3.7601  decode.loss_ce: 2.5560  decode.acc_seg: 32.4133  aux.loss_ce: 1.2041  aux.acc_seg: 24.6086
2026/04/25 19:47:33 - mmengine - INFO - Iter(train) [  540/16000]  lr: 5.9849e-05  eta: 1:23:35  time: 0.3326  data_time: 0.0073  memory: 6182  loss: 3.5128  decode.loss_ce: 2.3863  decode.acc_seg: 50.6417  aux.loss_ce: 1.1265  aux.acc_seg: 55.9694
2026/04/25 19:47:39 - mmengine - INFO - Iter(train) [  560/16000]  lr: 5.9772e-05  eta: 1:23:30  time: 0.3306  data_time: 0.0063  memory: 6182  loss: 4.1405  decode.loss_ce: 2.8437  decode.acc_seg: 24.4968  aux.loss_ce: 1.2968  aux.acc_seg: 13.9177
2026/04/25 19:47:46 - mmengine - INFO - Iter(train) [  580/16000]  lr: 5.9694e-05  eta: 1:23:27  time: 0.3347  data_time: 0.0062  memory: 6182  loss: 4.0053  decode.loss_ce: 2.7629  decode.acc_seg: 14.3446  aux.loss_ce: 1.2425  aux.acc_seg: 6.8991
2026/04/25 19:47:53 - mmengine - INFO - Iter(train) [  600/16000]  lr: 5.9617e-05  eta: 1:23:25  time: 0.3361  data_time: 0.0062  memory: 6182  loss: 4.2255  decode.loss_ce: 2.8954  decode.acc_seg: 9.5101  aux.loss_ce: 1.3302  aux.acc_seg: 9.5623
2026/04/25 19:47:59 - mmengine - INFO - Iter(train) [  620/16000]  lr: 5.9539e-05  eta: 1:23:20  time: 0.3292  data_time: 0.0061  memory: 6182  loss: 3.3528  decode.loss_ce: 2.2809  decode.acc_seg: 75.2567  aux.loss_ce: 1.0718  aux.acc_seg: 75.6879
2026/04/25 19:48:06 - mmengine - INFO - Iter(train) [  640/16000]  lr: 5.9462e-05  eta: 1:23:15  time: 0.3302  data_time: 0.0062  memory: 6182  loss: 3.8737  decode.loss_ce: 2.6647  decode.acc_seg: 42.8963  aux.loss_ce: 1.2089  aux.acc_seg: 27.6197
2026/04/25 19:48:12 - mmengine - INFO - Iter(train) [  660/16000]  lr: 5.9384e-05  eta: 1:23:14  time: 0.3330  data_time: 0.0061  memory: 6182  loss: 4.0109  decode.loss_ce: 2.7242  decode.acc_seg: 42.8044  aux.loss_ce: 1.2867  aux.acc_seg: 9.2101
2026/04/25 19:48:19 - mmengine - INFO - Iter(train) [  680/16000]  lr: 5.9307e-05  eta: 1:23:08  time: 0.3305  data_time: 0.0061  memory: 6182  loss: 3.6102  decode.loss_ce: 2.4740  decode.acc_seg: 56.2787  aux.loss_ce: 1.1362  aux.acc_seg: 31.6235
2026/04/25 19:48:26 - mmengine - INFO - Iter(train) [  700/16000]  lr: 5.9230e-05  eta: 1:23:03  time: 0.3298  data_time: 0.0061  memory: 6182  loss: 3.9265  decode.loss_ce: 2.6873  decode.acc_seg: 55.1390  aux.loss_ce: 1.2392  aux.acc_seg: 30.5077
2026/04/25 19:48:32 - mmengine - INFO - Iter(train) [  720/16000]  lr: 5.9152e-05  eta: 1:22:58  time: 0.3289  data_time: 0.0061  memory: 6182  loss: 3.6973  decode.loss_ce: 2.5580  decode.acc_seg: 9.9381  aux.loss_ce: 1.1392  aux.acc_seg: 3.3205
2026/04/25 19:48:39 - mmengine - INFO - Iter(train) [  740/16000]  lr: 5.9075e-05  eta: 1:22:55  time: 0.3325  data_time: 0.0060  memory: 6182  loss: 3.7058  decode.loss_ce: 2.5511  decode.acc_seg: 0.5759  aux.loss_ce: 1.1547  aux.acc_seg: 7.4217
2026/04/25 19:48:45 - mmengine - INFO - Iter(train) [  760/16000]  lr: 5.8997e-05  eta: 1:22:49  time: 0.3286  data_time: 0.0059  memory: 6182  loss: 3.3961  decode.loss_ce: 2.3578  decode.acc_seg: 23.8037  aux.loss_ce: 1.0383  aux.acc_seg: 43.0973
2026/04/25 19:48:52 - mmengine - INFO - Iter(train) [  780/16000]  lr: 5.8920e-05  eta: 1:22:47  time: 0.3343  data_time: 0.0062  memory: 6182  loss: 3.5615  decode.loss_ce: 2.4548  decode.acc_seg: 52.6345  aux.loss_ce: 1.1067  aux.acc_seg: 53.3232
2026/04/25 19:48:59 - mmengine - INFO - Iter(train) [  800/16000]  lr: 5.8843e-05  eta: 1:22:41  time: 0.3311  data_time: 0.0061  memory: 6182  loss: 3.5792  decode.loss_ce: 2.4844  decode.acc_seg: 1.0984  aux.loss_ce: 1.0949  aux.acc_seg: 7.0116
2026/04/25 19:49:06 - mmengine - INFO - Iter(train) [  820/16000]  lr: 5.8765e-05  eta: 1:22:39  time: 0.3366  data_time: 0.0062  memory: 6182  loss: 3.2971  decode.loss_ce: 2.2535  decode.acc_seg: 53.0572  aux.loss_ce: 1.0436  aux.acc_seg: 52.9072
2026/04/25 19:49:12 - mmengine - INFO - Iter(train) [  840/16000]  lr: 5.8688e-05  eta: 1:22:33  time: 0.3300  data_time: 0.0063  memory: 6182  loss: 3.1905  decode.loss_ce: 2.1618  decode.acc_seg: 17.6172  aux.loss_ce: 1.0287  aux.acc_seg: 18.2971
2026/04/25 19:49:19 - mmengine - INFO - Iter(train) [  860/16000]  lr: 5.8610e-05  eta: 1:22:31  time: 0.3375  data_time: 0.0063  memory: 6182  loss: 3.5251  decode.loss_ce: 2.4357  decode.acc_seg: 28.1345  aux.loss_ce: 1.0894  aux.acc_seg: 24.9340
2026/04/25 19:49:25 - mmengine - INFO - Iter(train) [  880/16000]  lr: 5.8533e-05  eta: 1:22:26  time: 0.3307  data_time: 0.0062  memory: 6182  loss: 3.2650  decode.loss_ce: 2.2371  decode.acc_seg: 51.3116  aux.loss_ce: 1.0278  aux.acc_seg: 57.7324
2026/04/25 19:49:32 - mmengine - INFO - Iter(train) [  900/16000]  lr: 5.8455e-05  eta: 1:22:24  time: 0.3482  data_time: 0.0062  memory: 6182  loss: 3.6169  decode.loss_ce: 2.4892  decode.acc_seg: 46.8606  aux.loss_ce: 1.1277  aux.acc_seg: 23.9509
2026/04/25 19:49:39 - mmengine - INFO - Iter(train) [  920/16000]  lr: 5.8378e-05  eta: 1:22:24  time: 0.3640  data_time: 0.0062  memory: 6182  loss: 3.4028  decode.loss_ce: 2.3161  decode.acc_seg: 55.5250  aux.loss_ce: 1.0866  aux.acc_seg: 31.7699
2026/04/25 19:49:46 - mmengine - INFO - Iter(train) [  940/16000]  lr: 5.8301e-05  eta: 1:22:22  time: 0.3399  data_time: 0.0063  memory: 6182  loss: 3.3344  decode.loss_ce: 2.2344  decode.acc_seg: 31.0738  aux.loss_ce: 1.1001  aux.acc_seg: 34.4078
2026/04/25 19:49:53 - mmengine - INFO - Iter(train) [  960/16000]  lr: 5.8223e-05  eta: 1:22:17  time: 0.3348  data_time: 0.0062  memory: 6182  loss: 3.7945  decode.loss_ce: 2.6116  decode.acc_seg: 30.8785  aux.loss_ce: 1.1828  aux.acc_seg: 28.9161
2026/04/25 19:49:59 - mmengine - INFO - Iter(train) [  980/16000]  lr: 5.8146e-05  eta: 1:22:13  time: 0.3364  data_time: 0.0063  memory: 6182  loss: 3.2586  decode.loss_ce: 2.2089  decode.acc_seg: 32.2114  aux.loss_ce: 1.0497  aux.acc_seg: 17.0741
2026/04/25 19:50:06 - mmengine - INFO - Exp name: pvmamba_tiny_upernet_ade20k_base_random_16000_fixrelu_20260425_194434
2026/04/25 19:50:06 - mmengine - INFO - Iter(train) [ 1000/16000]  lr: 5.8068e-05  eta: 1:22:07  time: 0.3296  data_time: 0.0064  memory: 6182  loss: 3.3774  decode.loss_ce: 2.3273  decode.acc_seg: 34.3297  aux.loss_ce: 1.0501  aux.acc_seg: 15.0651
2026/04/25 19:50:13 - mmengine - INFO - Iter(train) [ 1020/16000]  lr: 5.7991e-05  eta: 1:22:02  time: 0.3324  data_time: 0.0065  memory: 6182  loss: 4.0113  decode.loss_ce: 2.7895  decode.acc_seg: 27.6092  aux.loss_ce: 1.2218  aux.acc_seg: 20.7523
2026/04/25 19:50:20 - mmengine - INFO - Iter(train) [ 1040/16000]  lr: 5.7913e-05  eta: 1:22:00  time: 0.3317  data_time: 0.0066  memory: 6182  loss: 3.2837  decode.loss_ce: 2.2222  decode.acc_seg: 55.1146  aux.loss_ce: 1.0615  aux.acc_seg: 29.9180
2026/04/25 19:50:26 - mmengine - INFO - Iter(train) [ 1060/16000]  lr: 5.7836e-05  eta: 1:21:55  time: 0.3342  data_time: 0.0064  memory: 6182  loss: 3.1759  decode.loss_ce: 2.1595  decode.acc_seg: 3.4587  aux.loss_ce: 1.0164  aux.acc_seg: 0.0000
2026/04/25 19:50:33 - mmengine - INFO - Iter(train) [ 1080/16000]  lr: 5.7759e-05  eta: 1:21:50  time: 0.3392  data_time: 0.0064  memory: 6182  loss: 3.4454  decode.loss_ce: 2.3924  decode.acc_seg: 32.3190  aux.loss_ce: 1.0531  aux.acc_seg: 47.8648
2026/04/25 19:50:40 - mmengine - INFO - Iter(train) [ 1100/16000]  lr: 5.7681e-05  eta: 1:21:45  time: 0.3338  data_time: 0.0063  memory: 6182  loss: 2.9050  decode.loss_ce: 2.0157  decode.acc_seg: 43.1380  aux.loss_ce: 0.8893  aux.acc_seg: 39.0219
2026/04/25 19:50:47 - mmengine - INFO - Iter(train) [ 1120/16000]  lr: 5.7604e-05  eta: 1:21:41  time: 0.3375  data_time: 0.0064  memory: 6182  loss: 3.5858  decode.loss_ce: 2.4663  decode.acc_seg: 50.7323  aux.loss_ce: 1.1196  aux.acc_seg: 47.5409
2026/04/25 19:50:53 - mmengine - INFO - Iter(train) [ 1140/16000]  lr: 5.7526e-05  eta: 1:21:36  time: 0.3363  data_time: 0.0065  memory: 6182  loss: 4.0954  decode.loss_ce: 2.8425  decode.acc_seg: 11.0901  aux.loss_ce: 1.2528  aux.acc_seg: 14.5673
2026/04/25 19:51:00 - mmengine - INFO - Iter(train) [ 1160/16000]  lr: 5.7449e-05  eta: 1:21:32  time: 0.3403  data_time: 0.0065  memory: 6182  loss: 3.3741  decode.loss_ce: 2.2588  decode.acc_seg: 55.2267  aux.loss_ce: 1.1153  aux.acc_seg: 44.3665
2026/04/25 19:51:07 - mmengine - INFO - Iter(train) [ 1180/16000]  lr: 5.7371e-05  eta: 1:21:27  time: 0.3398  data_time: 0.0065  memory: 6182  loss: 3.3796  decode.loss_ce: 2.3398  decode.acc_seg: 15.5315  aux.loss_ce: 1.0399  aux.acc_seg: 18.5257
2026/04/25 19:51:14 - mmengine - INFO - Iter(train) [ 1200/16000]  lr: 5.7294e-05  eta: 1:21:24  time: 0.3359  data_time: 0.0065  memory: 6182  loss: 3.2641  decode.loss_ce: 2.2775  decode.acc_seg: 15.8345  aux.loss_ce: 0.9866  aux.acc_seg: 41.1892
2026/04/25 19:51:21 - mmengine - INFO - Iter(train) [ 1220/16000]  lr: 5.7217e-05  eta: 1:21:22  time: 0.3508  data_time: 0.0065  memory: 6182  loss: 3.3622  decode.loss_ce: 2.3354  decode.acc_seg: 3.4115  aux.loss_ce: 1.0268  aux.acc_seg: 9.3970
2026/04/25 19:51:27 - mmengine - INFO - Iter(train) [ 1240/16000]  lr: 5.7139e-05  eta: 1:21:17  time: 0.3373  data_time: 0.0065  memory: 6182  loss: 3.3257  decode.loss_ce: 2.2963  decode.acc_seg: 22.1204  aux.loss_ce: 1.0294  aux.acc_seg: 16.2330
2026/04/25 19:51:34 - mmengine - INFO - Iter(train) [ 1260/16000]  lr: 5.7062e-05  eta: 1:21:12  time: 0.3392  data_time: 0.0065  memory: 6182  loss: 3.2854  decode.loss_ce: 2.2777  decode.acc_seg: 47.1457  aux.loss_ce: 1.0077  aux.acc_seg: 43.4500
2026/04/25 19:51:41 - mmengine - INFO - Iter(train) [ 1280/16000]  lr: 5.6984e-05  eta: 1:21:09  time: 0.3509  data_time: 0.0065  memory: 6182  loss: 2.9160  decode.loss_ce: 2.0193  decode.acc_seg: 33.3177  aux.loss_ce: 0.8967  aux.acc_seg: 15.5640
2026/04/25 19:51:48 - mmengine - INFO - Iter(train) [ 1300/16000]  lr: 5.6907e-05  eta: 1:21:03  time: 0.3388  data_time: 0.0065  memory: 6182  loss: 3.2769  decode.loss_ce: 2.2661  decode.acc_seg: 11.9013  aux.loss_ce: 1.0108  aux.acc_seg: 13.6970
2026/04/25 19:51:55 - mmengine - INFO - Iter(train) [ 1320/16000]  lr: 5.6829e-05  eta: 1:20:59  time: 0.3437  data_time: 0.0065  memory: 6182  loss: 2.9432  decode.loss_ce: 2.0204  decode.acc_seg: 25.1922  aux.loss_ce: 0.9228  aux.acc_seg: 19.3499
2026/04/25 19:52:01 - mmengine - INFO - Iter(train) [ 1340/16000]  lr: 5.6752e-05  eta: 1:20:54  time: 0.3344  data_time: 0.0066  memory: 6182  loss: 3.6776  decode.loss_ce: 2.5281  decode.acc_seg: 36.2136  aux.loss_ce: 1.1496  aux.acc_seg: 30.7499
2026/04/25 19:52:08 - mmengine - INFO - Iter(train) [ 1360/16000]  lr: 5.6675e-05  eta: 1:20:49  time: 0.3324  data_time: 0.0065  memory: 6182  loss: 3.7223  decode.loss_ce: 2.5958  decode.acc_seg: 54.2895  aux.loss_ce: 1.1266  aux.acc_seg: 30.6261
2026/04/25 19:52:15 - mmengine - INFO - Iter(train) [ 1380/16000]  lr: 5.6597e-05  eta: 1:20:46  time: 0.3498  data_time: 0.0066  memory: 6182  loss: 3.3949  decode.loss_ce: 2.3924  decode.acc_seg: 51.3951  aux.loss_ce: 1.0026  aux.acc_seg: 30.1474
2026/04/25 19:52:22 - mmengine - INFO - Iter(train) [ 1400/16000]  lr: 5.6520e-05  eta: 1:20:40  time: 0.3403  data_time: 0.0065  memory: 6182  loss: 3.2171  decode.loss_ce: 2.2264  decode.acc_seg: 89.2147  aux.loss_ce: 0.9908  aux.acc_seg: 61.0766
2026/04/25 19:52:29 - mmengine - INFO - Iter(train) [ 1420/16000]  lr: 5.6442e-05  eta: 1:20:35  time: 0.3365  data_time: 0.0064  memory: 6182  loss: 2.3877  decode.loss_ce: 1.6134  decode.acc_seg: 49.7677  aux.loss_ce: 0.7743  aux.acc_seg: 42.3923
2026/04/25 19:52:35 - mmengine - INFO - Iter(train) [ 1440/16000]  lr: 5.6365e-05  eta: 1:20:30  time: 0.3456  data_time: 0.0065  memory: 6182  loss: 3.5959  decode.loss_ce: 2.5016  decode.acc_seg: 18.5799  aux.loss_ce: 1.0943  aux.acc_seg: 6.1818
2026/04/25 19:52:42 - mmengine - INFO - Iter(train) [ 1460/16000]  lr: 5.6288e-05  eta: 1:20:26  time: 0.3486  data_time: 0.0066  memory: 6182  loss: 3.8283  decode.loss_ce: 2.6651  decode.acc_seg: 24.3750  aux.loss_ce: 1.1632  aux.acc_seg: 22.2023
2026/04/25 19:52:49 - mmengine - INFO - Iter(train) [ 1480/16000]  lr: 5.6210e-05  eta: 1:20:22  time: 0.3352  data_time: 0.0065  memory: 6182  loss: 2.9866  decode.loss_ce: 2.0639  decode.acc_seg: 20.5125  aux.loss_ce: 0.9227  aux.acc_seg: 22.4720
2026/04/25 19:52:56 - mmengine - INFO - Iter(train) [ 1500/16000]  lr: 5.6133e-05  eta: 1:20:16  time: 0.3360  data_time: 0.0064  memory: 6182  loss: 3.3604  decode.loss_ce: 2.3326  decode.acc_seg: 28.2939  aux.loss_ce: 1.0279  aux.acc_seg: 22.6266
2026/04/25 19:53:03 - mmengine - INFO - Iter(train) [ 1520/16000]  lr: 5.6055e-05  eta: 1:20:12  time: 0.3483  data_time: 0.0065  memory: 6182  loss: 3.7761  decode.loss_ce: 2.6341  decode.acc_seg: 29.8919  aux.loss_ce: 1.1420  aux.acc_seg: 43.5553
2026/04/25 19:53:10 - mmengine - INFO - Iter(train) [ 1540/16000]  lr: 5.5978e-05  eta: 1:20:06  time: 0.3384  data_time: 0.0064  memory: 6182  loss: 3.7243  decode.loss_ce: 2.5789  decode.acc_seg: 13.3293  aux.loss_ce: 1.1453  aux.acc_seg: 9.7890
2026/04/25 19:53:16 - mmengine - INFO - Iter(train) [ 1560/16000]  lr: 5.5900e-05  eta: 1:20:02  time: 0.3377  data_time: 0.0064  memory: 6182  loss: 3.4605  decode.loss_ce: 2.3974  decode.acc_seg: 6.5177  aux.loss_ce: 1.0630  aux.acc_seg: 5.0627
2026/04/25 19:53:23 - mmengine - INFO - Iter(train) [ 1580/16000]  lr: 5.5823e-05  eta: 1:19:56  time: 0.3358  data_time: 0.0065  memory: 6182  loss: 3.8892  decode.loss_ce: 2.7130  decode.acc_seg: 12.2154  aux.loss_ce: 1.1762  aux.acc_seg: 16.6488
2026/04/25 19:53:30 - mmengine - INFO - Iter(train) [ 1600/16000]  lr: 5.5746e-05  eta: 1:19:50  time: 0.3407  data_time: 0.0063  memory: 6182  loss: 3.6959  decode.loss_ce: 2.5549  decode.acc_seg: 34.1799  aux.loss_ce: 1.1410  aux.acc_seg: 16.5057
2026/04/25 19:53:37 - mmengine - INFO - Iter(train) [ 1620/16000]  lr: 5.5668e-05  eta: 1:19:45  time: 0.3367  data_time: 0.0064  memory: 6182  loss: 3.9186  decode.loss_ce: 2.7105  decode.acc_seg: 26.2277  aux.loss_ce: 1.2081  aux.acc_seg: 17.3109
2026/04/25 19:53:43 - mmengine - INFO - Iter(train) [ 1640/16000]  lr: 5.5591e-05  eta: 1:19:39  time: 0.3363  data_time: 0.0065  memory: 6182  loss: 3.7716  decode.loss_ce: 2.6641  decode.acc_seg: 19.5957  aux.loss_ce: 1.1075  aux.acc_seg: 24.2779
2026/04/25 19:53:50 - mmengine - INFO - Iter(train) [ 1660/16000]  lr: 5.5513e-05  eta: 1:19:33  time: 0.3363  data_time: 0.0064  memory: 6182  loss: 3.0512  decode.loss_ce: 2.1178  decode.acc_seg: 19.0499  aux.loss_ce: 0.9334  aux.acc_seg: 13.7211
2026/04/25 19:53:57 - mmengine - INFO - Iter(train) [ 1680/16000]  lr: 5.5436e-05  eta: 1:19:28  time: 0.3398  data_time: 0.0063  memory: 6182  loss: 3.1858  decode.loss_ce: 2.2011  decode.acc_seg: 27.4181  aux.loss_ce: 0.9847  aux.acc_seg: 27.1110
2026/04/25 19:54:04 - mmengine - INFO - Iter(train) [ 1700/16000]  lr: 5.5358e-05  eta: 1:19:24  time: 0.3487  data_time: 0.0062  memory: 6182  loss: 3.3848  decode.loss_ce: 2.3439  decode.acc_seg: 25.6279  aux.loss_ce: 1.0410  aux.acc_seg: 15.9568
2026/04/25 19:54:11 - mmengine - INFO - Iter(train) [ 1720/16000]  lr: 5.5281e-05  eta: 1:19:19  time: 0.3533  data_time: 0.0061  memory: 6182  loss: 3.4679  decode.loss_ce: 2.3889  decode.acc_seg: 20.9890  aux.loss_ce: 1.0790  aux.acc_seg: 25.3811
2026/04/25 19:54:18 - mmengine - INFO - Iter(train) [ 1740/16000]  lr: 5.5204e-05  eta: 1:19:13  time: 0.3367  data_time: 0.0060  memory: 6182  loss: 3.0755  decode.loss_ce: 2.1340  decode.acc_seg: 32.4606  aux.loss_ce: 0.9415  aux.acc_seg: 30.9956
2026/04/25 19:54:25 - mmengine - INFO - Iter(train) [ 1760/16000]  lr: 5.5126e-05  eta: 1:19:08  time: 0.3501  data_time: 0.0062  memory: 6182  loss: 3.7059  decode.loss_ce: 2.5556  decode.acc_seg: 28.9232  aux.loss_ce: 1.1504  aux.acc_seg: 19.3497
2026/04/25 19:54:31 - mmengine - INFO - Iter(train) [ 1780/16000]  lr: 5.5049e-05  eta: 1:19:02  time: 0.3355  data_time: 0.0062  memory: 6182  loss: 3.4834  decode.loss_ce: 2.3845  decode.acc_seg: 37.6562  aux.loss_ce: 1.0989  aux.acc_seg: 24.0899
2026/04/25 19:54:38 - mmengine - INFO - Iter(train) [ 1800/16000]  lr: 5.4971e-05  eta: 1:18:56  time: 0.3401  data_time: 0.0063  memory: 6182  loss: 4.1098  decode.loss_ce: 2.8885  decode.acc_seg: 57.0774  aux.loss_ce: 1.2213  aux.acc_seg: 48.5004
2026/04/25 19:54:45 - mmengine - INFO - Iter(train) [ 1820/16000]  lr: 5.4894e-05  eta: 1:18:51  time: 0.3398  data_time: 0.0062  memory: 6182  loss: 3.3455  decode.loss_ce: 2.3349  decode.acc_seg: 71.5525  aux.loss_ce: 1.0106  aux.acc_seg: 42.8251
2026/04/25 19:54:52 - mmengine - INFO - Iter(train) [ 1840/16000]  lr: 5.4816e-05  eta: 1:18:46  time: 0.3407  data_time: 0.0062  memory: 6182  loss: 3.1949  decode.loss_ce: 2.2581  decode.acc_seg: 60.9208  aux.loss_ce: 0.9368  aux.acc_seg: 56.9412
2026/04/25 19:54:59 - mmengine - INFO - Iter(train) [ 1860/16000]  lr: 5.4739e-05  eta: 1:18:40  time: 0.3398  data_time: 0.0061  memory: 6182  loss: 3.6350  decode.loss_ce: 2.5450  decode.acc_seg: 48.1939  aux.loss_ce: 1.0900  aux.acc_seg: 42.7453
2026/04/25 19:55:05 - mmengine - INFO - Iter(train) [ 1880/16000]  lr: 5.4662e-05  eta: 1:18:34  time: 0.3349  data_time: 0.0062  memory: 6182  loss: 3.4895  decode.loss_ce: 2.4199  decode.acc_seg: 36.6114  aux.loss_ce: 1.0696  aux.acc_seg: 38.5349
2026/04/25 19:55:12 - mmengine - INFO - Iter(train) [ 1900/16000]  lr: 5.4584e-05  eta: 1:18:28  time: 0.3378  data_time: 0.0061  memory: 6182  loss: 3.0927  decode.loss_ce: 2.1290  decode.acc_seg: 9.5921  aux.loss_ce: 0.9637  aux.acc_seg: 13.6381
2026/04/25 19:55:19 - mmengine - INFO - Iter(train) [ 1920/16000]  lr: 5.4507e-05  eta: 1:18:23  time: 0.3390  data_time: 0.0061  memory: 6182  loss: 2.7652  decode.loss_ce: 1.9277  decode.acc_seg: 49.2230  aux.loss_ce: 0.8375  aux.acc_seg: 39.7849
2026/04/25 19:55:26 - mmengine - INFO - Iter(train) [ 1940/16000]  lr: 5.4429e-05  eta: 1:18:17  time: 0.3379  data_time: 0.0061  memory: 6182  loss: 2.9659  decode.loss_ce: 2.0489  decode.acc_seg: 13.8160  aux.loss_ce: 0.9170  aux.acc_seg: 14.2437
2026/04/25 19:55:32 - mmengine - INFO - Iter(train) [ 1960/16000]  lr: 5.4352e-05  eta: 1:18:11  time: 0.3370  data_time: 0.0060  memory: 6182  loss: 3.0643  decode.loss_ce: 2.1389  decode.acc_seg: 19.1174  aux.loss_ce: 0.9254  aux.acc_seg: 30.2169
2026/04/25 19:55:39 - mmengine - INFO - Iter(train) [ 1980/16000]  lr: 5.4274e-05  eta: 1:18:05  time: 0.3323  data_time: 0.0062  memory: 6182  loss: 3.3530  decode.loss_ce: 2.3371  decode.acc_seg: 24.3810  aux.loss_ce: 1.0159  aux.acc_seg: 23.9176
2026/04/25 19:55:46 - mmengine - INFO - Exp name: pvmamba_tiny_upernet_ade20k_base_random_16000_fixrelu_20260425_194434
2026/04/25 19:55:46 - mmengine - INFO - Iter(train) [ 2000/16000]  lr: 5.4197e-05  eta: 1:18:00  time: 0.3526  data_time: 0.0062  memory: 6182  loss: 3.4221  decode.loss_ce: 2.3821  decode.acc_seg: 29.1401  aux.loss_ce: 1.0401  aux.acc_seg: 29.3753
2026/04/25 19:55:53 - mmengine - INFO - Iter(train) [ 2020/16000]  lr: 5.4120e-05  eta: 1:17:54  time: 0.3398  data_time: 0.0065  memory: 6182  loss: 3.6148  decode.loss_ce: 2.5544  decode.acc_seg: 6.4180  aux.loss_ce: 1.0603  aux.acc_seg: 29.4815
2026/04/25 19:56:00 - mmengine - INFO - Iter(train) [ 2040/16000]  lr: 5.4042e-05  eta: 1:17:51  time: 0.3467  data_time: 0.0064  memory: 6182  loss: 3.6684  decode.loss_ce: 2.5756  decode.acc_seg: 22.7728  aux.loss_ce: 1.0928  aux.acc_seg: 23.8354
2026/04/25 19:56:07 - mmengine - INFO - Iter(train) [ 2060/16000]  lr: 5.3965e-05  eta: 1:17:44  time: 0.3337  data_time: 0.0062  memory: 6182  loss: 3.0131  decode.loss_ce: 2.1096  decode.acc_seg: 8.8410  aux.loss_ce: 0.9035  aux.acc_seg: 3.6463
2026/04/25 19:56:14 - mmengine - INFO - Iter(train) [ 2080/16000]  lr: 5.3887e-05  eta: 1:17:38  time: 0.3400  data_time: 0.0062  memory: 6182  loss: 2.9365  decode.loss_ce: 2.0517  decode.acc_seg: 10.4799  aux.loss_ce: 0.8848  aux.acc_seg: 10.3297
2026/04/25 19:56:21 - mmengine - INFO - Iter(train) [ 2100/16000]  lr: 5.3810e-05  eta: 1:17:33  time: 0.3499  data_time: 0.0061  memory: 6182  loss: 3.1004  decode.loss_ce: 2.1493  decode.acc_seg: 19.6155  aux.loss_ce: 0.9510  aux.acc_seg: 11.9257
2026/04/25 19:56:27 - mmengine - INFO - Iter(train) [ 2120/16000]  lr: 5.3732e-05  eta: 1:17:27  time: 0.3408  data_time: 0.0061  memory: 6182  loss: 3.8100  decode.loss_ce: 2.6552  decode.acc_seg: 19.9998  aux.loss_ce: 1.1549  aux.acc_seg: 21.6013
2026/04/25 19:56:34 - mmengine - INFO - Iter(train) [ 2140/16000]  lr: 5.3655e-05  eta: 1:17:21  time: 0.3464  data_time: 0.0061  memory: 6182  loss: 3.0325  decode.loss_ce: 2.1021  decode.acc_seg: 45.4659  aux.loss_ce: 0.9304  aux.acc_seg: 56.3536
2026/04/25 19:56:41 - mmengine - INFO - Iter(train) [ 2160/16000]  lr: 5.3578e-05  eta: 1:17:15  time: 0.3384  data_time: 0.0062  memory: 6182  loss: 3.4369  decode.loss_ce: 2.3677  decode.acc_seg: 21.6509  aux.loss_ce: 1.0692  aux.acc_seg: 20.5400
2026/04/25 19:56:48 - mmengine - INFO - Iter(train) [ 2180/16000]  lr: 5.3500e-05  eta: 1:17:08  time: 0.3360  data_time: 0.0061  memory: 6182  loss: 3.8506  decode.loss_ce: 2.7028  decode.acc_seg: 19.1723  aux.loss_ce: 1.1478  aux.acc_seg: 17.6520
2026/04/25 19:56:55 - mmengine - INFO - Iter(train) [ 2200/16000]  lr: 5.3423e-05  eta: 1:17:02  time: 0.3383  data_time: 0.0061  memory: 6182  loss: 3.2275  decode.loss_ce: 2.2317  decode.acc_seg: 52.1663  aux.loss_ce: 0.9958  aux.acc_seg: 27.6623
2026/04/25 19:57:01 - mmengine - INFO - Iter(train) [ 2220/16000]  lr: 5.3345e-05  eta: 1:16:56  time: 0.3385  data_time: 0.0062  memory: 6182  loss: 3.1430  decode.loss_ce: 2.1784  decode.acc_seg: 47.3697  aux.loss_ce: 0.9646  aux.acc_seg: 41.4020
2026/04/25 19:57:08 - mmengine - INFO - Iter(train) [ 2240/16000]  lr: 5.3268e-05  eta: 1:16:50  time: 0.3396  data_time: 0.0062  memory: 6182  loss: 2.9474  decode.loss_ce: 2.0293  decode.acc_seg: 51.8891  aux.loss_ce: 0.9181  aux.acc_seg: 44.9531
2026/04/25 19:57:15 - mmengine - INFO - Iter(train) [ 2260/16000]  lr: 5.3191e-05  eta: 1:16:43  time: 0.3377  data_time: 0.0061  memory: 6182  loss: 2.4718  decode.loss_ce: 1.7293  decode.acc_seg: 29.0999  aux.loss_ce: 0.7425  aux.acc_seg: 28.9124
2026/04/25 19:57:22 - mmengine - INFO - Iter(train) [ 2280/16000]  lr: 5.3113e-05  eta: 1:16:38  time: 0.3395  data_time: 0.0062  memory: 6182  loss: 3.1481  decode.loss_ce: 2.1820  decode.acc_seg: 47.6431  aux.loss_ce: 0.9661  aux.acc_seg: 45.1402
2026/04/25 19:57:29 - mmengine - INFO - Iter(train) [ 2300/16000]  lr: 5.3036e-05  eta: 1:16:32  time: 0.3374  data_time: 0.0061  memory: 6182  loss: 3.2313  decode.loss_ce: 2.2121  decode.acc_seg: 42.6855  aux.loss_ce: 1.0192  aux.acc_seg: 46.3466
2026/04/25 19:57:35 - mmengine - INFO - Iter(train) [ 2320/16000]  lr: 5.2958e-05  eta: 1:16:25  time: 0.3361  data_time: 0.0062  memory: 6182  loss: 3.5832  decode.loss_ce: 2.5436  decode.acc_seg: 51.8914  aux.loss_ce: 1.0396  aux.acc_seg: 36.0668
2026/04/25 19:57:42 - mmengine - INFO - Iter(train) [ 2340/16000]  lr: 5.2881e-05  eta: 1:16:19  time: 0.3360  data_time: 0.0062  memory: 6182  loss: 3.4698  decode.loss_ce: 2.4102  decode.acc_seg: 34.7137  aux.loss_ce: 1.0597  aux.acc_seg: 39.1737
2026/04/25 19:57:49 - mmengine - INFO - Iter(train) [ 2360/16000]  lr: 5.2803e-05  eta: 1:16:15  time: 0.3593  data_time: 0.0061  memory: 6182  loss: 3.3000  decode.loss_ce: 2.3323  decode.acc_seg: 29.5267  aux.loss_ce: 0.9677  aux.acc_seg: 31.9792
2026/04/25 19:57:56 - mmengine - INFO - Iter(train) [ 2380/16000]  lr: 5.2726e-05  eta: 1:16:08  time: 0.3355  data_time: 0.0061  memory: 6182  loss: 3.1855  decode.loss_ce: 2.1950  decode.acc_seg: 55.2461  aux.loss_ce: 0.9905  aux.acc_seg: 53.4418
2026/04/25 19:58:03 - mmengine - INFO - Iter(train) [ 2400/16000]  lr: 5.2649e-05  eta: 1:16:02  time: 0.3355  data_time: 0.0063  memory: 6182  loss: 2.9404  decode.loss_ce: 2.0352  decode.acc_seg: 19.4042  aux.loss_ce: 0.9052  aux.acc_seg: 23.2476
2026/04/25 19:58:10 - mmengine - INFO - Iter(train) [ 2420/16000]  lr: 5.2571e-05  eta: 1:15:56  time: 0.3382  data_time: 0.0063  memory: 6182  loss: 3.1604  decode.loss_ce: 2.2042  decode.acc_seg: 17.9762  aux.loss_ce: 0.9562  aux.acc_seg: 21.8193
2026/04/25 19:58:16 - mmengine - INFO - Iter(train) [ 2440/16000]  lr: 5.2494e-05  eta: 1:15:50  time: 0.3363  data_time: 0.0061  memory: 6182  loss: 3.4173  decode.loss_ce: 2.4085  decode.acc_seg: 31.1628  aux.loss_ce: 1.0088  aux.acc_seg: 16.9356
2026/04/25 19:58:23 - mmengine - INFO - Iter(train) [ 2460/16000]  lr: 5.2416e-05  eta: 1:15:45  time: 0.3682  data_time: 0.0063  memory: 6182  loss: 3.1888  decode.loss_ce: 2.2067  decode.acc_seg: 65.9341  aux.loss_ce: 0.9821  aux.acc_seg: 42.0221
2026/04/25 19:58:30 - mmengine - INFO - Iter(train) [ 2480/16000]  lr: 5.2339e-05  eta: 1:15:40  time: 0.3485  data_time: 0.0061  memory: 6182  loss: 2.6438  decode.loss_ce: 1.8421  decode.acc_seg: 43.4981  aux.loss_ce: 0.8017  aux.acc_seg: 31.9671
2026/04/25 19:58:37 - mmengine - INFO - Iter(train) [ 2500/16000]  lr: 5.2261e-05  eta: 1:15:34  time: 0.3515  data_time: 0.0061  memory: 6182  loss: 2.9107  decode.loss_ce: 1.9989  decode.acc_seg: 66.8795  aux.loss_ce: 0.9117  aux.acc_seg: 52.7963
2026/04/25 19:58:44 - mmengine - INFO - Iter(train) [ 2520/16000]  lr: 5.2184e-05  eta: 1:15:28  time: 0.3523  data_time: 0.0062  memory: 6182  loss: 3.4333  decode.loss_ce: 2.4064  decode.acc_seg: 0.0000  aux.loss_ce: 1.0269  aux.acc_seg: 0.3323
2026/04/25 19:58:51 - mmengine - INFO - Iter(train) [ 2540/16000]  lr: 5.2107e-05  eta: 1:15:22  time: 0.3358  data_time: 0.0062  memory: 6182  loss: 2.7335  decode.loss_ce: 1.9048  decode.acc_seg: 14.6539  aux.loss_ce: 0.8287  aux.acc_seg: 9.1831
2026/04/25 19:58:58 - mmengine - INFO - Iter(train) [ 2560/16000]  lr: 5.2029e-05  eta: 1:15:16  time: 0.3483  data_time: 0.0062  memory: 6182  loss: 3.1014  decode.loss_ce: 2.1235  decode.acc_seg: 42.5342  aux.loss_ce: 0.9779  aux.acc_seg: 37.8663
2026/04/25 19:59:05 - mmengine - INFO - Iter(train) [ 2580/16000]  lr: 5.1952e-05  eta: 1:15:10  time: 0.3556  data_time: 0.0063  memory: 6182  loss: 2.8805  decode.loss_ce: 2.0056  decode.acc_seg: 48.9456  aux.loss_ce: 0.8749  aux.acc_seg: 44.6331
2026/04/25 19:59:12 - mmengine - INFO - Iter(train) [ 2600/16000]  lr: 5.1874e-05  eta: 1:15:04  time: 0.3364  data_time: 0.0062  memory: 6182  loss: 2.6625  decode.loss_ce: 1.8362  decode.acc_seg: 41.4248  aux.loss_ce: 0.8263  aux.acc_seg: 31.5700
2026/04/25 19:59:19 - mmengine - INFO - Iter(train) [ 2620/16000]  lr: 5.1797e-05  eta: 1:14:59  time: 0.3507  data_time: 0.0062  memory: 6182  loss: 2.5068  decode.loss_ce: 1.7126  decode.acc_seg: 75.4672  aux.loss_ce: 0.7942  aux.acc_seg: 75.4081
2026/04/25 19:59:25 - mmengine - INFO - Iter(train) [ 2640/16000]  lr: 5.1719e-05  eta: 1:14:52  time: 0.3338  data_time: 0.0062  memory: 6182  loss: 2.6191  decode.loss_ce: 1.8177  decode.acc_seg: 30.5384  aux.loss_ce: 0.8014  aux.acc_seg: 29.4445
2026/04/25 19:59:32 - mmengine - INFO - Iter(train) [ 2660/16000]  lr: 5.1642e-05  eta: 1:14:45  time: 0.3380  data_time: 0.0061  memory: 6182  loss: 3.1032  decode.loss_ce: 2.1863  decode.acc_seg: 34.1429  aux.loss_ce: 0.9170  aux.acc_seg: 27.4611
2026/04/25 19:59:39 - mmengine - INFO - Iter(train) [ 2680/16000]  lr: 5.1565e-05  eta: 1:14:39  time: 0.3368  data_time: 0.0061  memory: 6182  loss: 3.3124  decode.loss_ce: 2.3268  decode.acc_seg: 19.7720  aux.loss_ce: 0.9856  aux.acc_seg: 37.9298
2026/04/25 19:59:46 - mmengine - INFO - Iter(train) [ 2700/16000]  lr: 5.1487e-05  eta: 1:14:33  time: 0.3399  data_time: 0.0062  memory: 6182  loss: 2.4448  decode.loss_ce: 1.7085  decode.acc_seg: 63.0853  aux.loss_ce: 0.7362  aux.acc_seg: 62.0220
2026/04/25 19:59:53 - mmengine - INFO - Iter(train) [ 2720/16000]  lr: 5.1410e-05  eta: 1:14:27  time: 0.3361  data_time: 0.0061  memory: 6182  loss: 2.6871  decode.loss_ce: 1.8744  decode.acc_seg: 32.9112  aux.loss_ce: 0.8127  aux.acc_seg: 23.1960
2026/04/25 19:59:59 - mmengine - INFO - Iter(train) [ 2740/16000]  lr: 5.1332e-05  eta: 1:14:20  time: 0.3355  data_time: 0.0063  memory: 6182  loss: 3.2376  decode.loss_ce: 2.2389  decode.acc_seg: 14.5250  aux.loss_ce: 0.9987  aux.acc_seg: 12.0379
2026/04/25 20:00:06 - mmengine - INFO - Iter(train) [ 2760/16000]  lr: 5.1255e-05  eta: 1:14:14  time: 0.3540  data_time: 0.0062  memory: 6182  loss: 2.5339  decode.loss_ce: 1.7615  decode.acc_seg: 68.6098  aux.loss_ce: 0.7723  aux.acc_seg: 57.2112
2026/04/25 20:00:13 - mmengine - INFO - Iter(train) [ 2780/16000]  lr: 5.1177e-05  eta: 1:14:08  time: 0.3460  data_time: 0.0062  memory: 6182  loss: 2.7538  decode.loss_ce: 1.9045  decode.acc_seg: 27.4217  aux.loss_ce: 0.8493  aux.acc_seg: 28.9123
2026/04/25 20:00:20 - mmengine - INFO - Iter(train) [ 2800/16000]  lr: 5.1100e-05  eta: 1:14:02  time: 0.3391  data_time: 0.0064  memory: 6182  loss: 3.5374  decode.loss_ce: 2.4720  decode.acc_seg: 15.7625  aux.loss_ce: 1.0653  aux.acc_seg: 4.8717
2026/04/25 20:00:27 - mmengine - INFO - Iter(train) [ 2820/16000]  lr: 5.1023e-05  eta: 1:13:55  time: 0.3367  data_time: 0.0061  memory: 6182  loss: 3.1881  decode.loss_ce: 2.2352  decode.acc_seg: 17.3797  aux.loss_ce: 0.9528  aux.acc_seg: 30.0806
2026/04/25 20:00:33 - mmengine - INFO - Iter(train) [ 2840/16000]  lr: 5.0945e-05  eta: 1:13:48  time: 0.3382  data_time: 0.0062  memory: 6182  loss: 3.2572  decode.loss_ce: 2.2530  decode.acc_seg: 59.0203  aux.loss_ce: 1.0043  aux.acc_seg: 54.8135
2026/04/25 20:00:40 - mmengine - INFO - Iter(train) [ 2860/16000]  lr: 5.0868e-05  eta: 1:13:42  time: 0.3355  data_time: 0.0060  memory: 6182  loss: 3.1025  decode.loss_ce: 2.1697  decode.acc_seg: 28.7018  aux.loss_ce: 0.9328  aux.acc_seg: 21.5540
2026/04/25 20:00:47 - mmengine - INFO - Iter(train) [ 2880/16000]  lr: 5.0790e-05  eta: 1:13:36  time: 0.3388  data_time: 0.0061  memory: 6182  loss: 2.8455  decode.loss_ce: 1.9781  decode.acc_seg: 41.6630  aux.loss_ce: 0.8674  aux.acc_seg: 35.7863
2026/04/25 20:00:54 - mmengine - INFO - Iter(train) [ 2900/16000]  lr: 5.0713e-05  eta: 1:13:29  time: 0.3448  data_time: 0.0061  memory: 6182  loss: 2.5147  decode.loss_ce: 1.7519  decode.acc_seg: 55.0823  aux.loss_ce: 0.7629  aux.acc_seg: 48.2153
2026/04/25 20:01:01 - mmengine - INFO - Iter(train) [ 2920/16000]  lr: 5.0636e-05  eta: 1:13:23  time: 0.3335  data_time: 0.0062  memory: 6182  loss: 3.0822  decode.loss_ce: 2.1841  decode.acc_seg: 13.5865  aux.loss_ce: 0.8981  aux.acc_seg: 22.1442
2026/04/25 20:01:07 - mmengine - INFO - Iter(train) [ 2940/16000]  lr: 5.0558e-05  eta: 1:13:16  time: 0.3441  data_time: 0.0062  memory: 6182  loss: 2.5231  decode.loss_ce: 1.7316  decode.acc_seg: 21.4734  aux.loss_ce: 0.7915  aux.acc_seg: 21.3792
2026/04/25 20:01:14 - mmengine - INFO - Iter(train) [ 2960/16000]  lr: 5.0481e-05  eta: 1:13:10  time: 0.3400  data_time: 0.0062  memory: 6182  loss: 3.4344  decode.loss_ce: 2.3753  decode.acc_seg: 33.4505  aux.loss_ce: 1.0591  aux.acc_seg: 29.6682
2026/04/25 20:01:21 - mmengine - INFO - Iter(train) [ 2980/16000]  lr: 5.0403e-05  eta: 1:13:03  time: 0.3382  data_time: 0.0062  memory: 6182  loss: 2.6975  decode.loss_ce: 1.8578  decode.acc_seg: 30.8528  aux.loss_ce: 0.8397  aux.acc_seg: 22.2538
2026/04/25 20:01:28 - mmengine - INFO - Exp name: pvmamba_tiny_upernet_ade20k_base_random_16000_fixrelu_20260425_194434
2026/04/25 20:01:28 - mmengine - INFO - Iter(train) [ 3000/16000]  lr: 5.0326e-05  eta: 1:12:57  time: 0.3401  data_time: 0.0062  memory: 6182  loss: 3.3432  decode.loss_ce: 2.2951  decode.acc_seg: 12.2043  aux.loss_ce: 1.0481  aux.acc_seg: 14.9835
2026/04/25 20:01:35 - mmengine - INFO - Iter(train) [ 3020/16000]  lr: 5.0248e-05  eta: 1:12:50  time: 0.3363  data_time: 0.0062  memory: 6182  loss: 3.1896  decode.loss_ce: 2.2267  decode.acc_seg: 40.0218  aux.loss_ce: 0.9629  aux.acc_seg: 35.1585
2026/04/25 20:01:41 - mmengine - INFO - Iter(train) [ 3040/16000]  lr: 5.0171e-05  eta: 1:12:44  time: 0.3312  data_time: 0.0061  memory: 6182  loss: 2.8714  decode.loss_ce: 1.9900  decode.acc_seg: 67.4455  aux.loss_ce: 0.8814  aux.acc_seg: 47.7832
2026/04/25 20:01:48 - mmengine - INFO - Iter(train) [ 3060/16000]  lr: 5.0094e-05  eta: 1:12:37  time: 0.3373  data_time: 0.0063  memory: 6182  loss: 2.5210  decode.loss_ce: 1.7605  decode.acc_seg: 53.6967  aux.loss_ce: 0.7606  aux.acc_seg: 51.0427
2026/04/25 20:01:55 - mmengine - INFO - Iter(train) [ 3080/16000]  lr: 5.0016e-05  eta: 1:12:31  time: 0.3562  data_time: 0.0063  memory: 6182  loss: 3.4892  decode.loss_ce: 2.4225  decode.acc_seg: 14.5695  aux.loss_ce: 1.0667  aux.acc_seg: 12.5740
2026/04/25 20:02:02 - mmengine - INFO - Iter(train) [ 3100/16000]  lr: 4.9939e-05  eta: 1:12:25  time: 0.3331  data_time: 0.0064  memory: 6182  loss: 3.1861  decode.loss_ce: 2.2110  decode.acc_seg: 33.8486  aux.loss_ce: 0.9751  aux.acc_seg: 25.9693
2026/04/25 20:02:09 - mmengine - INFO - Iter(train) [ 3120/16000]  lr: 4.9861e-05  eta: 1:12:19  time: 0.3398  data_time: 0.0061  memory: 6182  loss: 2.6740  decode.loss_ce: 1.8320  decode.acc_seg: 52.9362  aux.loss_ce: 0.8420  aux.acc_seg: 42.5087
2026/04/25 20:02:16 - mmengine - INFO - Iter(train) [ 3140/16000]  lr: 4.9784e-05  eta: 1:12:13  time: 0.3488  data_time: 0.0063  memory: 6182  loss: 3.2812  decode.loss_ce: 2.3013  decode.acc_seg: 27.9538  aux.loss_ce: 0.9799  aux.acc_seg: 26.2565
2026/04/25 20:02:22 - mmengine - INFO - Iter(train) [ 3160/16000]  lr: 4.9706e-05  eta: 1:12:06  time: 0.3393  data_time: 0.0061  memory: 6182  loss: 2.8587  decode.loss_ce: 1.9735  decode.acc_seg: 53.8143  aux.loss_ce: 0.8851  aux.acc_seg: 60.7787
2026/04/25 20:02:29 - mmengine - INFO - Iter(train) [ 3180/16000]  lr: 4.9629e-05  eta: 1:11:59  time: 0.3349  data_time: 0.0061  memory: 6182  loss: 3.0788  decode.loss_ce: 2.1320  decode.acc_seg: 74.6782  aux.loss_ce: 0.9468  aux.acc_seg: 66.9163
2026/04/25 20:02:36 - mmengine - INFO - Iter(train) [ 3200/16000]  lr: 4.9552e-05  eta: 1:11:53  time: 0.3371  data_time: 0.0061  memory: 6182  loss: 2.5851  decode.loss_ce: 1.7781  decode.acc_seg: 47.5038  aux.loss_ce: 0.8070  aux.acc_seg: 45.8416
2026/04/25 20:02:43 - mmengine - INFO - Iter(train) [ 3220/16000]  lr: 4.9474e-05  eta: 1:11:46  time: 0.3381  data_time: 0.0062  memory: 6182  loss: 3.2434  decode.loss_ce: 2.2659  decode.acc_seg: 30.8291  aux.loss_ce: 0.9775  aux.acc_seg: 22.9439
2026/04/25 20:02:49 - mmengine - INFO - Iter(train) [ 3240/16000]  lr: 4.9397e-05  eta: 1:11:39  time: 0.3355  data_time: 0.0061  memory: 6182  loss: 2.5620  decode.loss_ce: 1.7703  decode.acc_seg: 26.1182  aux.loss_ce: 0.7916  aux.acc_seg: 22.5427
2026/04/25 20:02:56 - mmengine - INFO - Iter(train) [ 3260/16000]  lr: 4.9319e-05  eta: 1:11:33  time: 0.3471  data_time: 0.0061  memory: 6182  loss: 2.7075  decode.loss_ce: 1.8611  decode.acc_seg: 50.9310  aux.loss_ce: 0.8464  aux.acc_seg: 44.0165
2026/04/25 20:03:03 - mmengine - INFO - Iter(train) [ 3280/16000]  lr: 4.9242e-05  eta: 1:11:26  time: 0.3331  data_time: 0.0062  memory: 6182  loss: 3.7223  decode.loss_ce: 2.5979  decode.acc_seg: 51.4903  aux.loss_ce: 1.1243  aux.acc_seg: 56.6090
2026/04/25 20:03:10 - mmengine - INFO - Iter(train) [ 3300/16000]  lr: 4.9164e-05  eta: 1:11:20  time: 0.3457  data_time: 0.0060  memory: 6182  loss: 2.5779  decode.loss_ce: 1.7901  decode.acc_seg: 35.3494  aux.loss_ce: 0.7878  aux.acc_seg: 35.1877
2026/04/25 20:03:17 - mmengine - INFO - Iter(train) [ 3320/16000]  lr: 4.9087e-05  eta: 1:11:13  time: 0.3434  data_time: 0.0061  memory: 6182  loss: 2.9288  decode.loss_ce: 2.0318  decode.acc_seg: 25.2321  aux.loss_ce: 0.8970  aux.acc_seg: 24.7923
2026/04/25 20:03:23 - mmengine - INFO - Iter(train) [ 3340/16000]  lr: 4.9010e-05  eta: 1:11:07  time: 0.3488  data_time: 0.0060  memory: 6182  loss: 2.4269  decode.loss_ce: 1.6835  decode.acc_seg: 23.4215  aux.loss_ce: 0.7434  aux.acc_seg: 20.0217
2026/04/25 20:03:30 - mmengine - INFO - Iter(train) [ 3360/16000]  lr: 4.8932e-05  eta: 1:10:59  time: 0.3313  data_time: 0.0061  memory: 6182  loss: 2.6735  decode.loss_ce: 1.8593  decode.acc_seg: 17.2537  aux.loss_ce: 0.8142  aux.acc_seg: 11.4132
2026/04/25 20:03:37 - mmengine - INFO - Iter(train) [ 3380/16000]  lr: 4.8855e-05  eta: 1:10:53  time: 0.3473  data_time: 0.0062  memory: 6182  loss: 3.0773  decode.loss_ce: 2.1436  decode.acc_seg: 52.9078  aux.loss_ce: 0.9336  aux.acc_seg: 51.7638
2026/04/25 20:03:44 - mmengine - INFO - Iter(train) [ 3400/16000]  lr: 4.8777e-05  eta: 1:10:46  time: 0.3392  data_time: 0.0062  memory: 6182  loss: 3.1097  decode.loss_ce: 2.1729  decode.acc_seg: 46.8824  aux.loss_ce: 0.9367  aux.acc_seg: 43.1881
2026/04/25 20:03:50 - mmengine - INFO - Iter(train) [ 3420/16000]  lr: 4.8700e-05  eta: 1:10:40  time: 0.3338  data_time: 0.0062  memory: 6182  loss: 2.6798  decode.loss_ce: 1.8596  decode.acc_seg: 31.3860  aux.loss_ce: 0.8201  aux.acc_seg: 24.5041
2026/04/25 20:03:57 - mmengine - INFO - Iter(train) [ 3440/16000]  lr: 4.8622e-05  eta: 1:10:33  time: 0.3413  data_time: 0.0061  memory: 6182  loss: 2.9543  decode.loss_ce: 2.0755  decode.acc_seg: 70.8501  aux.loss_ce: 0.8788  aux.acc_seg: 59.6535
2026/04/25 20:04:04 - mmengine - INFO - Iter(train) [ 3460/16000]  lr: 4.8545e-05  eta: 1:10:26  time: 0.3321  data_time: 0.0062  memory: 6182  loss: 3.0035  decode.loss_ce: 2.0747  decode.acc_seg: 60.7280  aux.loss_ce: 0.9288  aux.acc_seg: 58.0510
2026/04/25 20:04:10 - mmengine - INFO - Iter(train) [ 3480/16000]  lr: 4.8468e-05  eta: 1:10:19  time: 0.3330  data_time: 0.0060  memory: 6182  loss: 3.0144  decode.loss_ce: 2.1097  decode.acc_seg: 43.4669  aux.loss_ce: 0.9047  aux.acc_seg: 48.7785
2026/04/25 20:04:17 - mmengine - INFO - Iter(train) [ 3500/16000]  lr: 4.8390e-05  eta: 1:10:12  time: 0.3334  data_time: 0.0061  memory: 6182  loss: 2.9824  decode.loss_ce: 2.0801  decode.acc_seg: 49.7221  aux.loss_ce: 0.9024  aux.acc_seg: 39.7798
2026/04/25 20:04:24 - mmengine - INFO - Iter(train) [ 3520/16000]  lr: 4.8313e-05  eta: 1:10:05  time: 0.3380  data_time: 0.0061  memory: 6182  loss: 3.5772  decode.loss_ce: 2.4936  decode.acc_seg: 31.8270  aux.loss_ce: 1.0836  aux.acc_seg: 34.5781
2026/04/25 20:04:31 - mmengine - INFO - Iter(train) [ 3540/16000]  lr: 4.8235e-05  eta: 1:10:00  time: 0.3703  data_time: 0.0061  memory: 6182  loss: 2.9921  decode.loss_ce: 2.0974  decode.acc_seg: 67.7614  aux.loss_ce: 0.8947  aux.acc_seg: 66.6410
2026/04/25 20:04:38 - mmengine - INFO - Iter(train) [ 3560/16000]  lr: 4.8158e-05  eta: 1:09:53  time: 0.3371  data_time: 0.0062  memory: 6182  loss: 3.3424  decode.loss_ce: 2.3403  decode.acc_seg: 45.6996  aux.loss_ce: 1.0021  aux.acc_seg: 38.1479
2026/04/25 20:04:44 - mmengine - INFO - Iter(train) [ 3580/16000]  lr: 4.8081e-05  eta: 1:09:46  time: 0.3345  data_time: 0.0062  memory: 6182  loss: 2.3589  decode.loss_ce: 1.5715  decode.acc_seg: 38.0939  aux.loss_ce: 0.7874  aux.acc_seg: 29.4481
2026/04/25 20:04:51 - mmengine - INFO - Iter(train) [ 3600/16000]  lr: 4.8003e-05  eta: 1:09:39  time: 0.3446  data_time: 0.0063  memory: 6182  loss: 2.4696  decode.loss_ce: 1.7218  decode.acc_seg: 48.4088  aux.loss_ce: 0.7478  aux.acc_seg: 45.2347
2026/04/25 20:04:58 - mmengine - INFO - Iter(train) [ 3620/16000]  lr: 4.7926e-05  eta: 1:09:33  time: 0.3332  data_time: 0.0061  memory: 6182  loss: 2.9388  decode.loss_ce: 2.0473  decode.acc_seg: 30.2557  aux.loss_ce: 0.8915  aux.acc_seg: 30.5400
2026/04/25 20:05:05 - mmengine - INFO - Iter(train) [ 3640/16000]  lr: 4.7848e-05  eta: 1:09:27  time: 0.3411  data_time: 0.0065  memory: 6182  loss: 3.3752  decode.loss_ce: 2.3635  decode.acc_seg: 44.5480  aux.loss_ce: 1.0116  aux.acc_seg: 42.5500
2026/04/25 20:05:12 - mmengine - INFO - Iter(train) [ 3660/16000]  lr: 4.7771e-05  eta: 1:09:20  time: 0.3332  data_time: 0.0063  memory: 6182  loss: 2.8787  decode.loss_ce: 2.0093  decode.acc_seg: 23.5439  aux.loss_ce: 0.8694  aux.acc_seg: 25.5812
2026/04/25 20:05:18 - mmengine - INFO - Iter(train) [ 3680/16000]  lr: 4.7693e-05  eta: 1:09:13  time: 0.3475  data_time: 0.0061  memory: 6182  loss: 3.5990  decode.loss_ce: 2.4965  decode.acc_seg: 43.7278  aux.loss_ce: 1.1024  aux.acc_seg: 30.3821
2026/04/25 20:05:25 - mmengine - INFO - Iter(train) [ 3700/16000]  lr: 4.7616e-05  eta: 1:09:06  time: 0.3323  data_time: 0.0060  memory: 6182  loss: 3.0187  decode.loss_ce: 2.0972  decode.acc_seg: 37.4328  aux.loss_ce: 0.9215  aux.acc_seg: 33.7162
2026/04/25 20:05:32 - mmengine - INFO - Iter(train) [ 3720/16000]  lr: 4.7539e-05  eta: 1:09:00  time: 0.3367  data_time: 0.0062  memory: 6182  loss: 3.1992  decode.loss_ce: 2.2128  decode.acc_seg: 21.7046  aux.loss_ce: 0.9865  aux.acc_seg: 13.2837
2026/04/25 20:05:39 - mmengine - INFO - Iter(train) [ 3740/16000]  lr: 4.7461e-05  eta: 1:08:53  time: 0.3332  data_time: 0.0060  memory: 6182  loss: 3.1754  decode.loss_ce: 2.2079  decode.acc_seg: 52.9894  aux.loss_ce: 0.9675  aux.acc_seg: 51.1441
2026/04/25 20:05:45 - mmengine - INFO - Iter(train) [ 3760/16000]  lr: 4.7384e-05  eta: 1:08:46  time: 0.3341  data_time: 0.0062  memory: 6182  loss: 3.1612  decode.loss_ce: 2.2000  decode.acc_seg: 64.7318  aux.loss_ce: 0.9613  aux.acc_seg: 62.1712
2026/04/25 20:05:52 - mmengine - INFO - Iter(train) [ 3780/16000]  lr: 4.7306e-05  eta: 1:08:39  time: 0.3389  data_time: 0.0061  memory: 6182  loss: 2.6983  decode.loss_ce: 1.8776  decode.acc_seg: 51.0113  aux.loss_ce: 0.8207  aux.acc_seg: 46.7100
2026/04/25 20:05:59 - mmengine - INFO - Iter(train) [ 3800/16000]  lr: 4.7229e-05  eta: 1:08:33  time: 0.3372  data_time: 0.0061  memory: 6182  loss: 2.5120  decode.loss_ce: 1.7548  decode.acc_seg: 32.0136  aux.loss_ce: 0.7572  aux.acc_seg: 32.6165
2026/04/25 20:06:05 - mmengine - INFO - Iter(train) [ 3820/16000]  lr: 4.7151e-05  eta: 1:08:26  time: 0.3351  data_time: 0.0061  memory: 6182  loss: 2.8826  decode.loss_ce: 2.0103  decode.acc_seg: 32.6914  aux.loss_ce: 0.8723  aux.acc_seg: 24.3560
2026/04/25 20:06:12 - mmengine - INFO - Iter(train) [ 3840/16000]  lr: 4.7074e-05  eta: 1:08:19  time: 0.3293  data_time: 0.0061  memory: 6182  loss: 2.8251  decode.loss_ce: 1.9821  decode.acc_seg: 30.8474  aux.loss_ce: 0.8430  aux.acc_seg: 29.3331
2026/04/25 20:06:19 - mmengine - INFO - Iter(train) [ 3860/16000]  lr: 4.6997e-05  eta: 1:08:12  time: 0.3315  data_time: 0.0061  memory: 6182  loss: 3.5083  decode.loss_ce: 2.4658  decode.acc_seg: 0.0000  aux.loss_ce: 1.0425  aux.acc_seg: 0.0000
2026/04/25 20:06:26 - mmengine - INFO - Iter(train) [ 3880/16000]  lr: 4.6919e-05  eta: 1:08:05  time: 0.3364  data_time: 0.0062  memory: 6182  loss: 2.8254  decode.loss_ce: 1.9798  decode.acc_seg: 69.2866  aux.loss_ce: 0.8456  aux.acc_seg: 55.1681
2026/04/25 20:06:32 - mmengine - INFO - Iter(train) [ 3900/16000]  lr: 4.6842e-05  eta: 1:07:58  time: 0.3317  data_time: 0.0060  memory: 6182  loss: 3.0801  decode.loss_ce: 2.1296  decode.acc_seg: 21.7078  aux.loss_ce: 0.9505  aux.acc_seg: 29.9983
2026/04/25 20:06:39 - mmengine - INFO - Iter(train) [ 3920/16000]  lr: 4.6764e-05  eta: 1:07:52  time: 0.3379  data_time: 0.0063  memory: 6182  loss: 3.5062  decode.loss_ce: 2.4649  decode.acc_seg: 19.6835  aux.loss_ce: 1.0413  aux.acc_seg: 22.2761
2026/04/25 20:06:46 - mmengine - INFO - Iter(train) [ 3940/16000]  lr: 4.6687e-05  eta: 1:07:45  time: 0.3344  data_time: 0.0061  memory: 6182  loss: 2.4643  decode.loss_ce: 1.6690  decode.acc_seg: 46.6980  aux.loss_ce: 0.7953  aux.acc_seg: 17.4700
2026/04/25 20:06:53 - mmengine - INFO - Iter(train) [ 3960/16000]  lr: 4.6609e-05  eta: 1:07:38  time: 0.3298  data_time: 0.0062  memory: 6182  loss: 2.7100  decode.loss_ce: 1.9063  decode.acc_seg: 15.2053  aux.loss_ce: 0.8036  aux.acc_seg: 19.0944
2026/04/25 20:06:59 - mmengine - INFO - Iter(train) [ 3980/16000]  lr: 4.6532e-05  eta: 1:07:31  time: 0.3313  data_time: 0.0061  memory: 6182  loss: 2.3278  decode.loss_ce: 1.6076  decode.acc_seg: 53.0865  aux.loss_ce: 0.7203  aux.acc_seg: 48.1337
2026/04/25 20:07:06 - mmengine - INFO - Exp name: pvmamba_tiny_upernet_ade20k_base_random_16000_fixrelu_20260425_194434
2026/04/25 20:07:06 - mmengine - INFO - Iter(train) [ 4000/16000]  lr: 4.6455e-05  eta: 1:07:24  time: 0.3344  data_time: 0.0061  memory: 6182  loss: 2.4456  decode.loss_ce: 1.7008  decode.acc_seg: 69.0604  aux.loss_ce: 0.7448  aux.acc_seg: 62.4368
2026/04/25 20:07:06 - mmengine - INFO - Saving checkpoint at 4000 iterations
2026/04/25 20:07:16 - mmengine - INFO - Iter(val) [  20/1000]    eta: 0:07:18  time: 0.3949  data_time: 0.0017  memory: 9961  
2026/04/25 20:07:21 - mmengine - INFO - Iter(val) [  40/1000]    eta: 0:05:33  time: 0.2786  data_time: 0.0014  memory: 10142  
2026/04/25 20:07:25 - mmengine - INFO - Iter(val) [  60/1000]    eta: 0:04:39  time: 0.2233  data_time: 0.0016  memory: 10149  
2026/04/25 20:07:30 - mmengine - INFO - Iter(val) [  80/1000]    eta: 0:04:15  time: 0.2587  data_time: 0.0014  memory: 10331  
2026/04/25 20:07:33 - mmengine - INFO - Iter(val) [ 100/1000]    eta: 0:03:48  time: 0.1536  data_time: 0.0013  memory: 9955  
2026/04/25 20:07:38 - mmengine - INFO - Iter(val) [ 120/1000]    eta: 0:03:41  time: 0.1751  data_time: 0.0015  memory: 10335  
2026/04/25 20:07:40 - mmengine - INFO - Iter(val) [ 140/1000]    eta: 0:03:21  time: 0.1055  data_time: 0.0014  memory: 9021  
2026/04/25 20:07:44 - mmengine - INFO - Iter(val) [ 160/1000]    eta: 0:03:10  time: 0.2058  data_time: 0.0015  memory: 9395  
2026/04/25 20:07:47 - mmengine - INFO - Iter(val) [ 180/1000]    eta: 0:02:58  time: 0.1141  data_time: 0.0013  memory: 9397  
2026/04/25 20:07:49 - mmengine - INFO - Iter(val) [ 200/1000]    eta: 0:02:46  time: 0.1776  data_time: 0.0014  memory: 10889  
2026/04/25 20:07:51 - mmengine - INFO - Iter(val) [ 220/1000]    eta: 0:02:33  time: 0.1153  data_time: 0.0014  memory: 9400  
2026/04/25 20:07:53 - mmengine - INFO - Iter(val) [ 240/1000]    eta: 0:02:24  time: 0.1694  data_time: 0.0015  memory: 9582  
2026/04/25 20:07:55 - mmengine - INFO - Iter(val) [ 260/1000]    eta: 0:02:14  time: 0.0716  data_time: 0.0014  memory: 1468  
2026/04/25 20:07:58 - mmengine - INFO - Iter(val) [ 280/1000]    eta: 0:02:09  time: 0.2135  data_time: 0.0015  memory: 9771  
2026/04/25 20:08:00 - mmengine - INFO - Iter(val) [ 300/1000]    eta: 0:02:03  time: 0.1111  data_time: 0.0014  memory: 10330  
2026/04/25 20:08:03 - mmengine - INFO - Iter(val) [ 320/1000]    eta: 0:01:57  time: 0.1677  data_time: 0.0014  memory: 9957  
2026/04/25 20:08:06 - mmengine - INFO - Iter(val) [ 340/1000]    eta: 0:01:54  time: 0.1462  data_time: 0.0013  memory: 10707  
2026/04/25 20:08:10 - mmengine - INFO - Iter(val) [ 360/1000]    eta: 0:01:50  time: 0.1700  data_time: 0.0015  memory: 10516  
2026/04/25 20:08:14 - mmengine - INFO - Iter(val) [ 380/1000]    eta: 0:01:48  time: 0.2541  data_time: 0.0017  memory: 10332  
2026/04/25 20:08:15 - mmengine - INFO - Iter(val) [ 400/1000]    eta: 0:01:41  time: 0.0655  data_time: 0.0015  memory: 1447  
2026/04/25 20:08:17 - mmengine - INFO - Iter(val) [ 420/1000]    eta: 0:01:35  time: 0.0641  data_time: 0.0015  memory: 1405  
2026/04/25 20:08:18 - mmengine - INFO - Iter(val) [ 440/1000]    eta: 0:01:29  time: 0.0571  data_time: 0.0012  memory: 1405  
2026/04/25 20:08:23 - mmengine - INFO - Iter(val) [ 460/1000]    eta: 0:01:28  time: 0.3359  data_time: 0.0014  memory: 10889  
2026/04/25 20:08:26 - mmengine - INFO - Iter(val) [ 480/1000]    eta: 0:01:25  time: 0.1104  data_time: 0.0012  memory: 9584  
2026/04/25 20:08:28 - mmengine - INFO - Iter(val) [ 500/1000]    eta: 0:01:20  time: 0.1693  data_time: 0.0013  memory: 10147  
2026/04/25 20:08:31 - mmengine - INFO - Iter(val) [ 520/1000]    eta: 0:01:16  time: 0.1674  data_time: 0.0015  memory: 8086  
2026/04/25 20:08:34 - mmengine - INFO - Iter(val) [ 540/1000]    eta: 0:01:13  time: 0.1826  data_time: 0.0015  memory: 10518  
2026/04/25 20:08:36 - mmengine - INFO - Iter(val) [ 560/1000]    eta: 0:01:09  time: 0.1111  data_time: 0.0014  memory: 9585  
2026/04/25 20:08:38 - mmengine - INFO - Iter(val) [ 580/1000]    eta: 0:01:05  time: 0.0632  data_time: 0.0016  memory: 2510  
2026/04/25 20:08:39 - mmengine - INFO - Iter(val) [ 600/1000]    eta: 0:01:01  time: 0.0648  data_time: 0.0015  memory: 1496  
2026/04/25 20:08:42 - mmengine - INFO - Iter(val) [ 620/1000]    eta: 0:00:57  time: 0.1890  data_time: 0.0015  memory: 10705  
2026/04/25 20:08:43 - mmengine - INFO - Iter(val) [ 640/1000]    eta: 0:00:53  time: 0.0618  data_time: 0.0015  memory: 8279  
2026/04/25 20:08:44 - mmengine - INFO - Iter(val) [ 660/1000]    eta: 0:00:49  time: 0.0642  data_time: 0.0014  memory: 1456  
2026/04/25 20:08:46 - mmengine - INFO - Iter(val) [ 680/1000]    eta: 0:00:46  time: 0.1172  data_time: 0.0016  memory: 8840  
2026/04/25 20:08:49 - mmengine - INFO - Iter(val) [ 700/1000]    eta: 0:00:43  time: 0.1270  data_time: 0.0014  memory: 10520  
2026/04/25 20:08:51 - mmengine - INFO - Iter(val) [ 720/1000]    eta: 0:00:40  time: 0.1140  data_time: 0.0013  memory: 9585  
2026/04/25 20:08:52 - mmengine - INFO - Iter(val) [ 740/1000]    eta: 0:00:36  time: 0.0633  data_time: 0.0014  memory: 1456  
2026/04/25 20:08:54 - mmengine - INFO - Iter(val) [ 760/1000]    eta: 0:00:33  time: 0.1220  data_time: 0.0016  memory: 1583  
2026/04/25 20:08:56 - mmengine - INFO - Iter(val) [ 780/1000]    eta: 0:00:30  time: 0.0609  data_time: 0.0014  memory: 10334  
2026/04/25 20:08:57 - mmengine - INFO - Iter(val) [ 800/1000]    eta: 0:00:27  time: 0.0637  data_time: 0.0016  memory: 1452  
2026/04/25 20:09:00 - mmengine - INFO - Iter(val) [ 820/1000]    eta: 0:00:24  time: 0.1803  data_time: 0.0016  memory: 9213  
2026/04/25 20:09:03 - mmengine - INFO - Iter(val) [ 840/1000]    eta: 0:00:21  time: 0.1268  data_time: 0.0015  memory: 8089  
2026/04/25 20:09:05 - mmengine - INFO - Iter(val) [ 860/1000]    eta: 0:00:19  time: 0.1179  data_time: 0.0015  memory: 9771  
2026/04/25 20:09:07 - mmengine - INFO - Iter(val) [ 880/1000]    eta: 0:00:16  time: 0.0596  data_time: 0.0014  memory: 10148  
2026/04/25 20:09:09 - mmengine - INFO - Iter(val) [ 900/1000]    eta: 0:00:13  time: 0.0659  data_time: 0.0016  memory: 8272  
2026/04/25 20:09:10 - mmengine - INFO - Iter(val) [ 920/1000]    eta: 0:00:10  time: 0.0645  data_time: 0.0016  memory: 1391  
2026/04/25 20:09:12 - mmengine - INFO - Iter(val) [ 940/1000]    eta: 0:00:07  time: 0.0570  data_time: 0.0012  memory: 1391  
2026/04/25 20:09:14 - mmengine - INFO - Iter(val) [ 960/1000]    eta: 0:00:05  time: 0.1474  data_time: 0.0014  memory: 5742  
2026/04/25 20:09:16 - mmengine - INFO - Iter(val) [ 980/1000]    eta: 0:00:02  time: 0.0608  data_time: 0.0015  memory: 9022  
2026/04/25 20:09:18 - mmengine - INFO - Iter(val) [1000/1000]    eta: 0:00:00  time: 0.1386  data_time: 0.0015  memory: 9581  
2026/04/25 20:09:19 - mmengine - INFO - per class results:
2026/04/25 20:09:19 - mmengine - INFO - 
+---------------------+-------+-------+
|        Class        |  IoU  |  Acc  |
+---------------------+-------+-------+
|         wall        | 40.54 | 72.78 |
|       building      | 49.31 |  77.3 |
|         sky         |  77.5 | 94.55 |
|        floor        | 38.93 |  69.9 |
|         tree        | 33.17 |  82.5 |
|       ceiling       | 43.91 | 61.13 |
|         road        | 47.09 | 85.29 |
|         bed         | 18.69 | 42.77 |
|      windowpane     | 25.76 | 40.73 |
|        grass        |  41.2 | 61.89 |
|       cabinet       |  0.67 |  0.69 |
|       sidewalk      |  6.89 |  7.5  |
|        person       | 10.88 | 16.86 |
|        earth        |  0.45 |  0.46 |
|         door        |  0.0  |  0.0  |
|        table        |  0.7  |  0.72 |
|       mountain      | 11.85 | 19.52 |
|        plant        |  1.21 |  1.27 |
|       curtain       |  0.0  |  0.0  |
|        chair        |  2.59 |  2.84 |
|         car         | 22.64 | 29.47 |
|        water        |  0.0  |  0.0  |
|       painting      |  0.04 |  0.04 |
|         sofa        |  0.0  |  0.0  |
|        shelf        |  0.0  |  0.0  |
|        house        |  0.0  |  0.0  |
|         sea         | 14.72 | 41.72 |
|        mirror       |  0.0  |  0.0  |
|         rug         |  0.0  |  0.0  |
|        field        | 10.54 | 22.62 |
|       armchair      |  0.0  |  0.0  |
|         seat        |  0.0  |  0.0  |
|        fence        |  0.0  |  0.0  |
|         desk        |  0.0  |  0.0  |
|         rock        |  0.0  |  0.0  |
|       wardrobe      |  0.0  |  0.0  |
|         lamp        |  0.0  |  0.0  |
|       bathtub       |  0.0  |  0.0  |
|       railing       |  0.0  |  0.0  |
|       cushion       |  0.0  |  0.0  |
|         base        |  0.0  |  0.0  |
|         box         |  0.0  |  0.0  |
|        column       |  0.0  |  0.0  |
|      signboard      |  0.0  |  0.0  |
|   chest of drawers  |  0.0  |  0.0  |
|       counter       |  0.0  |  0.0  |
|         sand        |  0.0  |  0.0  |
|         sink        |  0.0  |  0.0  |
|      skyscraper     |  0.0  |  0.0  |
|      fireplace      |  0.0  |  0.0  |
|     refrigerator    |  0.0  |  0.0  |
|      grandstand     |  0.0  |  0.0  |
|         path        |  0.0  |  0.0  |
|        stairs       |  0.0  |  0.0  |
|        runway       |  0.0  |  0.0  |
|         case        |  0.0  |  0.0  |
|      pool table     |  0.0  |  0.0  |
|        pillow       |  0.0  |  0.0  |
|     screen door     |  0.0  |  0.0  |
|       stairway      |  0.0  |  0.0  |
|        river        |  0.0  |  0.0  |
|        bridge       |  0.0  |  0.0  |
|       bookcase      |  0.0  |  0.0  |
|        blind        |  0.0  |  0.0  |
|     coffee table    |  0.0  |  0.0  |
|        toilet       |  0.0  |  0.0  |
|        flower       |  0.0  |  0.0  |
|         book        |  0.0  |  0.0  |
|         hill        |  0.0  |  0.0  |
|        bench        |  0.0  |  0.0  |
|      countertop     |  0.0  |  0.0  |
|        stove        |  0.0  |  0.0  |
|         palm        |  0.0  |  0.0  |
|    kitchen island   |  0.0  |  0.0  |
|       computer      |  0.0  |  0.0  |
|     swivel chair    |  0.0  |  0.0  |
|         boat        |  0.0  |  0.0  |
|         bar         |  0.0  |  0.0  |
|    arcade machine   |  0.0  |  0.0  |
|        hovel        |  0.0  |  0.0  |
|         bus         |  0.0  |  0.0  |
|        towel        |  0.0  |  0.0  |
|        light        |  0.0  |  0.0  |
|        truck        |  0.0  |  0.0  |
|        tower        |  0.0  |  0.0  |
|      chandelier     |  0.0  |  0.0  |
|        awning       |  0.0  |  0.0  |
|     streetlight     |  0.0  |  0.0  |
|        booth        |  0.0  |  0.0  |
| television receiver |  0.0  |  0.0  |
|       airplane      |  0.0  |  0.0  |
|      dirt track     |  0.0  |  0.0  |
|       apparel       |  0.0  |  0.0  |
|         pole        |  0.0  |  0.0  |
|         land        |  0.0  |  0.0  |
|      bannister      |  0.0  |  0.0  |
|      escalator      |  0.0  |  0.0  |
|       ottoman       |  0.0  |  0.0  |
|        bottle       |  0.0  |  0.0  |
|        buffet       |  0.0  |  0.0  |
|        poster       |  0.0  |  0.0  |
|        stage        |  0.0  |  0.0  |
|         van         |  0.0  |  0.0  |
|         ship        |  0.0  |  0.0  |
|       fountain      |  0.0  |  0.0  |
|    conveyer belt    |  0.0  |  0.0  |
|        canopy       |  0.0  |  0.0  |
|        washer       |  0.0  |  0.0  |
|      plaything      |  0.0  |  0.0  |
|    swimming pool    |  0.0  |  0.0  |
|        stool        |  0.0  |  0.0  |
|        barrel       |  0.0  |  0.0  |
|        basket       |  0.0  |  0.0  |
|      waterfall      |  0.0  |  0.0  |
|         tent        |  0.0  |  0.0  |
|         bag         |  0.0  |  0.0  |
|       minibike      |  0.0  |  0.0  |
|        cradle       |  0.0  |  0.0  |
|         oven        |  0.0  |  0.0  |
|         ball        |  0.0  |  0.0  |
|         food        |  0.0  |  0.0  |
|         step        |  0.0  |  0.0  |
|         tank        |  0.0  |  0.0  |
|      trade name     |  0.0  |  0.0  |
|      microwave      |  0.0  |  0.0  |
|         pot         |  0.0  |  0.0  |
|        animal       |  0.0  |  0.0  |
|       bicycle       |  0.0  |  0.0  |
|         lake        |  0.0  |  0.0  |
|      dishwasher     |  0.0  |  0.0  |
|        screen       |  0.0  |  0.0  |
|       blanket       |  0.0  |  0.0  |
|      sculpture      |  0.0  |  0.0  |
|         hood        |  0.0  |  0.0  |
|        sconce       |  0.0  |  0.0  |
|         vase        |  0.0  |  0.0  |
|    traffic light    |  0.0  |  0.0  |
|         tray        |  0.0  |  0.0  |
|        ashcan       |  0.0  |  0.0  |
|         fan         |  0.0  |  0.0  |
|         pier        |  0.0  |  0.0  |
|      crt screen     |  0.0  |  0.0  |
|        plate        |  0.0  |  0.0  |
|       monitor       |  0.0  |  0.0  |
|    bulletin board   |  0.0  |  0.0  |
|        shower       |  0.0  |  0.0  |
|       radiator      |  0.0  |  0.0  |
|        glass        |  0.0  |  0.0  |
|        clock        |  0.0  |  0.0  |
|         flag        |  0.0  |  0.0  |
+---------------------+-------+-------+
2026/04/25 20:09:19 - mmengine - INFO - Iter(val) [1000/1000]    aAcc: 50.0300  mIoU: 3.3300  mAcc: 5.5500  data_time: 0.0016  time: 0.1309
2026/04/25 20:09:20 - mmengine - INFO - The best checkpoint with 3.3300 mIoU at 4000 iter is saved to best_mIoU_iter_4000.pth.
2026/04/25 20:09:29 - mmengine - INFO - Iter(train) [ 4020/16000]  lr: 4.6377e-05  eta: 1:07:30  time: 0.3245  data_time: 0.0070  memory: 6186  loss: 2.7417  decode.loss_ce: 1.8985  decode.acc_seg: 58.9122  aux.loss_ce: 0.8432  aux.acc_seg: 50.3870
2026/04/25 20:09:36 - mmengine - INFO - Iter(train) [ 4040/16000]  lr: 4.6300e-05  eta: 1:07:22  time: 0.3353  data_time: 0.0068  memory: 6182  loss: 2.9034  decode.loss_ce: 1.9978  decode.acc_seg: 50.0010  aux.loss_ce: 0.9055  aux.acc_seg: 43.4276
2026/04/25 20:09:42 - mmengine - INFO - Iter(train) [ 4060/16000]  lr: 4.6222e-05  eta: 1:07:15  time: 0.3261  data_time: 0.0069  memory: 6182  loss: 2.6317  decode.loss_ce: 1.8011  decode.acc_seg: 36.7115  aux.loss_ce: 0.8306  aux.acc_seg: 24.0785
2026/04/25 20:09:49 - mmengine - INFO - Iter(train) [ 4080/16000]  lr: 4.6145e-05  eta: 1:07:08  time: 0.3322  data_time: 0.0075  memory: 6182  loss: 2.8326  decode.loss_ce: 1.9546  decode.acc_seg: 61.8195  aux.loss_ce: 0.8780  aux.acc_seg: 54.3187
2026/04/25 20:09:56 - mmengine - INFO - Iter(train) [ 4100/16000]  lr: 4.6067e-05  eta: 1:07:00  time: 0.3265  data_time: 0.0068  memory: 6182  loss: 3.3221  decode.loss_ce: 2.3095  decode.acc_seg: 41.1229  aux.loss_ce: 1.0126  aux.acc_seg: 34.8192
2026/04/25 20:10:02 - mmengine - INFO - Iter(train) [ 4120/16000]  lr: 4.5990e-05  eta: 1:06:53  time: 0.3274  data_time: 0.0069  memory: 6182  loss: 3.2148  decode.loss_ce: 2.2359  decode.acc_seg: 34.5088  aux.loss_ce: 0.9789  aux.acc_seg: 34.1404
2026/04/25 20:10:09 - mmengine - INFO - Iter(train) [ 4140/16000]  lr: 4.5913e-05  eta: 1:06:46  time: 0.3365  data_time: 0.0069  memory: 6182  loss: 3.1434  decode.loss_ce: 2.1711  decode.acc_seg: 68.0912  aux.loss_ce: 0.9722  aux.acc_seg: 42.6635
2026/04/25 20:10:15 - mmengine - INFO - Iter(train) [ 4160/16000]  lr: 4.5835e-05  eta: 1:06:39  time: 0.3282  data_time: 0.0070  memory: 6182  loss: 3.7016  decode.loss_ce: 2.5536  decode.acc_seg: 30.5897  aux.loss_ce: 1.1481  aux.acc_seg: 24.3045
2026/04/25 20:10:22 - mmengine - INFO - Iter(train) [ 4180/16000]  lr: 4.5758e-05  eta: 1:06:32  time: 0.3260  data_time: 0.0069  memory: 6182  loss: 2.8096  decode.loss_ce: 1.9464  decode.acc_seg: 13.4151  aux.loss_ce: 0.8632  aux.acc_seg: 12.0738
2026/04/25 20:10:29 - mmengine - INFO - Iter(train) [ 4200/16000]  lr: 4.5680e-05  eta: 1:06:24  time: 0.3301  data_time: 0.0068  memory: 6182  loss: 3.1547  decode.loss_ce: 2.2247  decode.acc_seg: 52.5470  aux.loss_ce: 0.9300  aux.acc_seg: 61.6878
2026/04/25 20:10:35 - mmengine - INFO - Iter(train) [ 4220/16000]  lr: 4.5603e-05  eta: 1:06:17  time: 0.3286  data_time: 0.0072  memory: 6182  loss: 3.1101  decode.loss_ce: 2.1476  decode.acc_seg: 39.1676  aux.loss_ce: 0.9626  aux.acc_seg: 35.4973
2026/04/25 20:10:42 - mmengine - INFO - Iter(train) [ 4240/16000]  lr: 4.5526e-05  eta: 1:06:10  time: 0.3275  data_time: 0.0072  memory: 6182  loss: 3.1151  decode.loss_ce: 2.1631  decode.acc_seg: 35.5498  aux.loss_ce: 0.9520  aux.acc_seg: 37.4761
2026/04/25 20:10:48 - mmengine - INFO - Iter(train) [ 4260/16000]  lr: 4.5448e-05  eta: 1:06:03  time: 0.3399  data_time: 0.0075  memory: 6182  loss: 2.7806  decode.loss_ce: 1.9229  decode.acc_seg: 52.3390  aux.loss_ce: 0.8577  aux.acc_seg: 48.6970
2026/04/25 20:10:55 - mmengine - INFO - Iter(train) [ 4280/16000]  lr: 4.5371e-05  eta: 1:05:56  time: 0.3333  data_time: 0.0071  memory: 6182  loss: 3.4867  decode.loss_ce: 2.4561  decode.acc_seg: 54.5155  aux.loss_ce: 1.0307  aux.acc_seg: 50.4473
2026/04/25 20:11:02 - mmengine - INFO - Iter(train) [ 4300/16000]  lr: 4.5293e-05  eta: 1:05:50  time: 0.3310  data_time: 0.0074  memory: 6182  loss: 2.7719  decode.loss_ce: 1.9138  decode.acc_seg: 29.7060  aux.loss_ce: 0.8582  aux.acc_seg: 26.2450
2026/04/25 20:11:09 - mmengine - INFO - Iter(train) [ 4320/16000]  lr: 4.5216e-05  eta: 1:05:43  time: 0.3316  data_time: 0.0073  memory: 6182  loss: 2.2741  decode.loss_ce: 1.5884  decode.acc_seg: 9.8604  aux.loss_ce: 0.6857  aux.acc_seg: 16.4795
2026/04/25 20:11:15 - mmengine - INFO - Iter(train) [ 4340/16000]  lr: 4.5138e-05  eta: 1:05:36  time: 0.3350  data_time: 0.0073  memory: 6182  loss: 2.8101  decode.loss_ce: 1.9368  decode.acc_seg: 42.5859  aux.loss_ce: 0.8733  aux.acc_seg: 42.5485
2026/04/25 20:11:22 - mmengine - INFO - Iter(train) [ 4360/16000]  lr: 4.5061e-05  eta: 1:05:29  time: 0.3308  data_time: 0.0073  memory: 6182  loss: 3.2881  decode.loss_ce: 2.2915  decode.acc_seg: 41.4894  aux.loss_ce: 0.9966  aux.acc_seg: 41.7408
2026/04/25 20:11:29 - mmengine - INFO - Iter(train) [ 4380/16000]  lr: 4.4984e-05  eta: 1:05:22  time: 0.3292  data_time: 0.0071  memory: 6182  loss: 3.2019  decode.loss_ce: 2.2111  decode.acc_seg: 33.0506  aux.loss_ce: 0.9909  aux.acc_seg: 29.9371
2026/04/25 20:11:35 - mmengine - INFO - Iter(train) [ 4400/16000]  lr: 4.4906e-05  eta: 1:05:15  time: 0.3275  data_time: 0.0072  memory: 6182  loss: 3.3111  decode.loss_ce: 2.3163  decode.acc_seg: 25.8610  aux.loss_ce: 0.9948  aux.acc_seg: 24.3927
2026/04/25 20:11:42 - mmengine - INFO - Iter(train) [ 4420/16000]  lr: 4.4829e-05  eta: 1:05:08  time: 0.3350  data_time: 0.0072  memory: 6182  loss: 2.7584  decode.loss_ce: 1.9300  decode.acc_seg: 4.9290  aux.loss_ce: 0.8284  aux.acc_seg: 8.8083
2026/04/25 20:11:49 - mmengine - INFO - Iter(train) [ 4440/16000]  lr: 4.4751e-05  eta: 1:05:01  time: 0.3286  data_time: 0.0074  memory: 6182  loss: 3.2805  decode.loss_ce: 2.2881  decode.acc_seg: 28.7995  aux.loss_ce: 0.9924  aux.acc_seg: 27.9043
2026/04/25 20:11:55 - mmengine - INFO - Iter(train) [ 4460/16000]  lr: 4.4674e-05  eta: 1:04:54  time: 0.3287  data_time: 0.0074  memory: 6182  loss: 2.9390  decode.loss_ce: 2.0672  decode.acc_seg: 27.1289  aux.loss_ce: 0.8718  aux.acc_seg: 32.9469
2026/04/25 20:12:02 - mmengine - INFO - Iter(train) [ 4480/16000]  lr: 4.4596e-05  eta: 1:04:47  time: 0.3314  data_time: 0.0070  memory: 6182  loss: 2.9534  decode.loss_ce: 2.0589  decode.acc_seg: 28.0607  aux.loss_ce: 0.8945  aux.acc_seg: 39.8624
2026/04/25 20:12:09 - mmengine - INFO - Iter(train) [ 4500/16000]  lr: 4.4519e-05  eta: 1:04:41  time: 0.3382  data_time: 0.0068  memory: 6182  loss: 2.5676  decode.loss_ce: 1.7900  decode.acc_seg: 41.6403  aux.loss_ce: 0.7775  aux.acc_seg: 40.7830
2026/04/25 20:12:16 - mmengine - INFO - Iter(train) [ 4520/16000]  lr: 4.4442e-05  eta: 1:04:34  time: 0.3393  data_time: 0.0068  memory: 6182  loss: 3.4647  decode.loss_ce: 2.4089  decode.acc_seg: 46.4676  aux.loss_ce: 1.0558  aux.acc_seg: 37.6301
2026/04/25 20:12:22 - mmengine - INFO - Iter(train) [ 4540/16000]  lr: 4.4364e-05  eta: 1:04:27  time: 0.3279  data_time: 0.0069  memory: 6182  loss: 2.2254  decode.loss_ce: 1.5245  decode.acc_seg: 49.8728  aux.loss_ce: 0.7009  aux.acc_seg: 47.5512
2026/04/25 20:12:29 - mmengine - INFO - Iter(train) [ 4560/16000]  lr: 4.4287e-05  eta: 1:04:20  time: 0.3304  data_time: 0.0069  memory: 6182  loss: 2.4634  decode.loss_ce: 1.7275  decode.acc_seg: 59.9701  aux.loss_ce: 0.7360  aux.acc_seg: 50.9345
2026/04/25 20:12:36 - mmengine - INFO - Iter(train) [ 4580/16000]  lr: 4.4209e-05  eta: 1:04:13  time: 0.3500  data_time: 0.0069  memory: 6182  loss: 2.9242  decode.loss_ce: 2.0432  decode.acc_seg: 50.2144  aux.loss_ce: 0.8810  aux.acc_seg: 47.6288
2026/04/25 20:12:42 - mmengine - INFO - Iter(train) [ 4600/16000]  lr: 4.4132e-05  eta: 1:04:06  time: 0.3308  data_time: 0.0071  memory: 6182  loss: 2.9034  decode.loss_ce: 2.0091  decode.acc_seg: 89.0260  aux.loss_ce: 0.8942  aux.acc_seg: 84.2649
2026/04/25 20:12:49 - mmengine - INFO - Iter(train) [ 4620/16000]  lr: 4.4054e-05  eta: 1:03:59  time: 0.3308  data_time: 0.0070  memory: 6182  loss: 2.6417  decode.loss_ce: 1.8326  decode.acc_seg: 51.8443  aux.loss_ce: 0.8091  aux.acc_seg: 44.4233
2026/04/25 20:12:56 - mmengine - INFO - Iter(train) [ 4640/16000]  lr: 4.3977e-05  eta: 1:03:53  time: 0.3507  data_time: 0.0071  memory: 6182  loss: 3.3084  decode.loss_ce: 2.3082  decode.acc_seg: 4.9044  aux.loss_ce: 1.0002  aux.acc_seg: 2.3499
2026/04/25 20:13:03 - mmengine - INFO - Iter(train) [ 4660/16000]  lr: 4.3900e-05  eta: 1:03:46  time: 0.3383  data_time: 0.0069  memory: 6182  loss: 2.2734  decode.loss_ce: 1.5617  decode.acc_seg: 17.0678  aux.loss_ce: 0.7117  aux.acc_seg: 17.6413
2026/04/25 20:13:09 - mmengine - INFO - Iter(train) [ 4680/16000]  lr: 4.3822e-05  eta: 1:03:39  time: 0.3402  data_time: 0.0069  memory: 6182  loss: 3.0194  decode.loss_ce: 2.0940  decode.acc_seg: 64.2330  aux.loss_ce: 0.9254  aux.acc_seg: 68.5422
2026/04/25 20:13:16 - mmengine - INFO - Iter(train) [ 4700/16000]  lr: 4.3745e-05  eta: 1:03:32  time: 0.3345  data_time: 0.0071  memory: 6182  loss: 2.9053  decode.loss_ce: 2.0268  decode.acc_seg: 28.3897  aux.loss_ce: 0.8786  aux.acc_seg: 23.6230
2026/04/25 20:13:23 - mmengine - INFO - Iter(train) [ 4720/16000]  lr: 4.3667e-05  eta: 1:03:25  time: 0.3345  data_time: 0.0068  memory: 6182  loss: 2.5306  decode.loss_ce: 1.7174  decode.acc_seg: 36.8206  aux.loss_ce: 0.8132  aux.acc_seg: 20.3571
2026/04/25 20:13:29 - mmengine - INFO - Iter(train) [ 4740/16000]  lr: 4.3590e-05  eta: 1:03:18  time: 0.3339  data_time: 0.0069  memory: 6182  loss: 2.9019  decode.loss_ce: 2.0162  decode.acc_seg: 26.0531  aux.loss_ce: 0.8857  aux.acc_seg: 30.2051
2026/04/25 20:13:36 - mmengine - INFO - Iter(train) [ 4760/16000]  lr: 4.3512e-05  eta: 1:03:11  time: 0.3447  data_time: 0.0069  memory: 6182  loss: 2.8995  decode.loss_ce: 2.0375  decode.acc_seg: 13.4325  aux.loss_ce: 0.8620  aux.acc_seg: 16.5854
2026/04/25 20:13:43 - mmengine - INFO - Iter(train) [ 4780/16000]  lr: 4.3435e-05  eta: 1:03:04  time: 0.3318  data_time: 0.0069  memory: 6182  loss: 2.4932  decode.loss_ce: 1.7145  decode.acc_seg: 51.8268  aux.loss_ce: 0.7787  aux.acc_seg: 49.1244
2026/04/25 20:13:49 - mmengine - INFO - Iter(train) [ 4800/16000]  lr: 4.3358e-05  eta: 1:02:58  time: 0.3406  data_time: 0.0070  memory: 6182  loss: 2.7240  decode.loss_ce: 1.8729  decode.acc_seg: 68.8035  aux.loss_ce: 0.8511  aux.acc_seg: 71.6184
2026/04/25 20:13:56 - mmengine - INFO - Iter(train) [ 4820/16000]  lr: 4.3280e-05  eta: 1:02:51  time: 0.3300  data_time: 0.0068  memory: 6182  loss: 2.2317  decode.loss_ce: 1.5459  decode.acc_seg: 45.0587  aux.loss_ce: 0.6859  aux.acc_seg: 27.9255
2026/04/25 20:14:03 - mmengine - INFO - Iter(train) [ 4840/16000]  lr: 4.3203e-05  eta: 1:02:44  time: 0.3305  data_time: 0.0069  memory: 6182  loss: 3.2907  decode.loss_ce: 2.3228  decode.acc_seg: 42.7119  aux.loss_ce: 0.9679  aux.acc_seg: 42.4511
2026/04/25 20:14:09 - mmengine - INFO - Iter(train) [ 4860/16000]  lr: 4.3125e-05  eta: 1:02:37  time: 0.3317  data_time: 0.0070  memory: 6182  loss: 3.0132  decode.loss_ce: 2.0774  decode.acc_seg: 19.2875  aux.loss_ce: 0.9359  aux.acc_seg: 16.6777
2026/04/25 20:14:16 - mmengine - INFO - Iter(train) [ 4880/16000]  lr: 4.3048e-05  eta: 1:02:30  time: 0.3277  data_time: 0.0070  memory: 6182  loss: 3.4539  decode.loss_ce: 2.4248  decode.acc_seg: 25.9806  aux.loss_ce: 1.0291  aux.acc_seg: 25.9461
2026/04/25 20:14:23 - mmengine - INFO - Iter(train) [ 4900/16000]  lr: 4.2971e-05  eta: 1:02:23  time: 0.3432  data_time: 0.0068  memory: 6182  loss: 2.8278  decode.loss_ce: 1.9739  decode.acc_seg: 0.0000  aux.loss_ce: 0.8539  aux.acc_seg: 0.0000
2026/04/25 20:14:29 - mmengine - INFO - Iter(train) [ 4920/16000]  lr: 4.2893e-05  eta: 1:02:16  time: 0.3327  data_time: 0.0070  memory: 6182  loss: 2.4442  decode.loss_ce: 1.6879  decode.acc_seg: 54.0555  aux.loss_ce: 0.7563  aux.acc_seg: 54.3203
2026/04/25 20:14:36 - mmengine - INFO - Iter(train) [ 4940/16000]  lr: 4.2816e-05  eta: 1:02:09  time: 0.3352  data_time: 0.0069  memory: 6182  loss: 2.8928  decode.loss_ce: 1.9981  decode.acc_seg: 22.3304  aux.loss_ce: 0.8948  aux.acc_seg: 29.5584
2026/04/25 20:14:43 - mmengine - INFO - Iter(train) [ 4960/16000]  lr: 4.2738e-05  eta: 1:02:02  time: 0.3304  data_time: 0.0070  memory: 6182  loss: 2.7788  decode.loss_ce: 1.9241  decode.acc_seg: 65.5439  aux.loss_ce: 0.8547  aux.acc_seg: 59.3874
2026/04/25 20:14:49 - mmengine - INFO - Iter(train) [ 4980/16000]  lr: 4.2661e-05  eta: 1:01:55  time: 0.3395  data_time: 0.0068  memory: 6182  loss: 2.7152  decode.loss_ce: 1.8938  decode.acc_seg: 37.6317  aux.loss_ce: 0.8214  aux.acc_seg: 34.2314
2026/04/25 20:14:56 - mmengine - INFO - Exp name: pvmamba_tiny_upernet_ade20k_base_random_16000_fixrelu_20260425_194434
2026/04/25 20:14:56 - mmengine - INFO - Iter(train) [ 5000/16000]  lr: 4.2583e-05  eta: 1:01:48  time: 0.3409  data_time: 0.0071  memory: 6182  loss: 2.6007  decode.loss_ce: 1.8148  decode.acc_seg: 74.7377  aux.loss_ce: 0.7859  aux.acc_seg: 68.6319
2026/04/25 20:15:03 - mmengine - INFO - Iter(train) [ 5020/16000]  lr: 4.2506e-05  eta: 1:01:42  time: 0.3404  data_time: 0.0071  memory: 6182  loss: 2.4813  decode.loss_ce: 1.7231  decode.acc_seg: 66.2313  aux.loss_ce: 0.7582  aux.acc_seg: 64.4696
2026/04/25 20:15:09 - mmengine - INFO - Iter(train) [ 5040/16000]  lr: 4.2429e-05  eta: 1:01:35  time: 0.3347  data_time: 0.0070  memory: 6182  loss: 1.8760  decode.loss_ce: 1.3084  decode.acc_seg: 34.0775  aux.loss_ce: 0.5676  aux.acc_seg: 31.4096
2026/04/25 20:15:16 - mmengine - INFO - Iter(train) [ 5060/16000]  lr: 4.2351e-05  eta: 1:01:28  time: 0.3354  data_time: 0.0069  memory: 6182  loss: 2.8024  decode.loss_ce: 1.9274  decode.acc_seg: 41.3284  aux.loss_ce: 0.8750  aux.acc_seg: 43.3226
2026/04/25 20:15:23 - mmengine - INFO - Iter(train) [ 5080/16000]  lr: 4.2274e-05  eta: 1:01:21  time: 0.3353  data_time: 0.0070  memory: 6182  loss: 2.4674  decode.loss_ce: 1.7165  decode.acc_seg: 79.3704  aux.loss_ce: 0.7509  aux.acc_seg: 74.7278
2026/04/25 20:15:29 - mmengine - INFO - Iter(train) [ 5100/16000]  lr: 4.2196e-05  eta: 1:01:14  time: 0.3303  data_time: 0.0069  memory: 6182  loss: 3.1132  decode.loss_ce: 2.2035  decode.acc_seg: 40.8155  aux.loss_ce: 0.9097  aux.acc_seg: 26.9908
2026/04/25 20:15:36 - mmengine - INFO - Iter(train) [ 5120/16000]  lr: 4.2119e-05  eta: 1:01:07  time: 0.3332  data_time: 0.0069  memory: 6182  loss: 3.1063  decode.loss_ce: 2.1610  decode.acc_seg: 9.4925  aux.loss_ce: 0.9453  aux.acc_seg: 19.5949
2026/04/25 20:15:43 - mmengine - INFO - Iter(train) [ 5140/16000]  lr: 4.2041e-05  eta: 1:01:00  time: 0.3325  data_time: 0.0069  memory: 6182  loss: 3.2656  decode.loss_ce: 2.2823  decode.acc_seg: 58.9470  aux.loss_ce: 0.9833  aux.acc_seg: 51.4248
2026/04/25 20:15:50 - mmengine - INFO - Iter(train) [ 5160/16000]  lr: 4.1964e-05  eta: 1:00:54  time: 0.3320  data_time: 0.0069  memory: 6182  loss: 3.4203  decode.loss_ce: 2.4130  decode.acc_seg: 28.0250  aux.loss_ce: 1.0073  aux.acc_seg: 28.0757
2026/04/25 20:15:56 - mmengine - INFO - Iter(train) [ 5180/16000]  lr: 4.1887e-05  eta: 1:00:47  time: 0.3391  data_time: 0.0070  memory: 6182  loss: 3.3378  decode.loss_ce: 2.3501  decode.acc_seg: 37.0738  aux.loss_ce: 0.9878  aux.acc_seg: 26.8856
2026/04/25 20:16:03 - mmengine - INFO - Iter(train) [ 5200/16000]  lr: 4.1809e-05  eta: 1:00:40  time: 0.3279  data_time: 0.0071  memory: 6182  loss: 2.5897  decode.loss_ce: 1.7957  decode.acc_seg: 9.5329  aux.loss_ce: 0.7940  aux.acc_seg: 8.6004
2026/04/25 20:16:09 - mmengine - INFO - Iter(train) [ 5220/16000]  lr: 4.1732e-05  eta: 1:00:33  time: 0.3296  data_time: 0.0071  memory: 6182  loss: 2.8155  decode.loss_ce: 1.9677  decode.acc_seg: 0.0000  aux.loss_ce: 0.8479  aux.acc_seg: 0.0000
2026/04/25 20:16:16 - mmengine - INFO - Iter(train) [ 5240/16000]  lr: 4.1654e-05  eta: 1:00:26  time: 0.3343  data_time: 0.0071  memory: 6182  loss: 2.9591  decode.loss_ce: 2.0949  decode.acc_seg: 62.7096  aux.loss_ce: 0.8641  aux.acc_seg: 58.9173
2026/04/25 20:16:23 - mmengine - INFO - Iter(train) [ 5260/16000]  lr: 4.1577e-05  eta: 1:00:19  time: 0.3342  data_time: 0.0071  memory: 6182  loss: 2.8566  decode.loss_ce: 2.0267  decode.acc_seg: 18.7342  aux.loss_ce: 0.8299  aux.acc_seg: 34.0004
2026/04/25 20:16:29 - mmengine - INFO - Iter(train) [ 5280/16000]  lr: 4.1499e-05  eta: 1:00:12  time: 0.3334  data_time: 0.0070  memory: 6182  loss: 2.9514  decode.loss_ce: 2.0466  decode.acc_seg: 40.9033  aux.loss_ce: 0.9048  aux.acc_seg: 29.8543
2026/04/25 20:16:36 - mmengine - INFO - Iter(train) [ 5300/16000]  lr: 4.1422e-05  eta: 1:00:05  time: 0.3332  data_time: 0.0071  memory: 6182  loss: 2.7134  decode.loss_ce: 1.8680  decode.acc_seg: 25.6951  aux.loss_ce: 0.8454  aux.acc_seg: 23.3504
2026/04/25 20:16:43 - mmengine - INFO - Iter(train) [ 5320/16000]  lr: 4.1345e-05  eta: 0:59:58  time: 0.3315  data_time: 0.0072  memory: 6182  loss: 2.7238  decode.loss_ce: 1.9057  decode.acc_seg: 72.0333  aux.loss_ce: 0.8181  aux.acc_seg: 62.4570
2026/04/25 20:16:49 - mmengine - INFO - Iter(train) [ 5340/16000]  lr: 4.1267e-05  eta: 0:59:51  time: 0.3286  data_time: 0.0072  memory: 6182  loss: 2.9299  decode.loss_ce: 2.0695  decode.acc_seg: 23.3078  aux.loss_ce: 0.8604  aux.acc_seg: 23.6676
2026/04/25 20:16:56 - mmengine - INFO - Iter(train) [ 5360/16000]  lr: 4.1190e-05  eta: 0:59:44  time: 0.3440  data_time: 0.0072  memory: 6182  loss: 2.6626  decode.loss_ce: 1.8546  decode.acc_seg: 42.0330  aux.loss_ce: 0.8080  aux.acc_seg: 41.5042
2026/04/25 20:17:03 - mmengine - INFO - Iter(train) [ 5380/16000]  lr: 4.1112e-05  eta: 0:59:38  time: 0.3348  data_time: 0.0072  memory: 6182  loss: 2.5211  decode.loss_ce: 1.7515  decode.acc_seg: 46.5540  aux.loss_ce: 0.7696  aux.acc_seg: 45.0994
2026/04/25 20:17:10 - mmengine - INFO - Iter(train) [ 5400/16000]  lr: 4.1035e-05  eta: 0:59:31  time: 0.3352  data_time: 0.0072  memory: 6182  loss: 2.5581  decode.loss_ce: 1.7544  decode.acc_seg: 56.9081  aux.loss_ce: 0.8037  aux.acc_seg: 34.8692
2026/04/25 20:17:16 - mmengine - INFO - Iter(train) [ 5420/16000]  lr: 4.0957e-05  eta: 0:59:24  time: 0.3288  data_time: 0.0069  memory: 6182  loss: 2.6409  decode.loss_ce: 1.8329  decode.acc_seg: 75.0116  aux.loss_ce: 0.8080  aux.acc_seg: 71.3960
2026/04/25 20:17:23 - mmengine - INFO - Iter(train) [ 5440/16000]  lr: 4.0880e-05  eta: 0:59:17  time: 0.3396  data_time: 0.0071  memory: 6182  loss: 2.3370  decode.loss_ce: 1.5911  decode.acc_seg: 40.6676  aux.loss_ce: 0.7459  aux.acc_seg: 32.1879
2026/04/25 20:17:30 - mmengine - INFO - Iter(train) [ 5460/16000]  lr: 4.0803e-05  eta: 0:59:10  time: 0.3367  data_time: 0.0073  memory: 6182  loss: 2.8455  decode.loss_ce: 1.9825  decode.acc_seg: 55.5697  aux.loss_ce: 0.8630  aux.acc_seg: 50.8271
2026/04/25 20:17:36 - mmengine - INFO - Iter(train) [ 5480/16000]  lr: 4.0725e-05  eta: 0:59:03  time: 0.3281  data_time: 0.0071  memory: 6182  loss: 3.3892  decode.loss_ce: 2.3657  decode.acc_seg: 30.0710  aux.loss_ce: 1.0234  aux.acc_seg: 21.9530
2026/04/25 20:17:43 - mmengine - INFO - Iter(train) [ 5500/16000]  lr: 4.0648e-05  eta: 0:58:56  time: 0.3360  data_time: 0.0073  memory: 6182  loss: 2.6303  decode.loss_ce: 1.8139  decode.acc_seg: 21.2525  aux.loss_ce: 0.8164  aux.acc_seg: 12.3457
2026/04/25 20:17:49 - mmengine - INFO - Iter(train) [ 5520/16000]  lr: 4.0570e-05  eta: 0:58:49  time: 0.3299  data_time: 0.0073  memory: 6182  loss: 2.6578  decode.loss_ce: 1.8291  decode.acc_seg: 56.8189  aux.loss_ce: 0.8287  aux.acc_seg: 50.6428
2026/04/25 20:17:56 - mmengine - INFO - Iter(train) [ 5540/16000]  lr: 4.0493e-05  eta: 0:58:43  time: 0.3309  data_time: 0.0073  memory: 6182  loss: 2.1005  decode.loss_ce: 1.4604  decode.acc_seg: 85.1320  aux.loss_ce: 0.6401  aux.acc_seg: 80.4406
2026/04/25 20:18:03 - mmengine - INFO - Iter(train) [ 5560/16000]  lr: 4.0416e-05  eta: 0:58:36  time: 0.3558  data_time: 0.0073  memory: 6182  loss: 2.6659  decode.loss_ce: 1.8594  decode.acc_seg: 57.7649  aux.loss_ce: 0.8065  aux.acc_seg: 44.0626
2026/04/25 20:18:10 - mmengine - INFO - Iter(train) [ 5580/16000]  lr: 4.0338e-05  eta: 0:58:29  time: 0.3316  data_time: 0.0072  memory: 6182  loss: 3.1116  decode.loss_ce: 2.1526  decode.acc_seg: 17.3475  aux.loss_ce: 0.9591  aux.acc_seg: 17.0154
2026/04/25 20:18:16 - mmengine - INFO - Iter(train) [ 5600/16000]  lr: 4.0261e-05  eta: 0:58:23  time: 0.3386  data_time: 0.0072  memory: 6182  loss: 3.0871  decode.loss_ce: 2.1523  decode.acc_seg: 82.8745  aux.loss_ce: 0.9348  aux.acc_seg: 80.3875
2026/04/25 20:18:23 - mmengine - INFO - Iter(train) [ 5620/16000]  lr: 4.0183e-05  eta: 0:58:16  time: 0.3343  data_time: 0.0072  memory: 6182  loss: 2.6300  decode.loss_ce: 1.8204  decode.acc_seg: 78.2197  aux.loss_ce: 0.8096  aux.acc_seg: 77.4114
2026/04/25 20:18:30 - mmengine - INFO - Iter(train) [ 5640/16000]  lr: 4.0106e-05  eta: 0:58:09  time: 0.3329  data_time: 0.0072  memory: 6182  loss: 3.1020  decode.loss_ce: 2.1623  decode.acc_seg: 57.9169  aux.loss_ce: 0.9397  aux.acc_seg: 55.4415
2026/04/25 20:18:36 - mmengine - INFO - Iter(train) [ 5660/16000]  lr: 4.0028e-05  eta: 0:58:02  time: 0.3274  data_time: 0.0071  memory: 6182  loss: 3.0790  decode.loss_ce: 2.1463  decode.acc_seg: 55.2051  aux.loss_ce: 0.9327  aux.acc_seg: 39.9198
2026/04/25 20:18:43 - mmengine - INFO - Iter(train) [ 5680/16000]  lr: 3.9951e-05  eta: 0:57:55  time: 0.3407  data_time: 0.0072  memory: 6182  loss: 2.5912  decode.loss_ce: 1.8045  decode.acc_seg: 67.8001  aux.loss_ce: 0.7867  aux.acc_seg: 63.1911
2026/04/25 20:18:50 - mmengine - INFO - Iter(train) [ 5700/16000]  lr: 3.9874e-05  eta: 0:57:48  time: 0.3301  data_time: 0.0071  memory: 6182  loss: 2.6567  decode.loss_ce: 1.8553  decode.acc_seg: 65.9144  aux.loss_ce: 0.8014  aux.acc_seg: 58.4440
2026/04/25 20:18:56 - mmengine - INFO - Iter(train) [ 5720/16000]  lr: 3.9796e-05  eta: 0:57:41  time: 0.3296  data_time: 0.0070  memory: 6182  loss: 2.3751  decode.loss_ce: 1.6646  decode.acc_seg: 50.7875  aux.loss_ce: 0.7105  aux.acc_seg: 50.6492
2026/04/25 20:19:03 - mmengine - INFO - Iter(train) [ 5740/16000]  lr: 3.9719e-05  eta: 0:57:35  time: 0.3365  data_time: 0.0070  memory: 6182  loss: 3.0919  decode.loss_ce: 2.1848  decode.acc_seg: 48.9489  aux.loss_ce: 0.9070  aux.acc_seg: 49.5782
2026/04/25 20:19:10 - mmengine - INFO - Iter(train) [ 5760/16000]  lr: 3.9641e-05  eta: 0:57:28  time: 0.3291  data_time: 0.0071  memory: 6182  loss: 3.1059  decode.loss_ce: 2.1557  decode.acc_seg: 64.9862  aux.loss_ce: 0.9502  aux.acc_seg: 52.3719
2026/04/25 20:19:17 - mmengine - INFO - Iter(train) [ 5780/16000]  lr: 3.9564e-05  eta: 0:57:21  time: 0.3358  data_time: 0.0070  memory: 6182  loss: 2.7672  decode.loss_ce: 1.8999  decode.acc_seg: 27.2937  aux.loss_ce: 0.8673  aux.acc_seg: 27.3970
2026/04/25 20:19:23 - mmengine - INFO - Iter(train) [ 5800/16000]  lr: 3.9486e-05  eta: 0:57:14  time: 0.3354  data_time: 0.0069  memory: 6182  loss: 2.7239  decode.loss_ce: 1.8666  decode.acc_seg: 59.2856  aux.loss_ce: 0.8573  aux.acc_seg: 45.0449
2026/04/25 20:19:30 - mmengine - INFO - Iter(train) [ 5820/16000]  lr: 3.9409e-05  eta: 0:57:07  time: 0.3430  data_time: 0.0072  memory: 6182  loss: 3.1054  decode.loss_ce: 2.1820  decode.acc_seg: 60.1882  aux.loss_ce: 0.9234  aux.acc_seg: 40.9457
2026/04/25 20:19:37 - mmengine - INFO - Iter(train) [ 5840/16000]  lr: 3.9332e-05  eta: 0:57:01  time: 0.3395  data_time: 0.0068  memory: 6182  loss: 3.2616  decode.loss_ce: 2.2580  decode.acc_seg: 34.3293  aux.loss_ce: 1.0035  aux.acc_seg: 33.7085
2026/04/25 20:19:43 - mmengine - INFO - Iter(train) [ 5860/16000]  lr: 3.9254e-05  eta: 0:56:54  time: 0.3366  data_time: 0.0069  memory: 6182  loss: 2.4376  decode.loss_ce: 1.6741  decode.acc_seg: 53.6066  aux.loss_ce: 0.7635  aux.acc_seg: 34.4917
2026/04/25 20:19:50 - mmengine - INFO - Iter(train) [ 5880/16000]  lr: 3.9177e-05  eta: 0:56:47  time: 0.3336  data_time: 0.0069  memory: 6182  loss: 2.9746  decode.loss_ce: 2.0320  decode.acc_seg: 45.7198  aux.loss_ce: 0.9426  aux.acc_seg: 31.6367
2026/04/25 20:19:57 - mmengine - INFO - Iter(train) [ 5900/16000]  lr: 3.9099e-05  eta: 0:56:40  time: 0.3439  data_time: 0.0068  memory: 6182  loss: 2.3413  decode.loss_ce: 1.6135  decode.acc_seg: 65.0333  aux.loss_ce: 0.7277  aux.acc_seg: 62.0431
2026/04/25 20:20:03 - mmengine - INFO - Iter(train) [ 5920/16000]  lr: 3.9022e-05  eta: 0:56:33  time: 0.3380  data_time: 0.0086  memory: 6182  loss: 2.9011  decode.loss_ce: 2.0083  decode.acc_seg: 52.7751  aux.loss_ce: 0.8928  aux.acc_seg: 54.3748
2026/04/25 20:20:10 - mmengine - INFO - Iter(train) [ 5940/16000]  lr: 3.8944e-05  eta: 0:56:27  time: 0.3303  data_time: 0.0071  memory: 6182  loss: 3.1931  decode.loss_ce: 2.2363  decode.acc_seg: 31.3655  aux.loss_ce: 0.9569  aux.acc_seg: 17.3960
2026/04/25 20:20:17 - mmengine - INFO - Iter(train) [ 5960/16000]  lr: 3.8867e-05  eta: 0:56:20  time: 0.3393  data_time: 0.0069  memory: 6182  loss: 2.3236  decode.loss_ce: 1.6211  decode.acc_seg: 26.7396  aux.loss_ce: 0.7025  aux.acc_seg: 28.6882
2026/04/25 20:20:24 - mmengine - INFO - Iter(train) [ 5980/16000]  lr: 3.8790e-05  eta: 0:56:13  time: 0.3398  data_time: 0.0070  memory: 6182  loss: 2.5280  decode.loss_ce: 1.7781  decode.acc_seg: 75.7511  aux.loss_ce: 0.7499  aux.acc_seg: 76.9462
2026/04/25 20:20:30 - mmengine - INFO - Exp name: pvmamba_tiny_upernet_ade20k_base_random_16000_fixrelu_20260425_194434
2026/04/25 20:20:30 - mmengine - INFO - Iter(train) [ 6000/16000]  lr: 3.8712e-05  eta: 0:56:06  time: 0.3340  data_time: 0.0069  memory: 6182  loss: 3.0061  decode.loss_ce: 2.0815  decode.acc_seg: 82.5831  aux.loss_ce: 0.9246  aux.acc_seg: 69.3134
2026/04/25 20:20:37 - mmengine - INFO - Iter(train) [ 6020/16000]  lr: 3.8635e-05  eta: 0:56:00  time: 0.3278  data_time: 0.0068  memory: 6182  loss: 2.5955  decode.loss_ce: 1.7920  decode.acc_seg: 66.1811  aux.loss_ce: 0.8035  aux.acc_seg: 60.5409
2026/04/25 20:20:44 - mmengine - INFO - Iter(train) [ 6040/16000]  lr: 3.8557e-05  eta: 0:55:53  time: 0.3268  data_time: 0.0069  memory: 6182  loss: 2.5731  decode.loss_ce: 1.7779  decode.acc_seg: 45.5846  aux.loss_ce: 0.7952  aux.acc_seg: 48.0751
2026/04/25 20:20:50 - mmengine - INFO - Iter(train) [ 6060/16000]  lr: 3.8480e-05  eta: 0:55:46  time: 0.3305  data_time: 0.0070  memory: 6182  loss: 2.6762  decode.loss_ce: 1.8629  decode.acc_seg: 78.8618  aux.loss_ce: 0.8132  aux.acc_seg: 77.0676
2026/04/25 20:20:57 - mmengine - INFO - Iter(train) [ 6080/16000]  lr: 3.8402e-05  eta: 0:55:39  time: 0.3350  data_time: 0.0071  memory: 6182  loss: 2.3291  decode.loss_ce: 1.6224  decode.acc_seg: 38.7952  aux.loss_ce: 0.7066  aux.acc_seg: 48.3527
2026/04/25 20:21:03 - mmengine - INFO - Iter(train) [ 6100/16000]  lr: 3.8325e-05  eta: 0:55:32  time: 0.3315  data_time: 0.0074  memory: 6182  loss: 2.4603  decode.loss_ce: 1.7017  decode.acc_seg: 46.8210  aux.loss_ce: 0.7586  aux.acc_seg: 37.7619
2026/04/25 20:21:10 - mmengine - INFO - Iter(train) [ 6120/16000]  lr: 3.8248e-05  eta: 0:55:25  time: 0.3338  data_time: 0.0075  memory: 6182  loss: 2.6826  decode.loss_ce: 1.8527  decode.acc_seg: 56.0945  aux.loss_ce: 0.8300  aux.acc_seg: 56.8760
2026/04/25 20:21:17 - mmengine - INFO - Iter(train) [ 6140/16000]  lr: 3.8170e-05  eta: 0:55:18  time: 0.3414  data_time: 0.0071  memory: 6182  loss: 2.6272  decode.loss_ce: 1.8118  decode.acc_seg: 20.8451  aux.loss_ce: 0.8153  aux.acc_seg: 21.9866
2026/04/25 20:21:23 - mmengine - INFO - Iter(train) [ 6160/16000]  lr: 3.8093e-05  eta: 0:55:11  time: 0.3309  data_time: 0.0070  memory: 6182  loss: 2.2978  decode.loss_ce: 1.5841  decode.acc_seg: 27.4742  aux.loss_ce: 0.7138  aux.acc_seg: 25.7472
2026/04/25 20:21:30 - mmengine - INFO - Iter(train) [ 6180/16000]  lr: 3.8015e-05  eta: 0:55:05  time: 0.3337  data_time: 0.0070  memory: 6182  loss: 2.7979  decode.loss_ce: 1.9527  decode.acc_seg: 40.4170  aux.loss_ce: 0.8451  aux.acc_seg: 44.8589
2026/04/25 20:21:37 - mmengine - INFO - Iter(train) [ 6200/16000]  lr: 3.7938e-05  eta: 0:54:58  time: 0.3264  data_time: 0.0071  memory: 6182  loss: 2.5416  decode.loss_ce: 1.7474  decode.acc_seg: 64.3895  aux.loss_ce: 0.7942  aux.acc_seg: 61.0547
2026/04/25 20:21:43 - mmengine - INFO - Iter(train) [ 6220/16000]  lr: 3.7861e-05  eta: 0:54:51  time: 0.3276  data_time: 0.0072  memory: 6182  loss: 2.8307  decode.loss_ce: 1.9524  decode.acc_seg: 34.0777  aux.loss_ce: 0.8782  aux.acc_seg: 31.6790
2026/04/25 20:21:50 - mmengine - INFO - Iter(train) [ 6240/16000]  lr: 3.7783e-05  eta: 0:54:44  time: 0.3296  data_time: 0.0071  memory: 6182  loss: 2.6811  decode.loss_ce: 1.8575  decode.acc_seg: 77.9505  aux.loss_ce: 0.8236  aux.acc_seg: 66.1921
2026/04/25 20:21:57 - mmengine - INFO - Iter(train) [ 6260/16000]  lr: 3.7706e-05  eta: 0:54:37  time: 0.3303  data_time: 0.0073  memory: 6182  loss: 3.2254  decode.loss_ce: 2.2389  decode.acc_seg: 2.3974  aux.loss_ce: 0.9865  aux.acc_seg: 1.0514
2026/04/25 20:22:03 - mmengine - INFO - Iter(train) [ 6280/16000]  lr: 3.7628e-05  eta: 0:54:30  time: 0.3276  data_time: 0.0071  memory: 6182  loss: 2.9090  decode.loss_ce: 2.0281  decode.acc_seg: 63.8954  aux.loss_ce: 0.8809  aux.acc_seg: 67.0911
2026/04/25 20:22:10 - mmengine - INFO - Iter(train) [ 6300/16000]  lr: 3.7551e-05  eta: 0:54:23  time: 0.3350  data_time: 0.0069  memory: 6182  loss: 2.7172  decode.loss_ce: 1.8940  decode.acc_seg: 73.5925  aux.loss_ce: 0.8232  aux.acc_seg: 64.1553
2026/04/25 20:22:16 - mmengine - INFO - Iter(train) [ 6320/16000]  lr: 3.7473e-05  eta: 0:54:16  time: 0.3280  data_time: 0.0069  memory: 6182  loss: 2.6259  decode.loss_ce: 1.8286  decode.acc_seg: 31.1950  aux.loss_ce: 0.7973  aux.acc_seg: 25.0357
2026/04/25 20:22:23 - mmengine - INFO - Iter(train) [ 6340/16000]  lr: 3.7396e-05  eta: 0:54:09  time: 0.3270  data_time: 0.0070  memory: 6182  loss: 2.5431  decode.loss_ce: 1.7572  decode.acc_seg: 71.3254  aux.loss_ce: 0.7859  aux.acc_seg: 64.6752
2026/04/25 20:22:30 - mmengine - INFO - Iter(train) [ 6360/16000]  lr: 3.7319e-05  eta: 0:54:02  time: 0.3296  data_time: 0.0068  memory: 6182  loss: 2.2168  decode.loss_ce: 1.5235  decode.acc_seg: 50.1056  aux.loss_ce: 0.6934  aux.acc_seg: 43.7680
2026/04/25 20:22:36 - mmengine - INFO - Iter(train) [ 6380/16000]  lr: 3.7241e-05  eta: 0:53:55  time: 0.3290  data_time: 0.0068  memory: 6182  loss: 1.9673  decode.loss_ce: 1.3449  decode.acc_seg: 36.2395  aux.loss_ce: 0.6224  aux.acc_seg: 21.4391
2026/04/25 20:22:43 - mmengine - INFO - Iter(train) [ 6400/16000]  lr: 3.7164e-05  eta: 0:53:48  time: 0.3287  data_time: 0.0069  memory: 6182  loss: 2.8049  decode.loss_ce: 1.9214  decode.acc_seg: 51.7847  aux.loss_ce: 0.8835  aux.acc_seg: 42.4952
2026/04/25 20:22:50 - mmengine - INFO - Iter(train) [ 6420/16000]  lr: 3.7086e-05  eta: 0:53:42  time: 0.3387  data_time: 0.0078  memory: 6182  loss: 2.9961  decode.loss_ce: 2.0820  decode.acc_seg: 11.2584  aux.loss_ce: 0.9141  aux.acc_seg: 13.4492
2026/04/25 20:22:56 - mmengine - INFO - Iter(train) [ 6440/16000]  lr: 3.7009e-05  eta: 0:53:35  time: 0.3275  data_time: 0.0070  memory: 6182  loss: 2.9095  decode.loss_ce: 2.0489  decode.acc_seg: 70.7838  aux.loss_ce: 0.8606  aux.acc_seg: 57.8169
2026/04/25 20:23:03 - mmengine - INFO - Iter(train) [ 6460/16000]  lr: 3.6931e-05  eta: 0:53:28  time: 0.3331  data_time: 0.0070  memory: 6182  loss: 3.8450  decode.loss_ce: 2.6928  decode.acc_seg: 25.4925  aux.loss_ce: 1.1522  aux.acc_seg: 24.9854
2026/04/25 20:23:09 - mmengine - INFO - Iter(train) [ 6480/16000]  lr: 3.6854e-05  eta: 0:53:21  time: 0.3306  data_time: 0.0073  memory: 6182  loss: 2.9149  decode.loss_ce: 2.0320  decode.acc_seg: 51.8029  aux.loss_ce: 0.8830  aux.acc_seg: 48.5654
2026/04/25 20:23:16 - mmengine - INFO - Iter(train) [ 6500/16000]  lr: 3.6777e-05  eta: 0:53:14  time: 0.3292  data_time: 0.0071  memory: 6182  loss: 3.1404  decode.loss_ce: 2.1701  decode.acc_seg: 45.8120  aux.loss_ce: 0.9704  aux.acc_seg: 33.3326
2026/04/25 20:23:23 - mmengine - INFO - Iter(train) [ 6520/16000]  lr: 3.6699e-05  eta: 0:53:07  time: 0.3274  data_time: 0.0069  memory: 6182  loss: 3.1962  decode.loss_ce: 2.2184  decode.acc_seg: 33.0581  aux.loss_ce: 0.9778  aux.acc_seg: 29.0843
2026/04/25 20:23:29 - mmengine - INFO - Iter(train) [ 6540/16000]  lr: 3.6622e-05  eta: 0:53:00  time: 0.3293  data_time: 0.0070  memory: 6182  loss: 2.6885  decode.loss_ce: 1.8762  decode.acc_seg: 45.7097  aux.loss_ce: 0.8123  aux.acc_seg: 43.8304
2026/04/25 20:23:36 - mmengine - INFO - Iter(train) [ 6560/16000]  lr: 3.6544e-05  eta: 0:52:53  time: 0.3291  data_time: 0.0069  memory: 6182  loss: 2.4694  decode.loss_ce: 1.6991  decode.acc_seg: 27.3965  aux.loss_ce: 0.7702  aux.acc_seg: 32.7516
2026/04/25 20:23:42 - mmengine - INFO - Iter(train) [ 6580/16000]  lr: 3.6467e-05  eta: 0:52:47  time: 0.3300  data_time: 0.0068  memory: 6182  loss: 2.8582  decode.loss_ce: 1.9767  decode.acc_seg: 55.4050  aux.loss_ce: 0.8815  aux.acc_seg: 54.3302
2026/04/25 20:23:49 - mmengine - INFO - Iter(train) [ 6600/16000]  lr: 3.6389e-05  eta: 0:52:40  time: 0.3260  data_time: 0.0069  memory: 6182  loss: 3.2798  decode.loss_ce: 2.3270  decode.acc_seg: 43.4901  aux.loss_ce: 0.9528  aux.acc_seg: 41.3583
2026/04/25 20:23:56 - mmengine - INFO - Iter(train) [ 6620/16000]  lr: 3.6312e-05  eta: 0:52:33  time: 0.3280  data_time: 0.0068  memory: 6182  loss: 2.6027  decode.loss_ce: 1.8228  decode.acc_seg: 16.1602  aux.loss_ce: 0.7799  aux.acc_seg: 12.1121
2026/04/25 20:24:02 - mmengine - INFO - Iter(train) [ 6640/16000]  lr: 3.6235e-05  eta: 0:52:26  time: 0.3277  data_time: 0.0071  memory: 6182  loss: 3.1074  decode.loss_ce: 2.1454  decode.acc_seg: 24.0912  aux.loss_ce: 0.9620  aux.acc_seg: 19.2648
2026/04/25 20:24:09 - mmengine - INFO - Iter(train) [ 6660/16000]  lr: 3.6157e-05  eta: 0:52:19  time: 0.3410  data_time: 0.0072  memory: 6182  loss: 2.1605  decode.loss_ce: 1.4805  decode.acc_seg: 66.0979  aux.loss_ce: 0.6800  aux.acc_seg: 49.3582
2026/04/25 20:24:16 - mmengine - INFO - Iter(train) [ 6680/16000]  lr: 3.6080e-05  eta: 0:52:12  time: 0.3272  data_time: 0.0072  memory: 6182  loss: 2.3808  decode.loss_ce: 1.6340  decode.acc_seg: 18.9841  aux.loss_ce: 0.7468  aux.acc_seg: 17.5291
2026/04/25 20:24:22 - mmengine - INFO - Iter(train) [ 6700/16000]  lr: 3.6002e-05  eta: 0:52:05  time: 0.3275  data_time: 0.0071  memory: 6182  loss: 3.2914  decode.loss_ce: 2.3045  decode.acc_seg: 51.5033  aux.loss_ce: 0.9869  aux.acc_seg: 39.4800
2026/04/25 20:24:29 - mmengine - INFO - Iter(train) [ 6720/16000]  lr: 3.5925e-05  eta: 0:51:58  time: 0.3262  data_time: 0.0068  memory: 6182  loss: 2.4966  decode.loss_ce: 1.7415  decode.acc_seg: 71.6836  aux.loss_ce: 0.7550  aux.acc_seg: 64.5443
2026/04/25 20:24:35 - mmengine - INFO - Iter(train) [ 6740/16000]  lr: 3.5847e-05  eta: 0:51:52  time: 0.3451  data_time: 0.0077  memory: 6182  loss: 2.8311  decode.loss_ce: 1.9773  decode.acc_seg: 3.0488  aux.loss_ce: 0.8538  aux.acc_seg: 4.1976
2026/04/25 20:24:42 - mmengine - INFO - Iter(train) [ 6760/16000]  lr: 3.5770e-05  eta: 0:51:45  time: 0.3275  data_time: 0.0069  memory: 6182  loss: 3.3691  decode.loss_ce: 2.3264  decode.acc_seg: 32.8943  aux.loss_ce: 1.0428  aux.acc_seg: 11.9357
2026/04/25 20:24:49 - mmengine - INFO - Iter(train) [ 6780/16000]  lr: 3.5693e-05  eta: 0:51:38  time: 0.3300  data_time: 0.0073  memory: 6182  loss: 2.7113  decode.loss_ce: 1.8975  decode.acc_seg: 34.5203  aux.loss_ce: 0.8138  aux.acc_seg: 40.1115
2026/04/25 20:24:55 - mmengine - INFO - Iter(train) [ 6800/16000]  lr: 3.5615e-05  eta: 0:51:31  time: 0.3363  data_time: 0.0071  memory: 6182  loss: 2.5701  decode.loss_ce: 1.7754  decode.acc_seg: 63.8838  aux.loss_ce: 0.7948  aux.acc_seg: 63.4746
2026/04/25 20:25:02 - mmengine - INFO - Iter(train) [ 6820/16000]  lr: 3.5538e-05  eta: 0:51:24  time: 0.3283  data_time: 0.0070  memory: 6182  loss: 2.5630  decode.loss_ce: 1.7836  decode.acc_seg: 19.6537  aux.loss_ce: 0.7794  aux.acc_seg: 18.1905
2026/04/25 20:25:09 - mmengine - INFO - Iter(train) [ 6840/16000]  lr: 3.5460e-05  eta: 0:51:18  time: 0.3309  data_time: 0.0070  memory: 6182  loss: 2.6009  decode.loss_ce: 1.8165  decode.acc_seg: 57.7175  aux.loss_ce: 0.7845  aux.acc_seg: 55.3851
2026/04/25 20:25:15 - mmengine - INFO - Iter(train) [ 6860/16000]  lr: 3.5383e-05  eta: 0:51:11  time: 0.3275  data_time: 0.0071  memory: 6182  loss: 2.8412  decode.loss_ce: 1.9554  decode.acc_seg: 38.4436  aux.loss_ce: 0.8858  aux.acc_seg: 39.6298
2026/04/25 20:25:22 - mmengine - INFO - Iter(train) [ 6880/16000]  lr: 3.5306e-05  eta: 0:51:04  time: 0.3307  data_time: 0.0070  memory: 6182  loss: 2.5280  decode.loss_ce: 1.7268  decode.acc_seg: 65.3001  aux.loss_ce: 0.8011  aux.acc_seg: 64.8605
2026/04/25 20:25:29 - mmengine - INFO - Iter(train) [ 6900/16000]  lr: 3.5228e-05  eta: 0:50:57  time: 0.3430  data_time: 0.0059  memory: 6182  loss: 3.3382  decode.loss_ce: 2.3143  decode.acc_seg: 51.1932  aux.loss_ce: 1.0239  aux.acc_seg: 47.7340
2026/04/25 20:25:35 - mmengine - INFO - Iter(train) [ 6920/16000]  lr: 3.5151e-05  eta: 0:50:50  time: 0.3278  data_time: 0.0058  memory: 6182  loss: 2.1851  decode.loss_ce: 1.5207  decode.acc_seg: 56.1934  aux.loss_ce: 0.6644  aux.acc_seg: 55.6225
2026/04/25 20:25:42 - mmengine - INFO - Iter(train) [ 6940/16000]  lr: 3.5073e-05  eta: 0:50:43  time: 0.3271  data_time: 0.0057  memory: 6182  loss: 2.9730  decode.loss_ce: 2.0661  decode.acc_seg: 79.7392  aux.loss_ce: 0.9070  aux.acc_seg: 42.4639
2026/04/25 20:25:48 - mmengine - INFO - Iter(train) [ 6960/16000]  lr: 3.4996e-05  eta: 0:50:36  time: 0.3275  data_time: 0.0056  memory: 6182  loss: 2.9901  decode.loss_ce: 2.0718  decode.acc_seg: 6.1227  aux.loss_ce: 0.9183  aux.acc_seg: 10.3508
2026/04/25 20:25:55 - mmengine - INFO - Iter(train) [ 6980/16000]  lr: 3.4918e-05  eta: 0:50:29  time: 0.3278  data_time: 0.0056  memory: 6182  loss: 2.0152  decode.loss_ce: 1.3816  decode.acc_seg: 65.9008  aux.loss_ce: 0.6336  aux.acc_seg: 46.1082
2026/04/25 20:26:01 - mmengine - INFO - Exp name: pvmamba_tiny_upernet_ade20k_base_random_16000_fixrelu_20260425_194434
2026/04/25 20:26:01 - mmengine - INFO - Iter(train) [ 7000/16000]  lr: 3.4841e-05  eta: 0:50:23  time: 0.3291  data_time: 0.0057  memory: 6182  loss: 2.4943  decode.loss_ce: 1.7200  decode.acc_seg: 7.8341  aux.loss_ce: 0.7744  aux.acc_seg: 6.8914
2026/04/25 20:26:08 - mmengine - INFO - Iter(train) [ 7020/16000]  lr: 3.4764e-05  eta: 0:50:16  time: 0.3274  data_time: 0.0058  memory: 6182  loss: 2.5301  decode.loss_ce: 1.7580  decode.acc_seg: 27.2786  aux.loss_ce: 0.7722  aux.acc_seg: 24.8988
2026/04/25 20:26:15 - mmengine - INFO - Iter(train) [ 7040/16000]  lr: 3.4686e-05  eta: 0:50:09  time: 0.3288  data_time: 0.0056  memory: 6182  loss: 2.9608  decode.loss_ce: 2.0652  decode.acc_seg: 23.4059  aux.loss_ce: 0.8956  aux.acc_seg: 21.4052
2026/04/25 20:26:21 - mmengine - INFO - Iter(train) [ 7060/16000]  lr: 3.4609e-05  eta: 0:50:02  time: 0.3267  data_time: 0.0055  memory: 6182  loss: 2.5625  decode.loss_ce: 1.7825  decode.acc_seg: 67.2396  aux.loss_ce: 0.7801  aux.acc_seg: 64.7923
2026/04/25 20:26:28 - mmengine - INFO - Iter(train) [ 7080/16000]  lr: 3.4531e-05  eta: 0:49:55  time: 0.3324  data_time: 0.0056  memory: 6182  loss: 2.8732  decode.loss_ce: 1.9857  decode.acc_seg: 59.8159  aux.loss_ce: 0.8875  aux.acc_seg: 46.7801
2026/04/25 20:26:34 - mmengine - INFO - Iter(train) [ 7100/16000]  lr: 3.4454e-05  eta: 0:49:48  time: 0.3315  data_time: 0.0057  memory: 6182  loss: 2.8382  decode.loss_ce: 1.9743  decode.acc_seg: 53.2627  aux.loss_ce: 0.8639  aux.acc_seg: 28.3652
2026/04/25 20:26:41 - mmengine - INFO - Iter(train) [ 7120/16000]  lr: 3.4376e-05  eta: 0:49:42  time: 0.3413  data_time: 0.0057  memory: 6182  loss: 2.7596  decode.loss_ce: 1.9611  decode.acc_seg: 43.3095  aux.loss_ce: 0.7986  aux.acc_seg: 42.5951
2026/04/25 20:26:48 - mmengine - INFO - Iter(train) [ 7140/16000]  lr: 3.4299e-05  eta: 0:49:35  time: 0.3265  data_time: 0.0057  memory: 6182  loss: 2.5491  decode.loss_ce: 1.7492  decode.acc_seg: 56.5880  aux.loss_ce: 0.8000  aux.acc_seg: 65.2269
2026/04/25 20:26:54 - mmengine - INFO - Iter(train) [ 7160/16000]  lr: 3.4222e-05  eta: 0:49:28  time: 0.3330  data_time: 0.0057  memory: 6182  loss: 2.4579  decode.loss_ce: 1.6881  decode.acc_seg: 39.5211  aux.loss_ce: 0.7698  aux.acc_seg: 38.8513
2026/04/25 20:27:01 - mmengine - INFO - Iter(train) [ 7180/16000]  lr: 3.4144e-05  eta: 0:49:21  time: 0.3294  data_time: 0.0056  memory: 6182  loss: 2.2383  decode.loss_ce: 1.5107  decode.acc_seg: 68.8594  aux.loss_ce: 0.7276  aux.acc_seg: 62.5227
2026/04/25 20:27:08 - mmengine - INFO - Iter(train) [ 7200/16000]  lr: 3.4067e-05  eta: 0:49:14  time: 0.3325  data_time: 0.0055  memory: 6182  loss: 2.9189  decode.loss_ce: 2.0188  decode.acc_seg: 53.5265  aux.loss_ce: 0.9000  aux.acc_seg: 50.2560
2026/04/25 20:27:14 - mmengine - INFO - Iter(train) [ 7220/16000]  lr: 3.3989e-05  eta: 0:49:07  time: 0.3361  data_time: 0.0056  memory: 6182  loss: 2.5294  decode.loss_ce: 1.7727  decode.acc_seg: 7.0999  aux.loss_ce: 0.7568  aux.acc_seg: 16.8958
2026/04/25 20:27:21 - mmengine - INFO - Iter(train) [ 7240/16000]  lr: 3.3912e-05  eta: 0:49:01  time: 0.3266  data_time: 0.0056  memory: 6182  loss: 2.4833  decode.loss_ce: 1.7324  decode.acc_seg: 64.9227  aux.loss_ce: 0.7509  aux.acc_seg: 66.0835
2026/04/25 20:27:28 - mmengine - INFO - Iter(train) [ 7260/16000]  lr: 3.3834e-05  eta: 0:48:54  time: 0.3320  data_time: 0.0056  memory: 6182  loss: 2.7783  decode.loss_ce: 1.9174  decode.acc_seg: 23.3583  aux.loss_ce: 0.8609  aux.acc_seg: 15.8476
2026/04/25 20:27:34 - mmengine - INFO - Iter(train) [ 7280/16000]  lr: 3.3757e-05  eta: 0:48:47  time: 0.3280  data_time: 0.0056  memory: 6182  loss: 2.6556  decode.loss_ce: 1.8392  decode.acc_seg: 18.4539  aux.loss_ce: 0.8163  aux.acc_seg: 21.6065
2026/04/25 20:27:41 - mmengine - INFO - Iter(train) [ 7300/16000]  lr: 3.3680e-05  eta: 0:48:40  time: 0.3322  data_time: 0.0056  memory: 6182  loss: 2.6898  decode.loss_ce: 1.8755  decode.acc_seg: 57.1569  aux.loss_ce: 0.8143  aux.acc_seg: 57.0273
2026/04/25 20:27:48 - mmengine - INFO - Iter(train) [ 7320/16000]  lr: 3.3602e-05  eta: 0:48:33  time: 0.3289  data_time: 0.0057  memory: 6182  loss: 3.0145  decode.loss_ce: 2.0877  decode.acc_seg: 58.2501  aux.loss_ce: 0.9268  aux.acc_seg: 49.8484
2026/04/25 20:27:54 - mmengine - INFO - Iter(train) [ 7340/16000]  lr: 3.3525e-05  eta: 0:48:27  time: 0.3291  data_time: 0.0055  memory: 6182  loss: 3.1533  decode.loss_ce: 2.2286  decode.acc_seg: 36.0790  aux.loss_ce: 0.9247  aux.acc_seg: 14.0849
2026/04/25 20:28:01 - mmengine - INFO - Iter(train) [ 7360/16000]  lr: 3.3447e-05  eta: 0:48:20  time: 0.3251  data_time: 0.0055  memory: 6182  loss: 2.4452  decode.loss_ce: 1.7027  decode.acc_seg: 38.5261  aux.loss_ce: 0.7425  aux.acc_seg: 36.8839
2026/04/25 20:28:07 - mmengine - INFO - Iter(train) [ 7380/16000]  lr: 3.3370e-05  eta: 0:48:13  time: 0.3251  data_time: 0.0056  memory: 6182  loss: 2.1895  decode.loss_ce: 1.5024  decode.acc_seg: 46.0940  aux.loss_ce: 0.6870  aux.acc_seg: 46.7298
2026/04/25 20:28:14 - mmengine - INFO - Iter(train) [ 7400/16000]  lr: 3.3292e-05  eta: 0:48:06  time: 0.3287  data_time: 0.0056  memory: 6182  loss: 2.8787  decode.loss_ce: 2.0049  decode.acc_seg: 23.8459  aux.loss_ce: 0.8738  aux.acc_seg: 8.6797
2026/04/25 20:28:20 - mmengine - INFO - Iter(train) [ 7420/16000]  lr: 3.3215e-05  eta: 0:47:59  time: 0.3259  data_time: 0.0056  memory: 6182  loss: 2.6083  decode.loss_ce: 1.8062  decode.acc_seg: 57.5217  aux.loss_ce: 0.8021  aux.acc_seg: 41.0301
2026/04/25 20:28:27 - mmengine - INFO - Iter(train) [ 7440/16000]  lr: 3.3138e-05  eta: 0:47:52  time: 0.3256  data_time: 0.0055  memory: 6182  loss: 3.1435  decode.loss_ce: 2.1872  decode.acc_seg: 64.6720  aux.loss_ce: 0.9563  aux.acc_seg: 65.3562
2026/04/25 20:28:33 - mmengine - INFO - Iter(train) [ 7460/16000]  lr: 3.3060e-05  eta: 0:47:45  time: 0.3230  data_time: 0.0057  memory: 6182  loss: 2.7239  decode.loss_ce: 1.8878  decode.acc_seg: 5.8433  aux.loss_ce: 0.8360  aux.acc_seg: 4.2172
2026/04/25 20:28:40 - mmengine - INFO - Iter(train) [ 7480/16000]  lr: 3.2983e-05  eta: 0:47:38  time: 0.3321  data_time: 0.0054  memory: 6182  loss: 2.0069  decode.loss_ce: 1.3610  decode.acc_seg: 31.9902  aux.loss_ce: 0.6459  aux.acc_seg: 44.2741
2026/04/25 20:28:47 - mmengine - INFO - Iter(train) [ 7500/16000]  lr: 3.2905e-05  eta: 0:47:31  time: 0.3269  data_time: 0.0055  memory: 6182  loss: 2.6150  decode.loss_ce: 1.8170  decode.acc_seg: 61.5300  aux.loss_ce: 0.7980  aux.acc_seg: 59.8525
2026/04/25 20:28:53 - mmengine - INFO - Iter(train) [ 7520/16000]  lr: 3.2828e-05  eta: 0:47:25  time: 0.3239  data_time: 0.0056  memory: 6182  loss: 2.4033  decode.loss_ce: 1.6571  decode.acc_seg: 30.7425  aux.loss_ce: 0.7462  aux.acc_seg: 27.9997
2026/04/25 20:29:00 - mmengine - INFO - Iter(train) [ 7540/16000]  lr: 3.2751e-05  eta: 0:47:18  time: 0.3239  data_time: 0.0055  memory: 6182  loss: 3.2081  decode.loss_ce: 2.2144  decode.acc_seg: 53.0206  aux.loss_ce: 0.9937  aux.acc_seg: 17.0356
2026/04/25 20:29:06 - mmengine - INFO - Iter(train) [ 7560/16000]  lr: 3.2673e-05  eta: 0:47:11  time: 0.3278  data_time: 0.0057  memory: 6182  loss: 2.4191  decode.loss_ce: 1.6551  decode.acc_seg: 43.3688  aux.loss_ce: 0.7640  aux.acc_seg: 40.9946
2026/04/25 20:29:13 - mmengine - INFO - Iter(train) [ 7580/16000]  lr: 3.2596e-05  eta: 0:47:04  time: 0.3275  data_time: 0.0056  memory: 6182  loss: 2.4290  decode.loss_ce: 1.6727  decode.acc_seg: 72.4691  aux.loss_ce: 0.7562  aux.acc_seg: 60.8168
2026/04/25 20:29:19 - mmengine - INFO - Iter(train) [ 7600/16000]  lr: 3.2518e-05  eta: 0:46:57  time: 0.3286  data_time: 0.0055  memory: 6182  loss: 2.6632  decode.loss_ce: 1.8428  decode.acc_seg: 63.6518  aux.loss_ce: 0.8204  aux.acc_seg: 50.9540
2026/04/25 20:29:26 - mmengine - INFO - Iter(train) [ 7620/16000]  lr: 3.2441e-05  eta: 0:46:50  time: 0.3253  data_time: 0.0056  memory: 6182  loss: 2.5328  decode.loss_ce: 1.7611  decode.acc_seg: 36.5150  aux.loss_ce: 0.7717  aux.acc_seg: 36.0919
2026/04/25 20:29:32 - mmengine - INFO - Iter(train) [ 7640/16000]  lr: 3.2363e-05  eta: 0:46:43  time: 0.3295  data_time: 0.0055  memory: 6182  loss: 2.9266  decode.loss_ce: 2.0577  decode.acc_seg: 39.3588  aux.loss_ce: 0.8689  aux.acc_seg: 39.6515
2026/04/25 20:29:39 - mmengine - INFO - Iter(train) [ 7660/16000]  lr: 3.2286e-05  eta: 0:46:36  time: 0.3243  data_time: 0.0056  memory: 6182  loss: 2.6600  decode.loss_ce: 1.8351  decode.acc_seg: 67.8694  aux.loss_ce: 0.8249  aux.acc_seg: 62.0560
2026/04/25 20:29:46 - mmengine - INFO - Iter(train) [ 7680/16000]  lr: 3.2209e-05  eta: 0:46:30  time: 0.3317  data_time: 0.0056  memory: 6182  loss: 2.7591  decode.loss_ce: 1.9358  decode.acc_seg: 39.0312  aux.loss_ce: 0.8233  aux.acc_seg: 37.0539
2026/04/25 20:29:52 - mmengine - INFO - Iter(train) [ 7700/16000]  lr: 3.2131e-05  eta: 0:46:23  time: 0.3264  data_time: 0.0057  memory: 6182  loss: 2.6174  decode.loss_ce: 1.8115  decode.acc_seg: 31.0226  aux.loss_ce: 0.8059  aux.acc_seg: 43.3664
2026/04/25 20:29:59 - mmengine - INFO - Iter(train) [ 7720/16000]  lr: 3.2054e-05  eta: 0:46:16  time: 0.3302  data_time: 0.0058  memory: 6182  loss: 2.7360  decode.loss_ce: 1.8768  decode.acc_seg: 30.8503  aux.loss_ce: 0.8592  aux.acc_seg: 32.7446
2026/04/25 20:30:05 - mmengine - INFO - Iter(train) [ 7740/16000]  lr: 3.1976e-05  eta: 0:46:09  time: 0.3260  data_time: 0.0055  memory: 6182  loss: 3.3068  decode.loss_ce: 2.2959  decode.acc_seg: 40.9847  aux.loss_ce: 1.0108  aux.acc_seg: 40.7612
2026/04/25 20:30:12 - mmengine - INFO - Iter(train) [ 7760/16000]  lr: 3.1899e-05  eta: 0:46:02  time: 0.3310  data_time: 0.0056  memory: 6182  loss: 2.4559  decode.loss_ce: 1.6893  decode.acc_seg: 58.7426  aux.loss_ce: 0.7666  aux.acc_seg: 48.0236
2026/04/25 20:30:19 - mmengine - INFO - Iter(train) [ 7780/16000]  lr: 3.1821e-05  eta: 0:45:55  time: 0.3281  data_time: 0.0056  memory: 6182  loss: 2.8719  decode.loss_ce: 1.9872  decode.acc_seg: 19.5112  aux.loss_ce: 0.8847  aux.acc_seg: 18.6899
2026/04/25 20:30:25 - mmengine - INFO - Iter(train) [ 7800/16000]  lr: 3.1744e-05  eta: 0:45:48  time: 0.3255  data_time: 0.0057  memory: 6182  loss: 2.6033  decode.loss_ce: 1.8165  decode.acc_seg: 58.1029  aux.loss_ce: 0.7868  aux.acc_seg: 56.7587
2026/04/25 20:30:32 - mmengine - INFO - Iter(train) [ 7820/16000]  lr: 3.1667e-05  eta: 0:45:42  time: 0.3261  data_time: 0.0056  memory: 6182  loss: 2.4595  decode.loss_ce: 1.6830  decode.acc_seg: 55.1395  aux.loss_ce: 0.7765  aux.acc_seg: 51.7125
2026/04/25 20:30:38 - mmengine - INFO - Iter(train) [ 7840/16000]  lr: 3.1589e-05  eta: 0:45:35  time: 0.3259  data_time: 0.0056  memory: 6182  loss: 2.8845  decode.loss_ce: 1.9950  decode.acc_seg: 55.3019  aux.loss_ce: 0.8894  aux.acc_seg: 54.6258
2026/04/25 20:30:45 - mmengine - INFO - Iter(train) [ 7860/16000]  lr: 3.1512e-05  eta: 0:45:28  time: 0.3248  data_time: 0.0055  memory: 6182  loss: 2.5430  decode.loss_ce: 1.7785  decode.acc_seg: 16.2132  aux.loss_ce: 0.7644  aux.acc_seg: 19.6327
2026/04/25 20:30:51 - mmengine - INFO - Iter(train) [ 7880/16000]  lr: 3.1434e-05  eta: 0:45:21  time: 0.3247  data_time: 0.0056  memory: 6182  loss: 2.2194  decode.loss_ce: 1.5362  decode.acc_seg: 70.6119  aux.loss_ce: 0.6833  aux.acc_seg: 66.6254
2026/04/25 20:30:58 - mmengine - INFO - Iter(train) [ 7900/16000]  lr: 3.1357e-05  eta: 0:45:14  time: 0.3328  data_time: 0.0057  memory: 6182  loss: 2.8793  decode.loss_ce: 2.0102  decode.acc_seg: 41.7515  aux.loss_ce: 0.8691  aux.acc_seg: 36.0375
2026/04/25 20:31:05 - mmengine - INFO - Iter(train) [ 7920/16000]  lr: 3.1279e-05  eta: 0:45:08  time: 0.3355  data_time: 0.0055  memory: 6182  loss: 2.4063  decode.loss_ce: 1.6561  decode.acc_seg: 54.2233  aux.loss_ce: 0.7502  aux.acc_seg: 53.0016
2026/04/25 20:31:11 - mmengine - INFO - Iter(train) [ 7940/16000]  lr: 3.1202e-05  eta: 0:45:01  time: 0.3290  data_time: 0.0056  memory: 6182  loss: 2.5674  decode.loss_ce: 1.8191  decode.acc_seg: 40.2465  aux.loss_ce: 0.7483  aux.acc_seg: 38.5555
2026/04/25 20:31:18 - mmengine - INFO - Iter(train) [ 7960/16000]  lr: 3.1125e-05  eta: 0:44:54  time: 0.3268  data_time: 0.0058  memory: 6182  loss: 2.5777  decode.loss_ce: 1.7536  decode.acc_seg: 67.2087  aux.loss_ce: 0.8242  aux.acc_seg: 49.9294
2026/04/25 20:31:24 - mmengine - INFO - Iter(train) [ 7980/16000]  lr: 3.1047e-05  eta: 0:44:47  time: 0.3267  data_time: 0.0055  memory: 6182  loss: 2.1019  decode.loss_ce: 1.4304  decode.acc_seg: 47.6070  aux.loss_ce: 0.6716  aux.acc_seg: 47.4869
2026/04/25 20:31:31 - mmengine - INFO - Exp name: pvmamba_tiny_upernet_ade20k_base_random_16000_fixrelu_20260425_194434
2026/04/25 20:31:31 - mmengine - INFO - Iter(train) [ 8000/16000]  lr: 3.0970e-05  eta: 0:44:40  time: 0.3321  data_time: 0.0056  memory: 6182  loss: 2.0608  decode.loss_ce: 1.4056  decode.acc_seg: 51.4890  aux.loss_ce: 0.6552  aux.acc_seg: 44.8352
2026/04/25 20:31:31 - mmengine - INFO - Saving checkpoint at 8000 iterations
2026/04/25 20:31:34 - mmengine - INFO - Iter(val) [  20/1000]    eta: 0:01:01  time: 0.0609  data_time: 0.0015  memory: 1562  
2026/04/25 20:31:35 - mmengine - INFO - Iter(val) [  40/1000]    eta: 0:01:00  time: 0.0640  data_time: 0.0015  memory: 1456  
2026/04/25 20:31:36 - mmengine - INFO - Iter(val) [  60/1000]    eta: 0:00:59  time: 0.0626  data_time: 0.0016  memory: 1466  
2026/04/25 20:31:38 - mmengine - INFO - Iter(val) [  80/1000]    eta: 0:00:58  time: 0.0670  data_time: 0.0016  memory: 1646  
2026/04/25 20:31:39 - mmengine - INFO - Iter(val) [ 100/1000]    eta: 0:00:57  time: 0.0615  data_time: 0.0015  memory: 1458  
2026/04/25 20:31:40 - mmengine - INFO - Iter(val) [ 120/1000]    eta: 0:00:55  time: 0.0650  data_time: 0.0015  memory: 1803  
2026/04/25 20:31:41 - mmengine - INFO - Iter(val) [ 140/1000]    eta: 0:00:54  time: 0.0597  data_time: 0.0015  memory: 1456  
2026/04/25 20:31:43 - mmengine - INFO - Iter(val) [ 160/1000]    eta: 0:00:52  time: 0.0603  data_time: 0.0016  memory: 1432  
2026/04/25 20:31:44 - mmengine - INFO - Iter(val) [ 180/1000]    eta: 0:00:51  time: 0.0621  data_time: 0.0015  memory: 1558  
2026/04/25 20:31:45 - mmengine - INFO - Iter(val) [ 200/1000]    eta: 0:00:50  time: 0.0624  data_time: 0.0015  memory: 1501  
2026/04/25 20:31:46 - mmengine - INFO - Iter(val) [ 220/1000]    eta: 0:00:48  time: 0.0627  data_time: 0.0015  memory: 1463  
2026/04/25 20:31:48 - mmengine - INFO - Iter(val) [ 240/1000]    eta: 0:00:47  time: 0.0645  data_time: 0.0016  memory: 1467  
2026/04/25 20:31:49 - mmengine - INFO - Iter(val) [ 260/1000]    eta: 0:00:46  time: 0.0643  data_time: 0.0017  memory: 1467  
2026/04/25 20:31:50 - mmengine - INFO - Iter(val) [ 280/1000]    eta: 0:00:45  time: 0.0622  data_time: 0.0015  memory: 1551  
2026/04/25 20:31:51 - mmengine - INFO - Iter(val) [ 300/1000]    eta: 0:00:43  time: 0.0638  data_time: 0.0015  memory: 1506  
2026/04/25 20:31:53 - mmengine - INFO - Iter(val) [ 320/1000]    eta: 0:00:42  time: 0.0628  data_time: 0.0015  memory: 1501  
2026/04/25 20:31:54 - mmengine - INFO - Iter(val) [ 340/1000]    eta: 0:00:41  time: 0.0624  data_time: 0.0015  memory: 1497  
2026/04/25 20:31:55 - mmengine - INFO - Iter(val) [ 360/1000]    eta: 0:00:40  time: 0.0644  data_time: 0.0015  memory: 1527  
2026/04/25 20:31:56 - mmengine - INFO - Iter(val) [ 380/1000]    eta: 0:00:38  time: 0.0598  data_time: 0.0015  memory: 1547  
2026/04/25 20:31:58 - mmengine - INFO - Iter(val) [ 400/1000]    eta: 0:00:37  time: 0.0638  data_time: 0.0016  memory: 1447  
2026/04/25 20:31:59 - mmengine - INFO - Iter(val) [ 420/1000]    eta: 0:00:36  time: 0.0636  data_time: 0.0016  memory: 1405  
2026/04/25 20:32:00 - mmengine - INFO - Iter(val) [ 440/1000]    eta: 0:00:35  time: 0.0541  data_time: 0.0013  memory: 1405  
2026/04/25 20:32:01 - mmengine - INFO - Iter(val) [ 460/1000]    eta: 0:00:33  time: 0.0633  data_time: 0.0014  memory: 1541  
2026/04/25 20:32:03 - mmengine - INFO - Iter(val) [ 480/1000]    eta: 0:00:32  time: 0.0593  data_time: 0.0014  memory: 1458  
2026/04/25 20:32:04 - mmengine - INFO - Iter(val) [ 500/1000]    eta: 0:00:31  time: 0.0602  data_time: 0.0014  memory: 1544  
2026/04/25 20:32:05 - mmengine - INFO - Iter(val) [ 520/1000]    eta: 0:00:30  time: 0.0638  data_time: 0.0015  memory: 1549  
2026/04/25 20:32:06 - mmengine - INFO - Iter(val) [ 540/1000]    eta: 0:00:28  time: 0.0647  data_time: 0.0014  memory: 1526  
2026/04/25 20:32:08 - mmengine - INFO - Iter(val) [ 560/1000]    eta: 0:00:27  time: 0.0602  data_time: 0.0014  memory: 1453  
2026/04/25 20:32:09 - mmengine - INFO - Iter(val) [ 580/1000]    eta: 0:00:26  time: 0.0621  data_time: 0.0017  memory: 2510  
2026/04/25 20:32:10 - mmengine - INFO - Iter(val) [ 600/1000]    eta: 0:00:25  time: 0.0635  data_time: 0.0015  memory: 1495  
2026/04/25 20:32:11 - mmengine - INFO - Iter(val) [ 620/1000]    eta: 0:00:23  time: 0.0658  data_time: 0.0015  memory: 1497  
2026/04/25 20:32:13 - mmengine - INFO - Iter(val) [ 640/1000]    eta: 0:00:22  time: 0.0594  data_time: 0.0014  memory: 1458  
2026/04/25 20:32:14 - mmengine - INFO - Iter(val) [ 660/1000]    eta: 0:00:21  time: 0.0602  data_time: 0.0014  memory: 1457  
2026/04/25 20:32:15 - mmengine - INFO - Iter(val) [ 680/1000]    eta: 0:00:19  time: 0.0607  data_time: 0.0014  memory: 1458  
2026/04/25 20:32:16 - mmengine - INFO - Iter(val) [ 700/1000]    eta: 0:00:18  time: 0.0633  data_time: 0.0015  memory: 1513  
2026/04/25 20:32:17 - mmengine - INFO - Iter(val) [ 720/1000]    eta: 0:00:17  time: 0.0625  data_time: 0.0014  memory: 1541  
2026/04/25 20:32:19 - mmengine - INFO - Iter(val) [ 740/1000]    eta: 0:00:16  time: 0.0629  data_time: 0.0015  memory: 1457  
2026/04/25 20:32:20 - mmengine - INFO - Iter(val) [ 760/1000]    eta: 0:00:14  time: 0.0664  data_time: 0.0015  memory: 1527  
2026/04/25 20:32:21 - mmengine - INFO - Iter(val) [ 780/1000]    eta: 0:00:13  time: 0.0594  data_time: 0.0014  memory: 1490  
2026/04/25 20:32:22 - mmengine - INFO - Iter(val) [ 800/1000]    eta: 0:00:12  time: 0.0621  data_time: 0.0015  memory: 1452  
2026/04/25 20:32:24 - mmengine - INFO - Iter(val) [ 820/1000]    eta: 0:00:11  time: 0.0631  data_time: 0.0014  memory: 1663  
2026/04/25 20:32:25 - mmengine - INFO - Iter(val) [ 840/1000]    eta: 0:00:09  time: 0.0649  data_time: 0.0014  memory: 1540  
2026/04/25 20:32:26 - mmengine - INFO - Iter(val) [ 860/1000]    eta: 0:00:08  time: 0.0634  data_time: 0.0015  memory: 1459  
2026/04/25 20:32:27 - mmengine - INFO - Iter(val) [ 880/1000]    eta: 0:00:07  time: 0.0588  data_time: 0.0014  memory: 1468  
2026/04/25 20:32:29 - mmengine - INFO - Iter(val) [ 900/1000]    eta: 0:00:06  time: 0.0661  data_time: 0.0016  memory: 1458  
2026/04/25 20:32:30 - mmengine - INFO - Iter(val) [ 920/1000]    eta: 0:00:04  time: 0.0633  data_time: 0.0015  memory: 1391  
2026/04/25 20:32:31 - mmengine - INFO - Iter(val) [ 940/1000]    eta: 0:00:03  time: 0.0528  data_time: 0.0013  memory: 1391  
2026/04/25 20:32:33 - mmengine - INFO - Iter(val) [ 960/1000]    eta: 0:00:02  time: 0.0664  data_time: 0.0014  memory: 1713  
2026/04/25 20:32:34 - mmengine - INFO - Iter(val) [ 980/1000]    eta: 0:00:01  time: 0.0598  data_time: 0.0015  memory: 1391  
2026/04/25 20:32:35 - mmengine - INFO - Iter(val) [1000/1000]    eta: 0:00:00  time: 0.0655  data_time: 0.0014  memory: 1538  
2026/04/25 20:32:36 - mmengine - INFO - per class results:
2026/04/25 20:32:36 - mmengine - INFO - 
+---------------------+-------+-------+
|        Class        |  IoU  |  Acc  |
+---------------------+-------+-------+
|         wall        | 44.29 | 77.23 |
|       building      | 52.55 |  87.2 |
|         sky         |  82.1 | 93.17 |
|        floor        | 41.96 | 61.54 |
|         tree        | 36.13 | 73.86 |
|       ceiling       | 45.55 | 55.55 |
|         road        | 51.24 | 83.26 |
|         bed         | 25.26 | 57.57 |
|      windowpane     | 30.57 | 52.52 |
|        grass        | 37.63 | 52.45 |
|       cabinet       |  9.64 | 11.82 |
|       sidewalk      | 20.43 | 27.18 |
|        person       | 20.81 | 43.91 |
|        earth        |  1.49 |  1.57 |
|         door        |  0.03 |  0.03 |
|        table        |  6.85 | 10.69 |
|       mountain      |  18.5 | 34.34 |
|        plant        |  2.16 |  2.37 |
|       curtain       |  4.19 |  4.28 |
|        chair        |  9.58 | 15.87 |
|         car         | 32.25 | 58.89 |
|        water        |  3.97 |  4.42 |
|       painting      |  10.3 | 12.65 |
|         sofa        |  0.0  |  0.0  |
|        shelf        |  0.09 |  0.09 |
|        house        |  0.0  |  0.0  |
|         sea         | 23.77 | 51.62 |
|        mirror       |  0.0  |  0.0  |
|         rug         |  0.0  |  0.0  |
|        field        |  7.98 |  8.92 |
|       armchair      |  0.0  |  0.0  |
|         seat        |  0.0  |  0.0  |
|        fence        |  0.0  |  0.0  |
|         desk        |  0.0  |  0.0  |
|         rock        |  0.0  |  0.0  |
|       wardrobe      |  0.0  |  0.0  |
|         lamp        |  0.0  |  0.0  |
|       bathtub       |  0.0  |  0.0  |
|       railing       |  0.0  |  0.0  |
|       cushion       |  0.0  |  0.0  |
|         base        |  0.0  |  0.0  |
|         box         |  0.0  |  0.0  |
|        column       |  0.0  |  0.0  |
|      signboard      |  0.0  |  0.0  |
|   chest of drawers  |  0.0  |  0.0  |
|       counter       |  0.0  |  0.0  |
|         sand        |  0.01 |  0.01 |
|         sink        |  0.0  |  0.0  |
|      skyscraper     | 29.44 | 42.94 |
|      fireplace      |  0.0  |  0.0  |
|     refrigerator    |  0.0  |  0.0  |
|      grandstand     |  0.0  |  0.0  |
|         path        |  0.0  |  0.0  |
|        stairs       |  0.0  |  0.0  |
|        runway       |  0.0  |  0.0  |
|         case        |  0.0  |  0.0  |
|      pool table     |  0.0  |  0.0  |
|        pillow       |  0.0  |  0.0  |
|     screen door     |  0.0  |  0.0  |
|       stairway      |  0.0  |  0.0  |
|        river        |  0.0  |  0.0  |
|        bridge       |  0.0  |  0.0  |
|       bookcase      |  0.0  |  0.0  |
|        blind        |  0.0  |  0.0  |
|     coffee table    |  0.0  |  0.0  |
|        toilet       |  0.0  |  0.0  |
|        flower       |  0.0  |  0.0  |
|         book        |  0.0  |  0.0  |
|         hill        |  0.0  |  0.0  |
|        bench        |  0.0  |  0.0  |
|      countertop     |  0.0  |  0.0  |
|        stove        |  0.0  |  0.0  |
|         palm        |  0.0  |  0.0  |
|    kitchen island   |  0.0  |  0.0  |
|       computer      |  0.0  |  0.0  |
|     swivel chair    |  0.0  |  0.0  |
|         boat        |  0.0  |  0.0  |
|         bar         |  0.0  |  0.0  |
|    arcade machine   |  0.0  |  0.0  |
|        hovel        |  0.0  |  0.0  |
|         bus         |  0.0  |  0.0  |
|        towel        |  0.0  |  0.0  |
|        light        |  0.0  |  0.0  |
|        truck        |  0.0  |  0.0  |
|        tower        |  0.0  |  0.0  |
|      chandelier     |  0.0  |  0.0  |
|        awning       |  0.0  |  0.0  |
|     streetlight     |  0.0  |  0.0  |
|        booth        |  0.0  |  0.0  |
| television receiver |  0.0  |  0.0  |
|       airplane      |  0.0  |  0.0  |
|      dirt track     |  0.0  |  0.0  |
|       apparel       |  0.0  |  0.0  |
|         pole        |  0.0  |  0.0  |
|         land        |  0.0  |  0.0  |
|      bannister      |  0.0  |  0.0  |
|      escalator      |  0.0  |  0.0  |
|       ottoman       |  0.0  |  0.0  |
|        bottle       |  0.0  |  0.0  |
|        buffet       |  0.0  |  0.0  |
|        poster       |  0.0  |  0.0  |
|        stage        |  0.0  |  0.0  |
|         van         |  0.0  |  0.0  |
|         ship        |  0.0  |  0.0  |
|       fountain      |  0.0  |  0.0  |
|    conveyer belt    |  0.0  |  0.0  |
|        canopy       |  0.0  |  0.0  |
|        washer       |  0.0  |  0.0  |
|      plaything      |  0.0  |  0.0  |
|    swimming pool    |  0.0  |  0.0  |
|        stool        |  0.0  |  0.0  |
|        barrel       |  0.0  |  0.0  |
|        basket       |  0.0  |  0.0  |
|      waterfall      |  0.0  |  0.0  |
|         tent        |  0.0  |  0.0  |
|         bag         |  0.0  |  0.0  |
|       minibike      |  0.0  |  0.0  |
|        cradle       |  0.0  |  0.0  |
|         oven        |  0.0  |  0.0  |
|         ball        |  0.0  |  0.0  |
|         food        |  0.0  |  0.0  |
|         step        |  0.0  |  0.0  |
|         tank        |  0.0  |  0.0  |
|      trade name     |  0.0  |  0.0  |
|      microwave      |  0.0  |  0.0  |
|         pot         |  0.0  |  0.0  |
|        animal       |  0.0  |  0.0  |
|       bicycle       |  0.0  |  0.0  |
|         lake        |  0.0  |  0.0  |
|      dishwasher     |  0.0  |  0.0  |
|        screen       |  0.0  |  0.0  |
|       blanket       |  0.0  |  0.0  |
|      sculpture      |  0.0  |  0.0  |
|         hood        |  0.0  |  0.0  |
|        sconce       |  0.0  |  0.0  |
|         vase        |  0.0  |  0.0  |
|    traffic light    |  0.0  |  0.0  |
|         tray        |  0.0  |  0.0  |
|        ashcan       |  0.0  |  0.0  |
|         fan         |  0.0  |  0.0  |
|         pier        |  0.0  |  0.0  |
|      crt screen     |  0.0  |  0.0  |
|        plate        |  0.0  |  0.0  |
|       monitor       |  0.0  |  0.0  |
|    bulletin board   |  0.0  |  0.0  |
|        shower       |  0.0  |  0.0  |
|       radiator      |  0.0  |  0.0  |
|        glass        |  0.0  |  0.0  |
|        clock        |  0.0  |  0.0  |
|         flag        |  0.0  |  0.0  |
+---------------------+-------+-------+
2026/04/25 20:32:36 - mmengine - INFO - Iter(val) [1000/1000]    aAcc: 53.0000  mIoU: 4.3200  mAcc: 6.8400  data_time: 0.0015  time: 0.0624
2026/04/25 20:32:36 - mmengine - INFO - The previous best checkpoint /home/jlx_75/PVMamba_cifar10_base/segmentation/work_dirs/base_ade20k_random_16000_fixrelu/best_mIoU_iter_4000.pth is removed
2026/04/25 20:32:37 - mmengine - INFO - The best checkpoint with 4.3200 mIoU at 8000 iter is saved to best_mIoU_iter_8000.pth.
2026/04/25 20:32:46 - mmengine - INFO - Iter(train) [ 8020/16000]  lr: 3.0892e-05  eta: 0:44:37  time: 0.3195  data_time: 0.0057  memory: 6182  loss: 1.8745  decode.loss_ce: 1.2786  decode.acc_seg: 56.7119  aux.loss_ce: 0.5959  aux.acc_seg: 35.7419
2026/04/25 20:32:52 - mmengine - INFO - Iter(train) [ 8040/16000]  lr: 3.0815e-05  eta: 0:44:30  time: 0.3193  data_time: 0.0056  memory: 6182  loss: 2.6830  decode.loss_ce: 1.8555  decode.acc_seg: 50.6907  aux.loss_ce: 0.8275  aux.acc_seg: 47.8342
2026/04/25 20:32:59 - mmengine - INFO - Iter(train) [ 8060/16000]  lr: 3.0737e-05  eta: 0:44:24  time: 0.3343  data_time: 0.0056  memory: 6182  loss: 2.9431  decode.loss_ce: 2.0571  decode.acc_seg: 51.5282  aux.loss_ce: 0.8860  aux.acc_seg: 29.6843
2026/04/25 20:33:05 - mmengine - INFO - Iter(train) [ 8080/16000]  lr: 3.0660e-05  eta: 0:44:17  time: 0.3228  data_time: 0.0056  memory: 6182  loss: 2.2998  decode.loss_ce: 1.5680  decode.acc_seg: 39.9202  aux.loss_ce: 0.7319  aux.acc_seg: 33.9367
2026/04/25 20:33:12 - mmengine - INFO - Iter(train) [ 8100/16000]  lr: 3.0583e-05  eta: 0:44:10  time: 0.3222  data_time: 0.0057  memory: 6182  loss: 2.7700  decode.loss_ce: 1.9235  decode.acc_seg: 31.4608  aux.loss_ce: 0.8465  aux.acc_seg: 22.2597
2026/04/25 20:33:18 - mmengine - INFO - Iter(train) [ 8120/16000]  lr: 3.0505e-05  eta: 0:44:03  time: 0.3220  data_time: 0.0056  memory: 6182  loss: 2.7319  decode.loss_ce: 1.9049  decode.acc_seg: 51.1380  aux.loss_ce: 0.8271  aux.acc_seg: 53.3151
2026/04/25 20:33:25 - mmengine - INFO - Iter(train) [ 8140/16000]  lr: 3.0428e-05  eta: 0:43:56  time: 0.3264  data_time: 0.0056  memory: 6182  loss: 2.4944  decode.loss_ce: 1.7316  decode.acc_seg: 19.1081  aux.loss_ce: 0.7629  aux.acc_seg: 18.5852
2026/04/25 20:33:31 - mmengine - INFO - Iter(train) [ 8160/16000]  lr: 3.0350e-05  eta: 0:43:49  time: 0.3266  data_time: 0.0056  memory: 6182  loss: 2.2254  decode.loss_ce: 1.5411  decode.acc_seg: 78.4833  aux.loss_ce: 0.6843  aux.acc_seg: 64.7229
2026/04/25 20:33:38 - mmengine - INFO - Iter(train) [ 8180/16000]  lr: 3.0273e-05  eta: 0:43:42  time: 0.3243  data_time: 0.0055  memory: 6182  loss: 2.4765  decode.loss_ce: 1.7208  decode.acc_seg: 56.6932  aux.loss_ce: 0.7557  aux.acc_seg: 56.8868
2026/04/25 20:33:44 - mmengine - INFO - Iter(train) [ 8200/16000]  lr: 3.0195e-05  eta: 0:43:35  time: 0.3280  data_time: 0.0057  memory: 6182  loss: 2.5391  decode.loss_ce: 1.7706  decode.acc_seg: 61.9476  aux.loss_ce: 0.7686  aux.acc_seg: 47.4388
2026/04/25 20:33:51 - mmengine - INFO - Iter(train) [ 8220/16000]  lr: 3.0118e-05  eta: 0:43:29  time: 0.3301  data_time: 0.0054  memory: 6182  loss: 2.2672  decode.loss_ce: 1.5434  decode.acc_seg: 82.2046  aux.loss_ce: 0.7238  aux.acc_seg: 46.2379
2026/04/25 20:33:57 - mmengine - INFO - Iter(train) [ 8240/16000]  lr: 3.0041e-05  eta: 0:43:22  time: 0.3249  data_time: 0.0052  memory: 6182  loss: 2.1444  decode.loss_ce: 1.4849  decode.acc_seg: 54.9877  aux.loss_ce: 0.6594  aux.acc_seg: 62.2541
2026/04/25 20:34:04 - mmengine - INFO - Iter(train) [ 8260/16000]  lr: 2.9963e-05  eta: 0:43:15  time: 0.3332  data_time: 0.0054  memory: 6182  loss: 2.6593  decode.loss_ce: 1.8366  decode.acc_seg: 56.3500  aux.loss_ce: 0.8227  aux.acc_seg: 53.0418
2026/04/25 20:34:11 - mmengine - INFO - Iter(train) [ 8280/16000]  lr: 2.9886e-05  eta: 0:43:08  time: 0.3244  data_time: 0.0056  memory: 6182  loss: 2.2915  decode.loss_ce: 1.5858  decode.acc_seg: 80.8055  aux.loss_ce: 0.7057  aux.acc_seg: 72.7539
2026/04/25 20:34:17 - mmengine - INFO - Iter(train) [ 8300/16000]  lr: 2.9808e-05  eta: 0:43:01  time: 0.3246  data_time: 0.0057  memory: 6182  loss: 2.7507  decode.loss_ce: 1.8856  decode.acc_seg: 59.4287  aux.loss_ce: 0.8651  aux.acc_seg: 58.0932
2026/04/25 20:34:24 - mmengine - INFO - Iter(train) [ 8320/16000]  lr: 2.9731e-05  eta: 0:42:54  time: 0.3307  data_time: 0.0055  memory: 6182  loss: 2.9058  decode.loss_ce: 2.0005  decode.acc_seg: 56.0737  aux.loss_ce: 0.9053  aux.acc_seg: 72.7563
2026/04/25 20:34:30 - mmengine - INFO - Iter(train) [ 8340/16000]  lr: 2.9654e-05  eta: 0:42:48  time: 0.3338  data_time: 0.0056  memory: 6182  loss: 2.6515  decode.loss_ce: 1.8324  decode.acc_seg: 17.9374  aux.loss_ce: 0.8191  aux.acc_seg: 42.6936
2026/04/25 20:34:37 - mmengine - INFO - Iter(train) [ 8360/16000]  lr: 2.9576e-05  eta: 0:42:41  time: 0.3225  data_time: 0.0054  memory: 6182  loss: 2.7985  decode.loss_ce: 1.9343  decode.acc_seg: 43.1677  aux.loss_ce: 0.8642  aux.acc_seg: 43.3949
2026/04/25 20:34:43 - mmengine - INFO - Iter(train) [ 8380/16000]  lr: 2.9499e-05  eta: 0:42:34  time: 0.3254  data_time: 0.0055  memory: 6182  loss: 2.4516  decode.loss_ce: 1.7129  decode.acc_seg: 30.9682  aux.loss_ce: 0.7387  aux.acc_seg: 30.1495
2026/04/25 20:34:50 - mmengine - INFO - Iter(train) [ 8400/16000]  lr: 2.9421e-05  eta: 0:42:27  time: 0.3275  data_time: 0.0056  memory: 6182  loss: 2.2609  decode.loss_ce: 1.5607  decode.acc_seg: 78.2607  aux.loss_ce: 0.7002  aux.acc_seg: 77.9335
2026/04/25 20:34:56 - mmengine - INFO - Iter(train) [ 8420/16000]  lr: 2.9344e-05  eta: 0:42:20  time: 0.3260  data_time: 0.0056  memory: 6182  loss: 2.4915  decode.loss_ce: 1.7076  decode.acc_seg: 17.3556  aux.loss_ce: 0.7839  aux.acc_seg: 19.2687
2026/04/25 20:35:03 - mmengine - INFO - Iter(train) [ 8440/16000]  lr: 2.9266e-05  eta: 0:42:13  time: 0.3288  data_time: 0.0056  memory: 6182  loss: 2.5776  decode.loss_ce: 1.7940  decode.acc_seg: 43.5368  aux.loss_ce: 0.7837  aux.acc_seg: 37.2809
2026/04/25 20:35:09 - mmengine - INFO - Iter(train) [ 8460/16000]  lr: 2.9189e-05  eta: 0:42:06  time: 0.3306  data_time: 0.0056  memory: 6182  loss: 2.5256  decode.loss_ce: 1.7421  decode.acc_seg: 82.7918  aux.loss_ce: 0.7835  aux.acc_seg: 72.1220
2026/04/25 20:35:16 - mmengine - INFO - Iter(train) [ 8480/16000]  lr: 2.9112e-05  eta: 0:42:00  time: 0.3254  data_time: 0.0056  memory: 6182  loss: 2.4025  decode.loss_ce: 1.6243  decode.acc_seg: 47.7584  aux.loss_ce: 0.7782  aux.acc_seg: 46.3514
2026/04/25 20:35:23 - mmengine - INFO - Iter(train) [ 8500/16000]  lr: 2.9034e-05  eta: 0:41:53  time: 0.3351  data_time: 0.0055  memory: 6182  loss: 2.1885  decode.loss_ce: 1.5224  decode.acc_seg: 33.2509  aux.loss_ce: 0.6661  aux.acc_seg: 30.0553
2026/04/25 20:35:29 - mmengine - INFO - Iter(train) [ 8520/16000]  lr: 2.8957e-05  eta: 0:41:46  time: 0.3278  data_time: 0.0056  memory: 6182  loss: 1.9775  decode.loss_ce: 1.3712  decode.acc_seg: 37.1224  aux.loss_ce: 0.6063  aux.acc_seg: 39.2294
2026/04/25 20:35:36 - mmengine - INFO - Iter(train) [ 8540/16000]  lr: 2.8879e-05  eta: 0:41:39  time: 0.3254  data_time: 0.0056  memory: 6182  loss: 2.1494  decode.loss_ce: 1.4810  decode.acc_seg: 36.8184  aux.loss_ce: 0.6684  aux.acc_seg: 28.5192
2026/04/25 20:35:42 - mmengine - INFO - Iter(train) [ 8560/16000]  lr: 2.8802e-05  eta: 0:41:32  time: 0.3242  data_time: 0.0055  memory: 6182  loss: 2.2446  decode.loss_ce: 1.5429  decode.acc_seg: 70.5870  aux.loss_ce: 0.7017  aux.acc_seg: 53.5960
2026/04/25 20:35:49 - mmengine - INFO - Iter(train) [ 8580/16000]  lr: 2.8724e-05  eta: 0:41:26  time: 0.3237  data_time: 0.0056  memory: 6182  loss: 2.6576  decode.loss_ce: 1.8445  decode.acc_seg: 55.8512  aux.loss_ce: 0.8132  aux.acc_seg: 55.9135
2026/04/25 20:35:56 - mmengine - INFO - Iter(train) [ 8600/16000]  lr: 2.8647e-05  eta: 0:41:19  time: 0.3353  data_time: 0.0055  memory: 6182  loss: 2.5995  decode.loss_ce: 1.7928  decode.acc_seg: 52.8162  aux.loss_ce: 0.8067  aux.acc_seg: 62.0107
2026/04/25 20:36:02 - mmengine - INFO - Iter(train) [ 8620/16000]  lr: 2.8570e-05  eta: 0:41:12  time: 0.3278  data_time: 0.0055  memory: 6182  loss: 2.2296  decode.loss_ce: 1.5285  decode.acc_seg: 70.7861  aux.loss_ce: 0.7011  aux.acc_seg: 73.0042
2026/04/25 20:36:09 - mmengine - INFO - Iter(train) [ 8640/16000]  lr: 2.8492e-05  eta: 0:41:05  time: 0.3250  data_time: 0.0056  memory: 6182  loss: 2.2330  decode.loss_ce: 1.5415  decode.acc_seg: 54.5924  aux.loss_ce: 0.6915  aux.acc_seg: 46.0905
2026/04/25 20:36:15 - mmengine - INFO - Iter(train) [ 8660/16000]  lr: 2.8415e-05  eta: 0:40:58  time: 0.3315  data_time: 0.0055  memory: 6182  loss: 2.8237  decode.loss_ce: 1.9847  decode.acc_seg: 64.2470  aux.loss_ce: 0.8391  aux.acc_seg: 64.0995
2026/04/25 20:36:22 - mmengine - INFO - Iter(train) [ 8680/16000]  lr: 2.8337e-05  eta: 0:40:52  time: 0.3291  data_time: 0.0055  memory: 6182  loss: 2.9093  decode.loss_ce: 1.9935  decode.acc_seg: 11.9342  aux.loss_ce: 0.9158  aux.acc_seg: 9.6309
2026/04/25 20:36:28 - mmengine - INFO - Iter(train) [ 8700/16000]  lr: 2.8260e-05  eta: 0:40:45  time: 0.3256  data_time: 0.0056  memory: 6182  loss: 2.4632  decode.loss_ce: 1.7040  decode.acc_seg: 26.0214  aux.loss_ce: 0.7592  aux.acc_seg: 20.2446
2026/04/25 20:36:35 - mmengine - INFO - Iter(train) [ 8720/16000]  lr: 2.8182e-05  eta: 0:40:38  time: 0.3290  data_time: 0.0056  memory: 6182  loss: 2.9813  decode.loss_ce: 2.0827  decode.acc_seg: 40.0030  aux.loss_ce: 0.8986  aux.acc_seg: 44.0208
2026/04/25 20:36:41 - mmengine - INFO - Iter(train) [ 8740/16000]  lr: 2.8105e-05  eta: 0:40:31  time: 0.3278  data_time: 0.0056  memory: 6182  loss: 2.4455  decode.loss_ce: 1.6882  decode.acc_seg: 56.3725  aux.loss_ce: 0.7572  aux.acc_seg: 53.6245
2026/04/25 20:36:48 - mmengine - INFO - Iter(train) [ 8760/16000]  lr: 2.8028e-05  eta: 0:40:24  time: 0.3303  data_time: 0.0056  memory: 6182  loss: 1.9307  decode.loss_ce: 1.3576  decode.acc_seg: 52.2274  aux.loss_ce: 0.5731  aux.acc_seg: 51.8442
2026/04/25 20:36:55 - mmengine - INFO - Iter(train) [ 8780/16000]  lr: 2.7950e-05  eta: 0:40:17  time: 0.3285  data_time: 0.0055  memory: 6182  loss: 2.4941  decode.loss_ce: 1.7396  decode.acc_seg: 30.5802  aux.loss_ce: 0.7545  aux.acc_seg: 30.5041
2026/04/25 20:37:01 - mmengine - INFO - Iter(train) [ 8800/16000]  lr: 2.7873e-05  eta: 0:40:11  time: 0.3244  data_time: 0.0058  memory: 6182  loss: 2.6929  decode.loss_ce: 1.8649  decode.acc_seg: 59.7565  aux.loss_ce: 0.8280  aux.acc_seg: 54.0885
2026/04/25 20:37:08 - mmengine - INFO - Iter(train) [ 8820/16000]  lr: 2.7795e-05  eta: 0:40:04  time: 0.3245  data_time: 0.0056  memory: 6182  loss: 2.9854  decode.loss_ce: 2.0658  decode.acc_seg: 55.9383  aux.loss_ce: 0.9196  aux.acc_seg: 52.5549
2026/04/25 20:37:14 - mmengine - INFO - Iter(train) [ 8840/16000]  lr: 2.7718e-05  eta: 0:39:57  time: 0.3248  data_time: 0.0055  memory: 6182  loss: 2.3593  decode.loss_ce: 1.6337  decode.acc_seg: 35.9293  aux.loss_ce: 0.7256  aux.acc_seg: 35.2182
2026/04/25 20:37:21 - mmengine - INFO - Iter(train) [ 8860/16000]  lr: 2.7640e-05  eta: 0:39:50  time: 0.3285  data_time: 0.0055  memory: 6182  loss: 2.9856  decode.loss_ce: 2.0918  decode.acc_seg: 55.5499  aux.loss_ce: 0.8938  aux.acc_seg: 56.7330
2026/04/25 20:37:27 - mmengine - INFO - Iter(train) [ 8880/16000]  lr: 2.7563e-05  eta: 0:39:43  time: 0.3334  data_time: 0.0056  memory: 6182  loss: 3.0804  decode.loss_ce: 2.1643  decode.acc_seg: 25.6498  aux.loss_ce: 0.9161  aux.acc_seg: 25.5007
2026/04/25 20:37:34 - mmengine - INFO - Iter(train) [ 8900/16000]  lr: 2.7486e-05  eta: 0:39:37  time: 0.3227  data_time: 0.0054  memory: 6182  loss: 2.6708  decode.loss_ce: 1.8519  decode.acc_seg: 65.1742  aux.loss_ce: 0.8188  aux.acc_seg: 54.5168
2026/04/25 20:37:40 - mmengine - INFO - Iter(train) [ 8920/16000]  lr: 2.7408e-05  eta: 0:39:30  time: 0.3255  data_time: 0.0055  memory: 6182  loss: 3.1860  decode.loss_ce: 2.1949  decode.acc_seg: 55.4006  aux.loss_ce: 0.9911  aux.acc_seg: 41.5517
2026/04/25 20:37:47 - mmengine - INFO - Iter(train) [ 8940/16000]  lr: 2.7331e-05  eta: 0:39:23  time: 0.3274  data_time: 0.0057  memory: 6182  loss: 3.0024  decode.loss_ce: 2.0790  decode.acc_seg: 25.1821  aux.loss_ce: 0.9233  aux.acc_seg: 32.2460
2026/04/25 20:37:54 - mmengine - INFO - Iter(train) [ 8960/16000]  lr: 2.7253e-05  eta: 0:39:16  time: 0.3263  data_time: 0.0057  memory: 6182  loss: 2.8583  decode.loss_ce: 1.9691  decode.acc_seg: 48.2336  aux.loss_ce: 0.8891  aux.acc_seg: 46.0739
2026/04/25 20:38:00 - mmengine - INFO - Iter(train) [ 8980/16000]  lr: 2.7176e-05  eta: 0:39:09  time: 0.3246  data_time: 0.0054  memory: 6182  loss: 2.3525  decode.loss_ce: 1.6165  decode.acc_seg: 56.5691  aux.loss_ce: 0.7360  aux.acc_seg: 53.3598
2026/04/25 20:38:07 - mmengine - INFO - Exp name: pvmamba_tiny_upernet_ade20k_base_random_16000_fixrelu_20260425_194434
2026/04/25 20:38:07 - mmengine - INFO - Iter(train) [ 9000/16000]  lr: 2.7099e-05  eta: 0:39:03  time: 0.3301  data_time: 0.0056  memory: 6182  loss: 2.2576  decode.loss_ce: 1.5098  decode.acc_seg: 55.8422  aux.loss_ce: 0.7478  aux.acc_seg: 50.8231
2026/04/25 20:38:13 - mmengine - INFO - Iter(train) [ 9020/16000]  lr: 2.7021e-05  eta: 0:38:56  time: 0.3255  data_time: 0.0054  memory: 6182  loss: 2.5602  decode.loss_ce: 1.7543  decode.acc_seg: 31.7874  aux.loss_ce: 0.8059  aux.acc_seg: 31.6006
2026/04/25 20:38:20 - mmengine - INFO - Iter(train) [ 9040/16000]  lr: 2.6944e-05  eta: 0:38:49  time: 0.3257  data_time: 0.0056  memory: 6182  loss: 2.8890  decode.loss_ce: 1.9774  decode.acc_seg: 33.7420  aux.loss_ce: 0.9116  aux.acc_seg: 32.6338
2026/04/25 20:38:26 - mmengine - INFO - Iter(train) [ 9060/16000]  lr: 2.6866e-05  eta: 0:38:42  time: 0.3274  data_time: 0.0055  memory: 6182  loss: 2.9731  decode.loss_ce: 2.0522  decode.acc_seg: 72.7143  aux.loss_ce: 0.9210  aux.acc_seg: 67.7848
2026/04/25 20:38:33 - mmengine - INFO - Iter(train) [ 9080/16000]  lr: 2.6789e-05  eta: 0:38:35  time: 0.3276  data_time: 0.0056  memory: 6182  loss: 2.1194  decode.loss_ce: 1.4586  decode.acc_seg: 35.9080  aux.loss_ce: 0.6608  aux.acc_seg: 33.3737
2026/04/25 20:38:40 - mmengine - INFO - Iter(train) [ 9100/16000]  lr: 2.6711e-05  eta: 0:38:29  time: 0.3419  data_time: 0.0056  memory: 6182  loss: 2.7093  decode.loss_ce: 1.8733  decode.acc_seg: 0.1152  aux.loss_ce: 0.8360  aux.acc_seg: 0.3802
2026/04/25 20:38:46 - mmengine - INFO - Iter(train) [ 9120/16000]  lr: 2.6634e-05  eta: 0:38:22  time: 0.3223  data_time: 0.0056  memory: 6182  loss: 3.0448  decode.loss_ce: 2.1384  decode.acc_seg: 62.2426  aux.loss_ce: 0.9064  aux.acc_seg: 51.6427
2026/04/25 20:38:53 - mmengine - INFO - Iter(train) [ 9140/16000]  lr: 2.6557e-05  eta: 0:38:15  time: 0.3222  data_time: 0.0056  memory: 6182  loss: 3.7193  decode.loss_ce: 2.5907  decode.acc_seg: 27.6314  aux.loss_ce: 1.1286  aux.acc_seg: 26.1142
2026/04/25 20:38:59 - mmengine - INFO - Iter(train) [ 9160/16000]  lr: 2.6479e-05  eta: 0:38:08  time: 0.3259  data_time: 0.0055  memory: 6182  loss: 2.6549  decode.loss_ce: 1.8628  decode.acc_seg: 14.4135  aux.loss_ce: 0.7920  aux.acc_seg: 15.6438
2026/04/25 20:39:06 - mmengine - INFO - Iter(train) [ 9180/16000]  lr: 2.6402e-05  eta: 0:38:01  time: 0.3300  data_time: 0.0056  memory: 6182  loss: 2.8933  decode.loss_ce: 2.0132  decode.acc_seg: 31.5672  aux.loss_ce: 0.8801  aux.acc_seg: 24.6425
2026/04/25 20:39:12 - mmengine - INFO - Iter(train) [ 9200/16000]  lr: 2.6324e-05  eta: 0:37:55  time: 0.3315  data_time: 0.0055  memory: 6182  loss: 2.5921  decode.loss_ce: 1.8030  decode.acc_seg: 72.1873  aux.loss_ce: 0.7891  aux.acc_seg: 72.3381
2026/04/25 20:39:19 - mmengine - INFO - Iter(train) [ 9220/16000]  lr: 2.6247e-05  eta: 0:37:48  time: 0.3278  data_time: 0.0052  memory: 6182  loss: 2.3553  decode.loss_ce: 1.6460  decode.acc_seg: 56.8866  aux.loss_ce: 0.7093  aux.acc_seg: 56.8099
2026/04/25 20:39:25 - mmengine - INFO - Iter(train) [ 9240/16000]  lr: 2.6169e-05  eta: 0:37:41  time: 0.3254  data_time: 0.0056  memory: 6182  loss: 3.0669  decode.loss_ce: 2.1290  decode.acc_seg: 34.5127  aux.loss_ce: 0.9379  aux.acc_seg: 32.6059
2026/04/25 20:39:32 - mmengine - INFO - Iter(train) [ 9260/16000]  lr: 2.6092e-05  eta: 0:37:34  time: 0.3310  data_time: 0.0056  memory: 6182  loss: 2.3557  decode.loss_ce: 1.6276  decode.acc_seg: 30.7918  aux.loss_ce: 0.7281  aux.acc_seg: 27.0462
2026/04/25 20:39:38 - mmengine - INFO - Iter(train) [ 9280/16000]  lr: 2.6015e-05  eta: 0:37:27  time: 0.3250  data_time: 0.0055  memory: 6182  loss: 3.2109  decode.loss_ce: 2.2308  decode.acc_seg: 57.0254  aux.loss_ce: 0.9800  aux.acc_seg: 68.3954
2026/04/25 20:39:45 - mmengine - INFO - Iter(train) [ 9300/16000]  lr: 2.5937e-05  eta: 0:37:21  time: 0.3332  data_time: 0.0055  memory: 6182  loss: 2.9691  decode.loss_ce: 2.0801  decode.acc_seg: 45.3310  aux.loss_ce: 0.8890  aux.acc_seg: 37.7628
2026/04/25 20:39:52 - mmengine - INFO - Iter(train) [ 9320/16000]  lr: 2.5860e-05  eta: 0:37:14  time: 0.3281  data_time: 0.0054  memory: 6182  loss: 2.4798  decode.loss_ce: 1.7009  decode.acc_seg: 44.7977  aux.loss_ce: 0.7789  aux.acc_seg: 32.6461
2026/04/25 20:39:58 - mmengine - INFO - Iter(train) [ 9340/16000]  lr: 2.5782e-05  eta: 0:37:07  time: 0.3267  data_time: 0.0055  memory: 6182  loss: 2.6354  decode.loss_ce: 1.8591  decode.acc_seg: 25.5417  aux.loss_ce: 0.7762  aux.acc_seg: 33.5105
2026/04/25 20:40:05 - mmengine - INFO - Iter(train) [ 9360/16000]  lr: 2.5705e-05  eta: 0:37:00  time: 0.3238  data_time: 0.0054  memory: 6182  loss: 2.7804  decode.loss_ce: 1.9592  decode.acc_seg: 30.7396  aux.loss_ce: 0.8212  aux.acc_seg: 33.3332
2026/04/25 20:40:11 - mmengine - INFO - Iter(train) [ 9380/16000]  lr: 2.5627e-05  eta: 0:36:53  time: 0.3289  data_time: 0.0057  memory: 6182  loss: 2.3756  decode.loss_ce: 1.6360  decode.acc_seg: 63.9303  aux.loss_ce: 0.7395  aux.acc_seg: 56.0013
2026/04/25 20:40:18 - mmengine - INFO - Iter(train) [ 9400/16000]  lr: 2.5550e-05  eta: 0:36:47  time: 0.3224  data_time: 0.0055  memory: 6182  loss: 3.2088  decode.loss_ce: 2.2364  decode.acc_seg: 63.2836  aux.loss_ce: 0.9724  aux.acc_seg: 62.1743
2026/04/25 20:40:24 - mmengine - INFO - Iter(train) [ 9420/16000]  lr: 2.5473e-05  eta: 0:36:40  time: 0.3221  data_time: 0.0056  memory: 6182  loss: 2.5696  decode.loss_ce: 1.7660  decode.acc_seg: 33.1018  aux.loss_ce: 0.8036  aux.acc_seg: 35.1949
2026/04/25 20:40:31 - mmengine - INFO - Iter(train) [ 9440/16000]  lr: 2.5395e-05  eta: 0:36:33  time: 0.3285  data_time: 0.0055  memory: 6182  loss: 2.2882  decode.loss_ce: 1.6042  decode.acc_seg: 44.5524  aux.loss_ce: 0.6841  aux.acc_seg: 46.3879
2026/04/25 20:40:37 - mmengine - INFO - Iter(train) [ 9460/16000]  lr: 2.5318e-05  eta: 0:36:26  time: 0.3249  data_time: 0.0056  memory: 6182  loss: 2.6077  decode.loss_ce: 1.8199  decode.acc_seg: 32.2592  aux.loss_ce: 0.7878  aux.acc_seg: 36.8076
2026/04/25 20:40:44 - mmengine - INFO - Iter(train) [ 9480/16000]  lr: 2.5240e-05  eta: 0:36:19  time: 0.3293  data_time: 0.0055  memory: 6182  loss: 2.8539  decode.loss_ce: 1.9924  decode.acc_seg: 67.1963  aux.loss_ce: 0.8614  aux.acc_seg: 68.9855
2026/04/25 20:40:50 - mmengine - INFO - Iter(train) [ 9500/16000]  lr: 2.5163e-05  eta: 0:36:12  time: 0.3230  data_time: 0.0056  memory: 6182  loss: 2.5875  decode.loss_ce: 1.7920  decode.acc_seg: 39.7798  aux.loss_ce: 0.7955  aux.acc_seg: 40.7736
2026/04/25 20:40:57 - mmengine - INFO - Iter(train) [ 9520/16000]  lr: 2.5085e-05  eta: 0:36:06  time: 0.3225  data_time: 0.0054  memory: 6182  loss: 2.7138  decode.loss_ce: 1.8827  decode.acc_seg: 56.1591  aux.loss_ce: 0.8310  aux.acc_seg: 55.8077
2026/04/25 20:41:03 - mmengine - INFO - Iter(train) [ 9540/16000]  lr: 2.5008e-05  eta: 0:35:59  time: 0.3396  data_time: 0.0053  memory: 6182  loss: 2.4807  decode.loss_ce: 1.6854  decode.acc_seg: 59.0207  aux.loss_ce: 0.7953  aux.acc_seg: 47.9391
2026/04/25 20:41:10 - mmengine - INFO - Iter(train) [ 9560/16000]  lr: 2.4931e-05  eta: 0:35:52  time: 0.3218  data_time: 0.0056  memory: 6182  loss: 2.6004  decode.loss_ce: 1.8093  decode.acc_seg: 49.6589  aux.loss_ce: 0.7911  aux.acc_seg: 44.8798
2026/04/25 20:41:16 - mmengine - INFO - Iter(train) [ 9580/16000]  lr: 2.4853e-05  eta: 0:35:45  time: 0.3261  data_time: 0.0055  memory: 6182  loss: 2.3465  decode.loss_ce: 1.6303  decode.acc_seg: 14.5138  aux.loss_ce: 0.7161  aux.acc_seg: 17.7574
2026/04/25 20:41:23 - mmengine - INFO - Iter(train) [ 9600/16000]  lr: 2.4776e-05  eta: 0:35:39  time: 0.3236  data_time: 0.0054  memory: 6182  loss: 1.7848  decode.loss_ce: 1.2278  decode.acc_seg: 80.0798  aux.loss_ce: 0.5570  aux.acc_seg: 75.3406
2026/04/25 20:41:29 - mmengine - INFO - Iter(train) [ 9620/16000]  lr: 2.4698e-05  eta: 0:35:32  time: 0.3226  data_time: 0.0055  memory: 6182  loss: 2.6491  decode.loss_ce: 1.8473  decode.acc_seg: 0.0032  aux.loss_ce: 0.8018  aux.acc_seg: 0.0000
2026/04/25 20:41:36 - mmengine - INFO - Iter(train) [ 9640/16000]  lr: 2.4621e-05  eta: 0:35:25  time: 0.3277  data_time: 0.0058  memory: 6182  loss: 2.3746  decode.loss_ce: 1.6423  decode.acc_seg: 47.0394  aux.loss_ce: 0.7323  aux.acc_seg: 44.9903
2026/04/25 20:41:42 - mmengine - INFO - Iter(train) [ 9660/16000]  lr: 2.4544e-05  eta: 0:35:18  time: 0.3218  data_time: 0.0055  memory: 6182  loss: 2.3452  decode.loss_ce: 1.6145  decode.acc_seg: 43.9036  aux.loss_ce: 0.7307  aux.acc_seg: 44.0462
2026/04/25 20:41:49 - mmengine - INFO - Iter(train) [ 9680/16000]  lr: 2.4466e-05  eta: 0:35:11  time: 0.3219  data_time: 0.0056  memory: 6182  loss: 2.6956  decode.loss_ce: 1.8602  decode.acc_seg: 79.0139  aux.loss_ce: 0.8354  aux.acc_seg: 72.5112
2026/04/25 20:41:55 - mmengine - INFO - Iter(train) [ 9700/16000]  lr: 2.4389e-05  eta: 0:35:05  time: 0.3228  data_time: 0.0054  memory: 6182  loss: 2.2880  decode.loss_ce: 1.5781  decode.acc_seg: 59.4991  aux.loss_ce: 0.7099  aux.acc_seg: 53.1115
2026/04/25 20:42:02 - mmengine - INFO - Iter(train) [ 9720/16000]  lr: 2.4311e-05  eta: 0:34:58  time: 0.3234  data_time: 0.0056  memory: 6182  loss: 2.1138  decode.loss_ce: 1.4411  decode.acc_seg: 45.2789  aux.loss_ce: 0.6726  aux.acc_seg: 34.7245
2026/04/25 20:42:08 - mmengine - INFO - Iter(train) [ 9740/16000]  lr: 2.4234e-05  eta: 0:34:51  time: 0.3269  data_time: 0.0056  memory: 6182  loss: 2.7503  decode.loss_ce: 1.9173  decode.acc_seg: 48.6610  aux.loss_ce: 0.8329  aux.acc_seg: 37.6249
2026/04/25 20:42:15 - mmengine - INFO - Iter(train) [ 9760/16000]  lr: 2.4156e-05  eta: 0:34:44  time: 0.3344  data_time: 0.0056  memory: 6182  loss: 3.3636  decode.loss_ce: 2.3564  decode.acc_seg: 5.3078  aux.loss_ce: 1.0072  aux.acc_seg: 13.0376
2026/04/25 20:42:21 - mmengine - INFO - Iter(train) [ 9780/16000]  lr: 2.4079e-05  eta: 0:34:37  time: 0.3260  data_time: 0.0057  memory: 6182  loss: 3.1625  decode.loss_ce: 2.1839  decode.acc_seg: 61.5455  aux.loss_ce: 0.9786  aux.acc_seg: 54.9621
2026/04/25 20:42:28 - mmengine - INFO - Iter(train) [ 9800/16000]  lr: 2.4002e-05  eta: 0:34:31  time: 0.3207  data_time: 0.0054  memory: 6182  loss: 2.3236  decode.loss_ce: 1.6164  decode.acc_seg: 42.1090  aux.loss_ce: 0.7072  aux.acc_seg: 33.5497
2026/04/25 20:42:34 - mmengine - INFO - Iter(train) [ 9820/16000]  lr: 2.3924e-05  eta: 0:34:24  time: 0.3257  data_time: 0.0056  memory: 6182  loss: 2.9014  decode.loss_ce: 2.0056  decode.acc_seg: 42.4025  aux.loss_ce: 0.8959  aux.acc_seg: 35.1384
2026/04/25 20:42:41 - mmengine - INFO - Iter(train) [ 9840/16000]  lr: 2.3847e-05  eta: 0:34:17  time: 0.3307  data_time: 0.0057  memory: 6182  loss: 2.6293  decode.loss_ce: 1.8305  decode.acc_seg: 69.2786  aux.loss_ce: 0.7988  aux.acc_seg: 61.3483
2026/04/25 20:42:48 - mmengine - INFO - Iter(train) [ 9860/16000]  lr: 2.3769e-05  eta: 0:34:10  time: 0.3282  data_time: 0.0056  memory: 6182  loss: 3.1585  decode.loss_ce: 2.2042  decode.acc_seg: 21.8133  aux.loss_ce: 0.9543  aux.acc_seg: 28.0162
2026/04/25 20:42:54 - mmengine - INFO - Iter(train) [ 9880/16000]  lr: 2.3692e-05  eta: 0:34:04  time: 0.3382  data_time: 0.0056  memory: 6182  loss: 2.6631  decode.loss_ce: 1.8343  decode.acc_seg: 41.9172  aux.loss_ce: 0.8288  aux.acc_seg: 43.0519
2026/04/25 20:43:01 - mmengine - INFO - Iter(train) [ 9900/16000]  lr: 2.3614e-05  eta: 0:33:57  time: 0.3230  data_time: 0.0056  memory: 6182  loss: 2.4439  decode.loss_ce: 1.7038  decode.acc_seg: 85.4803  aux.loss_ce: 0.7401  aux.acc_seg: 77.2065
2026/04/25 20:43:07 - mmengine - INFO - Iter(train) [ 9920/16000]  lr: 2.3537e-05  eta: 0:33:50  time: 0.3255  data_time: 0.0056  memory: 6182  loss: 2.0065  decode.loss_ce: 1.3760  decode.acc_seg: 75.0903  aux.loss_ce: 0.6305  aux.acc_seg: 73.2089
2026/04/25 20:43:14 - mmengine - INFO - Iter(train) [ 9940/16000]  lr: 2.3460e-05  eta: 0:33:43  time: 0.3216  data_time: 0.0055  memory: 6182  loss: 2.6866  decode.loss_ce: 1.8417  decode.acc_seg: 70.5756  aux.loss_ce: 0.8448  aux.acc_seg: 64.0385
2026/04/25 20:43:20 - mmengine - INFO - Iter(train) [ 9960/16000]  lr: 2.3382e-05  eta: 0:33:37  time: 0.3385  data_time: 0.0058  memory: 6182  loss: 2.6199  decode.loss_ce: 1.8232  decode.acc_seg: 43.8452  aux.loss_ce: 0.7967  aux.acc_seg: 43.4949
2026/04/25 20:43:27 - mmengine - INFO - Iter(train) [ 9980/16000]  lr: 2.3305e-05  eta: 0:33:30  time: 0.3233  data_time: 0.0054  memory: 6182  loss: 2.4184  decode.loss_ce: 1.6947  decode.acc_seg: 54.0535  aux.loss_ce: 0.7237  aux.acc_seg: 50.9075
2026/04/25 20:43:33 - mmengine - INFO - Exp name: pvmamba_tiny_upernet_ade20k_base_random_16000_fixrelu_20260425_194434
2026/04/25 20:43:33 - mmengine - INFO - Iter(train) [10000/16000]  lr: 2.3227e-05  eta: 0:33:23  time: 0.3216  data_time: 0.0055  memory: 6182  loss: 1.7982  decode.loss_ce: 1.2374  decode.acc_seg: 65.8866  aux.loss_ce: 0.5608  aux.acc_seg: 61.0549
2026/04/25 20:43:40 - mmengine - INFO - Iter(train) [10020/16000]  lr: 2.3150e-05  eta: 0:33:16  time: 0.3309  data_time: 0.0056  memory: 6182  loss: 2.3611  decode.loss_ce: 1.6338  decode.acc_seg: 45.4730  aux.loss_ce: 0.7273  aux.acc_seg: 51.7963
2026/04/25 20:43:46 - mmengine - INFO - Iter(train) [10040/16000]  lr: 2.3072e-05  eta: 0:33:09  time: 0.3265  data_time: 0.0057  memory: 6182  loss: 2.7659  decode.loss_ce: 1.9079  decode.acc_seg: 37.6734  aux.loss_ce: 0.8580  aux.acc_seg: 23.3756
2026/04/25 20:43:53 - mmengine - INFO - Iter(train) [10060/16000]  lr: 2.2995e-05  eta: 0:33:03  time: 0.3278  data_time: 0.0057  memory: 6182  loss: 1.9058  decode.loss_ce: 1.2941  decode.acc_seg: 53.3762  aux.loss_ce: 0.6116  aux.acc_seg: 29.4536
2026/04/25 20:43:59 - mmengine - INFO - Iter(train) [10080/16000]  lr: 2.2918e-05  eta: 0:32:56  time: 0.3222  data_time: 0.0057  memory: 6182  loss: 1.9927  decode.loss_ce: 1.4010  decode.acc_seg: 62.9129  aux.loss_ce: 0.5917  aux.acc_seg: 60.9398
2026/04/25 20:44:06 - mmengine - INFO - Iter(train) [10100/16000]  lr: 2.2840e-05  eta: 0:32:49  time: 0.3289  data_time: 0.0055  memory: 6182  loss: 2.2178  decode.loss_ce: 1.5305  decode.acc_seg: 48.2120  aux.loss_ce: 0.6873  aux.acc_seg: 45.2655
2026/04/25 20:44:08 - mmengine - INFO - Exp name: pvmamba_tiny_upernet_ade20k_base_random_16000_fixrelu_20260425_194434
2026/04/25 20:44:13 - mmengine - INFO - Iter(train) [10120/16000]  lr: 2.2763e-05  eta: 0:32:42  time: 0.3307  data_time: 0.0056  memory: 6182  loss: 2.3471  decode.loss_ce: 1.6055  decode.acc_seg: 57.0840  aux.loss_ce: 0.7416  aux.acc_seg: 49.1698
2026/04/25 20:44:19 - mmengine - INFO - Iter(train) [10140/16000]  lr: 2.2685e-05  eta: 0:32:36  time: 0.3309  data_time: 0.0056  memory: 6182  loss: 2.8000  decode.loss_ce: 1.9270  decode.acc_seg: 56.6585  aux.loss_ce: 0.8730  aux.acc_seg: 54.3971
2026/04/25 20:44:26 - mmengine - INFO - Iter(train) [10160/16000]  lr: 2.2608e-05  eta: 0:32:29  time: 0.3229  data_time: 0.0057  memory: 6182  loss: 2.2925  decode.loss_ce: 1.5778  decode.acc_seg: 19.4147  aux.loss_ce: 0.7147  aux.acc_seg: 16.9092
2026/04/25 20:44:32 - mmengine - INFO - Iter(train) [10180/16000]  lr: 2.2530e-05  eta: 0:32:22  time: 0.3235  data_time: 0.0057  memory: 6182  loss: 2.5696  decode.loss_ce: 1.7872  decode.acc_seg: 70.9650  aux.loss_ce: 0.7824  aux.acc_seg: 68.6657
2026/04/25 20:44:39 - mmengine - INFO - Iter(train) [10200/16000]  lr: 2.2453e-05  eta: 0:32:15  time: 0.3236  data_time: 0.0054  memory: 6182  loss: 2.8209  decode.loss_ce: 1.9444  decode.acc_seg: 34.1636  aux.loss_ce: 0.8765  aux.acc_seg: 32.8655
2026/04/25 20:44:45 - mmengine - INFO - Iter(train) [10220/16000]  lr: 2.2376e-05  eta: 0:32:09  time: 0.3315  data_time: 0.0056  memory: 6182  loss: 2.6439  decode.loss_ce: 1.8346  decode.acc_seg: 11.7717  aux.loss_ce: 0.8093  aux.acc_seg: 14.6040
2026/04/25 20:44:52 - mmengine - INFO - Iter(train) [10240/16000]  lr: 2.2298e-05  eta: 0:32:02  time: 0.3231  data_time: 0.0056  memory: 6182  loss: 2.6185  decode.loss_ce: 1.8190  decode.acc_seg: 67.2544  aux.loss_ce: 0.7995  aux.acc_seg: 64.8206
2026/04/25 20:44:58 - mmengine - INFO - Iter(train) [10260/16000]  lr: 2.2221e-05  eta: 0:31:55  time: 0.3245  data_time: 0.0057  memory: 6182  loss: 2.7625  decode.loss_ce: 1.8933  decode.acc_seg: 52.0389  aux.loss_ce: 0.8692  aux.acc_seg: 40.6588
2026/04/25 20:45:05 - mmengine - INFO - Iter(train) [10280/16000]  lr: 2.2143e-05  eta: 0:31:48  time: 0.3283  data_time: 0.0056  memory: 6182  loss: 2.4951  decode.loss_ce: 1.6953  decode.acc_seg: 44.4753  aux.loss_ce: 0.7998  aux.acc_seg: 13.1978
2026/04/25 20:45:11 - mmengine - INFO - Iter(train) [10300/16000]  lr: 2.2066e-05  eta: 0:31:42  time: 0.3294  data_time: 0.0055  memory: 6182  loss: 2.5447  decode.loss_ce: 1.7809  decode.acc_seg: 56.1253  aux.loss_ce: 0.7639  aux.acc_seg: 37.4826
2026/04/25 20:45:18 - mmengine - INFO - Iter(train) [10320/16000]  lr: 2.1989e-05  eta: 0:31:35  time: 0.3236  data_time: 0.0055  memory: 6182  loss: 3.0242  decode.loss_ce: 2.1097  decode.acc_seg: 28.9172  aux.loss_ce: 0.9145  aux.acc_seg: 28.1995
2026/04/25 20:45:24 - mmengine - INFO - Iter(train) [10340/16000]  lr: 2.1911e-05  eta: 0:31:28  time: 0.3294  data_time: 0.0055  memory: 6182  loss: 2.9502  decode.loss_ce: 2.0397  decode.acc_seg: 5.4039  aux.loss_ce: 0.9104  aux.acc_seg: 6.7641
2026/04/25 20:45:31 - mmengine - INFO - Iter(train) [10360/16000]  lr: 2.1834e-05  eta: 0:31:21  time: 0.3211  data_time: 0.0053  memory: 6182  loss: 2.1164  decode.loss_ce: 1.4580  decode.acc_seg: 69.0613  aux.loss_ce: 0.6584  aux.acc_seg: 72.3424
2026/04/25 20:45:37 - mmengine - INFO - Iter(train) [10380/16000]  lr: 2.1756e-05  eta: 0:31:14  time: 0.3251  data_time: 0.0057  memory: 6182  loss: 2.3483  decode.loss_ce: 1.6238  decode.acc_seg: 56.7114  aux.loss_ce: 0.7245  aux.acc_seg: 61.2840
2026/04/25 20:45:44 - mmengine - INFO - Iter(train) [10400/16000]  lr: 2.1679e-05  eta: 0:31:08  time: 0.3339  data_time: 0.0056  memory: 6182  loss: 2.2492  decode.loss_ce: 1.5399  decode.acc_seg: 46.9445  aux.loss_ce: 0.7093  aux.acc_seg: 44.1399
2026/04/25 20:45:51 - mmengine - INFO - Iter(train) [10420/16000]  lr: 2.1601e-05  eta: 0:31:01  time: 0.3223  data_time: 0.0056  memory: 6182  loss: 2.4436  decode.loss_ce: 1.7005  decode.acc_seg: 29.0809  aux.loss_ce: 0.7431  aux.acc_seg: 27.6069
2026/04/25 20:45:57 - mmengine - INFO - Iter(train) [10440/16000]  lr: 2.1524e-05  eta: 0:30:54  time: 0.3254  data_time: 0.0056  memory: 6182  loss: 2.3884  decode.loss_ce: 1.6387  decode.acc_seg: 56.5530  aux.loss_ce: 0.7497  aux.acc_seg: 52.5090
2026/04/25 20:46:04 - mmengine - INFO - Iter(train) [10460/16000]  lr: 2.1447e-05  eta: 0:30:48  time: 0.3308  data_time: 0.0055  memory: 6182  loss: 2.0690  decode.loss_ce: 1.4362  decode.acc_seg: 51.7500  aux.loss_ce: 0.6328  aux.acc_seg: 50.8486
2026/04/25 20:46:10 - mmengine - INFO - Iter(train) [10480/16000]  lr: 2.1369e-05  eta: 0:30:41  time: 0.3241  data_time: 0.0056  memory: 6182  loss: 2.5665  decode.loss_ce: 1.7568  decode.acc_seg: 59.1579  aux.loss_ce: 0.8097  aux.acc_seg: 40.8152
2026/04/25 20:46:17 - mmengine - INFO - Iter(train) [10500/16000]  lr: 2.1292e-05  eta: 0:30:34  time: 0.3225  data_time: 0.0055  memory: 6182  loss: 2.7644  decode.loss_ce: 1.9311  decode.acc_seg: 24.8160  aux.loss_ce: 0.8332  aux.acc_seg: 20.0262
2026/04/25 20:46:23 - mmengine - INFO - Iter(train) [10520/16000]  lr: 2.1214e-05  eta: 0:30:27  time: 0.3244  data_time: 0.0055  memory: 6182  loss: 2.0978  decode.loss_ce: 1.4426  decode.acc_seg: 66.9754  aux.loss_ce: 0.6552  aux.acc_seg: 52.3298
2026/04/25 20:46:30 - mmengine - INFO - Iter(train) [10540/16000]  lr: 2.1137e-05  eta: 0:30:21  time: 0.3282  data_time: 0.0055  memory: 6182  loss: 2.1996  decode.loss_ce: 1.5236  decode.acc_seg: 39.2116  aux.loss_ce: 0.6760  aux.acc_seg: 33.9174
2026/04/25 20:46:36 - mmengine - INFO - Iter(train) [10560/16000]  lr: 2.1059e-05  eta: 0:30:14  time: 0.3266  data_time: 0.0056  memory: 6182  loss: 2.3705  decode.loss_ce: 1.6471  decode.acc_seg: 67.8307  aux.loss_ce: 0.7235  aux.acc_seg: 57.0286
2026/04/25 20:46:43 - mmengine - INFO - Iter(train) [10580/16000]  lr: 2.0982e-05  eta: 0:30:07  time: 0.3211  data_time: 0.0054  memory: 6182  loss: 2.1995  decode.loss_ce: 1.4967  decode.acc_seg: 12.1275  aux.loss_ce: 0.7028  aux.acc_seg: 11.5676
2026/04/25 20:46:49 - mmengine - INFO - Iter(train) [10600/16000]  lr: 2.0905e-05  eta: 0:30:00  time: 0.3239  data_time: 0.0056  memory: 6182  loss: 2.0161  decode.loss_ce: 1.3943  decode.acc_seg: 77.6314  aux.loss_ce: 0.6218  aux.acc_seg: 78.1298
2026/04/25 20:46:56 - mmengine - INFO - Iter(train) [10620/16000]  lr: 2.0827e-05  eta: 0:29:54  time: 0.3317  data_time: 0.0055  memory: 6182  loss: 2.9423  decode.loss_ce: 2.0453  decode.acc_seg: 16.4829  aux.loss_ce: 0.8970  aux.acc_seg: 10.8421
2026/04/25 20:47:02 - mmengine - INFO - Iter(train) [10640/16000]  lr: 2.0750e-05  eta: 0:29:47  time: 0.3226  data_time: 0.0056  memory: 6182  loss: 2.8197  decode.loss_ce: 1.9283  decode.acc_seg: 54.7595  aux.loss_ce: 0.8914  aux.acc_seg: 41.9261
2026/04/25 20:47:09 - mmengine - INFO - Iter(train) [10660/16000]  lr: 2.0672e-05  eta: 0:29:40  time: 0.3280  data_time: 0.0056  memory: 6182  loss: 1.7747  decode.loss_ce: 1.2192  decode.acc_seg: 61.5769  aux.loss_ce: 0.5555  aux.acc_seg: 56.8645
2026/04/25 20:47:15 - mmengine - INFO - Iter(train) [10680/16000]  lr: 2.0595e-05  eta: 0:29:33  time: 0.3266  data_time: 0.0056  memory: 6182  loss: 2.0670  decode.loss_ce: 1.4081  decode.acc_seg: 58.7169  aux.loss_ce: 0.6589  aux.acc_seg: 60.7141
2026/04/25 20:47:22 - mmengine - INFO - Iter(train) [10700/16000]  lr: 2.0517e-05  eta: 0:29:27  time: 0.3222  data_time: 0.0055  memory: 6182  loss: 2.4567  decode.loss_ce: 1.6884  decode.acc_seg: 34.9827  aux.loss_ce: 0.7683  aux.acc_seg: 22.4049
2026/04/25 20:47:28 - mmengine - INFO - Iter(train) [10720/16000]  lr: 2.0440e-05  eta: 0:29:20  time: 0.3233  data_time: 0.0055  memory: 6182  loss: 3.3148  decode.loss_ce: 2.2941  decode.acc_seg: 30.4689  aux.loss_ce: 1.0207  aux.acc_seg: 32.1229
2026/04/25 20:47:35 - mmengine - INFO - Iter(train) [10740/16000]  lr: 2.0363e-05  eta: 0:29:13  time: 0.3227  data_time: 0.0057  memory: 6182  loss: 2.3587  decode.loss_ce: 1.6284  decode.acc_seg: 59.2963  aux.loss_ce: 0.7302  aux.acc_seg: 57.4186
2026/04/25 20:47:41 - mmengine - INFO - Iter(train) [10760/16000]  lr: 2.0285e-05  eta: 0:29:06  time: 0.3239  data_time: 0.0056  memory: 6182  loss: 2.8516  decode.loss_ce: 1.9890  decode.acc_seg: 23.3145  aux.loss_ce: 0.8626  aux.acc_seg: 19.9244
2026/04/25 20:47:48 - mmengine - INFO - Iter(train) [10780/16000]  lr: 2.0208e-05  eta: 0:29:00  time: 0.3303  data_time: 0.0056  memory: 6182  loss: 2.4098  decode.loss_ce: 1.6383  decode.acc_seg: 27.7516  aux.loss_ce: 0.7715  aux.acc_seg: 17.5550
2026/04/25 20:47:54 - mmengine - INFO - Iter(train) [10800/16000]  lr: 2.0130e-05  eta: 0:28:53  time: 0.3246  data_time: 0.0055  memory: 6182  loss: 2.2102  decode.loss_ce: 1.5290  decode.acc_seg: 52.1944  aux.loss_ce: 0.6812  aux.acc_seg: 44.4961
2026/04/25 20:48:01 - mmengine - INFO - Iter(train) [10820/16000]  lr: 2.0053e-05  eta: 0:28:46  time: 0.3228  data_time: 0.0056  memory: 6182  loss: 2.4838  decode.loss_ce: 1.6995  decode.acc_seg: 25.1836  aux.loss_ce: 0.7843  aux.acc_seg: 20.7222
2026/04/25 20:48:07 - mmengine - INFO - Iter(train) [10840/16000]  lr: 1.9975e-05  eta: 0:28:39  time: 0.3228  data_time: 0.0057  memory: 6182  loss: 2.1618  decode.loss_ce: 1.4788  decode.acc_seg: 42.1517  aux.loss_ce: 0.6829  aux.acc_seg: 52.3283
2026/04/25 20:48:14 - mmengine - INFO - Iter(train) [10860/16000]  lr: 1.9898e-05  eta: 0:28:33  time: 0.3244  data_time: 0.0056  memory: 6182  loss: 1.8112  decode.loss_ce: 1.2490  decode.acc_seg: 19.8050  aux.loss_ce: 0.5621  aux.acc_seg: 20.9640
2026/04/25 20:48:20 - mmengine - INFO - Iter(train) [10880/16000]  lr: 1.9821e-05  eta: 0:28:26  time: 0.3206  data_time: 0.0055  memory: 6182  loss: 2.3802  decode.loss_ce: 1.6229  decode.acc_seg: 90.1489  aux.loss_ce: 0.7573  aux.acc_seg: 73.1934
2026/04/25 20:48:27 - mmengine - INFO - Iter(train) [10900/16000]  lr: 1.9743e-05  eta: 0:28:19  time: 0.3271  data_time: 0.0055  memory: 6182  loss: 2.5649  decode.loss_ce: 1.7525  decode.acc_seg: 37.6880  aux.loss_ce: 0.8124  aux.acc_seg: 35.1683
2026/04/25 20:48:33 - mmengine - INFO - Iter(train) [10920/16000]  lr: 1.9666e-05  eta: 0:28:12  time: 0.3232  data_time: 0.0056  memory: 6182  loss: 2.7920  decode.loss_ce: 1.9201  decode.acc_seg: 40.2948  aux.loss_ce: 0.8719  aux.acc_seg: 41.3067
2026/04/25 20:48:40 - mmengine - INFO - Iter(train) [10940/16000]  lr: 1.9588e-05  eta: 0:28:06  time: 0.3409  data_time: 0.0055  memory: 6182  loss: 2.3330  decode.loss_ce: 1.6288  decode.acc_seg: 60.9407  aux.loss_ce: 0.7042  aux.acc_seg: 53.2247
2026/04/25 20:48:47 - mmengine - INFO - Iter(train) [10960/16000]  lr: 1.9511e-05  eta: 0:27:59  time: 0.3234  data_time: 0.0056  memory: 6182  loss: 2.2500  decode.loss_ce: 1.5536  decode.acc_seg: 43.0772  aux.loss_ce: 0.6964  aux.acc_seg: 31.1526
2026/04/25 20:48:53 - mmengine - INFO - Iter(train) [10980/16000]  lr: 1.9434e-05  eta: 0:27:52  time: 0.3269  data_time: 0.0055  memory: 6182  loss: 2.3305  decode.loss_ce: 1.6160  decode.acc_seg: 38.6517  aux.loss_ce: 0.7146  aux.acc_seg: 35.5308
2026/04/25 20:49:00 - mmengine - INFO - Exp name: pvmamba_tiny_upernet_ade20k_base_random_16000_fixrelu_20260425_194434
2026/04/25 20:49:00 - mmengine - INFO - Iter(train) [11000/16000]  lr: 1.9356e-05  eta: 0:27:46  time: 0.3260  data_time: 0.0054  memory: 6182  loss: 2.0810  decode.loss_ce: 1.4248  decode.acc_seg: 55.5569  aux.loss_ce: 0.6562  aux.acc_seg: 49.6607
2026/04/25 20:49:06 - mmengine - INFO - Iter(train) [11020/16000]  lr: 1.9279e-05  eta: 0:27:39  time: 0.3265  data_time: 0.0055  memory: 6182  loss: 2.4128  decode.loss_ce: 1.6782  decode.acc_seg: 56.1264  aux.loss_ce: 0.7346  aux.acc_seg: 52.9326
2026/04/25 20:49:13 - mmengine - INFO - Iter(train) [11040/16000]  lr: 1.9201e-05  eta: 0:27:32  time: 0.3261  data_time: 0.0055  memory: 6182  loss: 3.2404  decode.loss_ce: 2.2698  decode.acc_seg: 36.9456  aux.loss_ce: 0.9706  aux.acc_seg: 34.4412
2026/04/25 20:49:19 - mmengine - INFO - Iter(train) [11060/16000]  lr: 1.9124e-05  eta: 0:27:25  time: 0.3287  data_time: 0.0055  memory: 6182  loss: 2.9623  decode.loss_ce: 2.0459  decode.acc_seg: 61.4248  aux.loss_ce: 0.9164  aux.acc_seg: 61.6968
2026/04/25 20:49:26 - mmengine - INFO - Iter(train) [11080/16000]  lr: 1.9046e-05  eta: 0:27:19  time: 0.3238  data_time: 0.0057  memory: 6182  loss: 2.3138  decode.loss_ce: 1.5985  decode.acc_seg: 43.7494  aux.loss_ce: 0.7152  aux.acc_seg: 43.2521
2026/04/25 20:49:32 - mmengine - INFO - Iter(train) [11100/16000]  lr: 1.8969e-05  eta: 0:27:12  time: 0.3232  data_time: 0.0056  memory: 6182  loss: 2.3050  decode.loss_ce: 1.5994  decode.acc_seg: 63.2070  aux.loss_ce: 0.7056  aux.acc_seg: 63.5399
2026/04/25 20:49:39 - mmengine - INFO - Iter(train) [11120/16000]  lr: 1.8892e-05  eta: 0:27:05  time: 0.3226  data_time: 0.0055  memory: 6182  loss: 2.8740  decode.loss_ce: 1.9741  decode.acc_seg: 80.4389  aux.loss_ce: 0.8999  aux.acc_seg: 63.6097
2026/04/25 20:49:45 - mmengine - INFO - Iter(train) [11140/16000]  lr: 1.8814e-05  eta: 0:26:59  time: 0.3262  data_time: 0.0056  memory: 6182  loss: 2.2891  decode.loss_ce: 1.5800  decode.acc_seg: 71.1172  aux.loss_ce: 0.7091  aux.acc_seg: 52.8523
2026/04/25 20:49:52 - mmengine - INFO - Iter(train) [11160/16000]  lr: 1.8737e-05  eta: 0:26:52  time: 0.3383  data_time: 0.0053  memory: 6182  loss: 1.9166  decode.loss_ce: 1.3138  decode.acc_seg: 66.7216  aux.loss_ce: 0.6028  aux.acc_seg: 55.4343
2026/04/25 20:49:59 - mmengine - INFO - Iter(train) [11180/16000]  lr: 1.8659e-05  eta: 0:26:45  time: 0.3217  data_time: 0.0057  memory: 6182  loss: 2.9529  decode.loss_ce: 2.0529  decode.acc_seg: 63.9722  aux.loss_ce: 0.9000  aux.acc_seg: 53.7183
2026/04/25 20:50:05 - mmengine - INFO - Iter(train) [11200/16000]  lr: 1.8582e-05  eta: 0:26:38  time: 0.3306  data_time: 0.0056  memory: 6182  loss: 2.3134  decode.loss_ce: 1.6212  decode.acc_seg: 59.2079  aux.loss_ce: 0.6922  aux.acc_seg: 60.7929
2026/04/25 20:50:12 - mmengine - INFO - Iter(train) [11220/16000]  lr: 1.8504e-05  eta: 0:26:32  time: 0.3293  data_time: 0.0056  memory: 6182  loss: 2.4266  decode.loss_ce: 1.6798  decode.acc_seg: 68.9792  aux.loss_ce: 0.7468  aux.acc_seg: 59.7042
2026/04/25 20:50:18 - mmengine - INFO - Iter(train) [11240/16000]  lr: 1.8427e-05  eta: 0:26:25  time: 0.3272  data_time: 0.0056  memory: 6182  loss: 2.3217  decode.loss_ce: 1.5935  decode.acc_seg: 27.9539  aux.loss_ce: 0.7281  aux.acc_seg: 17.3714
2026/04/25 20:50:25 - mmengine - INFO - Iter(train) [11260/16000]  lr: 1.8350e-05  eta: 0:26:18  time: 0.3277  data_time: 0.0056  memory: 6182  loss: 2.1799  decode.loss_ce: 1.4837  decode.acc_seg: 57.6721  aux.loss_ce: 0.6962  aux.acc_seg: 56.1272
2026/04/25 20:50:31 - mmengine - INFO - Iter(train) [11280/16000]  lr: 1.8272e-05  eta: 0:26:12  time: 0.3230  data_time: 0.0054  memory: 6182  loss: 2.7357  decode.loss_ce: 1.9196  decode.acc_seg: 39.5215  aux.loss_ce: 0.8161  aux.acc_seg: 41.5757
2026/04/25 20:50:38 - mmengine - INFO - Iter(train) [11300/16000]  lr: 1.8195e-05  eta: 0:26:05  time: 0.3193  data_time: 0.0056  memory: 6182  loss: 2.4809  decode.loss_ce: 1.7199  decode.acc_seg: 70.5131  aux.loss_ce: 0.7610  aux.acc_seg: 63.5224
2026/04/25 20:50:44 - mmengine - INFO - Iter(train) [11320/16000]  lr: 1.8117e-05  eta: 0:25:58  time: 0.3228  data_time: 0.0057  memory: 6182  loss: 2.7763  decode.loss_ce: 1.9174  decode.acc_seg: 41.6055  aux.loss_ce: 0.8590  aux.acc_seg: 37.3665
2026/04/25 20:50:51 - mmengine - INFO - Iter(train) [11340/16000]  lr: 1.8040e-05  eta: 0:25:51  time: 0.3256  data_time: 0.0058  memory: 6182  loss: 3.0012  decode.loss_ce: 2.0809  decode.acc_seg: 39.0318  aux.loss_ce: 0.9203  aux.acc_seg: 28.0624
2026/04/25 20:50:57 - mmengine - INFO - Iter(train) [11360/16000]  lr: 1.7962e-05  eta: 0:25:45  time: 0.3235  data_time: 0.0055  memory: 6182  loss: 2.9883  decode.loss_ce: 2.0709  decode.acc_seg: 41.7030  aux.loss_ce: 0.9174  aux.acc_seg: 39.8447
2026/04/25 20:51:04 - mmengine - INFO - Iter(train) [11380/16000]  lr: 1.7885e-05  eta: 0:25:38  time: 0.3193  data_time: 0.0055  memory: 6182  loss: 2.9854  decode.loss_ce: 2.1167  decode.acc_seg: 49.3874  aux.loss_ce: 0.8686  aux.acc_seg: 45.6523
2026/04/25 20:51:10 - mmengine - INFO - Iter(train) [11400/16000]  lr: 1.7808e-05  eta: 0:25:31  time: 0.3298  data_time: 0.0055  memory: 6182  loss: 3.1067  decode.loss_ce: 2.1641  decode.acc_seg: 32.5673  aux.loss_ce: 0.9426  aux.acc_seg: 29.0865
2026/04/25 20:51:17 - mmengine - INFO - Iter(train) [11420/16000]  lr: 1.7730e-05  eta: 0:25:24  time: 0.3210  data_time: 0.0055  memory: 6182  loss: 2.6211  decode.loss_ce: 1.8044  decode.acc_seg: 26.3576  aux.loss_ce: 0.8167  aux.acc_seg: 22.0756
2026/04/25 20:51:23 - mmengine - INFO - Iter(train) [11440/16000]  lr: 1.7653e-05  eta: 0:25:18  time: 0.3253  data_time: 0.0056  memory: 6182  loss: 2.4194  decode.loss_ce: 1.6561  decode.acc_seg: 49.9329  aux.loss_ce: 0.7634  aux.acc_seg: 46.9352
2026/04/25 20:51:29 - mmengine - INFO - Iter(train) [11460/16000]  lr: 1.7575e-05  eta: 0:25:11  time: 0.3264  data_time: 0.0055  memory: 6182  loss: 2.4954  decode.loss_ce: 1.7380  decode.acc_seg: 55.2617  aux.loss_ce: 0.7574  aux.acc_seg: 47.8780
2026/04/25 20:51:36 - mmengine - INFO - Iter(train) [11480/16000]  lr: 1.7498e-05  eta: 0:25:04  time: 0.3226  data_time: 0.0056  memory: 6182  loss: 2.4191  decode.loss_ce: 1.6835  decode.acc_seg: 56.4145  aux.loss_ce: 0.7356  aux.acc_seg: 57.2756
2026/04/25 20:51:42 - mmengine - INFO - Iter(train) [11500/16000]  lr: 1.7420e-05  eta: 0:24:57  time: 0.3270  data_time: 0.0057  memory: 6182  loss: 2.4483  decode.loss_ce: 1.6614  decode.acc_seg: 78.4414  aux.loss_ce: 0.7869  aux.acc_seg: 72.0987
2026/04/25 20:51:49 - mmengine - INFO - Iter(train) [11520/16000]  lr: 1.7343e-05  eta: 0:24:51  time: 0.3210  data_time: 0.0055  memory: 6182  loss: 2.4740  decode.loss_ce: 1.6731  decode.acc_seg: 40.9021  aux.loss_ce: 0.8009  aux.acc_seg: 34.5295
2026/04/25 20:51:55 - mmengine - INFO - Iter(train) [11540/16000]  lr: 1.7266e-05  eta: 0:24:44  time: 0.3291  data_time: 0.0054  memory: 6182  loss: 2.0474  decode.loss_ce: 1.3870  decode.acc_seg: 68.3349  aux.loss_ce: 0.6603  aux.acc_seg: 59.2087
2026/04/25 20:52:02 - mmengine - INFO - Iter(train) [11560/16000]  lr: 1.7188e-05  eta: 0:24:37  time: 0.3268  data_time: 0.0056  memory: 6182  loss: 2.2741  decode.loss_ce: 1.5793  decode.acc_seg: 66.9192  aux.loss_ce: 0.6948  aux.acc_seg: 67.1187
2026/04/25 20:52:09 - mmengine - INFO - Iter(train) [11580/16000]  lr: 1.7111e-05  eta: 0:24:31  time: 0.3247  data_time: 0.0054  memory: 6182  loss: 2.4808  decode.loss_ce: 1.7268  decode.acc_seg: 51.4629  aux.loss_ce: 0.7540  aux.acc_seg: 44.7430
2026/04/25 20:52:15 - mmengine - INFO - Iter(train) [11600/16000]  lr: 1.7033e-05  eta: 0:24:24  time: 0.3280  data_time: 0.0056  memory: 6182  loss: 2.2469  decode.loss_ce: 1.5571  decode.acc_seg: 75.0828  aux.loss_ce: 0.6898  aux.acc_seg: 71.7752
2026/04/25 20:52:22 - mmengine - INFO - Iter(train) [11620/16000]  lr: 1.6956e-05  eta: 0:24:17  time: 0.3301  data_time: 0.0055  memory: 6182  loss: 2.2227  decode.loss_ce: 1.5414  decode.acc_seg: 85.6543  aux.loss_ce: 0.6814  aux.acc_seg: 82.0245
2026/04/25 20:52:28 - mmengine - INFO - Iter(train) [11640/16000]  lr: 1.6879e-05  eta: 0:24:11  time: 0.3251  data_time: 0.0056  memory: 6182  loss: 2.3550  decode.loss_ce: 1.6326  decode.acc_seg: 68.0246  aux.loss_ce: 0.7224  aux.acc_seg: 45.5372
2026/04/25 20:52:35 - mmengine - INFO - Iter(train) [11660/16000]  lr: 1.6801e-05  eta: 0:24:04  time: 0.3220  data_time: 0.0056  memory: 6182  loss: 2.9482  decode.loss_ce: 2.0303  decode.acc_seg: 47.6845  aux.loss_ce: 0.9179  aux.acc_seg: 47.2515
2026/04/25 20:52:41 - mmengine - INFO - Iter(train) [11680/16000]  lr: 1.6724e-05  eta: 0:23:57  time: 0.3254  data_time: 0.0057  memory: 6182  loss: 2.9935  decode.loss_ce: 2.1097  decode.acc_seg: 49.9315  aux.loss_ce: 0.8838  aux.acc_seg: 59.0992
2026/04/25 20:52:48 - mmengine - INFO - Iter(train) [11700/16000]  lr: 1.6646e-05  eta: 0:23:50  time: 0.3306  data_time: 0.0056  memory: 6182  loss: 2.9934  decode.loss_ce: 2.1040  decode.acc_seg: 30.4801  aux.loss_ce: 0.8894  aux.acc_seg: 38.3197
2026/04/25 20:52:54 - mmengine - INFO - Iter(train) [11720/16000]  lr: 1.6569e-05  eta: 0:23:44  time: 0.3314  data_time: 0.0056  memory: 6182  loss: 2.9435  decode.loss_ce: 2.0366  decode.acc_seg: 47.9804  aux.loss_ce: 0.9068  aux.acc_seg: 40.9891
2026/04/25 20:53:01 - mmengine - INFO - Iter(train) [11740/16000]  lr: 1.6491e-05  eta: 0:23:37  time: 0.3297  data_time: 0.0056  memory: 6182  loss: 2.5027  decode.loss_ce: 1.7270  decode.acc_seg: 39.0487  aux.loss_ce: 0.7757  aux.acc_seg: 20.3349
2026/04/25 20:53:07 - mmengine - INFO - Iter(train) [11760/16000]  lr: 1.6414e-05  eta: 0:23:30  time: 0.3246  data_time: 0.0055  memory: 6182  loss: 2.5060  decode.loss_ce: 1.7440  decode.acc_seg: 3.8209  aux.loss_ce: 0.7620  aux.acc_seg: 3.6280
2026/04/25 20:53:14 - mmengine - INFO - Iter(train) [11780/16000]  lr: 1.6337e-05  eta: 0:23:24  time: 0.3221  data_time: 0.0058  memory: 6182  loss: 2.9378  decode.loss_ce: 2.0591  decode.acc_seg: 37.5971  aux.loss_ce: 0.8787  aux.acc_seg: 37.4738
2026/04/25 20:53:20 - mmengine - INFO - Iter(train) [11800/16000]  lr: 1.6259e-05  eta: 0:23:17  time: 0.3247  data_time: 0.0055  memory: 6182  loss: 1.9122  decode.loss_ce: 1.3314  decode.acc_seg: 48.9500  aux.loss_ce: 0.5808  aux.acc_seg: 52.1500
2026/04/25 20:53:27 - mmengine - INFO - Iter(train) [11820/16000]  lr: 1.6182e-05  eta: 0:23:10  time: 0.3427  data_time: 0.0055  memory: 6182  loss: 3.1928  decode.loss_ce: 2.2618  decode.acc_seg: 43.8536  aux.loss_ce: 0.9311  aux.acc_seg: 49.5020
2026/04/25 20:53:33 - mmengine - INFO - Iter(train) [11840/16000]  lr: 1.6104e-05  eta: 0:23:03  time: 0.3283  data_time: 0.0056  memory: 6182  loss: 2.3159  decode.loss_ce: 1.6143  decode.acc_seg: 37.2076  aux.loss_ce: 0.7016  aux.acc_seg: 37.8325
2026/04/25 20:53:40 - mmengine - INFO - Iter(train) [11860/16000]  lr: 1.6027e-05  eta: 0:22:57  time: 0.3312  data_time: 0.0055  memory: 6182  loss: 2.2441  decode.loss_ce: 1.5443  decode.acc_seg: 62.8847  aux.loss_ce: 0.6998  aux.acc_seg: 55.9519
2026/04/25 20:53:46 - mmengine - INFO - Iter(train) [11880/16000]  lr: 1.5949e-05  eta: 0:22:50  time: 0.3242  data_time: 0.0055  memory: 6182  loss: 2.6187  decode.loss_ce: 1.8143  decode.acc_seg: 37.6507  aux.loss_ce: 0.8044  aux.acc_seg: 36.4061
2026/04/25 20:53:53 - mmengine - INFO - Iter(train) [11900/16000]  lr: 1.5872e-05  eta: 0:22:43  time: 0.3296  data_time: 0.0056  memory: 6182  loss: 3.1024  decode.loss_ce: 2.1496  decode.acc_seg: 59.6595  aux.loss_ce: 0.9528  aux.acc_seg: 52.1081
2026/04/25 20:53:59 - mmengine - INFO - Iter(train) [11920/16000]  lr: 1.5795e-05  eta: 0:22:37  time: 0.3268  data_time: 0.0056  memory: 6182  loss: 2.5325  decode.loss_ce: 1.7529  decode.acc_seg: 68.6483  aux.loss_ce: 0.7796  aux.acc_seg: 67.1604
2026/04/25 20:54:06 - mmengine - INFO - Iter(train) [11940/16000]  lr: 1.5717e-05  eta: 0:22:30  time: 0.3231  data_time: 0.0056  memory: 6182  loss: 2.0507  decode.loss_ce: 1.4057  decode.acc_seg: 62.4336  aux.loss_ce: 0.6450  aux.acc_seg: 55.0056
2026/04/25 20:54:12 - mmengine - INFO - Iter(train) [11960/16000]  lr: 1.5640e-05  eta: 0:22:23  time: 0.3244  data_time: 0.0055  memory: 6182  loss: 2.8012  decode.loss_ce: 1.9572  decode.acc_seg: 54.5179  aux.loss_ce: 0.8440  aux.acc_seg: 44.5920
2026/04/25 20:54:19 - mmengine - INFO - Iter(train) [11980/16000]  lr: 1.5562e-05  eta: 0:22:17  time: 0.3239  data_time: 0.0056  memory: 6182  loss: 2.5949  decode.loss_ce: 1.8037  decode.acc_seg: 39.4177  aux.loss_ce: 0.7912  aux.acc_seg: 44.8952
2026/04/25 20:54:25 - mmengine - INFO - Exp name: pvmamba_tiny_upernet_ade20k_base_random_16000_fixrelu_20260425_194434
2026/04/25 20:54:25 - mmengine - INFO - Iter(train) [12000/16000]  lr: 1.5485e-05  eta: 0:22:10  time: 0.3280  data_time: 0.0055  memory: 6182  loss: 2.5243  decode.loss_ce: 1.7424  decode.acc_seg: 63.9554  aux.loss_ce: 0.7819  aux.acc_seg: 56.7610
2026/04/25 20:54:25 - mmengine - INFO - Saving checkpoint at 12000 iterations
2026/04/25 20:54:28 - mmengine - INFO - Iter(val) [  20/1000]    eta: 0:01:02  time: 0.0618  data_time: 0.0014  memory: 1562  
2026/04/25 20:54:29 - mmengine - INFO - Iter(val) [  40/1000]    eta: 0:01:00  time: 0.0624  data_time: 0.0014  memory: 1456  
2026/04/25 20:54:31 - mmengine - INFO - Iter(val) [  60/1000]    eta: 0:00:59  time: 0.0629  data_time: 0.0014  memory: 1466  
2026/04/25 20:54:32 - mmengine - INFO - Iter(val) [  80/1000]    eta: 0:00:58  time: 0.0672  data_time: 0.0015  memory: 1646  
2026/04/25 20:54:33 - mmengine - INFO - Iter(val) [ 100/1000]    eta: 0:00:57  time: 0.0616  data_time: 0.0013  memory: 1458  
2026/04/25 20:54:34 - mmengine - INFO - Iter(val) [ 120/1000]    eta: 0:00:55  time: 0.0643  data_time: 0.0013  memory: 1803  
2026/04/25 20:54:36 - mmengine - INFO - Iter(val) [ 140/1000]    eta: 0:00:54  time: 0.0604  data_time: 0.0014  memory: 1456  
2026/04/25 20:54:37 - mmengine - INFO - Iter(val) [ 160/1000]    eta: 0:00:52  time: 0.0601  data_time: 0.0014  memory: 1432  
2026/04/25 20:54:38 - mmengine - INFO - Iter(val) [ 180/1000]    eta: 0:00:51  time: 0.0617  data_time: 0.0013  memory: 1558  
2026/04/25 20:54:39 - mmengine - INFO - Iter(val) [ 200/1000]    eta: 0:00:50  time: 0.0630  data_time: 0.0013  memory: 1501  
2026/04/25 20:54:40 - mmengine - INFO - Iter(val) [ 220/1000]    eta: 0:00:48  time: 0.0622  data_time: 0.0013  memory: 1463  
2026/04/25 20:54:42 - mmengine - INFO - Iter(val) [ 240/1000]    eta: 0:00:47  time: 0.0640  data_time: 0.0014  memory: 1467  
2026/04/25 20:54:43 - mmengine - INFO - Iter(val) [ 260/1000]    eta: 0:00:46  time: 0.0642  data_time: 0.0014  memory: 1467  
2026/04/25 20:54:44 - mmengine - INFO - Iter(val) [ 280/1000]    eta: 0:00:44  time: 0.0615  data_time: 0.0013  memory: 1551  
2026/04/25 20:54:46 - mmengine - INFO - Iter(val) [ 300/1000]    eta: 0:00:43  time: 0.0634  data_time: 0.0014  memory: 1506  
2026/04/25 20:54:47 - mmengine - INFO - Iter(val) [ 320/1000]    eta: 0:00:42  time: 0.0622  data_time: 0.0012  memory: 1501  
2026/04/25 20:54:48 - mmengine - INFO - Iter(val) [ 340/1000]    eta: 0:00:41  time: 0.0629  data_time: 0.0013  memory: 1497  
2026/04/25 20:54:49 - mmengine - INFO - Iter(val) [ 360/1000]    eta: 0:00:40  time: 0.0631  data_time: 0.0013  memory: 1527  
2026/04/25 20:54:51 - mmengine - INFO - Iter(val) [ 380/1000]    eta: 0:00:38  time: 0.0600  data_time: 0.0013  memory: 1547  
2026/04/25 20:54:52 - mmengine - INFO - Iter(val) [ 400/1000]    eta: 0:00:37  time: 0.0638  data_time: 0.0014  memory: 1447  
2026/04/25 20:54:53 - mmengine - INFO - Iter(val) [ 420/1000]    eta: 0:00:36  time: 0.0636  data_time: 0.0014  memory: 1405  
2026/04/25 20:54:54 - mmengine - INFO - Iter(val) [ 440/1000]    eta: 0:00:34  time: 0.0544  data_time: 0.0012  memory: 1405  
2026/04/25 20:54:55 - mmengine - INFO - Iter(val) [ 460/1000]    eta: 0:00:33  time: 0.0629  data_time: 0.0013  memory: 1541  
2026/04/25 20:54:57 - mmengine - INFO - Iter(val) [ 480/1000]    eta: 0:00:32  time: 0.0608  data_time: 0.0014  memory: 1458  
2026/04/25 20:54:58 - mmengine - INFO - Iter(val) [ 500/1000]    eta: 0:00:31  time: 0.0605  data_time: 0.0015  memory: 1544  
2026/04/25 20:54:59 - mmengine - INFO - Iter(val) [ 520/1000]    eta: 0:00:29  time: 0.0637  data_time: 0.0015  memory: 1549  
2026/04/25 20:55:01 - mmengine - INFO - Iter(val) [ 540/1000]    eta: 0:00:28  time: 0.0653  data_time: 0.0013  memory: 1526  
2026/04/25 20:55:02 - mmengine - INFO - Iter(val) [ 560/1000]    eta: 0:00:27  time: 0.0592  data_time: 0.0013  memory: 1453  
2026/04/25 20:55:03 - mmengine - INFO - Iter(val) [ 580/1000]    eta: 0:00:26  time: 0.0611  data_time: 0.0015  memory: 2510  
2026/04/25 20:55:04 - mmengine - INFO - Iter(val) [ 600/1000]    eta: 0:00:24  time: 0.0639  data_time: 0.0014  memory: 1495  
2026/04/25 20:55:06 - mmengine - INFO - Iter(val) [ 620/1000]    eta: 0:00:23  time: 0.0719  data_time: 0.0019  memory: 1497  
2026/04/25 20:55:07 - mmengine - INFO - Iter(val) [ 640/1000]    eta: 0:00:22  time: 0.0700  data_time: 0.0017  memory: 1458  
2026/04/25 20:55:08 - mmengine - INFO - Iter(val) [ 660/1000]    eta: 0:00:21  time: 0.0720  data_time: 0.0018  memory: 1457  
2026/04/25 20:55:10 - mmengine - INFO - Iter(val) [ 680/1000]    eta: 0:00:20  time: 0.0607  data_time: 0.0014  memory: 1458  
2026/04/25 20:55:11 - mmengine - INFO - Iter(val) [ 700/1000]    eta: 0:00:18  time: 0.0628  data_time: 0.0013  memory: 1513  
2026/04/25 20:55:12 - mmengine - INFO - Iter(val) [ 720/1000]    eta: 0:00:17  time: 0.0627  data_time: 0.0013  memory: 1541  
2026/04/25 20:55:13 - mmengine - INFO - Iter(val) [ 740/1000]    eta: 0:00:16  time: 0.0625  data_time: 0.0014  memory: 1457  
2026/04/25 20:55:15 - mmengine - INFO - Iter(val) [ 760/1000]    eta: 0:00:15  time: 0.0650  data_time: 0.0014  memory: 1527  
2026/04/25 20:55:16 - mmengine - INFO - Iter(val) [ 780/1000]    eta: 0:00:13  time: 0.0589  data_time: 0.0013  memory: 1490  
2026/04/25 20:55:17 - mmengine - INFO - Iter(val) [ 800/1000]    eta: 0:00:12  time: 0.0625  data_time: 0.0015  memory: 1452  
2026/04/25 20:55:18 - mmengine - INFO - Iter(val) [ 820/1000]    eta: 0:00:11  time: 0.0626  data_time: 0.0013  memory: 1663  
2026/04/25 20:55:20 - mmengine - INFO - Iter(val) [ 840/1000]    eta: 0:00:10  time: 0.0644  data_time: 0.0013  memory: 1540  
2026/04/25 20:55:21 - mmengine - INFO - Iter(val) [ 860/1000]    eta: 0:00:08  time: 0.0621  data_time: 0.0014  memory: 1459  
2026/04/25 20:55:22 - mmengine - INFO - Iter(val) [ 880/1000]    eta: 0:00:07  time: 0.0588  data_time: 0.0013  memory: 1468  
2026/04/25 20:55:23 - mmengine - INFO - Iter(val) [ 900/1000]    eta: 0:00:06  time: 0.0637  data_time: 0.0014  memory: 1458  
2026/04/25 20:55:25 - mmengine - INFO - Iter(val) [ 920/1000]    eta: 0:00:05  time: 0.0629  data_time: 0.0014  memory: 1391  
2026/04/25 20:55:26 - mmengine - INFO - Iter(val) [ 940/1000]    eta: 0:00:03  time: 0.0542  data_time: 0.0012  memory: 1391  
2026/04/25 20:55:27 - mmengine - INFO - Iter(val) [ 960/1000]    eta: 0:00:02  time: 0.0647  data_time: 0.0013  memory: 1713  
2026/04/25 20:55:28 - mmengine - INFO - Iter(val) [ 980/1000]    eta: 0:00:01  time: 0.0599  data_time: 0.0013  memory: 1391  
2026/04/25 20:55:29 - mmengine - INFO - Iter(val) [1000/1000]    eta: 0:00:00  time: 0.0625  data_time: 0.0013  memory: 1538  
2026/04/25 20:55:30 - mmengine - INFO - per class results:
2026/04/25 20:55:30 - mmengine - INFO - 
+---------------------+-------+-------+
|        Class        |  IoU  |  Acc  |
+---------------------+-------+-------+
|         wall        | 45.37 | 77.56 |
|       building      | 57.93 |  82.2 |
|         sky         | 82.81 | 94.42 |
|        floor        | 44.03 | 70.19 |
|         tree        | 44.17 | 81.33 |
|       ceiling       |  52.3 | 68.84 |
|         road        | 55.87 | 78.68 |
|         bed         | 28.75 | 53.32 |
|      windowpane     |  31.7 | 57.75 |
|        grass        | 53.29 | 74.72 |
|       cabinet       | 13.81 | 18.56 |
|       sidewalk      | 27.39 | 37.89 |
|        person       |  21.8 | 46.43 |
|        earth        | 10.43 | 14.42 |
|         door        |  0.08 |  0.08 |
|        table        |  6.21 |  8.31 |
|       mountain      | 19.86 | 36.44 |
|        plant        |  7.6  |  9.48 |
|       curtain       | 15.06 | 19.74 |
|        chair        | 10.65 | 16.73 |
|         car         | 35.78 | 69.62 |
|        water        |  7.75 |  8.78 |
|       painting      | 18.84 | 29.67 |
|         sofa        |  0.0  |  0.0  |
|        shelf        |  3.64 |  3.83 |
|        house        |  0.0  |  0.0  |
|         sea         |  26.2 | 64.31 |
|        mirror       |  0.0  |  0.0  |
|         rug         |  0.53 |  0.53 |
|        field        | 14.02 | 28.65 |
|       armchair      |  0.0  |  0.0  |
|         seat        |  0.0  |  0.0  |
|        fence        |  0.0  |  0.0  |
|         desk        |  0.0  |  0.0  |
|         rock        |  0.0  |  0.0  |
|       wardrobe      |  0.0  |  0.0  |
|         lamp        |  0.0  |  0.0  |
|       bathtub       |  0.0  |  0.0  |
|       railing       |  0.0  |  0.0  |
|       cushion       |  0.0  |  0.0  |
|         base        |  0.0  |  0.0  |
|         box         |  0.0  |  0.0  |
|        column       |  0.0  |  0.0  |
|      signboard      |  0.0  |  0.0  |
|   chest of drawers  |  0.0  |  0.0  |
|       counter       |  0.0  |  0.0  |
|         sand        |  3.4  |  3.41 |
|         sink        |  0.0  |  0.0  |
|      skyscraper     | 33.55 | 52.47 |
|      fireplace      |  0.0  |  0.0  |
|     refrigerator    |  0.0  |  0.0  |
|      grandstand     |  0.0  |  0.0  |
|         path        |  0.0  |  0.0  |
|        stairs       |  0.0  |  0.0  |
|        runway       |  0.0  |  0.0  |
|         case        |  0.0  |  0.0  |
|      pool table     |  0.8  |  0.8  |
|        pillow       |  0.0  |  0.0  |
|     screen door     |  0.0  |  0.0  |
|       stairway      |  0.0  |  0.0  |
|        river        |  0.0  |  0.0  |
|        bridge       |  0.0  |  0.0  |
|       bookcase      |  0.0  |  0.0  |
|        blind        |  0.0  |  0.0  |
|     coffee table    |  0.0  |  0.0  |
|        toilet       |  0.0  |  0.0  |
|        flower       |  0.0  |  0.0  |
|         book        |  0.0  |  0.0  |
|         hill        |  0.0  |  0.0  |
|        bench        |  0.0  |  0.0  |
|      countertop     |  0.0  |  0.0  |
|        stove        |  0.0  |  0.0  |
|         palm        |  0.0  |  0.0  |
|    kitchen island   |  0.0  |  0.0  |
|       computer      |  0.0  |  0.0  |
|     swivel chair    |  0.0  |  0.0  |
|         boat        |  0.0  |  0.0  |
|         bar         |  0.0  |  0.0  |
|    arcade machine   |  0.0  |  0.0  |
|        hovel        |  0.0  |  0.0  |
|         bus         |  0.0  |  0.0  |
|        towel        |  0.0  |  0.0  |
|        light        |  0.0  |  0.0  |
|        truck        |  0.0  |  0.0  |
|        tower        |  0.0  |  0.0  |
|      chandelier     |  3.08 |  3.08 |
|        awning       |  0.0  |  0.0  |
|     streetlight     |  0.0  |  0.0  |
|        booth        |  0.0  |  0.0  |
| television receiver |  0.0  |  0.0  |
|       airplane      |  0.0  |  0.0  |
|      dirt track     |  0.0  |  0.0  |
|       apparel       |  0.0  |  0.0  |
|         pole        |  0.0  |  0.0  |
|         land        |  0.0  |  0.0  |
|      bannister      |  0.0  |  0.0  |
|      escalator      |  0.0  |  0.0  |
|       ottoman       |  0.0  |  0.0  |
|        bottle       |  0.0  |  0.0  |
|        buffet       |  0.0  |  0.0  |
|        poster       |  0.0  |  0.0  |
|        stage        |  0.0  |  0.0  |
|         van         |  0.0  |  0.0  |
|         ship        |  0.0  |  0.0  |
|       fountain      |  0.0  |  0.0  |
|    conveyer belt    |  0.0  |  0.0  |
|        canopy       |  0.0  |  0.0  |
|        washer       |  0.0  |  0.0  |
|      plaything      |  0.0  |  0.0  |
|    swimming pool    |  0.0  |  0.0  |
|        stool        |  0.0  |  0.0  |
|        barrel       |  0.0  |  0.0  |
|        basket       |  0.0  |  0.0  |
|      waterfall      |  0.0  |  0.0  |
|         tent        |  0.0  |  0.0  |
|         bag         |  0.0  |  0.0  |
|       minibike      |  0.0  |  0.0  |
|        cradle       |  0.0  |  0.0  |
|         oven        |  0.0  |  0.0  |
|         ball        |  0.0  |  0.0  |
|         food        |  0.0  |  0.0  |
|         step        |  0.0  |  0.0  |
|         tank        |  0.0  |  0.0  |
|      trade name     |  0.0  |  0.0  |
|      microwave      |  0.0  |  0.0  |
|         pot         |  0.0  |  0.0  |
|        animal       |  0.0  |  0.0  |
|       bicycle       |  0.0  |  0.0  |
|         lake        |  0.0  |  0.0  |
|      dishwasher     |  0.0  |  0.0  |
|        screen       |  0.0  |  0.0  |
|       blanket       |  0.0  |  0.0  |
|      sculpture      |  0.0  |  0.0  |
|         hood        |  0.0  |  0.0  |
|        sconce       |  0.0  |  0.0  |
|         vase        |  0.0  |  0.0  |
|    traffic light    |  0.0  |  0.0  |
|         tray        |  0.0  |  0.0  |
|        ashcan       |  0.0  |  0.0  |
|         fan         |  0.0  |  0.0  |
|         pier        |  0.0  |  0.0  |
|      crt screen     |  0.0  |  0.0  |
|        plate        |  0.0  |  0.0  |
|       monitor       |  0.0  |  0.0  |
|    bulletin board   |  0.0  |  0.0  |
|        shower       |  0.0  |  0.0  |
|       radiator      |  0.0  |  0.0  |
|        glass        |  0.0  |  0.0  |
|        clock        |  0.0  |  0.0  |
|         flag        |  0.0  |  0.0  |
+---------------------+-------+-------+
2026/04/25 20:55:30 - mmengine - INFO - Iter(val) [1000/1000]    aAcc: 55.7700  mIoU: 5.1800  mAcc: 8.0800  data_time: 0.0014  time: 0.0627
2026/04/25 20:55:30 - mmengine - INFO - The previous best checkpoint /home/jlx_75/PVMamba_cifar10_base/segmentation/work_dirs/base_ade20k_random_16000_fixrelu/best_mIoU_iter_8000.pth is removed
2026/04/25 20:55:31 - mmengine - INFO - The best checkpoint with 5.1800 mIoU at 12000 iter is saved to best_mIoU_iter_12000.pth.
2026/04/25 20:55:40 - mmengine - INFO - Iter(train) [12020/16000]  lr: 1.5407e-05  eta: 0:22:05  time: 0.3150  data_time: 0.0057  memory: 6182  loss: 1.9858  decode.loss_ce: 1.3707  decode.acc_seg: 72.3830  aux.loss_ce: 0.6151  aux.acc_seg: 64.3192
2026/04/25 20:55:47 - mmengine - INFO - Iter(train) [12040/16000]  lr: 1.5330e-05  eta: 0:21:58  time: 0.3198  data_time: 0.0056  memory: 6182  loss: 1.9049  decode.loss_ce: 1.3064  decode.acc_seg: 32.0698  aux.loss_ce: 0.5985  aux.acc_seg: 23.9694
2026/04/25 20:55:53 - mmengine - INFO - Iter(train) [12060/16000]  lr: 1.5253e-05  eta: 0:21:51  time: 0.3171  data_time: 0.0057  memory: 6182  loss: 2.9486  decode.loss_ce: 2.0446  decode.acc_seg: 10.0941  aux.loss_ce: 0.9040  aux.acc_seg: 16.9268
2026/04/25 20:56:00 - mmengine - INFO - Iter(train) [12080/16000]  lr: 1.5175e-05  eta: 0:21:44  time: 0.3206  data_time: 0.0055  memory: 6182  loss: 2.4257  decode.loss_ce: 1.6937  decode.acc_seg: 42.3676  aux.loss_ce: 0.7321  aux.acc_seg: 39.7714
2026/04/25 20:56:06 - mmengine - INFO - Iter(train) [12100/16000]  lr: 1.5098e-05  eta: 0:21:38  time: 0.3246  data_time: 0.0054  memory: 6182  loss: 2.4036  decode.loss_ce: 1.6605  decode.acc_seg: 62.6362  aux.loss_ce: 0.7431  aux.acc_seg: 55.8854
2026/04/25 20:56:13 - mmengine - INFO - Iter(train) [12120/16000]  lr: 1.5020e-05  eta: 0:21:31  time: 0.3257  data_time: 0.0055  memory: 6182  loss: 3.1244  decode.loss_ce: 2.1810  decode.acc_seg: 33.2044  aux.loss_ce: 0.9434  aux.acc_seg: 32.4723
2026/04/25 20:56:19 - mmengine - INFO - Iter(train) [12140/16000]  lr: 1.4943e-05  eta: 0:21:24  time: 0.3242  data_time: 0.0056  memory: 6182  loss: 2.3244  decode.loss_ce: 1.5882  decode.acc_seg: 74.8282  aux.loss_ce: 0.7362  aux.acc_seg: 65.8337
2026/04/25 20:56:26 - mmengine - INFO - Iter(train) [12160/16000]  lr: 1.4865e-05  eta: 0:21:18  time: 0.3233  data_time: 0.0056  memory: 6182  loss: 2.2846  decode.loss_ce: 1.5758  decode.acc_seg: 54.0765  aux.loss_ce: 0.7089  aux.acc_seg: 50.9164
2026/04/25 20:56:32 - mmengine - INFO - Iter(train) [12180/16000]  lr: 1.4788e-05  eta: 0:21:11  time: 0.3233  data_time: 0.0055  memory: 6182  loss: 2.3371  decode.loss_ce: 1.6166  decode.acc_seg: 34.1750  aux.loss_ce: 0.7205  aux.acc_seg: 34.6908
2026/04/25 20:56:39 - mmengine - INFO - Iter(train) [12200/16000]  lr: 1.4711e-05  eta: 0:21:04  time: 0.3249  data_time: 0.0055  memory: 6182  loss: 3.0399  decode.loss_ce: 2.0876  decode.acc_seg: 21.9760  aux.loss_ce: 0.9524  aux.acc_seg: 19.5912
2026/04/25 20:56:45 - mmengine - INFO - Iter(train) [12220/16000]  lr: 1.4633e-05  eta: 0:20:57  time: 0.3209  data_time: 0.0056  memory: 6182  loss: 2.6710  decode.loss_ce: 1.8473  decode.acc_seg: 56.9236  aux.loss_ce: 0.8236  aux.acc_seg: 55.1059
2026/04/25 20:56:51 - mmengine - INFO - Iter(train) [12240/16000]  lr: 1.4556e-05  eta: 0:20:51  time: 0.3207  data_time: 0.0054  memory: 6182  loss: 3.1197  decode.loss_ce: 2.1969  decode.acc_seg: 42.1813  aux.loss_ce: 0.9228  aux.acc_seg: 42.6576
2026/04/25 20:56:58 - mmengine - INFO - Iter(train) [12260/16000]  lr: 1.4478e-05  eta: 0:20:44  time: 0.3242  data_time: 0.0056  memory: 6182  loss: 2.5592  decode.loss_ce: 1.7694  decode.acc_seg: 35.7987  aux.loss_ce: 0.7898  aux.acc_seg: 30.9120
2026/04/25 20:57:04 - mmengine - INFO - Iter(train) [12280/16000]  lr: 1.4401e-05  eta: 0:20:37  time: 0.3228  data_time: 0.0055  memory: 6182  loss: 2.7189  decode.loss_ce: 1.8839  decode.acc_seg: 23.6926  aux.loss_ce: 0.8349  aux.acc_seg: 29.3787
2026/04/25 20:57:11 - mmengine - INFO - Iter(train) [12300/16000]  lr: 1.4324e-05  eta: 0:20:31  time: 0.3268  data_time: 0.0055  memory: 6182  loss: 2.1093  decode.loss_ce: 1.4674  decode.acc_seg: 59.2614  aux.loss_ce: 0.6418  aux.acc_seg: 63.2786
2026/04/25 20:57:17 - mmengine - INFO - Iter(train) [12320/16000]  lr: 1.4246e-05  eta: 0:20:24  time: 0.3236  data_time: 0.0057  memory: 6182  loss: 2.2003  decode.loss_ce: 1.4956  decode.acc_seg: 64.6747  aux.loss_ce: 0.7047  aux.acc_seg: 53.8678
2026/04/25 20:57:24 - mmengine - INFO - Iter(train) [12340/16000]  lr: 1.4169e-05  eta: 0:20:17  time: 0.3235  data_time: 0.0056  memory: 6182  loss: 2.8358  decode.loss_ce: 1.9633  decode.acc_seg: 70.0855  aux.loss_ce: 0.8724  aux.acc_seg: 64.6606
2026/04/25 20:57:30 - mmengine - INFO - Iter(train) [12360/16000]  lr: 1.4091e-05  eta: 0:20:10  time: 0.3236  data_time: 0.0057  memory: 6182  loss: 2.8729  decode.loss_ce: 2.0016  decode.acc_seg: 30.3104  aux.loss_ce: 0.8712  aux.acc_seg: 31.9773
2026/04/25 20:57:37 - mmengine - INFO - Iter(train) [12380/16000]  lr: 1.4014e-05  eta: 0:20:04  time: 0.3232  data_time: 0.0055  memory: 6182  loss: 2.3779  decode.loss_ce: 1.6679  decode.acc_seg: 70.5806  aux.loss_ce: 0.7100  aux.acc_seg: 65.0274
2026/04/25 20:57:43 - mmengine - INFO - Iter(train) [12400/16000]  lr: 1.3936e-05  eta: 0:19:57  time: 0.3234  data_time: 0.0056  memory: 6182  loss: 1.8446  decode.loss_ce: 1.2632  decode.acc_seg: 52.5855  aux.loss_ce: 0.5814  aux.acc_seg: 38.3096
2026/04/25 20:57:50 - mmengine - INFO - Iter(train) [12420/16000]  lr: 1.3859e-05  eta: 0:19:50  time: 0.3238  data_time: 0.0055  memory: 6182  loss: 2.4089  decode.loss_ce: 1.6589  decode.acc_seg: 66.9746  aux.loss_ce: 0.7500  aux.acc_seg: 64.0905
2026/04/25 20:57:56 - mmengine - INFO - Iter(train) [12440/16000]  lr: 1.3782e-05  eta: 0:19:44  time: 0.3220  data_time: 0.0053  memory: 6182  loss: 1.8034  decode.loss_ce: 1.2287  decode.acc_seg: 34.1038  aux.loss_ce: 0.5746  aux.acc_seg: 26.1635
2026/04/25 20:58:03 - mmengine - INFO - Iter(train) [12460/16000]  lr: 1.3704e-05  eta: 0:19:37  time: 0.3458  data_time: 0.0056  memory: 6182  loss: 2.2575  decode.loss_ce: 1.5450  decode.acc_seg: 29.3107  aux.loss_ce: 0.7125  aux.acc_seg: 28.5339
2026/04/25 20:58:10 - mmengine - INFO - Iter(train) [12480/16000]  lr: 1.3627e-05  eta: 0:19:30  time: 0.3228  data_time: 0.0056  memory: 6182  loss: 2.1182  decode.loss_ce: 1.4465  decode.acc_seg: 26.9285  aux.loss_ce: 0.6718  aux.acc_seg: 17.3660
2026/04/25 20:58:16 - mmengine - INFO - Iter(train) [12500/16000]  lr: 1.3549e-05  eta: 0:19:24  time: 0.3286  data_time: 0.0056  memory: 6182  loss: 2.1572  decode.loss_ce: 1.5059  decode.acc_seg: 53.6563  aux.loss_ce: 0.6513  aux.acc_seg: 42.7230
2026/04/25 20:58:23 - mmengine - INFO - Iter(train) [12520/16000]  lr: 1.3472e-05  eta: 0:19:17  time: 0.3340  data_time: 0.0058  memory: 6182  loss: 2.3449  decode.loss_ce: 1.6162  decode.acc_seg: 62.2752  aux.loss_ce: 0.7286  aux.acc_seg: 55.9575
2026/04/25 20:58:29 - mmengine - INFO - Iter(train) [12540/16000]  lr: 1.3394e-05  eta: 0:19:10  time: 0.3267  data_time: 0.0055  memory: 6182  loss: 2.3475  decode.loss_ce: 1.6487  decode.acc_seg: 19.0375  aux.loss_ce: 0.6989  aux.acc_seg: 46.7721
2026/04/25 20:58:36 - mmengine - INFO - Iter(train) [12560/16000]  lr: 1.3317e-05  eta: 0:19:04  time: 0.3238  data_time: 0.0055  memory: 6182  loss: 2.6221  decode.loss_ce: 1.7978  decode.acc_seg: 27.4431  aux.loss_ce: 0.8242  aux.acc_seg: 28.6476
2026/04/25 20:58:42 - mmengine - INFO - Iter(train) [12580/16000]  lr: 1.3240e-05  eta: 0:18:57  time: 0.3361  data_time: 0.0057  memory: 6182  loss: 2.3253  decode.loss_ce: 1.5758  decode.acc_seg: 79.0695  aux.loss_ce: 0.7495  aux.acc_seg: 70.4599
2026/04/25 20:58:49 - mmengine - INFO - Iter(train) [12600/16000]  lr: 1.3162e-05  eta: 0:18:50  time: 0.3311  data_time: 0.0056  memory: 6182  loss: 2.0103  decode.loss_ce: 1.3562  decode.acc_seg: 45.2708  aux.loss_ce: 0.6541  aux.acc_seg: 41.0788
2026/04/25 20:58:55 - mmengine - INFO - Iter(train) [12620/16000]  lr: 1.3085e-05  eta: 0:18:44  time: 0.3213  data_time: 0.0056  memory: 6182  loss: 2.7056  decode.loss_ce: 1.8672  decode.acc_seg: 36.7626  aux.loss_ce: 0.8384  aux.acc_seg: 36.6825
2026/04/25 20:59:02 - mmengine - INFO - Iter(train) [12640/16000]  lr: 1.3007e-05  eta: 0:18:37  time: 0.3196  data_time: 0.0055  memory: 6182  loss: 2.7097  decode.loss_ce: 1.8746  decode.acc_seg: 43.9136  aux.loss_ce: 0.8351  aux.acc_seg: 44.9457
2026/04/25 20:59:08 - mmengine - INFO - Iter(train) [12660/16000]  lr: 1.2930e-05  eta: 0:18:30  time: 0.3277  data_time: 0.0055  memory: 6182  loss: 2.3618  decode.loss_ce: 1.6172  decode.acc_seg: 28.3726  aux.loss_ce: 0.7446  aux.acc_seg: 29.2922
2026/04/25 20:59:15 - mmengine - INFO - Iter(train) [12680/16000]  lr: 1.2852e-05  eta: 0:18:23  time: 0.3216  data_time: 0.0055  memory: 6182  loss: 2.4271  decode.loss_ce: 1.6509  decode.acc_seg: 50.9514  aux.loss_ce: 0.7762  aux.acc_seg: 49.0071
2026/04/25 20:59:21 - mmengine - INFO - Iter(train) [12700/16000]  lr: 1.2775e-05  eta: 0:18:17  time: 0.3297  data_time: 0.0056  memory: 6182  loss: 2.5874  decode.loss_ce: 1.7782  decode.acc_seg: 29.0752  aux.loss_ce: 0.8091  aux.acc_seg: 24.5071
2026/04/25 20:59:28 - mmengine - INFO - Iter(train) [12720/16000]  lr: 1.2698e-05  eta: 0:18:10  time: 0.3244  data_time: 0.0056  memory: 6182  loss: 2.4379  decode.loss_ce: 1.6921  decode.acc_seg: 53.2645  aux.loss_ce: 0.7459  aux.acc_seg: 47.3349
2026/04/25 20:59:34 - mmengine - INFO - Iter(train) [12740/16000]  lr: 1.2620e-05  eta: 0:18:03  time: 0.3242  data_time: 0.0055  memory: 6182  loss: 2.5687  decode.loss_ce: 1.7964  decode.acc_seg: 38.2423  aux.loss_ce: 0.7723  aux.acc_seg: 47.5667
2026/04/25 20:59:41 - mmengine - INFO - Iter(train) [12760/16000]  lr: 1.2543e-05  eta: 0:17:57  time: 0.3216  data_time: 0.0055  memory: 6182  loss: 2.4228  decode.loss_ce: 1.6669  decode.acc_seg: 70.5770  aux.loss_ce: 0.7559  aux.acc_seg: 70.2891
2026/04/25 20:59:47 - mmengine - INFO - Iter(train) [12780/16000]  lr: 1.2465e-05  eta: 0:17:50  time: 0.3239  data_time: 0.0055  memory: 6182  loss: 2.3368  decode.loss_ce: 1.6087  decode.acc_seg: 30.2012  aux.loss_ce: 0.7281  aux.acc_seg: 24.5411
2026/04/25 20:59:54 - mmengine - INFO - Iter(train) [12800/16000]  lr: 1.2388e-05  eta: 0:17:43  time: 0.3217  data_time: 0.0054  memory: 6182  loss: 2.2717  decode.loss_ce: 1.5652  decode.acc_seg: 31.7244  aux.loss_ce: 0.7065  aux.acc_seg: 34.8394
2026/04/25 21:00:00 - mmengine - INFO - Iter(train) [12820/16000]  lr: 1.2310e-05  eta: 0:17:37  time: 0.3222  data_time: 0.0055  memory: 6182  loss: 2.3937  decode.loss_ce: 1.6574  decode.acc_seg: 90.8836  aux.loss_ce: 0.7364  aux.acc_seg: 89.0683
2026/04/25 21:00:07 - mmengine - INFO - Iter(train) [12840/16000]  lr: 1.2233e-05  eta: 0:17:30  time: 0.3240  data_time: 0.0057  memory: 6182  loss: 2.6862  decode.loss_ce: 1.8431  decode.acc_seg: 48.7269  aux.loss_ce: 0.8431  aux.acc_seg: 39.7730
2026/04/25 21:00:13 - mmengine - INFO - Iter(train) [12860/16000]  lr: 1.2156e-05  eta: 0:17:23  time: 0.3236  data_time: 0.0055  memory: 6182  loss: 2.0908  decode.loss_ce: 1.4359  decode.acc_seg: 70.6156  aux.loss_ce: 0.6549  aux.acc_seg: 62.6901
2026/04/25 21:00:20 - mmengine - INFO - Iter(train) [12880/16000]  lr: 1.2078e-05  eta: 0:17:17  time: 0.3244  data_time: 0.0056  memory: 6182  loss: 1.9540  decode.loss_ce: 1.3659  decode.acc_seg: 26.6746  aux.loss_ce: 0.5880  aux.acc_seg: 23.9257
2026/04/25 21:00:26 - mmengine - INFO - Iter(train) [12900/16000]  lr: 1.2001e-05  eta: 0:17:10  time: 0.3196  data_time: 0.0055  memory: 6182  loss: 2.3998  decode.loss_ce: 1.6631  decode.acc_seg: 58.5753  aux.loss_ce: 0.7368  aux.acc_seg: 45.4130
2026/04/25 21:00:33 - mmengine - INFO - Iter(train) [12920/16000]  lr: 1.1923e-05  eta: 0:17:03  time: 0.3281  data_time: 0.0054  memory: 6182  loss: 2.3179  decode.loss_ce: 1.5915  decode.acc_seg: 44.8801  aux.loss_ce: 0.7264  aux.acc_seg: 46.3318
2026/04/25 21:00:39 - mmengine - INFO - Iter(train) [12940/16000]  lr: 1.1846e-05  eta: 0:16:57  time: 0.3221  data_time: 0.0055  memory: 6182  loss: 2.5854  decode.loss_ce: 1.7983  decode.acc_seg: 49.3575  aux.loss_ce: 0.7871  aux.acc_seg: 48.7816
2026/04/25 21:00:46 - mmengine - INFO - Iter(train) [12960/16000]  lr: 1.1769e-05  eta: 0:16:50  time: 0.3281  data_time: 0.0056  memory: 6182  loss: 2.6309  decode.loss_ce: 1.8475  decode.acc_seg: 55.9260  aux.loss_ce: 0.7834  aux.acc_seg: 38.4421
2026/04/25 21:00:52 - mmengine - INFO - Iter(train) [12980/16000]  lr: 1.1691e-05  eta: 0:16:43  time: 0.3293  data_time: 0.0055  memory: 6182  loss: 2.2400  decode.loss_ce: 1.5187  decode.acc_seg: 58.0496  aux.loss_ce: 0.7213  aux.acc_seg: 56.6047
2026/04/25 21:00:59 - mmengine - INFO - Exp name: pvmamba_tiny_upernet_ade20k_base_random_16000_fixrelu_20260425_194434
2026/04/25 21:00:59 - mmengine - INFO - Iter(train) [13000/16000]  lr: 1.1614e-05  eta: 0:16:37  time: 0.3252  data_time: 0.0055  memory: 6182  loss: 2.9999  decode.loss_ce: 2.0748  decode.acc_seg: 43.8291  aux.loss_ce: 0.9251  aux.acc_seg: 30.6170
2026/04/25 21:01:05 - mmengine - INFO - Iter(train) [13020/16000]  lr: 1.1536e-05  eta: 0:16:30  time: 0.3243  data_time: 0.0054  memory: 6182  loss: 2.5606  decode.loss_ce: 1.7872  decode.acc_seg: 57.0378  aux.loss_ce: 0.7734  aux.acc_seg: 21.3206
2026/04/25 21:01:12 - mmengine - INFO - Iter(train) [13040/16000]  lr: 1.1459e-05  eta: 0:16:23  time: 0.3358  data_time: 0.0055  memory: 6182  loss: 2.2154  decode.loss_ce: 1.5230  decode.acc_seg: 59.4847  aux.loss_ce: 0.6923  aux.acc_seg: 54.9584
2026/04/25 21:01:18 - mmengine - INFO - Iter(train) [13060/16000]  lr: 1.1381e-05  eta: 0:16:17  time: 0.3214  data_time: 0.0055  memory: 6182  loss: 2.6970  decode.loss_ce: 1.8825  decode.acc_seg: 63.9012  aux.loss_ce: 0.8145  aux.acc_seg: 61.6147
2026/04/25 21:01:25 - mmengine - INFO - Iter(train) [13080/16000]  lr: 1.1304e-05  eta: 0:16:10  time: 0.3239  data_time: 0.0055  memory: 6182  loss: 2.1448  decode.loss_ce: 1.4699  decode.acc_seg: 69.5673  aux.loss_ce: 0.6749  aux.acc_seg: 62.6472
2026/04/25 21:01:32 - mmengine - INFO - Iter(train) [13100/16000]  lr: 1.1227e-05  eta: 0:16:03  time: 0.3225  data_time: 0.0056  memory: 6182  loss: 2.8798  decode.loss_ce: 1.9705  decode.acc_seg: 61.0095  aux.loss_ce: 0.9093  aux.acc_seg: 47.5724
2026/04/25 21:01:38 - mmengine - INFO - Iter(train) [13120/16000]  lr: 1.1149e-05  eta: 0:15:56  time: 0.3219  data_time: 0.0057  memory: 6182  loss: 2.1694  decode.loss_ce: 1.4794  decode.acc_seg: 53.9778  aux.loss_ce: 0.6899  aux.acc_seg: 53.6347
2026/04/25 21:01:45 - mmengine - INFO - Iter(train) [13140/16000]  lr: 1.1072e-05  eta: 0:15:50  time: 0.3235  data_time: 0.0057  memory: 6182  loss: 2.8658  decode.loss_ce: 1.9956  decode.acc_seg: 42.8769  aux.loss_ce: 0.8702  aux.acc_seg: 45.3391
2026/04/25 21:01:51 - mmengine - INFO - Iter(train) [13160/16000]  lr: 1.0994e-05  eta: 0:15:43  time: 0.3192  data_time: 0.0055  memory: 6182  loss: 2.2065  decode.loss_ce: 1.5493  decode.acc_seg: 37.0576  aux.loss_ce: 0.6572  aux.acc_seg: 33.1174
2026/04/25 21:01:57 - mmengine - INFO - Iter(train) [13180/16000]  lr: 1.0917e-05  eta: 0:15:36  time: 0.3227  data_time: 0.0057  memory: 6182  loss: 2.5286  decode.loss_ce: 1.7324  decode.acc_seg: 28.1148  aux.loss_ce: 0.7962  aux.acc_seg: 23.3921
2026/04/25 21:02:04 - mmengine - INFO - Iter(train) [13200/16000]  lr: 1.0839e-05  eta: 0:15:30  time: 0.3239  data_time: 0.0057  memory: 6182  loss: 2.2212  decode.loss_ce: 1.5266  decode.acc_seg: 33.2965  aux.loss_ce: 0.6946  aux.acc_seg: 34.8907
2026/04/25 21:02:10 - mmengine - INFO - Iter(train) [13220/16000]  lr: 1.0762e-05  eta: 0:15:23  time: 0.3230  data_time: 0.0056  memory: 6182  loss: 2.4206  decode.loss_ce: 1.6778  decode.acc_seg: 48.7356  aux.loss_ce: 0.7427  aux.acc_seg: 46.6561
2026/04/25 21:02:17 - mmengine - INFO - Iter(train) [13240/16000]  lr: 1.0685e-05  eta: 0:15:16  time: 0.3197  data_time: 0.0055  memory: 6182  loss: 2.3982  decode.loss_ce: 1.6446  decode.acc_seg: 52.9383  aux.loss_ce: 0.7536  aux.acc_seg: 51.1292
2026/04/25 21:02:23 - mmengine - INFO - Iter(train) [13260/16000]  lr: 1.0607e-05  eta: 0:15:10  time: 0.3261  data_time: 0.0055  memory: 6182  loss: 2.4589  decode.loss_ce: 1.6884  decode.acc_seg: 39.4233  aux.loss_ce: 0.7705  aux.acc_seg: 33.3433
2026/04/25 21:02:30 - mmengine - INFO - Iter(train) [13280/16000]  lr: 1.0530e-05  eta: 0:15:03  time: 0.3292  data_time: 0.0055  memory: 6182  loss: 2.3975  decode.loss_ce: 1.6319  decode.acc_seg: 59.8793  aux.loss_ce: 0.7657  aux.acc_seg: 52.9682
2026/04/25 21:02:36 - mmengine - INFO - Iter(train) [13300/16000]  lr: 1.0452e-05  eta: 0:14:56  time: 0.3209  data_time: 0.0056  memory: 6182  loss: 2.7016  decode.loss_ce: 1.8680  decode.acc_seg: 32.4531  aux.loss_ce: 0.8337  aux.acc_seg: 28.1303
2026/04/25 21:02:43 - mmengine - INFO - Iter(train) [13320/16000]  lr: 1.0375e-05  eta: 0:14:50  time: 0.3235  data_time: 0.0057  memory: 6182  loss: 2.3914  decode.loss_ce: 1.6387  decode.acc_seg: 53.7400  aux.loss_ce: 0.7527  aux.acc_seg: 44.8748
2026/04/25 21:02:49 - mmengine - INFO - Iter(train) [13340/16000]  lr: 1.0297e-05  eta: 0:14:43  time: 0.3224  data_time: 0.0056  memory: 6182  loss: 1.9702  decode.loss_ce: 1.3542  decode.acc_seg: 60.2685  aux.loss_ce: 0.6160  aux.acc_seg: 59.0212
2026/04/25 21:02:56 - mmengine - INFO - Iter(train) [13360/16000]  lr: 1.0220e-05  eta: 0:14:36  time: 0.3224  data_time: 0.0055  memory: 6182  loss: 1.9430  decode.loss_ce: 1.3050  decode.acc_seg: 24.6366  aux.loss_ce: 0.6380  aux.acc_seg: 15.9361
2026/04/25 21:03:02 - mmengine - INFO - Iter(train) [13380/16000]  lr: 1.0143e-05  eta: 0:14:30  time: 0.3229  data_time: 0.0056  memory: 6182  loss: 2.3010  decode.loss_ce: 1.5984  decode.acc_seg: 72.1857  aux.loss_ce: 0.7026  aux.acc_seg: 75.5597
2026/04/25 21:03:09 - mmengine - INFO - Iter(train) [13400/16000]  lr: 1.0065e-05  eta: 0:14:23  time: 0.3280  data_time: 0.0055  memory: 6182  loss: 2.1887  decode.loss_ce: 1.5027  decode.acc_seg: 53.8681  aux.loss_ce: 0.6860  aux.acc_seg: 52.5197
2026/04/25 21:03:15 - mmengine - INFO - Iter(train) [13420/16000]  lr: 9.9877e-06  eta: 0:14:16  time: 0.3215  data_time: 0.0057  memory: 6182  loss: 2.7228  decode.loss_ce: 1.8412  decode.acc_seg: 41.2173  aux.loss_ce: 0.8817  aux.acc_seg: 21.3475
2026/04/25 21:03:22 - mmengine - INFO - Iter(train) [13440/16000]  lr: 9.9103e-06  eta: 0:14:10  time: 0.3248  data_time: 0.0055  memory: 6182  loss: 1.9956  decode.loss_ce: 1.3663  decode.acc_seg: 65.9009  aux.loss_ce: 0.6292  aux.acc_seg: 63.0365
2026/04/25 21:03:28 - mmengine - INFO - Iter(train) [13460/16000]  lr: 9.8329e-06  eta: 0:14:03  time: 0.3312  data_time: 0.0057  memory: 6182  loss: 2.3500  decode.loss_ce: 1.6308  decode.acc_seg: 30.6136  aux.loss_ce: 0.7191  aux.acc_seg: 29.6564
2026/04/25 21:03:35 - mmengine - INFO - Iter(train) [13480/16000]  lr: 9.7555e-06  eta: 0:13:56  time: 0.3250  data_time: 0.0056  memory: 6182  loss: 2.7522  decode.loss_ce: 1.9196  decode.acc_seg: 65.4666  aux.loss_ce: 0.8326  aux.acc_seg: 62.1512
2026/04/25 21:03:41 - mmengine - INFO - Iter(train) [13500/16000]  lr: 9.6780e-06  eta: 0:13:50  time: 0.3215  data_time: 0.0055  memory: 6182  loss: 2.4251  decode.loss_ce: 1.6845  decode.acc_seg: 69.8676  aux.loss_ce: 0.7406  aux.acc_seg: 63.2424
2026/04/25 21:03:47 - mmengine - INFO - Iter(train) [13520/16000]  lr: 9.6006e-06  eta: 0:13:43  time: 0.3212  data_time: 0.0056  memory: 6182  loss: 2.6890  decode.loss_ce: 1.8480  decode.acc_seg: 40.4439  aux.loss_ce: 0.8410  aux.acc_seg: 37.1490
2026/04/25 21:03:54 - mmengine - INFO - Iter(train) [13540/16000]  lr: 9.5232e-06  eta: 0:13:36  time: 0.3216  data_time: 0.0056  memory: 6182  loss: 2.4750  decode.loss_ce: 1.7103  decode.acc_seg: 33.3316  aux.loss_ce: 0.7647  aux.acc_seg: 33.0541
2026/04/25 21:04:00 - mmengine - INFO - Iter(train) [13560/16000]  lr: 9.4458e-06  eta: 0:13:30  time: 0.3245  data_time: 0.0057  memory: 6182  loss: 2.8139  decode.loss_ce: 1.9590  decode.acc_seg: 71.1970  aux.loss_ce: 0.8549  aux.acc_seg: 67.2168
2026/04/25 21:04:07 - mmengine - INFO - Iter(train) [13580/16000]  lr: 9.3683e-06  eta: 0:13:23  time: 0.3202  data_time: 0.0056  memory: 6182  loss: 2.2788  decode.loss_ce: 1.5714  decode.acc_seg: 52.9137  aux.loss_ce: 0.7074  aux.acc_seg: 50.6074
2026/04/25 21:04:13 - mmengine - INFO - Iter(train) [13600/16000]  lr: 9.2909e-06  eta: 0:13:16  time: 0.3229  data_time: 0.0054  memory: 6182  loss: 2.6861  decode.loss_ce: 1.8714  decode.acc_seg: 35.8426  aux.loss_ce: 0.8147  aux.acc_seg: 33.6816
2026/04/25 21:04:20 - mmengine - INFO - Iter(train) [13620/16000]  lr: 9.2135e-06  eta: 0:13:10  time: 0.3199  data_time: 0.0056  memory: 6182  loss: 2.5266  decode.loss_ce: 1.7327  decode.acc_seg: 27.3742  aux.loss_ce: 0.7939  aux.acc_seg: 10.6914
2026/04/25 21:04:26 - mmengine - INFO - Iter(train) [13640/16000]  lr: 9.1361e-06  eta: 0:13:03  time: 0.3299  data_time: 0.0056  memory: 6182  loss: 2.5658  decode.loss_ce: 1.7752  decode.acc_seg: 20.3036  aux.loss_ce: 0.7906  aux.acc_seg: 16.3942
2026/04/25 21:04:33 - mmengine - INFO - Iter(train) [13660/16000]  lr: 9.0586e-06  eta: 0:12:56  time: 0.3393  data_time: 0.0055  memory: 6182  loss: 2.3710  decode.loss_ce: 1.6420  decode.acc_seg: 39.1423  aux.loss_ce: 0.7291  aux.acc_seg: 34.3196
2026/04/25 21:04:39 - mmengine - INFO - Iter(train) [13680/16000]  lr: 8.9812e-06  eta: 0:12:50  time: 0.3269  data_time: 0.0056  memory: 6182  loss: 2.5953  decode.loss_ce: 1.8019  decode.acc_seg: 17.0512  aux.loss_ce: 0.7934  aux.acc_seg: 18.8908
2026/04/25 21:04:46 - mmengine - INFO - Iter(train) [13700/16000]  lr: 8.9038e-06  eta: 0:12:43  time: 0.3225  data_time: 0.0055  memory: 6182  loss: 2.6796  decode.loss_ce: 1.8563  decode.acc_seg: 63.1544  aux.loss_ce: 0.8232  aux.acc_seg: 58.2933
2026/04/25 21:04:52 - mmengine - INFO - Iter(train) [13720/16000]  lr: 8.8264e-06  eta: 0:12:36  time: 0.3211  data_time: 0.0055  memory: 6182  loss: 2.2889  decode.loss_ce: 1.5787  decode.acc_seg: 61.5078  aux.loss_ce: 0.7102  aux.acc_seg: 60.1477
2026/04/25 21:04:59 - mmengine - INFO - Iter(train) [13740/16000]  lr: 8.7490e-06  eta: 0:12:30  time: 0.3257  data_time: 0.0057  memory: 6182  loss: 2.7661  decode.loss_ce: 1.9069  decode.acc_seg: 53.7959  aux.loss_ce: 0.8593  aux.acc_seg: 48.3297
2026/04/25 21:05:05 - mmengine - INFO - Iter(train) [13760/16000]  lr: 8.6715e-06  eta: 0:12:23  time: 0.3231  data_time: 0.0054  memory: 6182  loss: 2.0916  decode.loss_ce: 1.4537  decode.acc_seg: 69.0307  aux.loss_ce: 0.6379  aux.acc_seg: 75.6336
2026/04/25 21:05:12 - mmengine - INFO - Iter(train) [13780/16000]  lr: 8.5941e-06  eta: 0:12:16  time: 0.3263  data_time: 0.0053  memory: 6182  loss: 2.4808  decode.loss_ce: 1.7107  decode.acc_seg: 27.6142  aux.loss_ce: 0.7701  aux.acc_seg: 28.6854
2026/04/25 21:05:18 - mmengine - INFO - Iter(train) [13800/16000]  lr: 8.5167e-06  eta: 0:12:10  time: 0.3245  data_time: 0.0056  memory: 6182  loss: 1.8297  decode.loss_ce: 1.2425  decode.acc_seg: 60.8003  aux.loss_ce: 0.5872  aux.acc_seg: 59.2684
2026/04/25 21:05:25 - mmengine - INFO - Iter(train) [13820/16000]  lr: 8.4393e-06  eta: 0:12:03  time: 0.3194  data_time: 0.0058  memory: 6182  loss: 2.4984  decode.loss_ce: 1.6979  decode.acc_seg: 53.8419  aux.loss_ce: 0.8005  aux.acc_seg: 42.3644
2026/04/25 21:05:31 - mmengine - INFO - Iter(train) [13840/16000]  lr: 8.3618e-06  eta: 0:11:56  time: 0.3244  data_time: 0.0055  memory: 6182  loss: 1.9348  decode.loss_ce: 1.3008  decode.acc_seg: 24.9884  aux.loss_ce: 0.6340  aux.acc_seg: 28.6278
2026/04/25 21:05:38 - mmengine - INFO - Iter(train) [13860/16000]  lr: 8.2844e-06  eta: 0:11:50  time: 0.3331  data_time: 0.0053  memory: 6182  loss: 1.8068  decode.loss_ce: 1.2399  decode.acc_seg: 83.4151  aux.loss_ce: 0.5669  aux.acc_seg: 74.1245
2026/04/25 21:05:44 - mmengine - INFO - Iter(train) [13880/16000]  lr: 8.2070e-06  eta: 0:11:43  time: 0.3192  data_time: 0.0055  memory: 6182  loss: 2.4938  decode.loss_ce: 1.7106  decode.acc_seg: 50.0378  aux.loss_ce: 0.7832  aux.acc_seg: 50.1694
2026/04/25 21:05:50 - mmengine - INFO - Iter(train) [13900/16000]  lr: 8.1296e-06  eta: 0:11:36  time: 0.3182  data_time: 0.0056  memory: 6182  loss: 2.6783  decode.loss_ce: 1.8520  decode.acc_seg: 72.7850  aux.loss_ce: 0.8263  aux.acc_seg: 70.4827
2026/04/25 21:05:57 - mmengine - INFO - Iter(train) [13920/16000]  lr: 8.0521e-06  eta: 0:11:30  time: 0.3197  data_time: 0.0054  memory: 6182  loss: 2.2329  decode.loss_ce: 1.5283  decode.acc_seg: 63.5318  aux.loss_ce: 0.7046  aux.acc_seg: 56.1090
2026/04/25 21:06:03 - mmengine - INFO - Iter(train) [13940/16000]  lr: 7.9747e-06  eta: 0:11:23  time: 0.3208  data_time: 0.0056  memory: 6182  loss: 2.5201  decode.loss_ce: 1.7286  decode.acc_seg: 35.3625  aux.loss_ce: 0.7916  aux.acc_seg: 34.5022
2026/04/25 21:06:10 - mmengine - INFO - Iter(train) [13960/16000]  lr: 7.8973e-06  eta: 0:11:16  time: 0.3231  data_time: 0.0055  memory: 6182  loss: 2.1297  decode.loss_ce: 1.4783  decode.acc_seg: 8.1668  aux.loss_ce: 0.6514  aux.acc_seg: 6.0253
2026/04/25 21:06:16 - mmengine - INFO - Iter(train) [13980/16000]  lr: 7.8199e-06  eta: 0:11:10  time: 0.3207  data_time: 0.0057  memory: 6182  loss: 2.4334  decode.loss_ce: 1.6788  decode.acc_seg: 69.3360  aux.loss_ce: 0.7546  aux.acc_seg: 69.5331
2026/04/25 21:06:23 - mmengine - INFO - Exp name: pvmamba_tiny_upernet_ade20k_base_random_16000_fixrelu_20260425_194434
2026/04/25 21:06:23 - mmengine - INFO - Iter(train) [14000/16000]  lr: 7.7424e-06  eta: 0:11:03  time: 0.3221  data_time: 0.0055  memory: 6182  loss: 2.6290  decode.loss_ce: 1.8133  decode.acc_seg: 47.1511  aux.loss_ce: 0.8157  aux.acc_seg: 38.4163
2026/04/25 21:06:29 - mmengine - INFO - Iter(train) [14020/16000]  lr: 7.6650e-06  eta: 0:10:56  time: 0.3239  data_time: 0.0054  memory: 6182  loss: 2.7363  decode.loss_ce: 1.8666  decode.acc_seg: 60.7481  aux.loss_ce: 0.8698  aux.acc_seg: 49.2116
2026/04/25 21:06:36 - mmengine - INFO - Iter(train) [14040/16000]  lr: 7.5876e-06  eta: 0:10:50  time: 0.3270  data_time: 0.0057  memory: 6182  loss: 2.4313  decode.loss_ce: 1.6547  decode.acc_seg: 56.6296  aux.loss_ce: 0.7765  aux.acc_seg: 58.2708
2026/04/25 21:06:42 - mmengine - INFO - Iter(train) [14060/16000]  lr: 7.5102e-06  eta: 0:10:43  time: 0.3253  data_time: 0.0055  memory: 6182  loss: 2.0168  decode.loss_ce: 1.3849  decode.acc_seg: 72.0351  aux.loss_ce: 0.6319  aux.acc_seg: 73.8862
2026/04/25 21:06:49 - mmengine - INFO - Iter(train) [14080/16000]  lr: 7.4327e-06  eta: 0:10:36  time: 0.3250  data_time: 0.0056  memory: 6182  loss: 2.9398  decode.loss_ce: 2.0082  decode.acc_seg: 53.4126  aux.loss_ce: 0.9316  aux.acc_seg: 32.3461
2026/04/25 21:06:55 - mmengine - INFO - Iter(train) [14100/16000]  lr: 7.3553e-06  eta: 0:10:30  time: 0.3204  data_time: 0.0056  memory: 6182  loss: 2.3595  decode.loss_ce: 1.6341  decode.acc_seg: 44.7110  aux.loss_ce: 0.7254  aux.acc_seg: 46.2783
2026/04/25 21:07:01 - mmengine - INFO - Iter(train) [14120/16000]  lr: 7.2779e-06  eta: 0:10:23  time: 0.3191  data_time: 0.0056  memory: 6182  loss: 2.9447  decode.loss_ce: 2.0557  decode.acc_seg: 19.2564  aux.loss_ce: 0.8890  aux.acc_seg: 23.7574
2026/04/25 21:07:08 - mmengine - INFO - Iter(train) [14140/16000]  lr: 7.2005e-06  eta: 0:10:16  time: 0.3208  data_time: 0.0055  memory: 6182  loss: 2.5312  decode.loss_ce: 1.7442  decode.acc_seg: 87.2333  aux.loss_ce: 0.7870  aux.acc_seg: 82.9854
2026/04/25 21:07:14 - mmengine - INFO - Iter(train) [14160/16000]  lr: 7.1230e-06  eta: 0:10:10  time: 0.3253  data_time: 0.0054  memory: 6182  loss: 1.9316  decode.loss_ce: 1.3134  decode.acc_seg: 73.7014  aux.loss_ce: 0.6183  aux.acc_seg: 57.8662
2026/04/25 21:07:21 - mmengine - INFO - Iter(train) [14180/16000]  lr: 7.0456e-06  eta: 0:10:03  time: 0.3225  data_time: 0.0055  memory: 6182  loss: 2.7270  decode.loss_ce: 1.8757  decode.acc_seg: 36.4642  aux.loss_ce: 0.8513  aux.acc_seg: 30.3617
2026/04/25 21:07:27 - mmengine - INFO - Iter(train) [14200/16000]  lr: 6.9682e-06  eta: 0:09:56  time: 0.3193  data_time: 0.0056  memory: 6182  loss: 1.7988  decode.loss_ce: 1.2319  decode.acc_seg: 22.1425  aux.loss_ce: 0.5669  aux.acc_seg: 36.0245
2026/04/25 21:07:34 - mmengine - INFO - Iter(train) [14220/16000]  lr: 6.8908e-06  eta: 0:09:50  time: 0.3307  data_time: 0.0057  memory: 6182  loss: 2.4466  decode.loss_ce: 1.6410  decode.acc_seg: 42.8302  aux.loss_ce: 0.8057  aux.acc_seg: 29.9597
2026/04/25 21:07:40 - mmengine - INFO - Iter(train) [14240/16000]  lr: 6.8133e-06  eta: 0:09:43  time: 0.3206  data_time: 0.0055  memory: 6182  loss: 2.0428  decode.loss_ce: 1.3849  decode.acc_seg: 60.1419  aux.loss_ce: 0.6580  aux.acc_seg: 53.4315
2026/04/25 21:07:47 - mmengine - INFO - Iter(train) [14260/16000]  lr: 6.7359e-06  eta: 0:09:36  time: 0.3210  data_time: 0.0057  memory: 6182  loss: 2.4119  decode.loss_ce: 1.6676  decode.acc_seg: 4.4264  aux.loss_ce: 0.7443  aux.acc_seg: 9.8998
2026/04/25 21:07:53 - mmengine - INFO - Iter(train) [14280/16000]  lr: 6.6585e-06  eta: 0:09:30  time: 0.3245  data_time: 0.0055  memory: 6182  loss: 2.5302  decode.loss_ce: 1.7808  decode.acc_seg: 81.4212  aux.loss_ce: 0.7494  aux.acc_seg: 84.7530
2026/04/25 21:08:00 - mmengine - INFO - Iter(train) [14300/16000]  lr: 6.5811e-06  eta: 0:09:23  time: 0.3188  data_time: 0.0054  memory: 6182  loss: 2.1552  decode.loss_ce: 1.4957  decode.acc_seg: 25.8869  aux.loss_ce: 0.6595  aux.acc_seg: 15.2740
2026/04/25 21:08:06 - mmengine - INFO - Iter(train) [14320/16000]  lr: 6.5036e-06  eta: 0:09:16  time: 0.3204  data_time: 0.0056  memory: 6182  loss: 2.0332  decode.loss_ce: 1.3862  decode.acc_seg: 47.7778  aux.loss_ce: 0.6470  aux.acc_seg: 40.4863
2026/04/25 21:08:13 - mmengine - INFO - Iter(train) [14340/16000]  lr: 6.4262e-06  eta: 0:09:10  time: 0.3208  data_time: 0.0056  memory: 6182  loss: 2.4112  decode.loss_ce: 1.6751  decode.acc_seg: 23.1209  aux.loss_ce: 0.7361  aux.acc_seg: 21.8135
2026/04/25 21:08:19 - mmengine - INFO - Iter(train) [14360/16000]  lr: 6.3488e-06  eta: 0:09:03  time: 0.3196  data_time: 0.0054  memory: 6182  loss: 2.5420  decode.loss_ce: 1.7275  decode.acc_seg: 22.1482  aux.loss_ce: 0.8145  aux.acc_seg: 18.4013
2026/04/25 21:08:25 - mmengine - INFO - Iter(train) [14380/16000]  lr: 6.2714e-06  eta: 0:08:57  time: 0.3204  data_time: 0.0054  memory: 6182  loss: 2.7979  decode.loss_ce: 1.9438  decode.acc_seg: 21.0690  aux.loss_ce: 0.8540  aux.acc_seg: 17.3185
2026/04/25 21:08:32 - mmengine - INFO - Iter(train) [14400/16000]  lr: 6.1939e-06  eta: 0:08:50  time: 0.3237  data_time: 0.0054  memory: 6182  loss: 2.6053  decode.loss_ce: 1.7976  decode.acc_seg: 42.3702  aux.loss_ce: 0.8077  aux.acc_seg: 38.8086
2026/04/25 21:08:38 - mmengine - INFO - Iter(train) [14420/16000]  lr: 6.1165e-06  eta: 0:08:43  time: 0.3194  data_time: 0.0054  memory: 6182  loss: 2.5550  decode.loss_ce: 1.7662  decode.acc_seg: 44.0288  aux.loss_ce: 0.7888  aux.acc_seg: 57.6752
2026/04/25 21:08:45 - mmengine - INFO - Iter(train) [14440/16000]  lr: 6.0391e-06  eta: 0:08:37  time: 0.3254  data_time: 0.0055  memory: 6182  loss: 2.5474  decode.loss_ce: 1.7523  decode.acc_seg: 73.4994  aux.loss_ce: 0.7951  aux.acc_seg: 76.2127
2026/04/25 21:08:51 - mmengine - INFO - Iter(train) [14460/16000]  lr: 5.9617e-06  eta: 0:08:30  time: 0.3251  data_time: 0.0054  memory: 6182  loss: 1.9383  decode.loss_ce: 1.3187  decode.acc_seg: 65.3325  aux.loss_ce: 0.6196  aux.acc_seg: 58.8607
2026/04/25 21:08:58 - mmengine - INFO - Iter(train) [14480/16000]  lr: 5.8843e-06  eta: 0:08:23  time: 0.3230  data_time: 0.0053  memory: 6182  loss: 2.5716  decode.loss_ce: 1.7488  decode.acc_seg: 56.1838  aux.loss_ce: 0.8227  aux.acc_seg: 34.0370
2026/04/25 21:09:04 - mmengine - INFO - Iter(train) [14500/16000]  lr: 5.8068e-06  eta: 0:08:17  time: 0.3214  data_time: 0.0056  memory: 6182  loss: 2.7071  decode.loss_ce: 1.8644  decode.acc_seg: 54.0414  aux.loss_ce: 0.8426  aux.acc_seg: 47.7029
2026/04/25 21:09:11 - mmengine - INFO - Iter(train) [14520/16000]  lr: 5.7294e-06  eta: 0:08:10  time: 0.3266  data_time: 0.0056  memory: 6182  loss: 3.0253  decode.loss_ce: 2.0869  decode.acc_seg: 48.1382  aux.loss_ce: 0.9384  aux.acc_seg: 46.4439
2026/04/25 21:09:17 - mmengine - INFO - Iter(train) [14540/16000]  lr: 5.6520e-06  eta: 0:08:03  time: 0.3213  data_time: 0.0055  memory: 6182  loss: 2.2489  decode.loss_ce: 1.5512  decode.acc_seg: 48.4241  aux.loss_ce: 0.6977  aux.acc_seg: 57.0014
2026/04/25 21:09:24 - mmengine - INFO - Iter(train) [14560/16000]  lr: 5.5746e-06  eta: 0:07:57  time: 0.3213  data_time: 0.0055  memory: 6182  loss: 2.8016  decode.loss_ce: 1.8962  decode.acc_seg: 29.7676  aux.loss_ce: 0.9054  aux.acc_seg: 17.0970
2026/04/25 21:09:30 - mmengine - INFO - Iter(train) [14580/16000]  lr: 5.4971e-06  eta: 0:07:50  time: 0.3264  data_time: 0.0055  memory: 6182  loss: 2.3906  decode.loss_ce: 1.6372  decode.acc_seg: 62.0286  aux.loss_ce: 0.7533  aux.acc_seg: 52.9434
2026/04/25 21:09:37 - mmengine - INFO - Iter(train) [14600/16000]  lr: 5.4197e-06  eta: 0:07:43  time: 0.3243  data_time: 0.0058  memory: 6182  loss: 3.2719  decode.loss_ce: 2.2706  decode.acc_seg: 15.4912  aux.loss_ce: 1.0013  aux.acc_seg: 8.2587
2026/04/25 21:09:43 - mmengine - INFO - Iter(train) [14620/16000]  lr: 5.3423e-06  eta: 0:07:37  time: 0.3265  data_time: 0.0055  memory: 6182  loss: 2.2111  decode.loss_ce: 1.5245  decode.acc_seg: 53.8984  aux.loss_ce: 0.6866  aux.acc_seg: 55.4245
2026/04/25 21:09:50 - mmengine - INFO - Iter(train) [14640/16000]  lr: 5.2649e-06  eta: 0:07:30  time: 0.3270  data_time: 0.0056  memory: 6182  loss: 2.3702  decode.loss_ce: 1.6213  decode.acc_seg: 46.3659  aux.loss_ce: 0.7489  aux.acc_seg: 45.9138
2026/04/25 21:09:56 - mmengine - INFO - Iter(train) [14660/16000]  lr: 5.1874e-06  eta: 0:07:24  time: 0.3202  data_time: 0.0054  memory: 6182  loss: 2.7002  decode.loss_ce: 1.8597  decode.acc_seg: 44.0454  aux.loss_ce: 0.8405  aux.acc_seg: 41.0579
2026/04/25 21:10:03 - mmengine - INFO - Iter(train) [14680/16000]  lr: 5.1100e-06  eta: 0:07:17  time: 0.3236  data_time: 0.0056  memory: 6182  loss: 2.7438  decode.loss_ce: 1.8828  decode.acc_seg: 38.0596  aux.loss_ce: 0.8610  aux.acc_seg: 37.1986
2026/04/25 21:10:09 - mmengine - INFO - Iter(train) [14700/16000]  lr: 5.0326e-06  eta: 0:07:10  time: 0.3221  data_time: 0.0055  memory: 6182  loss: 2.1840  decode.loss_ce: 1.4932  decode.acc_seg: 32.5189  aux.loss_ce: 0.6908  aux.acc_seg: 8.9370
2026/04/25 21:10:15 - mmengine - INFO - Iter(train) [14720/16000]  lr: 4.9552e-06  eta: 0:07:04  time: 0.3218  data_time: 0.0055  memory: 6182  loss: 2.6148  decode.loss_ce: 1.8164  decode.acc_seg: 38.8852  aux.loss_ce: 0.7983  aux.acc_seg: 45.8641
2026/04/25 21:10:22 - mmengine - INFO - Iter(train) [14740/16000]  lr: 4.8777e-06  eta: 0:06:57  time: 0.3201  data_time: 0.0056  memory: 6182  loss: 2.8327  decode.loss_ce: 1.9770  decode.acc_seg: 70.3805  aux.loss_ce: 0.8557  aux.acc_seg: 66.6025
2026/04/25 21:10:28 - mmengine - INFO - Iter(train) [14760/16000]  lr: 4.8003e-06  eta: 0:06:50  time: 0.3230  data_time: 0.0054  memory: 6182  loss: 2.5896  decode.loss_ce: 1.7810  decode.acc_seg: 60.3059  aux.loss_ce: 0.8086  aux.acc_seg: 55.2678
2026/04/25 21:10:35 - mmengine - INFO - Iter(train) [14780/16000]  lr: 4.7229e-06  eta: 0:06:44  time: 0.3253  data_time: 0.0055  memory: 6182  loss: 2.5576  decode.loss_ce: 1.7808  decode.acc_seg: 41.2839  aux.loss_ce: 0.7768  aux.acc_seg: 41.4632
2026/04/25 21:10:41 - mmengine - INFO - Iter(train) [14800/16000]  lr: 4.6455e-06  eta: 0:06:37  time: 0.3225  data_time: 0.0055  memory: 6182  loss: 2.7829  decode.loss_ce: 1.9084  decode.acc_seg: 38.8545  aux.loss_ce: 0.8745  aux.acc_seg: 33.4373
2026/04/25 21:10:48 - mmengine - INFO - Iter(train) [14820/16000]  lr: 4.5680e-06  eta: 0:06:30  time: 0.3215  data_time: 0.0056  memory: 6182  loss: 1.7018  decode.loss_ce: 1.1820  decode.acc_seg: 20.2211  aux.loss_ce: 0.5198  aux.acc_seg: 19.0935
2026/04/25 21:10:54 - mmengine - INFO - Iter(train) [14840/16000]  lr: 4.4906e-06  eta: 0:06:24  time: 0.3200  data_time: 0.0055  memory: 6182  loss: 2.6105  decode.loss_ce: 1.8257  decode.acc_seg: 21.1598  aux.loss_ce: 0.7848  aux.acc_seg: 19.1630
2026/04/25 21:11:01 - mmengine - INFO - Iter(train) [14860/16000]  lr: 4.4132e-06  eta: 0:06:17  time: 0.3218  data_time: 0.0056  memory: 6182  loss: 2.6102  decode.loss_ce: 1.8029  decode.acc_seg: 49.6166  aux.loss_ce: 0.8072  aux.acc_seg: 47.5725
2026/04/25 21:11:07 - mmengine - INFO - Iter(train) [14880/16000]  lr: 4.3358e-06  eta: 0:06:10  time: 0.3313  data_time: 0.0055  memory: 6182  loss: 2.6061  decode.loss_ce: 1.8059  decode.acc_seg: 39.0814  aux.loss_ce: 0.8002  aux.acc_seg: 38.8766
2026/04/25 21:11:14 - mmengine - INFO - Iter(train) [14900/16000]  lr: 4.2583e-06  eta: 0:06:04  time: 0.3231  data_time: 0.0053  memory: 6182  loss: 1.8728  decode.loss_ce: 1.2829  decode.acc_seg: 60.0080  aux.loss_ce: 0.5899  aux.acc_seg: 59.1062
2026/04/25 21:11:20 - mmengine - INFO - Iter(train) [14920/16000]  lr: 4.1809e-06  eta: 0:05:57  time: 0.3330  data_time: 0.0055  memory: 6182  loss: 1.8855  decode.loss_ce: 1.2892  decode.acc_seg: 26.5341  aux.loss_ce: 0.5963  aux.acc_seg: 18.9632
2026/04/25 21:11:27 - mmengine - INFO - Iter(train) [14940/16000]  lr: 4.1035e-06  eta: 0:05:51  time: 0.3260  data_time: 0.0055  memory: 6182  loss: 1.5596  decode.loss_ce: 1.0454  decode.acc_seg: 64.3822  aux.loss_ce: 0.5143  aux.acc_seg: 61.9242
2026/04/25 21:11:33 - mmengine - INFO - Iter(train) [14960/16000]  lr: 4.0261e-06  eta: 0:05:44  time: 0.3282  data_time: 0.0055  memory: 6182  loss: 2.5353  decode.loss_ce: 1.7311  decode.acc_seg: 52.3030  aux.loss_ce: 0.8042  aux.acc_seg: 48.5500
2026/04/25 21:11:40 - mmengine - INFO - Iter(train) [14980/16000]  lr: 3.9486e-06  eta: 0:05:37  time: 0.3306  data_time: 0.0056  memory: 6182  loss: 2.2519  decode.loss_ce: 1.5566  decode.acc_seg: 51.8266  aux.loss_ce: 0.6953  aux.acc_seg: 52.8040
2026/04/25 21:11:46 - mmengine - INFO - Exp name: pvmamba_tiny_upernet_ade20k_base_random_16000_fixrelu_20260425_194434
2026/04/25 21:11:46 - mmengine - INFO - Iter(train) [15000/16000]  lr: 3.8712e-06  eta: 0:05:31  time: 0.3219  data_time: 0.0055  memory: 6182  loss: 2.0794  decode.loss_ce: 1.4271  decode.acc_seg: 71.2758  aux.loss_ce: 0.6523  aux.acc_seg: 64.4299
2026/04/25 21:11:52 - mmengine - INFO - Iter(train) [15020/16000]  lr: 3.7938e-06  eta: 0:05:24  time: 0.3216  data_time: 0.0055  memory: 6182  loss: 3.1575  decode.loss_ce: 2.1672  decode.acc_seg: 58.0182  aux.loss_ce: 0.9903  aux.acc_seg: 62.5769
2026/04/25 21:11:59 - mmengine - INFO - Iter(train) [15040/16000]  lr: 3.7164e-06  eta: 0:05:17  time: 0.3335  data_time: 0.0055  memory: 6182  loss: 3.0307  decode.loss_ce: 2.0911  decode.acc_seg: 42.1734  aux.loss_ce: 0.9395  aux.acc_seg: 32.1354
2026/04/25 21:12:06 - mmengine - INFO - Iter(train) [15060/16000]  lr: 3.6389e-06  eta: 0:05:11  time: 0.3242  data_time: 0.0057  memory: 6182  loss: 2.2937  decode.loss_ce: 1.5626  decode.acc_seg: 48.1887  aux.loss_ce: 0.7311  aux.acc_seg: 12.3184
2026/04/25 21:12:12 - mmengine - INFO - Iter(train) [15080/16000]  lr: 3.5615e-06  eta: 0:05:04  time: 0.3211  data_time: 0.0056  memory: 6182  loss: 3.1799  decode.loss_ce: 2.2311  decode.acc_seg: 47.0626  aux.loss_ce: 0.9488  aux.acc_seg: 40.2793
2026/04/25 21:12:18 - mmengine - INFO - Iter(train) [15100/16000]  lr: 3.4841e-06  eta: 0:04:58  time: 0.3242  data_time: 0.0056  memory: 6182  loss: 2.0349  decode.loss_ce: 1.3821  decode.acc_seg: 59.6140  aux.loss_ce: 0.6528  aux.acc_seg: 54.8452
2026/04/25 21:12:25 - mmengine - INFO - Iter(train) [15120/16000]  lr: 3.4067e-06  eta: 0:04:51  time: 0.3217  data_time: 0.0055  memory: 6182  loss: 2.5902  decode.loss_ce: 1.7779  decode.acc_seg: 3.0876  aux.loss_ce: 0.8123  aux.acc_seg: 2.3643
2026/04/25 21:12:31 - mmengine - INFO - Iter(train) [15140/16000]  lr: 3.3292e-06  eta: 0:04:44  time: 0.3180  data_time: 0.0055  memory: 6182  loss: 2.4695  decode.loss_ce: 1.6930  decode.acc_seg: 70.4847  aux.loss_ce: 0.7766  aux.acc_seg: 69.0145
2026/04/25 21:12:38 - mmengine - INFO - Iter(train) [15160/16000]  lr: 3.2518e-06  eta: 0:04:38  time: 0.3210  data_time: 0.0055  memory: 6182  loss: 2.5369  decode.loss_ce: 1.7258  decode.acc_seg: 78.3150  aux.loss_ce: 0.8111  aux.acc_seg: 78.7985
2026/04/25 21:12:44 - mmengine - INFO - Iter(train) [15180/16000]  lr: 3.1744e-06  eta: 0:04:31  time: 0.3213  data_time: 0.0055  memory: 6182  loss: 2.1617  decode.loss_ce: 1.4820  decode.acc_seg: 77.5180  aux.loss_ce: 0.6797  aux.acc_seg: 75.1028
2026/04/25 21:12:51 - mmengine - INFO - Iter(train) [15200/16000]  lr: 3.0970e-06  eta: 0:04:24  time: 0.3221  data_time: 0.0055  memory: 6182  loss: 2.1037  decode.loss_ce: 1.4557  decode.acc_seg: 26.9311  aux.loss_ce: 0.6480  aux.acc_seg: 25.0899
2026/04/25 21:12:57 - mmengine - INFO - Iter(train) [15220/16000]  lr: 3.0195e-06  eta: 0:04:18  time: 0.3279  data_time: 0.0058  memory: 6182  loss: 2.4041  decode.loss_ce: 1.6750  decode.acc_seg: 2.0985  aux.loss_ce: 0.7292  aux.acc_seg: 0.6889
2026/04/25 21:13:04 - mmengine - INFO - Iter(train) [15240/16000]  lr: 2.9421e-06  eta: 0:04:11  time: 0.3245  data_time: 0.0053  memory: 6182  loss: 2.2430  decode.loss_ce: 1.5298  decode.acc_seg: 62.1813  aux.loss_ce: 0.7132  aux.acc_seg: 63.5568
2026/04/25 21:13:10 - mmengine - INFO - Iter(train) [15260/16000]  lr: 2.8647e-06  eta: 0:04:04  time: 0.3282  data_time: 0.0055  memory: 6182  loss: 2.6398  decode.loss_ce: 1.7862  decode.acc_seg: 45.4825  aux.loss_ce: 0.8536  aux.acc_seg: 37.3791
2026/04/25 21:13:17 - mmengine - INFO - Iter(train) [15280/16000]  lr: 2.7873e-06  eta: 0:03:58  time: 0.3245  data_time: 0.0055  memory: 6182  loss: 2.9054  decode.loss_ce: 2.0224  decode.acc_seg: 32.7396  aux.loss_ce: 0.8831  aux.acc_seg: 31.2043
2026/04/25 21:13:23 - mmengine - INFO - Iter(train) [15300/16000]  lr: 2.7099e-06  eta: 0:03:51  time: 0.3222  data_time: 0.0055  memory: 6182  loss: 2.7827  decode.loss_ce: 1.9160  decode.acc_seg: 78.9146  aux.loss_ce: 0.8667  aux.acc_seg: 70.4481
2026/04/25 21:13:29 - mmengine - INFO - Iter(train) [15320/16000]  lr: 2.6324e-06  eta: 0:03:45  time: 0.3203  data_time: 0.0056  memory: 6182  loss: 2.2561  decode.loss_ce: 1.5625  decode.acc_seg: 43.4442  aux.loss_ce: 0.6935  aux.acc_seg: 42.3140
2026/04/25 21:13:36 - mmengine - INFO - Iter(train) [15340/16000]  lr: 2.5550e-06  eta: 0:03:38  time: 0.3199  data_time: 0.0055  memory: 6182  loss: 2.0897  decode.loss_ce: 1.4111  decode.acc_seg: 38.6892  aux.loss_ce: 0.6785  aux.acc_seg: 37.4543
2026/04/25 21:13:42 - mmengine - INFO - Iter(train) [15360/16000]  lr: 2.4776e-06  eta: 0:03:31  time: 0.3197  data_time: 0.0055  memory: 6182  loss: 1.7639  decode.loss_ce: 1.2099  decode.acc_seg: 63.7242  aux.loss_ce: 0.5540  aux.acc_seg: 52.1248
2026/04/25 21:13:49 - mmengine - INFO - Iter(train) [15380/16000]  lr: 2.4002e-06  eta: 0:03:25  time: 0.3209  data_time: 0.0055  memory: 6182  loss: 3.0333  decode.loss_ce: 2.1101  decode.acc_seg: 56.4320  aux.loss_ce: 0.9232  aux.acc_seg: 48.2152
2026/04/25 21:13:55 - mmengine - INFO - Iter(train) [15400/16000]  lr: 2.3227e-06  eta: 0:03:18  time: 0.3284  data_time: 0.0055  memory: 6182  loss: 2.4026  decode.loss_ce: 1.6417  decode.acc_seg: 62.5347  aux.loss_ce: 0.7609  aux.acc_seg: 54.0582
2026/04/25 21:14:02 - mmengine - INFO - Iter(train) [15420/16000]  lr: 2.2453e-06  eta: 0:03:11  time: 0.3189  data_time: 0.0055  memory: 6182  loss: 2.9453  decode.loss_ce: 2.0177  decode.acc_seg: 13.3798  aux.loss_ce: 0.9276  aux.acc_seg: 15.2618
2026/04/25 21:14:08 - mmengine - INFO - Iter(train) [15440/16000]  lr: 2.1679e-06  eta: 0:03:05  time: 0.3210  data_time: 0.0054  memory: 6182  loss: 2.5075  decode.loss_ce: 1.7391  decode.acc_seg: 21.6279  aux.loss_ce: 0.7684  aux.acc_seg: 19.7295
2026/04/25 21:14:15 - mmengine - INFO - Iter(train) [15460/16000]  lr: 2.0905e-06  eta: 0:02:58  time: 0.3266  data_time: 0.0054  memory: 6182  loss: 2.3060  decode.loss_ce: 1.6062  decode.acc_seg: 46.2096  aux.loss_ce: 0.6998  aux.acc_seg: 37.8916
2026/04/25 21:14:21 - mmengine - INFO - Iter(train) [15480/16000]  lr: 2.0130e-06  eta: 0:02:52  time: 0.3304  data_time: 0.0056  memory: 6182  loss: 2.0097  decode.loss_ce: 1.3567  decode.acc_seg: 62.8413  aux.loss_ce: 0.6530  aux.acc_seg: 61.3117
2026/04/25 21:14:28 - mmengine - INFO - Iter(train) [15500/16000]  lr: 1.9356e-06  eta: 0:02:45  time: 0.3216  data_time: 0.0056  memory: 6182  loss: 1.9356  decode.loss_ce: 1.3287  decode.acc_seg: 25.8181  aux.loss_ce: 0.6068  aux.acc_seg: 15.9637
2026/04/25 21:14:34 - mmengine - INFO - Iter(train) [15520/16000]  lr: 1.8582e-06  eta: 0:02:38  time: 0.3283  data_time: 0.0055  memory: 6182  loss: 2.4641  decode.loss_ce: 1.7049  decode.acc_seg: 55.3386  aux.loss_ce: 0.7591  aux.acc_seg: 54.5606
2026/04/25 21:14:41 - mmengine - INFO - Iter(train) [15540/16000]  lr: 1.7808e-06  eta: 0:02:32  time: 0.3233  data_time: 0.0054  memory: 6182  loss: 1.5822  decode.loss_ce: 1.0873  decode.acc_seg: 87.9653  aux.loss_ce: 0.4949  aux.acc_seg: 88.2513
2026/04/25 21:14:47 - mmengine - INFO - Iter(train) [15560/16000]  lr: 1.7033e-06  eta: 0:02:25  time: 0.3206  data_time: 0.0055  memory: 6182  loss: 2.6725  decode.loss_ce: 1.8461  decode.acc_seg: 22.9700  aux.loss_ce: 0.8264  aux.acc_seg: 20.9767
2026/04/25 21:14:54 - mmengine - INFO - Iter(train) [15580/16000]  lr: 1.6259e-06  eta: 0:02:18  time: 0.3299  data_time: 0.0056  memory: 6182  loss: 2.6902  decode.loss_ce: 1.8257  decode.acc_seg: 18.0923  aux.loss_ce: 0.8645  aux.acc_seg: 16.0553
2026/04/25 21:15:00 - mmengine - INFO - Iter(train) [15600/16000]  lr: 1.5485e-06  eta: 0:02:12  time: 0.3231  data_time: 0.0055  memory: 6182  loss: 2.1950  decode.loss_ce: 1.5172  decode.acc_seg: 31.2657  aux.loss_ce: 0.6778  aux.acc_seg: 23.6027
2026/04/25 21:15:07 - mmengine - INFO - Iter(train) [15620/16000]  lr: 1.4711e-06  eta: 0:02:05  time: 0.3238  data_time: 0.0054  memory: 6182  loss: 2.3976  decode.loss_ce: 1.6202  decode.acc_seg: 60.7927  aux.loss_ce: 0.7774  aux.acc_seg: 45.7424
2026/04/25 21:15:13 - mmengine - INFO - Iter(train) [15640/16000]  lr: 1.3936e-06  eta: 0:01:59  time: 0.3260  data_time: 0.0057  memory: 6182  loss: 2.2767  decode.loss_ce: 1.5410  decode.acc_seg: 59.3797  aux.loss_ce: 0.7357  aux.acc_seg: 55.2240
2026/04/25 21:15:20 - mmengine - INFO - Iter(train) [15660/16000]  lr: 1.3162e-06  eta: 0:01:52  time: 0.3230  data_time: 0.0055  memory: 6182  loss: 2.3768  decode.loss_ce: 1.6275  decode.acc_seg: 36.9749  aux.loss_ce: 0.7493  aux.acc_seg: 36.4871
2026/04/25 21:15:26 - mmengine - INFO - Iter(train) [15680/16000]  lr: 1.2388e-06  eta: 0:01:45  time: 0.3221  data_time: 0.0053  memory: 6182  loss: 2.5792  decode.loss_ce: 1.8047  decode.acc_seg: 65.6733  aux.loss_ce: 0.7745  aux.acc_seg: 41.0897
2026/04/25 21:15:33 - mmengine - INFO - Iter(train) [15700/16000]  lr: 1.1614e-06  eta: 0:01:39  time: 0.3190  data_time: 0.0055  memory: 6182  loss: 2.2077  decode.loss_ce: 1.5168  decode.acc_seg: 82.1845  aux.loss_ce: 0.6909  aux.acc_seg: 63.5207
2026/04/25 21:15:39 - mmengine - INFO - Iter(train) [15720/16000]  lr: 1.0839e-06  eta: 0:01:32  time: 0.3228  data_time: 0.0057  memory: 6182  loss: 2.4573  decode.loss_ce: 1.6763  decode.acc_seg: 45.9088  aux.loss_ce: 0.7810  aux.acc_seg: 43.7385
2026/04/25 21:15:46 - mmengine - INFO - Iter(train) [15740/16000]  lr: 1.0065e-06  eta: 0:01:26  time: 0.3303  data_time: 0.0055  memory: 6182  loss: 1.9298  decode.loss_ce: 1.3420  decode.acc_seg: 0.1802  aux.loss_ce: 0.5879  aux.acc_seg: 0.0000
2026/04/25 21:15:52 - mmengine - INFO - Iter(train) [15760/16000]  lr: 9.2909e-07  eta: 0:01:19  time: 0.3280  data_time: 0.0055  memory: 6182  loss: 2.2659  decode.loss_ce: 1.5347  decode.acc_seg: 85.4401  aux.loss_ce: 0.7312  aux.acc_seg: 65.9964
2026/04/25 21:15:59 - mmengine - INFO - Iter(train) [15780/16000]  lr: 8.5167e-07  eta: 0:01:12  time: 0.3265  data_time: 0.0056  memory: 6182  loss: 2.7271  decode.loss_ce: 1.8610  decode.acc_seg: 33.9297  aux.loss_ce: 0.8661  aux.acc_seg: 41.9617
2026/04/25 21:16:05 - mmengine - INFO - Iter(train) [15800/16000]  lr: 7.7424e-07  eta: 0:01:06  time: 0.3251  data_time: 0.0054  memory: 6182  loss: 1.9575  decode.loss_ce: 1.3277  decode.acc_seg: 68.7345  aux.loss_ce: 0.6298  aux.acc_seg: 66.8117
2026/04/25 21:16:11 - mmengine - INFO - Iter(train) [15820/16000]  lr: 6.9682e-07  eta: 0:00:59  time: 0.3211  data_time: 0.0055  memory: 6182  loss: 2.2334  decode.loss_ce: 1.5387  decode.acc_seg: 80.1202  aux.loss_ce: 0.6947  aux.acc_seg: 80.1644
2026/04/25 21:16:18 - mmengine - INFO - Iter(train) [15840/16000]  lr: 6.1939e-07  eta: 0:00:52  time: 0.3286  data_time: 0.0055  memory: 6182  loss: 2.9945  decode.loss_ce: 2.0713  decode.acc_seg: 47.1529  aux.loss_ce: 0.9232  aux.acc_seg: 39.4518
2026/04/25 21:16:24 - mmengine - INFO - Iter(train) [15860/16000]  lr: 5.4197e-07  eta: 0:00:46  time: 0.3330  data_time: 0.0054  memory: 6182  loss: 1.9845  decode.loss_ce: 1.3541  decode.acc_seg: 77.0004  aux.loss_ce: 0.6304  aux.acc_seg: 72.6025
2026/04/25 21:16:31 - mmengine - INFO - Iter(train) [15880/16000]  lr: 4.6455e-07  eta: 0:00:39  time: 0.3333  data_time: 0.0055  memory: 6182  loss: 3.0720  decode.loss_ce: 2.1178  decode.acc_seg: 39.2553  aux.loss_ce: 0.9542  aux.acc_seg: 32.4482
2026/04/25 21:16:38 - mmengine - INFO - Iter(train) [15900/16000]  lr: 3.8712e-07  eta: 0:00:33  time: 0.3221  data_time: 0.0055  memory: 6182  loss: 2.4119  decode.loss_ce: 1.6429  decode.acc_seg: 26.7422  aux.loss_ce: 0.7690  aux.acc_seg: 18.8693
2026/04/25 21:16:44 - mmengine - INFO - Iter(train) [15920/16000]  lr: 3.0970e-07  eta: 0:00:26  time: 0.3219  data_time: 0.0053  memory: 6182  loss: 3.1114  decode.loss_ce: 2.1588  decode.acc_seg: 59.6306  aux.loss_ce: 0.9526  aux.acc_seg: 61.9320
2026/04/25 21:16:50 - mmengine - INFO - Iter(train) [15940/16000]  lr: 2.3227e-07  eta: 0:00:19  time: 0.3186  data_time: 0.0055  memory: 6182  loss: 2.2131  decode.loss_ce: 1.5256  decode.acc_seg: 22.3226  aux.loss_ce: 0.6875  aux.acc_seg: 17.6640
2026/04/25 21:16:57 - mmengine - INFO - Iter(train) [15960/16000]  lr: 1.5485e-07  eta: 0:00:13  time: 0.3208  data_time: 0.0055  memory: 6182  loss: 2.4817  decode.loss_ce: 1.6931  decode.acc_seg: 32.4693  aux.loss_ce: 0.7886  aux.acc_seg: 26.0798
2026/04/25 21:17:03 - mmengine - INFO - Iter(train) [15980/16000]  lr: 7.7424e-08  eta: 0:00:06  time: 0.3203  data_time: 0.0055  memory: 6182  loss: 2.1379  decode.loss_ce: 1.4457  decode.acc_seg: 58.7089  aux.loss_ce: 0.6922  aux.acc_seg: 49.3226
2026/04/25 21:17:10 - mmengine - INFO - Exp name: pvmamba_tiny_upernet_ade20k_base_random_16000_fixrelu_20260425_194434
2026/04/25 21:17:10 - mmengine - INFO - Iter(train) [16000/16000]  lr: 0.0000e+00  eta: 0:00:00  time: 0.3255  data_time: 0.0055  memory: 6182  loss: 2.4595  decode.loss_ce: 1.7200  decode.acc_seg: 53.3681  aux.loss_ce: 0.7395  aux.acc_seg: 50.0040
2026/04/25 21:17:10 - mmengine - INFO - Saving checkpoint at 16000 iterations
2026/04/25 21:17:13 - mmengine - INFO - Iter(val) [  20/1000]    eta: 0:01:02  time: 0.0619  data_time: 0.0016  memory: 1562  
2026/04/25 21:17:14 - mmengine - INFO - Iter(val) [  40/1000]    eta: 0:01:01  time: 0.0629  data_time: 0.0015  memory: 1456  
2026/04/25 21:17:15 - mmengine - INFO - Iter(val) [  60/1000]    eta: 0:00:59  time: 0.0631  data_time: 0.0016  memory: 1466  
2026/04/25 21:17:17 - mmengine - INFO - Iter(val) [  80/1000]    eta: 0:00:58  time: 0.0660  data_time: 0.0016  memory: 1646  
2026/04/25 21:17:18 - mmengine - INFO - Iter(val) [ 100/1000]    eta: 0:00:57  time: 0.0612  data_time: 0.0015  memory: 1458  
2026/04/25 21:17:19 - mmengine - INFO - Iter(val) [ 120/1000]    eta: 0:00:55  time: 0.0639  data_time: 0.0015  memory: 1803  
2026/04/25 21:17:20 - mmengine - INFO - Iter(val) [ 140/1000]    eta: 0:00:54  time: 0.0594  data_time: 0.0015  memory: 1456  
2026/04/25 21:17:21 - mmengine - INFO - Iter(val) [ 160/1000]    eta: 0:00:52  time: 0.0595  data_time: 0.0016  memory: 1432  
2026/04/25 21:17:23 - mmengine - INFO - Iter(val) [ 180/1000]    eta: 0:00:51  time: 0.0619  data_time: 0.0015  memory: 1558  
2026/04/25 21:17:24 - mmengine - INFO - Iter(val) [ 200/1000]    eta: 0:00:50  time: 0.0619  data_time: 0.0015  memory: 1501  
2026/04/25 21:17:25 - mmengine - INFO - Iter(val) [ 220/1000]    eta: 0:00:48  time: 0.0628  data_time: 0.0015  memory: 1463  
2026/04/25 21:17:26 - mmengine - INFO - Iter(val) [ 240/1000]    eta: 0:00:47  time: 0.0630  data_time: 0.0016  memory: 1467  
2026/04/25 21:17:28 - mmengine - INFO - Iter(val) [ 260/1000]    eta: 0:00:46  time: 0.0645  data_time: 0.0015  memory: 1467  
2026/04/25 21:17:29 - mmengine - INFO - Iter(val) [ 280/1000]    eta: 0:00:44  time: 0.0612  data_time: 0.0015  memory: 1551  
2026/04/25 21:17:30 - mmengine - INFO - Iter(val) [ 300/1000]    eta: 0:00:43  time: 0.0626  data_time: 0.0016  memory: 1506  
2026/04/25 21:17:31 - mmengine - INFO - Iter(val) [ 320/1000]    eta: 0:00:42  time: 0.0630  data_time: 0.0014  memory: 1501  
2026/04/25 21:17:33 - mmengine - INFO - Iter(val) [ 340/1000]    eta: 0:00:41  time: 0.0619  data_time: 0.0015  memory: 1497  
2026/04/25 21:17:34 - mmengine - INFO - Iter(val) [ 360/1000]    eta: 0:00:39  time: 0.0631  data_time: 0.0015  memory: 1527  
2026/04/25 21:17:35 - mmengine - INFO - Iter(val) [ 380/1000]    eta: 0:00:38  time: 0.0601  data_time: 0.0015  memory: 1547  
2026/04/25 21:17:36 - mmengine - INFO - Iter(val) [ 400/1000]    eta: 0:00:37  time: 0.0636  data_time: 0.0014  memory: 1447  
2026/04/25 21:17:38 - mmengine - INFO - Iter(val) [ 420/1000]    eta: 0:00:36  time: 0.0635  data_time: 0.0015  memory: 1405  
2026/04/25 21:17:39 - mmengine - INFO - Iter(val) [ 440/1000]    eta: 0:00:34  time: 0.0544  data_time: 0.0013  memory: 1405  
2026/04/25 21:17:40 - mmengine - INFO - Iter(val) [ 460/1000]    eta: 0:00:33  time: 0.0627  data_time: 0.0014  memory: 1541  
2026/04/25 21:17:41 - mmengine - INFO - Iter(val) [ 480/1000]    eta: 0:00:32  time: 0.0592  data_time: 0.0015  memory: 1458  
2026/04/25 21:17:43 - mmengine - INFO - Iter(val) [ 500/1000]    eta: 0:00:31  time: 0.0609  data_time: 0.0015  memory: 1544  
2026/04/25 21:17:44 - mmengine - INFO - Iter(val) [ 520/1000]    eta: 0:00:29  time: 0.0635  data_time: 0.0015  memory: 1549  
2026/04/25 21:17:45 - mmengine - INFO - Iter(val) [ 540/1000]    eta: 0:00:28  time: 0.0647  data_time: 0.0015  memory: 1526  
2026/04/25 21:17:46 - mmengine - INFO - Iter(val) [ 560/1000]    eta: 0:00:27  time: 0.0593  data_time: 0.0015  memory: 1453  
2026/04/25 21:17:48 - mmengine - INFO - Iter(val) [ 580/1000]    eta: 0:00:26  time: 0.0616  data_time: 0.0017  memory: 2510  
2026/04/25 21:17:49 - mmengine - INFO - Iter(val) [ 600/1000]    eta: 0:00:24  time: 0.0633  data_time: 0.0015  memory: 1495  
2026/04/25 21:17:50 - mmengine - INFO - Iter(val) [ 620/1000]    eta: 0:00:23  time: 0.0626  data_time: 0.0015  memory: 1497  
2026/04/25 21:17:51 - mmengine - INFO - Iter(val) [ 640/1000]    eta: 0:00:22  time: 0.0611  data_time: 0.0017  memory: 1458  
2026/04/25 21:17:53 - mmengine - INFO - Iter(val) [ 660/1000]    eta: 0:00:21  time: 0.0709  data_time: 0.0019  memory: 1457  
2026/04/25 21:17:54 - mmengine - INFO - Iter(val) [ 680/1000]    eta: 0:00:20  time: 0.0718  data_time: 0.0019  memory: 1458  
2026/04/25 21:17:55 - mmengine - INFO - Iter(val) [ 700/1000]    eta: 0:00:18  time: 0.0626  data_time: 0.0016  memory: 1513  
2026/04/25 21:17:57 - mmengine - INFO - Iter(val) [ 720/1000]    eta: 0:00:17  time: 0.0627  data_time: 0.0016  memory: 1541  
2026/04/25 21:17:58 - mmengine - INFO - Iter(val) [ 740/1000]    eta: 0:00:16  time: 0.0630  data_time: 0.0016  memory: 1457  
2026/04/25 21:17:59 - mmengine - INFO - Iter(val) [ 760/1000]    eta: 0:00:15  time: 0.0661  data_time: 0.0017  memory: 1527  
2026/04/25 21:18:00 - mmengine - INFO - Iter(val) [ 780/1000]    eta: 0:00:13  time: 0.0599  data_time: 0.0016  memory: 1490  
2026/04/25 21:18:02 - mmengine - INFO - Iter(val) [ 800/1000]    eta: 0:00:12  time: 0.0625  data_time: 0.0017  memory: 1452  
2026/04/25 21:18:03 - mmengine - INFO - Iter(val) [ 820/1000]    eta: 0:00:11  time: 0.0636  data_time: 0.0015  memory: 1663  
2026/04/25 21:18:04 - mmengine - INFO - Iter(val) [ 840/1000]    eta: 0:00:10  time: 0.0655  data_time: 0.0015  memory: 1540  
2026/04/25 21:18:05 - mmengine - INFO - Iter(val) [ 860/1000]    eta: 0:00:08  time: 0.0627  data_time: 0.0016  memory: 1459  
2026/04/25 21:18:07 - mmengine - INFO - Iter(val) [ 880/1000]    eta: 0:00:07  time: 0.0575  data_time: 0.0015  memory: 1468  
2026/04/25 21:18:08 - mmengine - INFO - Iter(val) [ 900/1000]    eta: 0:00:06  time: 0.0640  data_time: 0.0017  memory: 1458  
2026/04/25 21:18:09 - mmengine - INFO - Iter(val) [ 920/1000]    eta: 0:00:05  time: 0.0634  data_time: 0.0017  memory: 1391  
2026/04/25 21:18:10 - mmengine - INFO - Iter(val) [ 940/1000]    eta: 0:00:03  time: 0.0547  data_time: 0.0015  memory: 1391  
2026/04/25 21:18:12 - mmengine - INFO - Iter(val) [ 960/1000]    eta: 0:00:02  time: 0.0649  data_time: 0.0015  memory: 1713  
2026/04/25 21:18:13 - mmengine - INFO - Iter(val) [ 980/1000]    eta: 0:00:01  time: 0.0603  data_time: 0.0016  memory: 1391  
2026/04/25 21:18:14 - mmengine - INFO - Iter(val) [1000/1000]    eta: 0:00:00  time: 0.0633  data_time: 0.0015  memory: 1538  
2026/04/25 21:18:15 - mmengine - INFO - per class results:
2026/04/25 21:18:15 - mmengine - INFO - 
+---------------------+-------+-------+
|        Class        |  IoU  |  Acc  |
+---------------------+-------+-------+
|         wall        | 47.04 | 77.85 |
|       building      | 59.08 | 83.81 |
|         sky         | 84.76 | 93.94 |
|        floor        | 44.84 | 70.36 |
|         tree        | 45.52 | 82.14 |
|       ceiling       | 54.14 | 72.45 |
|         road        | 55.31 | 82.42 |
|         bed         | 30.31 | 66.63 |
|      windowpane     | 33.79 | 58.92 |
|        grass        | 53.38 | 76.57 |
|       cabinet       | 17.29 | 23.69 |
|       sidewalk      |  23.1 | 29.88 |
|        person       | 24.46 | 41.88 |
|        earth        |  6.32 |  7.69 |
|         door        |  1.57 |  1.67 |
|        table        |  8.17 | 12.35 |
|       mountain      | 21.11 | 35.92 |
|        plant        |  8.39 |  9.94 |
|       curtain       | 17.96 | 24.04 |
|        chair        | 11.28 | 18.79 |
|         car         | 35.53 | 70.34 |
|        water        |  6.5  |  6.94 |
|       painting      | 20.71 | 34.51 |
|         sofa        |  0.63 |  0.64 |
|        shelf        |  1.57 |  1.76 |
|        house        |  0.0  |  0.0  |
|         sea         | 21.57 | 76.54 |
|        mirror       |  0.0  |  0.0  |
|         rug         |  0.81 |  0.81 |
|        field        | 10.22 | 16.53 |
|       armchair      |  0.0  |  0.0  |
|         seat        |  0.0  |  0.0  |
|        fence        |  0.0  |  0.0  |
|         desk        |  0.0  |  0.0  |
|         rock        |  0.0  |  0.0  |
|       wardrobe      |  0.0  |  0.0  |
|         lamp        |  0.0  |  0.0  |
|       bathtub       |  0.0  |  0.0  |
|       railing       |  0.0  |  0.0  |
|       cushion       |  0.09 |  0.09 |
|         base        |  0.0  |  0.0  |
|         box         |  0.0  |  0.0  |
|        column       |  0.0  |  0.0  |
|      signboard      |  0.0  |  0.0  |
|   chest of drawers  |  0.0  |  0.0  |
|       counter       |  0.0  |  0.0  |
|         sand        |  0.05 |  0.05 |
|         sink        |  0.0  |  0.0  |
|      skyscraper     | 31.75 | 57.43 |
|      fireplace      |  0.0  |  0.0  |
|     refrigerator    |  0.0  |  0.0  |
|      grandstand     |  0.0  |  0.0  |
|         path        |  0.0  |  0.0  |
|        stairs       |  0.0  |  0.0  |
|        runway       |  0.0  |  0.0  |
|         case        |  0.0  |  0.0  |
|      pool table     |  0.06 |  0.06 |
|        pillow       |  0.0  |  0.0  |
|     screen door     |  0.0  |  0.0  |
|       stairway      |  0.0  |  0.0  |
|        river        |  0.0  |  0.0  |
|        bridge       |  0.0  |  0.0  |
|       bookcase      |  0.0  |  0.0  |
|        blind        |  0.0  |  0.0  |
|     coffee table    |  0.0  |  0.0  |
|        toilet       |  0.0  |  0.0  |
|        flower       |  0.0  |  0.0  |
|         book        |  0.0  |  0.0  |
|         hill        |  0.0  |  0.0  |
|        bench        |  0.0  |  0.0  |
|      countertop     |  0.0  |  0.0  |
|        stove        |  0.0  |  0.0  |
|         palm        |  0.0  |  0.0  |
|    kitchen island   |  0.0  |  0.0  |
|       computer      |  0.0  |  0.0  |
|     swivel chair    |  0.0  |  0.0  |
|         boat        |  0.0  |  0.0  |
|         bar         |  0.0  |  0.0  |
|    arcade machine   |  0.0  |  0.0  |
|        hovel        |  0.0  |  0.0  |
|         bus         |  0.0  |  0.0  |
|        towel        |  0.0  |  0.0  |
|        light        |  0.0  |  0.0  |
|        truck        |  0.0  |  0.0  |
|        tower        |  0.0  |  0.0  |
|      chandelier     |  3.76 |  3.78 |
|        awning       |  0.0  |  0.0  |
|     streetlight     |  0.0  |  0.0  |
|        booth        |  0.0  |  0.0  |
| television receiver |  0.0  |  0.0  |
|       airplane      |  0.0  |  0.0  |
|      dirt track     |  0.0  |  0.0  |
|       apparel       |  0.0  |  0.0  |
|         pole        |  0.0  |  0.0  |
|         land        |  0.0  |  0.0  |
|      bannister      |  0.0  |  0.0  |
|      escalator      |  0.0  |  0.0  |
|       ottoman       |  0.0  |  0.0  |
|        bottle       |  0.0  |  0.0  |
|        buffet       |  0.0  |  0.0  |
|        poster       |  0.0  |  0.0  |
|        stage        |  0.0  |  0.0  |
|         van         |  0.0  |  0.0  |
|         ship        |  0.0  |  0.0  |
|       fountain      |  0.0  |  0.0  |
|    conveyer belt    |  0.0  |  0.0  |
|        canopy       |  0.0  |  0.0  |
|        washer       |  0.0  |  0.0  |
|      plaything      |  0.0  |  0.0  |
|    swimming pool    |  0.0  |  0.0  |
|        stool        |  0.0  |  0.0  |
|        barrel       |  0.0  |  0.0  |
|        basket       |  0.0  |  0.0  |
|      waterfall      |  0.0  |  0.0  |
|         tent        |  0.0  |  0.0  |
|         bag         |  0.0  |  0.0  |
|       minibike      |  0.0  |  0.0  |
|        cradle       |  0.0  |  0.0  |
|         oven        |  0.0  |  0.0  |
|         ball        |  0.0  |  0.0  |
|         food        |  0.0  |  0.0  |
|         step        |  0.0  |  0.0  |
|         tank        |  0.0  |  0.0  |
|      trade name     |  0.0  |  0.0  |
|      microwave      |  0.0  |  0.0  |
|         pot         |  0.0  |  0.0  |
|        animal       |  0.0  |  0.0  |
|       bicycle       |  0.0  |  0.0  |
|         lake        |  0.0  |  0.0  |
|      dishwasher     |  0.0  |  0.0  |
|        screen       |  0.0  |  0.0  |
|       blanket       |  0.0  |  0.0  |
|      sculpture      |  0.0  |  0.0  |
|         hood        |  0.0  |  0.0  |
|        sconce       |  0.0  |  0.0  |
|         vase        |  0.0  |  0.0  |
|    traffic light    |  0.0  |  0.0  |
|         tray        |  0.0  |  0.0  |
|        ashcan       |  0.0  |  0.0  |
|         fan         |  0.0  |  0.0  |
|         pier        |  0.0  |  0.0  |
|      crt screen     |  0.0  |  0.0  |
|        plate        |  0.0  |  0.0  |
|       monitor       |  0.0  |  0.0  |
|    bulletin board   |  0.0  |  0.0  |
|        shower       |  0.0  |  0.0  |
|       radiator      |  0.0  |  0.0  |
|        glass        |  0.0  |  0.0  |
|        clock        |  0.0  |  0.0  |
|         flag        |  0.0  |  0.0  |
+---------------------+-------+-------+
2026/04/25 21:18:15 - mmengine - INFO - Iter(val) [1000/1000]    aAcc: 56.6900  mIoU: 5.2100  mAcc: 8.2700  data_time: 0.0016  time: 0.0626
2026/04/25 21:18:15 - mmengine - INFO - The previous best checkpoint /home/jlx_75/PVMamba_cifar10_base/segmentation/work_dirs/base_ade20k_random_16000_fixrelu/best_mIoU_iter_12000.pth is removed
2026/04/25 21:18:16 - mmengine - INFO - The best checkpoint with 5.2100 mIoU at 16000 iter is saved to best_mIoU_iter_16000.pth.
